测试情景编号,七年累计利润/元,七年销售收入/元,七年种植成本/元,七年总产量/斤,七年正常销量/斤,七年滞销率
1,36371452.1861372,43921417.850409195,7549965.664271989,11004507.737431047,8006088.618275186,0.27247189885259043
2,36235561.65058763,43767468.060241155,7531906.4096535165,10997739.244544432,7967922.464206409,0.27549450964124306
3,36209276.88747635,43745490.035982564,7536213.148506213,10977371.134523224,7945417.413200345,0.27620034743906513
4,36317079.22102711,43905060.38304329,7587981.162016171,11047095.563721746,7991798.651882721,0.2765701531425606
5,36231461.716423236,43775775.577088505,7544313.860665269,11056013.354946315,7996469.60064001,0.2767311919840894
6,36212528.91142625,43736397.01469959,7523868.103273345,11022754.762623321,8024521.141662428,0.2720040212749267
7,36049691.32746707,43625989.285432935,7576297.957965863,10950090.633426525,7959517.240031593,0.2731094648902569
8,36425237.14869882,43941769.943447456,7516532.794748631,10975906.446923714,8002805.884451245,0.27087517344007234
9,36542823.53020616,44113186.26577685,7570362.735570699,11027154.306100778,8006853.702034587,0.2738966482399914
10,36390768.62357615,43961030.81802107,7570262.194444913,10962230.628133088,7978362.781652739,0.2721953175134497
11,36367184.025949925,43876037.577056214,7508853.551106284,10992191.12385901,8021437.052963087,0.2702604091779097
12,36662834.241977476,44219789.107343376,7556954.865365902,10980729.089197041,8032776.577695279,0.2684660087281444
13,36167152.07439297,43719159.24132636,7552007.166933398,11079948.1825243,8004949.416841751,0.27752826231918204
14,36595053.29762386,44111115.55165316,7516062.254029312,11048828.044873264,8059697.27951922,0.27053826462083663
15,36551873.982507326,44098918.43423011,7547044.451722786,11159854.977735152,8068578.999988877,0.2769996549160926
16,36887336.11631063,44391406.03854759,7504069.922236955,11074360.236142514,8085804.168269128,0.269862638034825
17,36134446.05279173,43685724.547354735,7551278.494563002,11062609.337097097,7976028.275965797,0.2790102196577467
18,36466657.93956136,43979093.7329808,7512435.793419432,11051722.544249786,8030627.7539064875,0.2733596304329206
19,36207801.722597614,43781185.60653325,7573383.883935632,10945456.827253193,8005484.783704089,0.26860204100653345
20,36314096.81585252,43870611.39658022,7556514.580727697,11124555.700463321,8040203.331657138,0.27725622953892215
21,36475498.39362906,44005147.712881744,7529649.319252688,11155207.488628313,8047410.556816803,0.27859606690235184
22,36145599.47655547,43731271.75088626,7585672.274330794,10981877.275217934,7964888.697375744,0.2747243027975213
23,36467469.80742801,43983630.86267344,7516161.055245432,11023247.401452988,8037866.581947679,0.2708258928409611
24,36270852.78119297,43818908.286022455,7548055.504829488,11040259.144220406,8016140.896521999,0.27391732460207135
25,36074282.039169446,43631323.703088544,7557041.663919102,10989978.061348232,7993270.927786455,0.2726763526581732
26,35853422.40290892,43373680.16764437,7520257.764735437,10898067.231651943,7942006.188634024,0.2712463577424486
27,36167577.45551086,43692234.45611023,7524657.000599369,11016475.894523535,7985999.963263829,0.2750857860784866
28,36264635.46659959,43779697.448539205,7515061.9819396185,10945079.929268522,7952369.612138803,0.2734297361435283
29,36513844.301996954,44102721.062909484,7588876.76091253,11000601.387246959,8016538.240550239,0.27126363747314364
30,36396247.72342451,43953670.60655855,7557422.883134041,11061481.707624944,8012417.017075773,0.2756470399844695
31,35892128.960405685,43447566.237060346,7555437.276654661,11063267.952178668,7921326.359941805,0.2839976041272802
32,36354522.627678126,43873303.128302425,7518780.5006242925,11037370.17769878,7969930.501913653,0.2779139982079199
33,36663373.12330804,44204906.01203534,7541532.888727292,11149916.42091418,8106691.712578425,0.27293699732380966
34,36531244.86201291,44077806.7275448,7546561.865531892,11072088.160290042,8059266.023735825,0.27210965925647884
35,36256734.50574021,43800240.71665009,7543506.210909889,11008276.308834072,7927888.416800454,0.27982472510811035
36,36321069.887087665,43838156.08545368,7517086.198366014,11046427.79151449,8000100.736741494,0.2757748579240328
37,36429143.6685472,43993033.36425292,7563889.695705721,11097870.503349155,8027642.446281724,0.27665019664276014
38,36450678.128150955,43987606.986663364,7536928.858512409,11087075.3337079,8039083.007257167,0.2749140088535305
39,36532117.07148404,44070645.01327181,7538527.941787775,11067067.81878799,8059782.844052543,0.2717327682432861
40,36411156.66363319,43934743.24808093,7523586.584447744,10978753.801022626,8030848.425822331,0.26851001749631276
41,36340927.20468374,43879253.65538515,7538326.450701408,11060087.056033626,7957491.973941795,0.2805217595822872
42,36356776.03400603,43913055.85437212,7556279.820366085,11113376.559048992,8014708.101699054,0.2788233117887891
43,35957486.298142955,43518852.28036165,7561365.982218698,10989581.498753179,7920613.116710886,0.2792616245114049
44,36141583.446491465,43702409.72106262,7560826.274571165,11075948.879843466,8021309.171707481,0.2757903400669321
45,36598009.1207961,44118001.40760565,7519992.286809552,11143561.459700255,8012958.954621875,0.28093374962752604
46,36392374.25382544,43949060.946971424,7556686.693145988,11102067.403555688,8057957.122580752,0.2741931002868881
47,36553928.02682657,44127064.96419817,7573136.937371603,11063395.604226287,8024680.293593575,0.2746638933775363
48,36474207.699272186,44014453.97427056,7540246.274998366,11114988.407169148,8031168.964116457,0.2774469329238016
49,36523049.07091591,44052360.62191433,7529311.550998417,11113387.751018232,8018984.659552072,0.27843922670498417
50,36567769.75015831,44103926.0588759,7536156.308717584,11029281.391500246,8010894.021049896,0.27367035650903604
51,36495099.51786306,44025959.80787341,7530860.290010344,10984381.526802614,7939712.204827747,0.27718167969181273
52,36318240.520400286,43820300.79658208,7502060.276181793,11014698.869987367,7948300.50876705,0.2783914837268569
53,36271361.69885316,43830307.727144316,7558946.028291155,10990581.751675397,8005497.575372373,0.2716038371533864
54,36761264.86910272,44321303.250223055,7560038.3811203465,11072699.334953682,8089938.9285527915,0.26937969831665876
55,36441207.80430778,43994974.45097791,7553766.646670128,11021238.770751406,7971754.242307324,0.276691630757236
56,36336546.429946385,43876069.68736935,7539523.257422963,11001292.278808666,7987321.15487888,0.27396518950191645
57,36040473.8006435,43572971.16074425,7532497.360100741,11052560.538778435,7943535.626614081,0.28129453815305444
58,36448111.98341422,43993656.34886178,7545544.365447566,11114554.847153107,8059943.541041596,0.27482983782242276
59,36167629.169234425,43751836.909784384,7584207.740549962,11064720.043371642,7992153.519595208,0.27769039900987513
60,36551255.75121665,44114187.66814856,7562931.916931911,11026778.180622462,7993815.845946703,0.2750542619970023
61,36019551.68284364,43583755.53417766,7564203.851334011,11035311.059094222,7966273.065392835,0.27811069187507736
62,36437459.53319733,43956661.08210116,7519201.548903828,11082446.028406575,8027350.969154408,0.2756697439736078
63,36400711.44166812,43980465.06815429,7579753.626486164,11091261.048498891,8021898.006196059,0.27673706613534665
64,36605549.08274122,44162940.70655012,7557391.6238089,11007159.890855074,8017343.927514313,0.271624650953308
65,36693241.34938928,44201439.131249644,7508197.781860361,11042371.802242426,8053325.841832475,0.27068876269887526
66,36463525.73306804,44024755.68924587,7561229.956177828,11106903.67845916,8025805.367664736,0.2774038922089454
67,36609086.74218647,44182724.360902,7573637.618715519,11150203.39191866,8094094.995568639,0.2740854394248089
68,36568770.32194519,44125671.768787146,7556901.446841961,11137742.755323254,8011444.925883591,0.28069402374601055
69,36614305.29842804,44181076.52406642,7566771.225638365,11072654.118982332,8054393.618695209,0.27258690354219484
70,36249347.52843762,43787863.6008752,7538516.072437573,11045349.86885225,8017405.310126065,0.2741374962928926
71,36353513.130925745,43900030.38972166,7546517.258795919,10945346.955899853,7983639.44594258,0.27059055522774716
72,36743111.96561469,44253756.829478055,7510644.863863355,11128768.487056192,8037487.3940133825,0.2777738701850309
73,36343748.844260626,43902345.57463425,7558596.730373625,11034404.236247966,7950795.997278596,0.27945398527631704
74,36360398.33617851,43864199.07259634,7503800.736417832,11054619.6736097,8008832.065403858,0.275521700260475
75,36302593.81101221,43836198.93197603,7533605.120963834,11034350.908990536,7991253.006124001,0.27578404275570834
76,36459584.87901456,44030741.21948233,7571156.340467768,11013541.159356141,8017673.963013105,0.2720167067971603
77,36715595.653160565,44231764.083994344,7516168.430833779,10981007.002226397,8040826.026688259,0.26775148899750423
78,36433141.20820059,43947506.608499534,7514365.400298948,11137165.615820704,8012205.67786824,0.2805884410584106
79,36677016.18384215,44190784.46241057,7513768.278568425,11119458.702626871,8045729.466888018,0.2764279555274316
80,36613450.85157177,44166791.263563335,7553340.411991559,11100498.64547982,8057752.285650896,0.27410897987613797
81,36175288.92723078,43695546.57633702,7520257.649106232,11019797.144939715,7975509.114071485,0.2762562677722399
82,36610363.22078892,44155959.46666335,7545596.245874433,10995715.311345173,8019566.8640383165,0.2706643781724798
83,36461847.96954026,44039270.720605105,7577422.751064856,11087903.324279932,8028154.940234437,0.27595373936435375
84,36472371.61635428,44052175.84776804,7579804.231413765,11044026.50575555,7990649.547155624,0.2764731646568097
85,36205758.96091391,43736035.56593192,7530276.605018013,10945262.410774464,8019166.536017859,0.26733903354168737
86,36188982.53085496,43749319.43282459,7560336.901969637,11127614.76541441,7983451.905146278,0.28255497036440025
87,36567206.40373211,44088497.90517134,7521291.501439221,11113845.846142432,8048722.004481687,0.27579326581397884
88,36177010.47615538,43725428.02379614,7548417.547640763,10981633.623325916,7980101.358648814,0.27332292877642483
89,36627010.89582361,44140872.84787744,7513861.95205383,11078598.021838697,8081053.005818691,0.27057078974353
90,36536205.32651512,44078211.67247875,7542006.345963635,11159365.596236944,8057254.669862129,0.2779827311528247
91,36481535.24467513,43986836.36426762,7505301.119592491,11156879.50724161,8090789.11700447,0.27481612472797873
92,36720585.345426664,44237399.74814351,7516814.40271684,11150748.19585332,8030455.38228782,0.2798281118683909
93,36279283.382798046,43872242.90689701,7592959.524098966,11077647.971956085,7992008.744992523,0.2785464238234591
94,36172906.64157062,43732262.49763159,7559355.856060969,10974170.602241183,7963405.363732578,0.27435013976306655
95,36570866.04714103,44145448.20960727,7574582.162466241,11030735.492343558,8053202.980068857,0.2699305512620993
96,36517643.70800734,44050252.48705075,7532608.779043399,11024929.14366169,8023093.79852427,0.27227706464337664
97,36152357.06070772,43710227.562993616,7557870.502285895,10961186.742202807,7951488.327824841,0.27457778844237846
98,36134830.41042261,43638908.026437156,7504077.616014551,10970122.306738023,7954274.113134829,0.274914728320833
99,36445027.42301092,43983681.031590305,7538653.608579388,10972519.475147981,8004732.747666672,0.27047450079292606
100,36624266.356734216,44121832.10634288,7497565.749608666,11112981.312368222,8048227.811267292,0.27578139609485386
101,36470750.79438967,44028860.86887547,7558110.074485796,11070267.833664013,8017352.806416704,0.27577607634420365
102,36776611.75650465,44318118.371844806,7541506.6153401565,11146035.450271245,8074524.3193056965,0.2755698332980631
103,36532816.21885353,44090796.89142518,7557980.6725716395,11020124.52934736,8022499.333297061,0.27201373161141823
104,36252867.54388542,43819460.019518584,7566592.475633163,10986190.08677671,7999806.755508419,0.27183066264826294
105,36387173.092899986,43893637.47299383,7506464.380093849,10959043.08283624,8020558.3006578265,0.26813333609214385
106,36191874.209531754,43738414.297325,7546540.087793236,10886609.095287208,7950144.725728215,0.26973177266281956
107,36188623.6512821,43694874.22603689,7506250.574754786,11078780.882946968,7999942.600412182,0.27790406860324257
108,36600808.76927084,44152251.52171803,7551442.7524472,10981189.953897387,8008694.365179069,0.27068975231262027
109,36584591.857541084,44118236.4205709,7533644.563029811,11111397.20537218,8034347.231643988,0.27692736717579397
110,36185626.643986054,43690441.01731121,7504814.37332515,10974693.685657365,7968705.079615664,0.2739018228791365
111,36473088.55572494,44009514.14542468,7536425.589699734,11184039.839430783,8046594.4496075725,0.28052881023918924
112,36455291.671346575,44000966.62366584,7545674.952319264,11109457.594987787,8050806.602717365,0.2753195613843814
113,36307850.853283964,43848520.70500636,7540669.851722397,11004538.575444046,8007766.686664633,0.27232144884897996
114,36523569.33751481,44081907.924155295,7558338.586640492,11204650.338977292,8040908.127536538,0.2823597449029833
115,36405374.47461567,44004205.90345752,7598831.428841854,10968224.136668356,8002931.174341144,0.2703530603841154
116,36433598.96631265,44011777.20042572,7578178.234113075,11034166.386555867,7981160.804603428,0.276686563805332
117,36052732.47281489,43655691.47012754,7602958.997312656,10980077.043855416,7997451.815778688,0.27163973587469875
118,36367382.03600213,43881407.127944574,7514025.091942444,10992671.036227448,7986982.279016373,0.2734266082652275
119,36350120.40285893,43906639.23345387,7556518.8305949345,11103636.525917191,8012380.470167668,0.2784003284450251
120,36251813.16861214,43798491.1880692,7546678.019457069,11012150.074151378,7961332.938214675,0.27704100610632176
121,36276178.371469826,43807166.11450101,7530987.743031185,10999104.439440709,7953105.375475634,0.27693155208552234
122,36456674.82580019,44028235.10868045,7571560.28288027,11208427.110689124,8043190.996938337,0.2823978853136495
123,36299579.112837404,43817645.56951994,7518066.456682539,11026021.938559676,7986218.321810529,0.27569359408931443
124,36527987.10413532,44051033.59464082,7523046.49050551,11030644.137428999,8028187.560658352,0.27219231618421635
125,36545606.97026916,44092937.04426837,7547330.073999205,11082406.431192514,8036726.9132860685,0.27482113535685565
126,36404659.25466487,43973634.51183509,7568975.257170216,11024010.940491822,8033480.726924742,0.2712742421710316
127,36443104.90627122,43976657.125638515,7533552.219367295,11110430.177228406,7991277.505928243,0.2807409453589909
128,36205977.44237191,43744108.8068271,7538131.364455195,11148652.758201089,7990974.609222572,0.28323405683755726
129,36290955.54063007,43827896.51298637,7536940.972356294,10880804.305303851,7951499.0445137145,0.2692177139296813
130,36217765.59889667,43781156.56645717,7563390.967560503,10964879.582447179,7994006.812807841,0.270944404569219
131,36479634.28130399,44034608.56224747,7554974.280943487,11074085.257114157,8038811.394102087,0.27408799847031745
132,36113804.55361624,43648413.716788955,7534609.163172714,11107712.737913217,7954468.00909191,0.28387885095898696
133,36523753.31028434,44071652.08186374,7547898.7715794,11093019.599323936,8100089.134766099,0.2698030448571677
134,36145901.18500942,43724105.22535188,7578204.040342461,10918650.760754885,7952555.449080549,0.2716540144626137
135,36249793.69464535,43811635.509881355,7561841.815235993,10977650.587368324,7989523.087830323,0.2722010029155379
136,36294757.03779285,43812578.31788776,7517821.280094912,11093780.586130543,7995876.778505708,0.2792468972658282
137,36382467.8660121,43964895.09396308,7582427.227950983,11031861.242232963,7987257.954411169,0.275982739536845
138,35869128.97187784,43428175.49362089,7559046.5217430405,11002320.683249036,7918453.49194766,0.2802924292141879
139,36270649.343340054,43815695.38937107,7545046.046031008,10923692.383665703,7937437.363562277,0.27337414083252665
140,36445782.81258374,43987471.3411523,7541688.528568566,11016215.64200537,7993534.732377483,0.27438468961176266
141,36257213.632350884,43801345.17114941,7544131.538798524,10985797.86416676,7963174.338465782,0.275139189986383
142,36488077.0985495,44023519.96445881,7535442.865909308,11107207.671651572,8065324.377730129,0.27386570809197214
143,36306340.368548386,43880425.35300422,7574084.984455827,11126459.474841885,7988890.78741537,0.28199165192853065
144,36588783.9395725,44142148.25910226,7553364.31952977,11076837.64836175,8080312.537107776,0.2705217144441181
145,36406984.97164423,43960845.9472163,7553860.975572072,10922194.236772424,7974607.889898361,0.2698712624016741
146,36126228.55242388,43653437.83501647,7527209.282592591,10920369.8057191,7913161.384951987,0.2753760609088723
147,36726046.44880186,44254402.64034934,7528356.191547475,11205874.06377532,8045451.058087356,0.28203270781924167
148,36614852.594734274,44166049.60532248,7551197.010588209,11132610.4100345,8037430.060511351,0.27802826430836697
149,36392868.417582,43994627.232206166,7601758.814624167,10971861.907923017,7963392.4053360075,0.27419862989840665
150,36344143.70875084,43912944.04611504,7568800.3373642005,10936284.878856502,7999575.419551159,0.2685289832731941
151,36468249.893786974,44015419.372257076,7547169.478470106,11066707.823050408,8030822.826270791,0.2743259373357894
152,36753055.54540203,44272901.92114446,7519846.3757424345,11125674.751818199,8094981.677541153,0.2724053274864753
153,35995665.14391374,43504005.61534554,7508340.471431798,11024479.968209397,7910506.77280537,0.282459871520797
154,36254171.22723754,43783476.70839953,7529305.481161997,11069387.813291667,8038657.548610095,0.2737938462181617
155,36417004.01675852,43959793.848892085,7542789.832133569,11020684.222138397,8020225.895693535,0.2722569911237933
156,36249822.84978561,43790451.7119271,7540628.862141494,11077395.534525858,7960464.478389369,0.2813776077979418
157,36565224.46282564,44112864.39846884,7547639.9356431905,11081792.674914159,8070739.712775569,0.2717117212411586
158,36298917.01099127,43872693.66336576,7573776.652374495,10984659.235354818,8020996.796561357,0.26980012536526643
159,36530225.387051135,44078982.54397016,7548757.156919022,10992024.841333581,8011135.82096993,0.2711865250844904
160,36491869.83069215,44005496.348744996,7513626.518052846,10978045.314468322,7989801.111577403,0.27220184625696664
161,36392784.52270025,43856781.02865373,7463996.505953481,11068392.29286634,7997750.421309879,0.2774243801907448
162,36468490.10341772,44037197.19220176,7568707.08878404,11042050.659530768,8043426.862642343,0.2715640318404273
163,36503329.95858261,44038025.14464852,7534695.18606591,11115021.142882407,8044967.558728902,0.2762076243210242
164,36417238.63380612,43965595.19551917,7548356.561713047,11101407.523886379,8025803.678082554,0.2770462969840709
165,36421897.15668576,43979239.14395897,7557341.987273216,10910840.9516432,7949251.549768566,0.2714354846707404
166,36362181.37100692,43924146.90581171,7561965.534804787,10967581.72520969,7999160.107758591,0.27065415985257646
167,36187425.52561924,43758323.403347135,7570897.87772789,11074457.622365255,7988948.846829043,0.2786148884894299
168,36377404.821561895,43943560.518945314,7566155.697383418,11094488.386812259,7991570.02778092,0.27968106782821095
169,36282050.678102404,43846464.52307844,7564413.844976044,11014008.013012145,8013596.748049185,0.2724177485088281
170,36389033.191990465,43920477.313701846,7531444.121711377,11071825.235393412,8053367.893211443,0.27262508917977113
171,36504137.667140916,44026586.88209827,7522449.214957353,11120225.152780764,8010076.443038335,0.2796839692553072
172,36310789.483918615,43898584.1928709,7587794.70895228,11082194.580779245,7984953.640945523,0.2794790253191836
173,36512866.6380098,44052116.594490334,7539249.956480535,11019241.082451016,8040053.105276501,0.2703623557087883
174,36665116.93085953,44186358.25937392,7521241.328514392,11108566.063383844,8054324.883308639,0.2749446834675289
175,36726487.19163408,44247223.21697657,7520736.025342494,11078925.721448028,8058018.217276521,0.2726715188931397
176,36524934.433650374,44059496.342302956,7534561.908652581,11014397.58582341,8012791.885464521,0.27251655635004896
177,36529328.36390583,44091427.2610723,7562098.897166459,11062194.831648998,8071547.3108119415,0.27034847662245093
178,36516306.36393386,44064661.573606744,7548355.209672881,10972722.84826091,8005423.737800185,0.2704250486861626
179,36661589.02633829,44211447.810058095,7549858.783719808,11103540.377174938,8064179.707117435,0.27372896993335427
180,36275190.270987935,43837632.16826441,7562441.897276475,11067906.518432155,7979969.611564206,0.2789991857742377
181,36198989.99570386,43747976.019094676,7548986.023390808,11016870.561983868,7945050.746153346,0.2788287107983742
182,36276202.116197385,43819284.28251779,7543082.1663204115,11127618.421748646,8030031.707029947,0.2783692428439624
183,36194524.24769518,43710803.88751564,7516279.639820461,11010818.896374198,7974282.789906137,0.27577749984317473
184,36390984.79514207,43933161.22042023,7542176.425278168,11085093.655936388,8031311.714189532,0.27548544347313364
185,36683169.70452464,44213758.68877791,7530588.984253269,11073748.268104292,8000874.889896137,0.27749171317709564
186,36282166.550014235,43809409.52534469,7527242.975330464,11038199.316475652,7983874.425407614,0.27670499539803955
187,36167688.607089795,43707446.68828526,7539758.0811954625,10940971.795230303,7930862.713315271,0.2751226434225234
188,36078448.770274535,43631758.51948753,7553309.749212997,11016932.657890867,7920637.5021897685,0.2810487503055926
189,36531211.27671055,44065494.394277215,7534283.117566668,11035244.331295941,8006468.126776522,0.27446390071580135
190,36142322.827825874,43651421.9839427,7509099.156116827,10956951.549583342,7918871.775207917,0.2772741816578493
191,36320574.42265815,43862057.80304867,7541483.380390517,11048354.224733341,7980695.78319147,0.27765750256943006
192,36818422.83698236,44353297.28193331,7534874.4449509485,11178609.300754767,8061811.3460411625,0.2788180417490002
193,36641664.652705766,44149764.12791894,7508099.475213171,11092127.279757591,8046404.50509014,0.274584189114535
194,36520801.11046505,44069586.86710349,7548785.756638434,11063915.398201669,8004169.831363132,0.27655178629943866
195,36686641.297767475,44221056.1098891,7534414.812121624,11099117.789958632,8035652.310070202,0.2760098178848004
196,36624546.19400001,44146924.60823882,7522378.414238807,11021107.954086646,8062322.252525613,0.26846535882664235
197,36202781.83205439,43756028.50960092,7553246.677546531,11046993.794105416,8003588.28944188,0.2754962627287319
198,36390078.7197609,43929434.162655264,7539355.442894362,10985045.902083201,7983492.318819768,0.2732399673172253
199,36378345.92278457,43952007.96190221,7573662.039117634,11055647.033881402,8023153.63397843,0.27429361579738565
200,36286854.32365536,43797773.64710863,7510919.323453267,11068768.8885896,7946544.987920262,0.2820750827933473
201,36666742.7211606,44211742.44008934,7544999.718928738,11106142.28530714,8072241.08905864,0.2731732691973698
202,36371151.20817506,43908804.89182624,7537653.683651177,11088469.972083949,8064665.882961622,0.2726980455134909
203,36342515.10286331,43834828.97792029,7492313.875056978,11037741.588724831,8009567.232555569,0.2743472776407969
204,36515028.432186395,44012217.694473885,7497189.262287485,11118307.621682702,8044798.448285403,0.27643678138599104
205,36417406.93222206,43940335.23334003,7522928.301117972,10974589.25210937,7949809.065192252,0.27561671033252927
206,36399557.996084884,43979275.05932023,7579717.063235345,11066139.207021326,8056963.126248237,0.27192646183809116
207,36363339.624587,43880148.310091645,7516808.685504641,11034623.34016861,7989618.81695625,0.2759500192569176
208,36410885.752217494,43941892.34607976,7531006.5938622635,11052289.942207672,8015959.42129294,0.2747241102786552
209,36475607.96143653,44035391.3286331,7559783.367196567,11049449.650779935,8019466.553248733,0.2742202728004039
210,36628018.580291525,44153366.48349264,7525347.90320112,11076061.861102799,8030134.420140843,0.275000941594478
211,36321203.02621849,43855451.34766639,7534248.321447908,10956379.037016753,8052138.74067939,0.2650730032728168
212,36409350.698203474,43929625.71443927,7520275.01623579,11077384.527259989,7991172.367446974,0.27860476922311866
213,35986970.608263224,43543081.16407543,7556110.555812206,10860223.543243779,7967540.743281513,0.2663557327751162
214,36322064.69228531,43848546.42858749,7526481.736302182,11041844.69224918,7983311.260751769,0.27699478816654144
215,36020276.360037886,43578661.05772552,7558384.697687634,10984449.58917647,8013913.172135698,0.27043106647490023
216,36200245.11476382,43759023.31224966,7558778.197485842,11128561.630031593,8015612.1171486275,0.2797261332032654
217,35818568.33922576,43356855.26106069,7538286.921834921,11012690.304813597,7903574.592748522,0.2823211791133448
218,36503344.249235585,44033569.13134825,7530224.882112668,11108250.249635903,8031160.172612118,0.27700943063689476
219,36298920.54517497,43832886.44227323,7533965.897098252,11047658.029308207,7974679.551171883,0.27815655317933036
220,36534728.6618221,44034274.76213704,7499546.1003149375,11046372.823399002,8009095.340305233,0.27495699553613195
221,36223940.52260259,43779103.72341594,7555163.200813351,10973394.95240716,8019235.262432318,0.26921109672871185
222,36703085.01442641,44282743.66745066,7579658.6530242525,11069730.754943527,8074025.21731516,0.27062135511205127
223,36218248.96674467,43754550.3917405,7536301.424995834,11111810.139606526,7995212.854646048,0.2804761101750465
224,36442283.1500843,43928044.20654202,7485761.056457721,11029037.480783781,7980137.17366204,0.2764430089601137
225,36136639.11952937,43678029.91108984,7541390.791560473,10943484.739839556,8000671.141684606,0.26891010204836224
226,36320321.32546821,43873516.82074235,7553195.495274136,11032981.483908426,7966996.445795594,0.2778927022205705
227,36841421.78847299,44375893.72486821,7534471.936395217,11076650.620388912,8073347.008759783,0.2711382451750275
228,36474114.649791405,44030301.807671145,7556187.157879734,11098698.774333512,8019448.279448545,0.27744247839268704
229,36693696.723660424,44222137.0369542,7528440.313293783,11198837.615539724,8055824.461857866,0.28065530205747
230,36188404.31471525,43746396.17528544,7557991.8605702,10989326.355559373,7945334.007675096,0.2769953543462067
231,36255286.44806603,43815797.82213027,7560511.374064233,11094118.94128503,7994594.478069739,0.27938446303120973
232,36214532.68172425,43772586.84099986,7558054.159275608,11061445.965884835,8003137.598763635,0.2764835968600744
233,36738769.21232064,44261188.23549832,7522419.023177678,10994163.79186814,7994901.42640758,0.2728049556328215
234,36268471.13331651,43812111.36703872,7543640.233722215,11031061.729092343,7978582.628884479,0.27671670915933017
235,36439714.58236621,43966372.49859543,7526657.916229227,11017471.58862647,8046844.410245721,0.2696287577857137
236,36387190.93301691,43909498.00060706,7522307.067590145,11042693.332773346,7957030.916735638,0.2794302370853535
237,36582690.216475606,44085457.322898634,7502767.106423023,11084899.869964747,8015494.644596717,0.2768996798685373
238,36164332.048292205,43753859.4220734,7589527.3737812005,10895737.935884468,7999538.239782259,0.2658103299790046
239,36534152.02993213,44065884.03110576,7531732.0011736285,11057585.345252007,7992565.782806937,0.2771870590862003
240,36661244.58789197,44216274.750954024,7555030.163062052,11159713.622284818,8052597.008602303,0.2784226118023242
241,36275328.17741664,43819547.01320022,7544218.835783583,11127597.26336233,8013591.441093104,0.2798453025004873
242,36202555.32035431,43768957.224134624,7566401.903780317,10978380.441393947,8026574.223231609,0.2688744695923055
243,36100465.54852103,43658254.910737485,7557789.362216461,10983248.163739886,7949033.350569342,0.27625842263927947
244,36497931.552498534,44059287.65251916,7561356.100020631,11136393.020810306,8081269.672202583,0.2743368829475296
245,36457285.10714908,43996962.45572378,7539677.3485747,11026063.026143717,7979507.829163534,0.2763048959321696
246,36292413.386813365,43871341.91561595,7578928.52880259,10950753.938081933,7975507.424041371,0.2716933035719081
247,36630438.14180828,44208327.23409003,7577889.092281753,11183725.867929533,8087849.758876238,0.27681974197266707
248,36188382.29505471,43718691.47208527,7530309.177030553,10962237.777283652,7954249.82512943,0.2743954303187515
249,36428460.18299887,43972753.53948109,7544293.356482214,11010239.654669631,8044092.990199996,0.2693989193243075
250,36178235.619488426,43750928.71880174,7572693.099313309,11050454.569090568,8010856.252000881,0.27506545527926096
251,36618894.78616138,44170061.08598002,7551166.299818642,11123123.094022896,8082066.651720863,0.27339951348162017
252,36576514.17921817,44092072.7334712,7515558.554253023,11063600.757977996,8033498.809571081,0.27388026870202264
253,36444423.69265587,43964205.30752257,7519781.6148667075,11032561.300316969,8051507.75781505,0.2702050286741912
254,36051742.77663425,43605257.05783484,7553514.281200593,10998873.209616596,7995193.300487981,0.2730897840064581
255,36206475.49102773,43780607.23456528,7574131.743537548,11047332.63111289,7979758.213605018,0.2776755729132825
256,36365225.59548191,43905244.05656666,7540018.461084759,11033762.410790486,8031585.171570536,0.27209007475853986
257,36359860.74429018,43931682.618137375,7571821.873847194,11036882.826156763,8019345.087568416,0.273404890322561
258,36713523.60610253,44243507.0908172,7529983.484714668,11142332.597512923,8041273.337044529,0.27831329152394724
259,36104198.36632855,43643879.90724164,7539681.540913086,10974519.85884221,7981717.80623437,0.27270460039274785
260,36143925.72154131,43707248.50716587,7563322.78562457,10989308.712436443,7940272.01981502,0.27745482199174837
261,36199462.026544064,43741847.25342403,7542385.226879967,10989969.331993926,7985290.930533224,0.2734018913695694
262,36612338.12938589,44162063.70689195,7549725.577506065,11145983.195999892,8053486.608967847,0.2774539071745497
263,36487098.90905135,44030356.83125964,7543257.922208286,10946701.28699725,8020480.1200553905,0.2673153391348765
264,36269023.14600386,43814666.801966615,7545643.65596275,11091979.421167847,8003476.515994927,0.27844470205911537
265,36100588.745537855,43593044.72292801,7492455.977390165,10959233.806584036,7971785.741910268,0.2725964348784113
266,36641033.04768443,44137506.9752224,7496473.927537966,11074755.563162914,8000985.133344671,0.27754747382798073
267,36441195.71439697,43988524.29639551,7547328.581998535,10944060.856661659,8029015.14501721,0.26635868987059386
268,36777258.478141576,44264848.23185097,7487589.75370939,11067574.734175421,8106928.097219031,0.2675063605230735
269,36378791.23276532,43921507.87360434,7542716.6408390235,11033778.312141515,8021227.899805876,0.27302981146726896
270,36024941.55023287,43571606.6869488,7546665.136715924,10974736.505997902,7958973.049433228,0.274791422547275
271,36303868.64495524,43854515.91245688,7550647.26750163,10920716.666122679,7975637.962405422,0.26967815334438905
272,36329200.6102753,43850323.220947444,7521122.610672144,10989648.848948758,7988983.220173176,0.2730447232681705
273,36247660.49984818,43815137.97898887,7567477.479140695,10983660.27123787,8005679.176812667,0.27112829611303896
274,36434685.05051514,43970085.66924827,7535400.618733129,11139555.399969157,8002520.732702896,0.2816121967735756
275,36186656.34679183,43783547.53262821,7596891.185836382,11028407.073112687,8027017.007088614,0.27215082342593955
276,36458884.261414066,43997574.50088267,7538690.239468604,11009311.13625937,8006581.54602023,0.2727445480534739
277,36609960.17995641,44155158.55632092,7545198.376364512,11009046.4030772,8045229.4382236935,0.2692165021690774
278,36370734.54832739,43901792.969821125,7531058.421493735,11169189.81606417,8017698.942231743,0.28215930839493586
279,36468962.50630525,44001853.31098291,7532890.80467767,11030793.63936842,8045822.236882219,0.27060350325410576
280,36518099.90952977,44077327.60758497,7559227.698055202,11107781.985885354,8033350.598098191,0.2767817546017593
281,36130155.5517111,43710519.05305709,7580363.501345992,11062599.378675468,8010738.640135417,0.2758719387798578
282,36271453.06678689,43800438.74752941,7528985.680742516,11037670.826954206,7954739.501449508,0.2793099535072309
283,36569256.99985072,44083235.67788555,7513978.678034832,11110888.922670193,8021379.152216711,0.2780614397242128
284,36744430.88794695,44306512.08695462,7562081.199007675,11061635.166741932,8075396.534094913,0.26996358021511013
285,36240586.30291049,43789963.87532331,7549377.5724128205,11068696.773786388,7973452.42677267,0.27963945623156633
286,36100909.548033595,43653534.79209869,7552625.244065099,10909829.908253996,7960372.035842143,0.27034865778983375
287,36104885.472807005,43624564.24026809,7519678.767461084,10957647.438598482,7980140.053080708,0.2717287083931409
288,36259520.75599646,43797419.34717269,7537898.591176228,11043757.345131565,7979205.482145131,0.27749177813449377
289,36509122.581358194,44019865.098134525,7510742.516776322,11152807.82545955,8079132.495059502,0.27559654738993017
290,36322675.47610978,43865732.87059627,7543057.394486479,11138776.638414882,8019197.898145382,0.2800647541051183
291,36144236.54539778,43686275.08925234,7542038.543854561,11050944.307520496,7931000.44080451,0.2823237345059074
292,36696036.53991267,44220985.378611356,7524948.838698683,11074055.759319367,8025107.166620417,0.2753235724077973
293,36309306.59726343,43865098.5297732,7555791.932509771,11066977.977606859,8003758.902700144,0.2767891181409137
294,36538702.83955985,44078762.97837722,7540060.138817366,11029415.81400829,8043034.598845465,0.2707651307669322
295,36360030.125391975,43907247.70133535,7547217.575943377,11103092.247096313,7989756.74754762,0.2804025608598266
296,36650386.519241914,44162197.170964874,7511810.651722958,11099942.02664284,8025401.918756712,0.27698704195989554
297,36455180.423850335,43994364.99731976,7539184.573469434,11100436.00231719,8078333.891005808,0.27225075759911826
298,36691619.01341495,44200807.818356484,7509188.804941532,11011399.068495052,8031030.290750985,0.2706621346847072
299,36532439.066590905,44088592.017057195,7556152.950466288,11128147.66728521,8103993.008562035,0.2717572366166254
300,36192620.29274585,43739861.60407333,7547241.311327481,11065977.56963543,8015428.015278552,0.27566923348258504
301,36281098.8963205,43815350.55190471,7534251.655584212,10963121.539038034,8022839.781389137,0.26819749714339974
302,35776977.847951405,43327903.02498899,7550925.177037585,10943932.348239474,7896944.672177598,0.2784179926470432
303,36475424.83965898,44023675.585923396,7548250.746264412,11131787.627404343,8037410.739817336,0.2779766369212111
304,36723299.86548114,44227617.8290362,7504317.963555063,11074078.481648732,8069518.524615035,0.2713146707432736
305,36603462.99635845,44155188.747485384,7551725.751126936,10911370.683443043,8036950.242759978,0.26343348824586466
306,36147705.48463946,43684879.77077582,7537174.286136348,10972783.710088411,7991009.59001329,0.27174272261775007
307,36401619.00002304,43924916.663241856,7523297.663218819,10984106.379116012,7965216.3105006805,0.27484166343792166
308,36495493.38818838,44060528.834490016,7565035.446301637,11038009.344647985,8012759.466262879,0.2740756765033872
309,36354273.35275014,43895119.61601318,7540846.263263037,11107938.243866557,8007780.299934891,0.27909391246782206
310,36663974.44700632,44223774.89620959,7559800.449203274,11035910.338472418,8067434.246965453,0.26898334622731807
311,36264363.373102,43834406.59495373,7570043.221851733,10927510.690870414,8008196.980943545,0.2671526747959041
312,36358080.7836077,43888709.57572641,7530628.7921187105,10941670.670872496,7999545.6357206935,0.2688917555327221
313,36419802.91143458,43949918.435458586,7530115.524024008,11127058.531082302,8032686.199204488,0.27809436997513776
314,36561665.83545083,44067578.69425759,7505912.858806741,11176051.140903162,8007460.660024545,0.2835161042957214
315,36222577.707223855,43763793.52038594,7541215.813162087,10923235.833404724,8011065.599460989,0.26660325551499364
316,36566063.38665041,44113845.204425745,7547781.81777534,11095629.608856445,8046339.740487307,0.27481900314473534
317,36189075.0770674,43727671.64236358,7538596.565296179,11022663.501625188,7978714.96927144,0.27615362946577715
318,36060875.981540784,43613400.97416509,7552524.992624299,11068211.722689943,7994212.913704832,0.27773220155188966
319,36537686.73913334,44124144.15534032,7586457.416206985,11032251.270297742,8029060.361355634,0.2722192266439428
320,36042326.33287039,43595197.731553085,7552871.398682699,10954602.05482681,7937052.875500072,0.2754594976818119
321,36330005.76534365,43869636.78189438,7539631.016550727,11042617.90969024,7987415.497664142,0.2766737414091873
322,36774953.63909906,44326482.76073601,7551529.121636947,11121125.70604996,8082728.177365836,0.2732095301315781
323,36301863.2993819,43848780.60243617,7546917.303054277,10975539.086648306,7965438.558306261,0.27425536956119256
324,36203414.51167871,43710009.51342632,7506595.001747607,11084111.8379237,8018673.668594416,0.2765614615003297
325,36169404.60905681,43706083.52483121,7536678.915774404,11032260.49445913,8048556.132461935,0.27045267499763426
326,36117436.77616375,43652931.68811286,7535494.911949114,11021917.75375318,7976395.5921029635,0.2763150868743469
327,36553519.1221409,44058101.68720127,7504582.565060367,11132415.927511586,8044771.726389566,0.2773561661033084
328,36389239.78943513,43929392.08320481,7540152.293769681,11061394.223963615,8000504.252767549,0.2767182788373002
329,36520694.38763813,44033231.931658566,7512537.544020439,11081284.557193607,8015678.731332348,0.27664715313814126
330,36472820.813615665,44034785.61901347,7561964.805397805,11173462.514663089,8041744.889320966,0.2802817498364833
331,36635933.98037766,44172298.21409147,7536364.233713815,10999764.972284988,8054780.884662963,0.2677315465414222
332,36645243.530047365,44178249.05540466,7533005.525357302,11133735.313869363,8048351.256630571,0.2771202988268735
333,36715787.623937905,44275864.19965006,7560076.575712156,11029451.1751186,8031302.2315426795,0.2718311995740514
334,36794075.0803156,44350138.47151646,7556063.39120086,11142451.215355417,8088500.970809917,0.2740824425003405
335,36524268.41280582,44065375.81965814,7541107.40685232,11091332.23334158,8053069.913382219,0.27393123351098086
336,36429083.146828905,43974520.36951484,7545437.222685927,11114522.597660694,7973300.6295499345,0.28262320225718934
337,36414291.73312481,43949577.47207871,7535285.738953901,11109323.59336847,8004812.326179586,0.2794509711682241
338,36036536.20101908,43575373.64021828,7538837.439199204,10898239.71082158,7941802.368340677,0.2712765933699607
339,36210091.99264955,43787261.80374692,7577169.81109737,10938909.290717598,7984381.255934881,0.2700934760735088
340,36246567.326476,43822631.63915112,7576064.312675122,11091936.598576628,7986237.039509703,0.27999615139032286
341,36276652.918153055,43807630.55977394,7530977.641620882,10944457.050629478,7987578.9987788405,0.2701712874537317
342,36230799.24334873,43774660.88800083,7543861.644652104,10997840.047314912,7959175.680698186,0.2762964685378022
343,36156553.137053065,43688673.81357373,7532120.676520662,10961720.920732468,7981815.187941,0.2718465243131139
344,36547631.285143435,44074529.153595865,7526897.868452419,11055525.814507619,8019935.57026008,0.2745767406434965
345,36275431.76810011,43812740.60632671,7537308.838226597,11073307.010656301,7971266.49934035,0.28013677470792864
346,36640435.17938997,44174772.29828093,7534337.118890968,11137249.374974525,8022766.408873668,0.27964561636728014
347,36341357.188782856,43883255.936130166,7541898.747347302,11136645.422269084,8014356.582255196,0.28036169974223024
348,36412245.478686,43981652.23404055,7569406.755354553,11076738.106189808,8027695.691957639,0.27526537009377605
349,36279863.313370384,43832895.711426586,7553032.398056199,11096051.760645738,8033594.616550211,0.2759952107430784
350,36250981.28858891,43797420.43533836,7546439.146749459,11091908.759433724,8019133.835322165,0.277028507063597
351,36078609.39073293,43642175.56997628,7563566.179243349,11102739.622464078,7979929.088717027,0.2812648625415564
352,36387812.8305342,43958020.28384163,7570207.453307439,11050889.495355602,7997666.76061119,0.2762875093473336
353,36128821.04779157,43654077.6744914,7525256.626699838,11080351.635339182,7984677.3659044895,0.2793841180600701
354,36392988.536904834,43948998.38594759,7556009.849042761,11108032.555905176,7987353.020533005,0.28093899794281546
355,36214939.716212675,43749802.72320773,7534863.006995056,11076447.67099642,7987368.680699334,0.2788871560677177
356,36293052.10771877,43834699.20806764,7541647.100348867,11048950.636397585,7974451.281587728,0.27826166085689663
357,36657412.87855491,44225232.06400071,7567819.1854457995,10933552.23324584,8020514.369726764,0.2664310556510035
358,36162487.31385787,43729063.78777331,7566576.473915443,11012116.914138475,7998270.529534595,0.2736845611159829
359,36474609.01219353,44021859.31215881,7547250.2999652745,11107726.619830308,8022339.454806091,0.27776945459892427
360,36548269.902207874,44100373.64654608,7552103.74433821,11080620.759458188,8039804.191205643,0.27442655373409175
361,36364913.646898024,43892027.430780455,7527113.783882443,11134418.71629818,7993051.4188974975,0.2821312344579297
362,36322608.70737966,43877385.5773485,7554776.8699688325,11029500.873716729,7958316.668792078,0.2784517849074453
363,36838637.52294176,44391813.01860257,7553175.495660808,11200980.9253932,8091277.505585179,0.27762777568508873
364,36095759.3542619,43665750.11442596,7569990.760164058,10970940.76645381,7932767.1500343345,0.2769291787363755
365,36226067.88337898,43801353.36728534,7575285.483906358,11048685.680733705,7993917.032030943,0.27648253710661314
366,36495566.52772125,44067770.96465504,7572204.436933793,10995349.31014561,8015232.1050176835,0.2710343365242719
367,36129095.29839803,43662813.80287673,7533718.50447869,11019210.21355865,7999227.01004949,0.2740653045889989
368,36254149.23002021,43775298.92085867,7521149.690838458,11010208.153035784,8002853.642011096,0.27314238470555047
369,36706616.68839229,44234609.435374476,7527992.746982191,11049237.38670038,8048330.654690368,0.2715940138657994
370,36379091.25713459,43915917.43319927,7536826.176064679,10944622.436167752,7982179.644308871,0.27067564999493743
371,36521277.87438695,44056162.79372183,7534884.919334885,10993413.345143404,7999884.41787944,0.27230204425874927
372,36161075.15734976,43698763.765976526,7537688.608626769,10985080.06178429,7995674.754547088,0.2721332289272034
373,36452849.91161215,43982258.3759785,7529408.464366348,11106300.111922264,8028799.026573923,0.27709507705853725
374,36550757.64157484,44123943.17064109,7573185.529066255,11068115.257204603,8041630.951935234,0.2734417048376263
375,36070001.82806714,43607229.22719537,7537227.399128228,11096406.451819362,8091856.189333513,0.27076786304932293
376,36684414.525794834,44226595.55556015,7542181.029765312,11108036.059814502,8052097.143441508,0.27511064061346113
377,36507411.223090924,44067265.43369507,7559854.210604151,10989335.042233836,7973312.191050578,0.27444998624504413
378,36454437.16574536,43985831.08880282,7531393.923057464,11062283.656696524,8027448.649446692,0.27434073301968737
379,36465966.99879141,44019084.66319208,7553117.664400669,11026264.609566022,8018585.794667725,0.272774046460751
380,36377688.87871617,43935856.78775946,7558167.909043292,10979953.718010519,7972833.082319665,0.2738737077514495
381,36782564.90175609,44339709.2331588,7557144.3314026985,11038604.599223519,8036023.808757941,0.2720072780464286
382,36301423.485105224,43847796.4150583,7546372.929953072,11102903.228292417,7971313.487762566,0.28205143070597377
383,36417354.932228036,43967284.57784698,7549929.645618942,11041317.287817005,7996176.540849622,0.2757950584689195
384,36271101.51904636,43796333.93535776,7525232.416311397,11005380.570130305,8025167.768322195,0.27079597864127514
385,36339096.743883915,43880045.776798084,7540949.0329141645,11183777.983384373,7994662.340868881,0.2851554856734038
386,36418420.334012896,43961654.5104089,7543234.176395997,11050627.046207258,8040110.394882476,0.272429486465932
387,36567283.89748214,44085249.41263473,7517965.515152585,11070085.44367197,8096603.723402466,0.2686051282439961
388,36339292.94409244,43876524.6075971,7537231.663504655,11054916.12873422,7974134.714581617,0.27867976367047753
389,36714964.32468165,44265910.448816,7550946.12413436,11031026.318959437,8050761.659189672,0.2701711131490524
390,36217642.26118564,43765755.26410255,7548113.002916904,11085746.606360389,8021886.190258547,0.27637835545906925
391,36287777.58326146,43842211.54323663,7554433.959975164,11117091.405219229,8040479.91269411,0.27674608226039393
392,36707533.32318401,44208697.659938686,7501164.336754665,11082129.745999746,8052880.760248688,0.2733453817254313
393,36676551.65367748,44231802.58480846,7555250.931130985,11018516.600952167,8038927.571484286,0.27041653040758673
394,36237834.1567237,43785799.85509319,7547965.698369487,10913430.628215676,7947165.989064577,0.2717994680318115
395,36549503.49946578,44104314.8144909,7554811.315025111,10933188.028438672,8027393.455411792,0.26577742607815064
396,36428263.06906567,43979481.90911441,7551218.840048747,10992485.128936494,8005791.28909638,0.2717032413332973
397,36416439.836767524,43967966.119845845,7551526.283078327,11053639.48685256,8007360.808256192,0.2755905584056435
398,36861520.177792475,44423642.9328271,7562122.755034621,11106660.780056523,8055580.268825529,0.27470727445908966
399,36096464.9940037,43598959.29296351,7502494.298959815,10984144.7651149,7981534.936670077,0.2733585447618064
400,36391569.03508059,43952182.74775632,7560613.712675726,10984372.834429625,7976709.9046325805,0.27381289538623177
401,36233473.721351095,43779559.43315475,7546085.711803643,10963056.294387026,7960789.779698579,0.2738530601384923
402,36413174.52441535,43957953.04762999,7544778.523214644,11025809.593194846,7988823.427004408,0.2754433713479754
403,36152555.44648745,43680661.58837497,7528106.141887523,11023263.523523292,7935051.35305642,0.28015407269151515
404,36561531.75771177,44124057.32054969,7562525.562837922,11022662.726070821,8015469.8415378425,0.272819096371366
405,36359581.7004854,43927116.98048336,7567535.27999796,10969839.351899,8003707.293905825,0.2703897443566213
406,36084650.589962706,43647304.298910856,7562653.70894815,10980160.064155005,7922771.910172701,0.27844659241017994
407,36610985.341578916,44162840.46799785,7551855.126418931,11035306.592270557,7998949.337182725,0.27514933361385563
408,36588794.800154015,44104693.01175101,7515898.211597,11046216.793769099,8035848.494904632,0.2725248250208653
409,36425599.06320475,44009719.776926756,7584120.713722001,11010377.405784616,8013665.049137034,0.27217162920075505
410,36547516.75775378,44103146.937349886,7555630.179596109,11120373.509752143,8031691.121500622,0.27774987823411373
411,36128840.91998324,43679610.25713467,7550769.337151432,11041449.795141507,8003955.545332504,0.2750992221280189
412,36105611.454750806,43688764.39971457,7583152.944963765,11062981.220368005,7989592.30705914,0.27780838203453356
413,36552561.18253817,44092980.968891576,7540419.786353404,11141122.680823293,8042019.8775592595,0.2781679092896426
414,36343249.838372126,43894915.06073944,7551665.222367307,11126906.610632302,8030633.4726952445,0.2782689966120878
415,36468869.94038983,43977725.86591952,7508855.925529696,10990620.035655482,7999817.542127334,0.2721231817518452
416,36597705.15339488,44149829.00196269,7552123.848567816,11099108.07903425,8098072.824910837,0.27038526273946667
417,36442804.165999174,43980664.53042535,7537860.364426174,11025664.205218716,8032210.877147833,0.27149868455580284
418,36214317.68620432,43757184.69935458,7542867.013150255,11052100.65910067,7963404.192223602,0.27946691422265796
419,36180821.34728976,43722294.4558294,7541473.108539633,11038114.16554472,8008460.874999363,0.2744720017484841
420,36569681.96167839,44120664.739949904,7550982.778271507,11125056.615138844,8017611.766986946,0.2793194637700382
421,36225713.74601268,43791461.76836829,7565748.022355612,10989905.875604568,7956775.107259291,0.275992424564639
422,36730306.441015586,44248641.7670134,7518335.325997812,11059768.827933837,8039979.066745571,0.27304275597163785
423,36679250.40839046,44239154.213430725,7559903.805040263,11043926.848006943,8071174.092932543,0.26917533916940806
424,36476841.311813004,44050242.39917994,7573401.087366937,11176797.290958693,8049001.545129221,0.2798472285401165
425,36579037.73589806,44140234.7525378,7561197.016639737,11000382.534731252,8065391.616121178,0.2668080777503415
426,36375359.240090005,43913701.56232612,7538342.322236113,11035348.284597307,8013174.014941817,0.2738630618368175
427,36062424.25365631,43643027.44674285,7580603.193086535,11046252.420610586,7989762.038930785,0.2766993062712261
428,36691932.422150776,44238809.27483056,7546876.852679776,11014814.68799873,8028080.274694278,0.2711561199988839
429,36490244.01630178,44017992.35791076,7527748.341608988,11109987.165728364,8011131.325269183,0.2789252403475681
430,36283007.32080147,43832192.06200642,7549184.741204955,11038764.275617115,8004135.056748591,0.27490660576669257
431,36145379.745112985,43708282.24059936,7562902.495486369,10971106.077045446,7994090.791269971,0.2713505151503553
432,36310176.82391529,43857429.48454662,7547252.660631328,11087983.718424458,8008301.962989001,0.27774948391365994
433,36224716.56423587,43788711.66851313,7563995.104277259,10953693.06624686,7960839.518144913,0.27322780819231124
434,36571995.90787692,44121547.75912185,7549551.851244926,11185028.534204276,8082498.4680097,0.2773824006534192
435,36681052.78315269,44234188.284914374,7553135.501761683,11077677.987156663,8037276.8798942575,0.2744619504906545
436,35899620.284290425,43455179.91921174,7555559.6349213105,10996176.438873047,7925395.026668489,0.27925901601113906
437,36678764.62161931,44212933.67787184,7534169.056252522,11009566.76531851,8062018.487933038,0.267726091336365
438,36308627.00593847,43865178.19939386,7556551.1934553925,10963682.698259437,7966312.927153168,0.2733907805980305
439,36598847.08967897,44094825.78098872,7495978.691309755,10931089.36076158,8023649.451900789,0.26597897180288227
440,36460880.703516886,44008749.86575963,7547869.162242742,11147551.892127866,8056154.289676817,0.27731627826142885
441,36391106.88763502,43892095.36062268,7500988.472987655,11027846.060311776,8025365.943230286,0.27226351371435487
442,36392182.688174605,43928085.881081976,7535903.192907364,11080651.944627,8027631.302575102,0.2755271672920207
443,36476212.003409214,44020122.77864963,7543910.775240415,11107097.582999172,7995765.914333467,0.28012103480822875
444,36562743.16735495,44095553.98851893,7532810.821163977,11218984.284772206,8006998.780741209,0.28629913568830834
445,36040808.00784237,43585991.51486002,7545183.507017654,11002440.283050366,7964288.756002717,0.2761343346464716
446,36564603.71989769,44076831.240018606,7512227.52012092,11084816.75331367,8030695.999111302,0.2755228906503462
447,36439920.36331888,43972960.42244428,7533040.059125396,11009696.81316026,8035667.4153012335,0.2701281832124631
448,36703929.25889535,44273694.23908993,7569764.98019458,11204952.431704247,8113093.497178772,0.27593681931010305
449,36417348.32422566,43961715.562452786,7544367.238227144,11035365.020334356,7988377.28179829,0.27611118734373735
450,36229451.48577885,43780307.862269096,7550856.376490242,11010894.043378307,7969992.996909224,0.2761720378462645
451,36237493.393241204,43757510.129733324,7520016.736492126,10967272.982025985,7972888.357503833,0.27302909569494443
452,36098860.243036516,43654691.5649438,7555831.321907275,11153393.588971961,7984450.116047496,0.28412370169181445
453,36543105.255472615,44083522.62495119,7540417.369478573,11074552.319474952,8042811.182484902,0.27375744405113667
454,36577315.77870271,44154431.37290407,7577115.594201352,11045631.499085454,8068666.262787059,0.26951516864788394
455,36281197.99548901,43816199.17363826,7535001.178149256,11007647.05422708,7965809.186946405,0.27633860826892787
456,36173077.79564674,43748852.83772741,7575775.042080675,11085045.205737032,8003848.486097879,0.2779597793651296
457,37009442.68848057,44534190.572941564,7524747.884460999,11027970.905863889,8069555.827704656,0.26826467927895586
458,36779251.79324088,44319783.56810574,7540531.774864859,11054720.42512098,8046625.013275871,0.2721095872320253
459,36417187.43425738,43944293.16172038,7527105.727462994,11144976.140373956,8013143.587123957,0.2810084574254561
460,36203585.54421073,43741258.987950355,7537673.443739632,10982692.848106386,7994976.466246252,0.272038599565795
461,36083428.83084446,43625794.649924636,7542365.819080185,10947475.559083574,7977427.591735635,0.27129980344039833
462,36305509.229645446,43851266.3556067,7545757.125961248,11044878.107234625,8026820.728878699,0.27325402318193404
463,36642642.306654215,44160100.397886425,7517458.09123221,11113438.925147893,8061092.245895578,0.27465366029459654
464,36179129.34446819,43735370.21787785,7556240.873409659,10979264.558238555,7972290.17866604,0.2738775774663485
465,36631309.78247729,44175077.96669138,7543768.184214089,11085307.468412295,8026845.586849217,0.2759023049453701
466,36386973.07019825,43904384.18739828,7517411.117200013,11098271.643274583,8002675.816480533,0.278925937866185
467,36583429.31840122,44130937.379421294,7547508.061020068,11061422.288693223,8047653.935491888,0.27245758045798074
468,36916821.809019305,44484135.28981817,7567313.480798863,11120979.771676542,8092050.749698381,0.2723617059076383
469,36690159.329292804,44226239.20907172,7536079.879778912,11002456.132769737,8045699.609255537,0.2687360429193433
470,36604173.55094721,44156441.360318504,7552267.809371285,11147121.559749473,8037317.266371122,0.27897823457917353
471,36427377.052163295,43949464.41642511,7522087.364261809,11029029.575333769,8024563.969078255,0.27241432129032894
472,36499589.283147916,44004060.26018423,7504470.977036314,11072708.982054416,7994220.949536475,0.2780248300128956
473,36732879.16692185,44321064.78773809,7588185.620816239,11115451.13373517,8068693.255056274,0.27410114461589846
474,36333474.56815459,43858920.92887854,7525446.360723961,11062500.755154803,8005105.8380036615,0.2763746629103266
475,36254669.18927182,43805349.668566376,7550680.47929455,11076538.245272415,8019868.235771298,0.2759589631540103
476,36373637.566650674,43931220.012426995,7557582.445776327,10997495.159732955,7962704.957546715,0.27595285636478806
477,36185567.597973004,43753706.979915336,7568139.381942341,10981080.513838314,7973803.3322646655,0.2738598608564876
478,36457393.906064086,44047917.00650111,7590523.100437018,11084222.000935564,8005592.04877211,0.2777488534516543
479,36748845.055691205,44284776.49232137,7535931.436630169,11211649.46593819,8101078.662644198,0.277440961095344
480,36770268.53617199,44315316.72361746,7545048.187445469,11101552.955092143,8103364.168102333,0.27006931364630193
481,36102140.51284003,43661222.66111863,7559082.148278594,10957381.567689005,8001676.043723059,0.26974560534440956
482,36299643.19186276,43831611.46061146,7531968.268748705,11096516.243259149,8024972.975848589,0.27680248467859847
483,36386387.254789725,43919158.54961477,7532771.294825048,11072448.790663496,8036433.372078476,0.27419548069123134
484,36936792.16543244,44454597.98593223,7517805.820499788,11070970.503394976,8108244.928578379,0.26761209181327517
485,36403243.63934846,43920495.42937015,7517251.79002169,10925295.769445103,7997644.879618836,0.2679699434786984
486,36379347.442261055,43976539.177885324,7597191.735624273,11192179.724187316,8046715.287739335,0.28104127292115827
487,36556915.48569588,44074364.86554555,7517449.379849669,11054011.279420543,8028033.032174214,0.2737448126979795
488,36343665.30432303,43885862.12190892,7542196.81758589,11003877.083777068,7992272.69952839,0.27368575287783464
489,36235289.56575671,43761120.88786694,7525831.32211023,11023759.617901571,7983920.284717891,0.2757534124970632
490,36214833.04136293,43761206.83938196,7546373.798019041,11025099.622891601,7960372.668010771,0.2779772573226899
491,36677024.14335829,44218566.70778925,7541542.564430966,11027705.486059818,8050476.989997346,0.2699771498092693
492,36061150.243476614,43602066.498840205,7540916.2553635845,11043541.46923798,7934378.466684448,0.28153677071926353
493,36321516.74963993,43830226.01336755,7508709.263727612,11099196.40447622,7985256.918543136,0.28055539990960576
494,36699599.36419841,44237510.492508516,7537911.128310114,11115628.087272706,8039104.884681281,0.2767745716604189
495,36506227.18022011,44069959.76133426,7563732.581114151,11105363.890259359,8019715.58816654,0.27785206613529134
496,36208889.12433334,43770715.76392875,7561826.639595413,11003605.433730464,7998873.894378666,0.27306791009981973
497,36046793.26204041,43597149.61181836,7550356.349777952,10911420.051381994,7961076.858475433,0.2703903963932617
498,36076396.786864385,43652054.994018346,7575658.207153968,10990313.434939338,7901174.6442594705,0.28107831582484055
499,36340478.184242316,43884220.876631886,7543742.692389571,11101740.644620612,8039691.7958107265,0.27581700445268575
500,36199108.56269662,43756537.28178243,7557428.719085813,11036815.436452568,7935290.473513133,0.28101629322310395
501,36075867.850096144,43664724.257962205,7588856.407866053,11050814.754387707,8003673.396358288,0.27573906772978496
502,36652508.806496985,44147519.252429545,7495010.4459325615,10994563.347443333,8032242.368828453,0.2694350730448732
503,36300492.707867004,43868580.190137684,7568087.4822706785,10996075.302982714,7990751.737192573,0.27330874725593585
504,36372126.05428586,43932997.67245345,7560871.6181675885,10976017.540929029,7996481.315130774,0.27145877042267025
505,36565239.29016115,44134973.81921271,7569734.529051563,11108896.417728333,8041948.642351685,0.27608032877885186
506,35977793.125603765,43541991.69055687,7564198.564953097,10912493.342566514,7939360.955618625,0.27245216043803216
507,36538430.503873706,44091985.440501705,7553554.936627994,11094017.953809546,8048448.661437366,0.2745235590074352
508,36254995.9976268,43789722.79751493,7534726.799888135,11002823.998825848,7981245.5077450005,0.2746184517177855
509,36296525.22213279,43860967.46540429,7564442.243271505,11027235.709906587,8036299.351876542,0.27123174263365607
510,36298353.468956225,43844072.38485797,7545718.915901742,11062660.434751429,7978264.712684315,0.27881138901977137
511,36710624.760908924,44238766.43627983,7528141.675370915,11060821.380420825,8064777.452195611,0.2708699313713377
512,36264437.40756345,43851070.68747876,7586633.27991531,11110943.484301196,8014228.832270217,0.2787085233946487
513,36449905.7965737,44026860.04382341,7576954.247249716,11081834.788801812,8033013.8523945995,0.27511878623998653
514,36651659.66723231,44203878.504297756,7552218.8370654415,11199308.542701796,8065468.641914634,0.2798244095908383
515,36492757.5036965,44064054.362901814,7571296.85920532,11007901.095672246,8038632.516247216,0.2697397581626526
516,36339350.581075065,43875946.65865262,7536596.077577559,11041709.96286595,8000193.170277519,0.2754570444992005
517,36301968.95772421,43845102.385769084,7543133.428044871,11088131.597632758,8039373.074156471,0.2749569209773067
518,36311493.38772085,43885887.42868047,7574394.040959617,11071000.558422014,7992177.6316304505,0.27809798315378265
519,36382276.05034466,43955373.410617284,7573097.360272621,11057188.361542363,8025720.886334612,0.2741625968633578
520,36354397.30258288,43861424.16792026,7507026.865337381,11063656.036911111,8004626.398908215,0.27649355943435083
521,36473712.62643158,44021730.72349134,7548018.097059766,11074001.806806598,8030672.131451932,0.27481751659856996
522,36311474.32337834,43884560.97579253,7573086.652414182,10954393.960940352,7943155.3964354005,0.2748886497274067
523,36417652.06589729,43947448.83144749,7529796.7655501915,11104517.609235136,8032322.690780317,0.2766617179209847
524,36706050.37505991,44240686.64978649,7534636.2747265715,11079357.053177608,8030124.660932902,0.2752174496777476
525,36472001.58101877,43999241.32927435,7527239.748255576,11006641.53078698,8030586.907408663,0.2703871671530242
526,36487986.89703564,44080579.26396665,7592592.366931004,10987067.76940272,8023190.270809254,0.2697605549359954
527,36313120.634911366,43871220.385871805,7558099.75096044,11056592.111472344,7939625.595835669,0.28191023818293015
528,36460071.49367772,44025038.59822968,7564967.104551964,11054507.681785462,8023577.115987221,0.274180511068106
529,36095365.112994656,43656912.27924996,7561547.166255303,11069289.41786071,7945267.663993011,0.28222423643806555
530,36494843.52838509,44029412.20125111,7534568.6728660315,10991255.714307673,8051980.174059118,0.2674194483913612
531,36422399.082662195,43956083.77680573,7533684.694143522,11082948.052542077,8003047.977363909,0.27789538131704383
532,36238435.734691374,43783431.56569882,7544995.831007444,11013558.827327901,8021826.08524852,0.27164087367073453
533,36417922.70330247,43942360.03091628,7524437.327613812,11033464.420864869,8026417.164865648,0.2725388093256307
534,36374022.159101434,43916403.003803834,7542380.844702402,11064409.347280033,8036556.052555091,0.2736570204237138
535,36384891.96549791,43914249.17608232,7529357.2105844105,10984440.835891375,8004804.200109727,0.2712597464265785
536,36164344.0949135,43728868.051956154,7564523.957042663,11066203.845482666,8037733.776185193,0.27366837911030567
537,36258754.38911261,43800962.078726396,7542207.689613793,10992785.929026203,7994813.497782331,0.27272180597347884
538,36456845.75288554,44004449.692175806,7547603.939290268,11044740.381175874,8006039.851409277,0.27512647874870944
539,36319126.85756596,43835723.468313366,7516596.610747405,10995954.900901217,7955060.534519807,0.27654663863091883
540,36126248.732313305,43694176.985944375,7567928.253631075,11007776.333958518,7986888.947438004,0.2744321191557286
541,36557201.93828975,44060380.7859561,7503178.847666353,11190218.77406876,8010223.313236065,0.2841763440945176
542,36396262.83782299,43949177.678605124,7552914.840782131,10991480.002257429,7977091.811409343,0.27424770733595394
543,36163029.176555246,43741469.091853335,7578439.91529808,10979876.352994133,7973706.614638005,0.2737890338388343
544,36705438.48870682,44208650.57082658,7503212.082119757,11129192.555959009,8024901.961211099,0.278932238717152
545,36424982.64445363,43991844.69286804,7566862.0484144045,11070399.31849749,8047257.46082307,0.2730833613764106
546,36302227.79462545,43819620.67399104,7517392.879365588,11039131.540495425,8004299.408377908,0.2749158410681749
547,36425397.62021932,43938149.383995004,7512751.763775684,11000691.905820716,8004292.265006056,0.27238283432237537
548,36359434.37520904,43911494.44364634,7552060.068437302,11046473.046627795,7998504.740864619,0.2759223050558787
549,36169557.465791404,43720998.87125387,7551441.405462468,10944894.076990465,7975119.738377095,0.27133879210916706
550,36519223.81397165,44086197.66128137,7566973.847309721,11121223.361919874,8082107.72860728,0.27327170171932835
551,36443008.45947422,44008234.69428366,7565226.234809443,11086116.27902647,8054446.795881157,0.27346542349378455
552,36014778.82800491,43557128.62478802,7542349.796783114,10872153.47415463,7931244.5951768225,0.27049920569728525
553,36295173.487044476,43864578.45006317,7569404.963018691,11054882.74253628,8044782.842461346,0.2722869134100231
554,36329941.02374047,43892147.11730053,7562206.093560067,11022819.943933142,8031187.227615532,0.27140357290914263
555,36156096.73039919,43773708.589699656,7617611.859300472,10969403.708990093,7968927.724412747,0.2735313663511421
556,36067220.19893017,43569852.30822119,7502632.109291019,11057901.87090677,7940010.841658046,0.28196045376852774
557,36515543.267372385,44022169.70252558,7506626.435153197,11094232.382689714,8075436.58240765,0.27210497275974493
558,36312747.158537075,43866987.1810521,7554240.022515036,11123843.394756667,8030351.511339953,0.2780955982241589
559,36424485.51425981,43944432.04287354,7519946.5286137285,11104795.53089759,7998641.582631884,0.27971284474561037
560,36244313.30959611,43769295.43042337,7524982.120827268,10990719.111120356,7960425.80233817,0.2757138343856091
561,36898368.13880857,44425857.87162474,7527489.73281617,11076176.211376732,8072880.744304169,0.27114912310511746
562,36274292.14326279,43808301.57364099,7534009.430378201,10997624.901764361,7983986.398230752,0.27402630390222965
563,36204861.10917566,43749498.97132161,7544637.862145953,11059670.130793808,7964443.293817503,0.2798661081543618
564,36252844.98955427,43782892.37708888,7530047.387534609,11058411.157820057,7966920.865828028,0.27956007855666076
565,36261987.06031271,43782719.531074636,7520732.470761922,10968205.10888583,7997508.198575668,0.2708462214937491
566,36574322.05585514,44143599.598366424,7569277.542511292,11113293.703456737,8049304.840969666,0.27570484000922535
567,35908465.20594895,43453263.72623095,7544798.520282008,10961804.187131021,7933326.959444432,0.27627543568438967
568,36395745.14177197,43931761.016252786,7536015.874480813,10884871.779721044,7982799.968722527,0.2666151581505254
569,36434081.214143574,43997332.1112464,7563250.897102826,10877772.28738853,8011583.862849872,0.26349038652534207
570,36424336.77554239,43979718.747278176,7555381.971735785,11068305.03359593,7989314.1471735155,0.27818088470426766
571,36498118.34002118,44007630.68077883,7509512.340757649,11064443.008671036,8005148.503452607,0.27649783209339196
572,36234823.86555054,43782807.110539235,7547983.244988687,11063833.452665053,7985261.807406899,0.27825542190501695
573,36322071.916695744,43904692.91926463,7582621.002568888,10988247.185729902,8006029.555775349,0.2714006683274715
574,36241971.927005075,43799932.128340825,7557960.2013357505,11090222.467215607,7977944.55959431,0.2806325947763146
575,36568072.62394956,44097955.42165773,7529882.797708182,11008959.451704301,7974368.467136422,0.27564739409573286
576,36198958.99654417,43772028.91506059,7573069.918516421,10996948.103086196,8003355.033153983,0.27222035076187073
577,36320215.00089106,43853959.107961416,7533744.107070354,11044029.626223523,8012198.28744101,0.27452220261919386
578,36232627.18892101,43768755.12185751,7536127.9329365,10910239.664574679,7960743.88118929,0.2703419791008203
579,36183390.243035235,43742852.72364338,7559462.480608146,11099714.90168798,7993057.691022342,0.2798862167345573
580,36487112.43642351,44090183.01702011,7603070.580596597,11026593.838633768,8072744.823957321,0.2678840862286117
581,36173753.20789822,43694704.33004664,7520951.122148416,10985238.895670578,7960404.958095195,0.2753544066089913
582,36746018.47918294,44257566.8804431,7511548.401260159,11091542.347158115,8041401.630422005,0.2749969861060504
583,36415080.60934372,43930527.25366241,7515446.644318678,11124636.841926508,8033783.440281347,0.2778385888514004
584,36480682.20718348,44021817.55635697,7541135.349173484,11015660.136088848,8000902.033122355,0.27367929526889834
585,36381539.02434955,43965431.50284816,7583892.478498615,11037473.247262161,7981881.8615197465,0.2768379426423844
586,36276590.96529162,43788489.86929289,7511898.9040012695,10965908.257203683,7973764.940171357,0.27285868592478313
587,36547572.88384887,44081601.952871986,7534029.069023117,11059999.0402422,8023182.511911737,0.2745765634590834
588,36473447.86471992,44019087.04659128,7545639.181871362,11064032.39863589,8019972.733443706,0.2751311235827087
589,36691153.89272817,44272980.43895136,7581826.54622319,11067536.212086607,8060045.329673198,0.2717398727938198
590,35804506.49977037,43382481.26556547,7577974.765795091,10932055.461944308,7905440.490885686,0.276856898649536
591,36459037.52952854,43986656.79157631,7527619.262047767,10966229.937256321,7973417.7421258325,0.2729116763239483
592,36678521.78659156,44227196.74639012,7548674.959798565,11148178.486424338,8066620.514118195,0.27641806919925993
593,36420222.52678156,43964996.80970057,7544774.282919012,11015890.30304205,7974982.81094879,0.2760473650734803
594,36415106.94260396,43953037.11790751,7537930.175303554,11034656.863998184,7973849.510296086,0.27738128982409305
595,36253212.06548451,43792666.785608456,7539454.720123944,11098169.909091696,7966231.029688025,0.2822031835030716
596,36486360.48242565,44045279.72374893,7558919.241323281,11106224.290895388,8050931.415499308,0.2750973504020384
597,36512041.09084992,44045722.15443155,7533681.063581627,11036237.358625038,8011830.652601896,0.27404328193970096
598,36723120.589430675,44240294.72438319,7517174.134952517,11159261.62993698,8110786.531322055,0.27317892524687953
599,36383803.99922551,43928020.85435231,7544216.8551268,11072426.531792507,8010467.57511104,0.27653910801662085
600,36189155.9173814,43719769.135891326,7530613.218509933,10980331.573074965,7978414.2541262545,0.27339040710844803
601,36478121.914131165,44026601.85316673,7548479.939035572,11080866.68935066,8035224.673320813,0.2748559387468204
602,36240155.81750105,43781717.61201161,7541561.794510558,11042306.728793861,8008261.164470449,0.27476555749097703
603,36161493.3371372,43735213.632196315,7573720.2950591175,11128307.482123373,7972308.890806521,0.2836009515720769
604,36569020.55169977,44085285.12524536,7516264.573545586,11002729.33882661,7998928.003580317,0.27300511016356915
605,36583062.513492756,44103690.795429386,7520628.281936636,11047604.47702211,7990030.596187029,0.2767635180273264
606,36599438.06055583,44131758.9484442,7532320.88788837,11152944.74837048,8039124.226813093,0.279192678867376
607,36636576.721054435,44161627.83859925,7525051.117544812,11043772.0807508,8025749.584590719,0.27327823085198116
608,36034701.79519857,43626656.24728172,7591954.452083156,11093093.83552743,7975498.637315117,0.28103928844698933
609,36603242.91377713,44133502.28959509,7530259.375817964,11105300.629130516,8066207.227279853,0.27366151564404856
610,36463587.49675189,44028460.088698745,7564872.591946859,11038094.39303387,8038419.829246823,0.2717565602338152
611,36448236.57482942,44008416.544227466,7560179.969398045,11128950.392651584,8035073.296447564,0.2780025956667844
612,36427953.66970442,43965461.09199158,7537507.422287156,11051005.26841834,8013517.446470888,0.2748607704158834
613,36233839.965986446,43785910.62084779,7552070.654861346,11194366.310645908,8009823.875536943,0.2844772403133214
614,36300590.68686903,43841001.566202,7540410.879332958,11149421.505014068,8009380.61988662,0.28163262853730325
615,36542778.12175979,44094539.1672681,7551761.045508305,11177635.987431854,8033220.568250032,0.2813130990056758
616,36297082.476345316,43851235.71623636,7554153.239891043,11065369.619439963,7965809.4860367365,0.2801135651137969
617,36653176.34628831,44166658.79474886,7513482.448460549,11173437.60274363,8055576.764559502,0.2790422204012254
618,36144623.738291994,43713205.472938076,7568581.734646086,11034903.318393394,7967170.725377622,0.27800267066249323
619,36567941.11014219,44107826.68070376,7539885.570561571,11134434.924391616,8013330.637125427,0.28031097298246826
620,36491707.52662667,44024354.390442386,7532646.863815713,11036201.916559955,8012951.019627045,0.27393943313020447
621,36709806.00763055,44256682.44770778,7546876.440077227,11110054.204166144,8072478.393934465,0.2734078299179335
622,36386146.58962618,43912115.64812672,7525969.058500537,11081451.686708504,8011130.515810303,0.2770684976753412
623,36573118.98005586,44165600.133147836,7592481.153091967,11115510.277608484,8072063.95646451,0.27380176394373995
624,36354356.49253845,43942026.526492536,7587670.033954086,11013351.34031151,8020269.300169821,0.2717685060301573
625,36518338.258733146,44037621.379531294,7519283.120798156,11036221.372395102,8017034.037369108,0.27357074791720715
626,36395104.61057507,43946778.638256095,7551674.027681019,11065183.31081541,8018107.747552473,0.2753750640791141
627,36289540.0036706,43832522.47208927,7542982.468418677,11080353.786069844,7997983.3800816955,0.27818339247103163
628,36397513.630829886,43910356.159033224,7512842.528203338,10998812.74321177,7944939.555974218,0.27765480316249014
629,36394278.70517884,43912628.541997544,7518349.836818706,10962799.854839971,8022180.058609126,0.2682362019892746
630,36241975.60003641,43795327.746085405,7553352.146048984,10999043.976493616,7919355.6298368415,0.27999600267427494
631,36404617.26969187,43929762.01114704,7525144.7414551675,11040987.440677943,7994370.149279381,0.27593703079255494
632,35994438.07450022,43535807.76999778,7541369.695497571,10996093.620729012,7948263.346216183,0.2771739109939268
633,36338236.63829109,43863728.57157138,7525491.933280289,10940453.14509531,7990978.943529489,0.26959342199533043
634,36164712.84943741,43701593.9596655,7536881.1102280915,11062645.700203236,7970871.670979689,0.27947871720837514
635,36513515.6372167,44026440.31186691,7512924.674650205,11187547.410164006,8064408.11954133,0.27916210551968434
636,36628184.87622662,44202527.21926107,7574342.343034456,11092816.404476883,8075354.814068269,0.27201942954638775
637,35875817.8383648,43433613.79608653,7557795.957721725,11114471.760278028,7945929.518738007,0.28508257611162974
638,36131038.8966348,43653517.96296246,7522479.066327661,11114278.731867356,7928700.278251218,0.28662034941433545
639,36573613.42023364,44116913.34457031,7543299.924336676,11011859.651939703,8037926.4367683595,0.27006639288646356
640,36189203.20160436,43751393.9930706,7562190.791466237,10954102.117272336,7958280.887879101,0.2734885248759412
641,36351554.163173795,43918854.613396026,7567300.4502222305,10974362.758956999,8043797.09574252,0.26703743329630913
642,36134633.822353214,43693959.4076355,7559325.585282286,11010178.583332967,7977352.7101681605,0.2754565559686607
643,36396517.361145556,43942131.51882017,7545614.1576746125,11038482.831802217,7974997.948519303,0.27752771191136133
644,36553302.419308655,44112253.675545424,7558951.256236776,11099600.471529268,8049418.206701344,0.2748010860978025
645,36438124.5263623,43914750.19448386,7476625.668121563,11025681.247040726,7986760.569446907,0.275622032734663
646,36262822.823073424,43797073.58289618,7534250.759822758,11100121.938760575,8003063.25477515,0.2790112307839421
647,36337691.7918344,43863628.01902355,7525936.227189158,11043333.28364663,8062486.098172804,0.2699227768384001
648,36228383.3406378,43769191.41700964,7540808.076371839,11072229.058385305,7975884.113109986,0.27964964678276516
649,36016504.02547273,43526154.29555779,7509650.270085052,11021878.395363476,7936414.222308906,0.2799399578163118
650,36597302.47660144,44157736.89019331,7560434.4135918785,11018076.257002823,8075637.143450179,0.2670556134227607
651,36407480.42024873,43929130.62749976,7521650.207251021,11076342.485615954,8026556.89664385,0.2753422975980239
652,36449795.80059297,43984085.059498675,7534289.258905712,11052658.477959301,7998778.454366738,0.2763027582624098
653,36355140.10908039,43896807.976383224,7541667.867302831,11073801.590456437,8012204.747379297,0.27647206951185294
654,36207313.455251634,43731764.431166306,7524450.975914676,10957765.991762146,7942620.07130057,0.27516064156948683
655,36292104.46561207,43852623.27227199,7560518.806659929,11033149.409570144,7974331.722216884,0.27723885300601886
656,36598324.97260841,44128966.242723875,7530641.270115461,11050590.196587402,8058310.145991683,0.27078011195454366
657,36364441.4417614,43906250.28292128,7541808.841159879,11078075.101774754,8046312.1070930455,0.2736723633689762
658,36644318.514939845,44224143.239904426,7579824.724964581,11240469.304835899,8101100.067870286,0.27929165160523917
659,36459208.349324405,44030509.306014195,7571300.956689786,11053209.959653977,7967553.704624727,0.279163814520162
660,36277093.63527895,43861146.02533401,7584052.3900550585,11103688.475271944,8053693.368356332,0.2746830581304573
661,36405180.09137486,43957403.686728135,7552223.59535328,11058404.738106702,8021596.35097231,0.2746154132584517
662,36539262.08523366,44119852.73730678,7580590.652073123,11070685.957119841,7998988.078816112,0.2774622900695906
663,36552877.236109376,44075677.63827728,7522800.402167909,10999909.086975308,8021341.050023171,0.2707811504077773
664,36226026.838517785,43782256.35346615,7556229.514948359,11012366.28878373,7970534.550729796,0.2762196296677933
665,36697271.49999485,44237002.443040155,7539730.943045305,11146154.981509512,8107227.047159173,0.27264361023076145
666,36421096.55255634,43955930.11473576,7534833.562179411,11071776.1370075,7983340.1533035245,0.2789467512245712
667,36022522.72535224,43589796.70106732,7567273.975715085,10965929.673258744,7957975.274139017,0.27429998994566357
668,36421988.58876532,43965015.23992141,7543026.651156085,11179158.41222688,8015794.016818161,0.2829698156838784
669,36049754.95404287,43613309.2662106,7563554.312167732,11015225.09444168,7948477.513802882,0.27840988761875496
670,36368506.04343818,43947024.63914823,7578518.5957100475,11027371.667933755,8023043.447417358,0.2724428187409893
671,36491513.06476818,43998014.65064664,7506501.585878452,11064330.076332256,8029266.52484777,0.2743106478698426
672,36244481.67953515,43791377.60554799,7546895.926012833,11162198.412671553,7981161.549491553,0.2849830065347005
673,36723863.68775108,44263954.50858526,7540090.820834184,11081140.992220113,8084434.053988645,0.2704330664446384
674,36264998.74447553,43831372.119663015,7566373.375187481,11134467.741809936,7987045.125268351,0.28267382775047345
675,36565952.28870612,44071287.654827274,7505335.366121154,11057797.038935306,8017989.862729204,0.2749016974631312
676,36595627.602962084,44142369.301918775,7546741.698956693,11146379.00209187,8048893.29047329,0.2778916553113138
677,36468372.639249094,44007886.5394574,7539513.900208307,11087285.153374966,8016192.466671612,0.2769923064320678
678,36607222.34987479,44198832.65212257,7591610.302247784,11122755.645698477,8018619.862052266,0.2790797426936803
679,36409115.18391083,43984470.23331914,7575355.049408309,11086493.824852586,8048678.871079622,0.274010431229673
680,36517994.10775166,44066728.17595373,7548734.068202074,11118803.571549118,8062919.007587076,0.27483933359354085
681,36419278.51679203,43955347.559897065,7536069.04310504,11015391.319397107,8026255.836349951,0.27135989965091467
682,36230912.27853524,43787371.90452335,7556459.625988107,10850624.017797966,7937271.84348916,0.2684962790646988
683,36434614.56128479,43994761.227931246,7560146.666646456,11078787.618285554,8056980.872720126,0.2727560857451524
684,36249258.520116515,43787605.70399029,7538347.183873776,10921189.761545213,7952126.675857184,0.2718626038476547
685,36431125.99806027,43972596.20853333,7541470.210473064,11064864.517475579,8005231.578942242,0.2765178853930861
686,36449386.52926941,44002157.395119816,7552770.865850401,11071590.470036188,8069725.008874501,0.27113227040738574
687,36273370.86314045,43827636.70925244,7554265.846111992,11131604.206909943,7992132.817160981,0.28203225082330324
688,36380581.16638655,43928039.21765818,7547458.051271626,11035887.891862903,8002699.986189275,0.27484765479632045
689,36445816.53353801,43991788.449641064,7545971.9161030445,11089631.908590568,8047393.243417818,0.27433179840857336
690,36197791.14121908,43746529.333963916,7548738.192744847,11017512.650711626,7987736.34874804,0.27499639873505305
691,36421632.30163377,43931137.48649293,7509505.184859163,11025964.227142803,8004999.694451645,0.2739864260809407
692,36488094.7013119,43993415.96277728,7505321.261465384,11008339.465280427,8000385.683034994,0.2732431891051616
693,36525399.62600967,44023660.51584716,7498260.889837498,11114355.086424341,8124312.529433043,0.26902528610440873
694,36374392.40060963,43933711.533228256,7559319.132618627,10987038.714798681,7986459.554990249,0.2731017190070412
695,36151012.86851437,43712828.20212907,7561815.333614701,11001423.166163487,7957842.450733247,0.27665336288410625
696,36133311.63387563,43675429.82130082,7542118.187425192,11001984.086687611,7965466.851080811,0.2759972393780303
697,36205951.73647881,43769186.25848756,7563234.52200875,11142358.547003463,8007192.7050533295,0.28137362738100724
698,36356142.05365154,43902843.06802047,7546701.014368933,11085379.89332095,8035909.347422567,0.2750894038133703
699,36452953.40476036,43987963.23438081,7535009.829620457,11009981.216372684,7976818.582371377,0.27549208072133324
700,36296478.05758156,43846890.42208329,7550412.364501726,11086989.49431712,8001478.030888323,0.27830020629228014
701,36031627.06019005,43580176.785551,7548549.725360951,11071245.732201096,7940033.824808767,0.28282381071942897
702,36346031.59701349,43859357.347657606,7513325.750644121,11013518.03616014,8019488.215127783,0.2718504488032077
703,36625243.91556291,44141992.41595263,7516748.500389722,11095098.610445252,8048012.769372737,0.2746335069256526
704,36242539.32593278,43774546.20085497,7532006.874922194,11033219.260913923,7957887.745304143,0.2787338348748667
705,36286803.16928844,43825933.93530879,7539130.7660203455,10988851.831668483,7968909.487119589,0.2748187336411072
706,35940374.97819817,43530985.01143046,7590610.033232282,11144381.776972475,7990761.558943495,0.2829784802011426
707,36519147.91316598,44047740.69943812,7528592.786272135,11030768.815716408,7980416.410059663,0.27653126056913346
708,36275529.66694592,43795536.918486945,7520007.251541034,10948183.660977526,7984478.054950433,0.27070294925637683
709,36322920.219863035,43876324.21034707,7553403.990484033,11030923.41677154,8025869.35400106,0.27242089798226343
710,36302839.048893996,43876064.16611083,7573225.117216831,11038952.022612136,8027419.846557363,0.27280960818436073
711,36324739.70112206,43851684.55461949,7526944.853497433,11065542.869860634,7998807.614588591,0.2771427747684165
712,36386178.11412893,43942472.718827374,7556294.604698442,10879582.723634483,7966566.657808258,0.26775071616469953
713,36569345.29295764,44116663.528632894,7547318.235675254,11035066.276130516,7997129.125807886,0.2752984961126933
714,36495566.21586209,44027391.83591591,7531825.620053823,11011169.66717075,8027922.315616846,0.27092919660009473
715,36664398.99652501,44200268.7493916,7535869.752866589,11106190.498545026,8055605.625453129,0.27467427949228324
716,36188559.40447373,43738398.59890633,7549839.194432603,10999124.783938982,7955415.726983894,0.27672284083907644
717,36147268.43005665,43692666.50135295,7545398.071296301,11034862.730443861,7986407.063733192,0.27625678190815606
718,36025677.37815573,43572268.94772022,7546591.569564489,10916559.058991035,7952986.432105949,0.27147497768028334
719,36258043.2430627,43794100.48353978,7536057.240477086,11091096.314880583,7995137.744091381,0.2791390934578261
720,36203612.753866665,43775494.386501074,7571881.632634403,11096897.574365528,8011853.039622173,0.278009643151973
721,36105125.014810674,43619800.20503214,7514675.190221472,11054839.5926771,7928477.692664524,0.282804818089222
722,36159443.82152786,43717437.04035278,7557993.218824923,11129823.438741455,7997909.519574767,0.2813983470991019
723,36495305.005314685,44036943.15143216,7541638.146117476,11035165.754258083,7983746.765612167,0.2765177303719684
724,36253314.86575649,43762939.30587382,7509624.440117335,11105602.211793892,8029756.34513176,0.27696344673642775
725,36478608.96613363,44044484.12603946,7565875.15990584,11046250.271052996,8011560.244379636,0.2747258076005981
726,36473535.206952095,44014303.581871934,7540768.374919843,10919778.84045694,7995879.365551509,0.2677617850713797
727,36224394.53653178,43777218.51333122,7552823.97679944,10995446.314000381,7978863.077075972,0.27434841213161365
728,36521581.18827342,44042187.316263735,7520606.127990315,11053676.638822872,8042047.90702229,0.27245493334074017
729,36340329.81579844,43909722.20162348,7569392.385825034,11102846.786868423,8009524.221571567,0.2786062551953249
730,36814467.70755536,44356266.55636157,7541798.848806205,11154720.175462129,8080470.852436487,0.2756007568695715
731,36627803.06192525,44165460.81748564,7537657.755560387,11017831.87987372,8008668.309322432,0.273117579153493
732,36547475.26424844,44100713.00333449,7553237.739086051,11131318.803658187,8046869.0572504,0.27709652385430883
733,36365387.0315914,43902075.824093625,7536688.792502219,11003981.093609804,7997657.090107474,0.2732033050518556
734,36251875.41808239,43834262.59074414,7582387.17266175,11066968.536899159,7998509.020914214,0.2772628751725622
735,36382071.419664904,43927003.30585326,7544931.886188361,10943818.207830256,8013861.762175324,0.2677270756890461
736,36632745.028733194,44146618.58239493,7513873.553661734,11088255.739895657,8030621.847987142,0.27575427223482196
737,36515600.32505308,44053800.38062681,7538200.05557373,11122752.46577253,8044218.134460669,0.27677810333236086
738,36610322.460411124,44172527.286302924,7562204.825891798,11080328.092378797,8045522.213724639,0.2738913372738068
739,36306321.90720599,43861482.92175724,7555161.014551254,11065379.102607748,8025596.68306322,0.2747110958745327
740,36289151.06790272,43796311.38287634,7507160.3149736095,11023481.873948108,8015606.554330334,0.2728607307575216
741,36551830.78472718,44080631.43349999,7528800.648772815,11084227.621937165,8096223.93587249,0.269572566351039
742,36615662.32512956,44164749.66277255,7549087.337642996,11091412.038588492,7987054.391867379,0.27988840698737383
743,36407161.405592985,43965704.0954367,7558542.6898437105,10985712.629919268,8028325.15486302,0.269203061711435
744,36516517.115836926,44065085.73142942,7548568.615592493,11099620.481969964,8021126.421577883,0.2773512901087685
745,36383914.10671435,43913299.76542001,7529385.658705654,10986922.976907719,8015001.205157101,0.2704962779840174
746,36187819.46679711,43728945.85039055,7541126.383593438,11135108.355979811,7994065.945196949,0.2820845842147598
747,36397474.686624914,43910404.76050602,7512930.073881108,11061873.65954755,8003444.874529539,0.27648379281373087
748,36538489.027580634,44095857.11135806,7557368.08377743,11088881.729204446,8055002.784899603,0.27359647423370115
749,36156162.57896312,43671197.13126018,7515034.552297054,11069125.565482667,7972095.370348294,0.27978995963258163
750,36120716.76976727,43668179.56700859,7547462.797241315,11020527.375617001,7987786.201396293,0.2751902037765153
751,36581450.427948244,44106884.39607191,7525433.968123675,10955695.097371953,7995195.035793689,0.2702247584718223
752,36251954.17207454,43785804.451256014,7533850.2791814795,10982223.177178733,7987024.876872203,0.2727315090928591
753,36519431.231843606,44022204.54265749,7502773.310813877,11177743.049862713,8039885.764475246,0.2807236909445692
754,36433932.78404933,43964760.11828683,7530827.334237503,11119788.125250673,8027134.626743738,0.27812162099421456
755,36518551.94064645,44040053.42083679,7521501.480190337,11139117.156071192,7984290.620118173,0.28322051844418683
756,36578620.03886435,44151162.5431127,7572542.50424835,11175493.957004506,8033436.844891553,0.2811559940170335
757,36472541.96257539,44028004.69669229,7555462.734116895,11018482.577326123,8009634.370416364,0.2730728288395517
758,36026108.05556228,43588480.84527177,7562372.789709498,10959852.040696047,7935087.038763594,0.2759859339980975
759,36605538.88301452,44153205.62387469,7547666.740860156,11193885.000317896,8084866.125219534,0.27774261349031804
760,36635586.57667639,44182165.06785327,7546578.491176889,11100055.661546659,8039860.953111068,0.2756918345046559
761,36621348.88966348,44135974.68832755,7514625.798664071,11133464.40658452,8066631.3047786215,0.27546080804750417
762,36526036.008446656,44084429.27113967,7558393.262693013,11101721.562885886,8039135.563967367,0.27586586292679477
763,36333426.785998866,43935171.6099381,7601744.823939238,10980570.096733741,7997234.913491433,0.2716921942085435
764,36250990.580121025,43795472.93536247,7544482.355241451,10920123.286468498,7974031.567265942,0.2697855731036627
765,36420935.86895481,43972911.83858245,7551975.9696276365,11000038.472797424,8012948.388460776,0.2715526942677138
766,36512095.44162918,44080269.90547518,7568174.463846004,11123060.524436243,8034777.165747736,0.27764690769270384
767,36292360.00486236,43827292.279397726,7534932.274535365,11130648.935238685,7974199.985865403,0.2835817541042225
768,36039098.45833441,43547799.52552511,7508701.067190701,10965262.109144345,7924941.608275691,0.27726838361056744
769,36400877.6211945,43942337.866054006,7541460.244859509,10948963.894253032,7959695.3930203235,0.2730183906078763
770,36380443.416071974,43943441.390067875,7562997.973995901,11085918.326635135,8030045.357226684,0.27565357053609
771,36243844.42119684,43795610.08867092,7551765.667474082,11051969.542246178,7933044.602283269,0.28220535064278013
772,36502758.74227886,44054362.46403281,7551603.721753953,11120172.772618061,7973925.131123034,0.2829315430460074
773,36334029.69806876,43844606.1770361,7510576.478967339,11073646.47265527,7981390.112362901,0.2792446343603472
774,36195958.64695563,43764102.94741757,7568144.300461942,10912396.73048139,7962570.21013061,0.27031884866420647
775,36274335.5195577,43827953.69486168,7553618.175303973,11034194.243795116,8020511.109034375,0.27312217531927463
776,36426831.95393811,43986228.857765056,7559396.903826943,11006130.006364534,8018732.008899453,0.2714303752306717
777,36269350.861822896,43787834.1309878,7518483.269164905,11034551.717953565,8023488.338842767,0.27287591341039275
778,36514071.45190607,44067177.84281777,7553106.390911695,11083462.561647711,8045389.429627484,0.27410866551152724
779,36278879.1920841,43827292.17053178,7548412.978447684,11017708.733146312,8032969.269747344,0.2709038272557982
780,36464941.95493075,43970848.37339769,7505906.418466939,11162036.831047682,8035951.6245186655,0.28006404689811426
781,36392406.91168971,43959947.698038295,7567540.786348574,11038523.65280017,8040465.162075726,0.27159958931318856
782,36273228.3054184,43815192.3156063,7541964.010187897,11115710.55173124,7997361.183004082,0.2805353156880721
783,36414009.67462918,43966059.719287485,7552050.044658303,11042339.072535994,7996049.985491346,0.27587353250374647
784,36194867.422043465,43725486.02745667,7530618.605413208,11013761.52614419,7962151.889901082,0.27707242698139717
785,36152205.98487257,43704573.8415176,7552367.856645024,11057701.359974246,7981771.913428287,0.27817078309601984
786,36340340.93396965,43901636.48001072,7561295.54604107,11083945.352826945,8044412.907628501,0.27422838605237404
787,36467634.10559498,44002274.49277668,7534640.387181693,11120143.211361,8033368.247761511,0.277584101654901
788,36389828.66961641,43926100.19630106,7536271.526684655,11037856.184169704,8015892.572422582,0.2737817526632725
789,36563974.63023675,44146903.570234284,7582928.9399975315,11182975.163417373,8105846.398018319,0.27516190641871396
790,36185809.00819694,43737263.26562165,7551454.257424703,10979299.09841652,7970754.223596502,0.2740197573498952
791,36510204.221674256,44053391.14379458,7543186.922120323,11065100.594379183,8044611.032678481,0.2729744330779099
792,36136757.993005425,43704855.90519341,7568097.912187993,10978900.326993816,8021379.988607414,0.26938220134076163
793,36179674.508090846,43733633.15743058,7553958.64933973,11022179.220542856,7994455.053115064,0.2746937884828434
794,36220830.0918497,43759846.27790241,7539016.186052708,11069916.615409752,7979329.14747684,0.2791879627738745
795,35991447.263250686,43533721.709398165,7542274.446147474,10851188.561326377,7898904.530005596,0.27207010684919053
796,35791541.54997745,43339794.084047325,7548252.534069878,10890041.07295341,7920327.526686677,0.27269993991504193
797,36180921.0940749,43704499.574062325,7523578.479987419,11062294.848709643,7980411.938550245,0.27859345210988323
798,36172959.30827774,43697823.829615146,7524864.521337407,11135351.662911832,7976501.342012106,0.28367764364558057
799,36308043.358623385,43851683.41711939,7543640.058496008,11076592.040310929,7978542.936263173,0.27969334726539147
800,36126089.63506219,43668176.94397424,7542087.30891205,11111448.445687376,7973459.042746,0.28241047225119476
801,36550698.05513397,44102626.41342685,7551928.35829288,11106985.509894442,8025509.097031118,0.2774358902438695
802,36210688.723901674,43767969.75028408,7557281.026382407,11030746.656216402,8002660.496734291,0.2745132540756546
803,36381490.89133354,43876273.54724052,7494782.655906974,11023563.051073253,8012860.398178229,0.2731152023121873
804,36503283.73619741,44044850.4167859,7541566.680588497,11029937.737462752,7989303.468963552,0.2756710274231018
805,36220053.90210731,43810555.48038942,7590501.578282112,11049174.07013604,8016002.914866245,0.2745156457864049
806,36332337.69209407,43893874.51092616,7561536.818832083,11110363.23123171,7988574.429414247,0.2809799046931229
807,36484180.34115037,44046531.37887424,7562351.03772386,11097489.112241726,8023616.119370657,0.2769881512638977
808,36536554.254170924,44065816.5827737,7529262.32860278,11050842.549726566,8030967.755815185,0.27327099995521187
809,36560690.39655197,44123572.11250704,7562881.715955078,11039377.363942243,8026698.5196302105,0.27290296771195643
810,36371603.94595812,43967222.74028871,7595618.794330588,10999404.712713124,7954086.328463884,0.2768621087948021
811,36635240.4491764,44172882.9699498,7537642.520773398,11048789.89857215,8016929.450578369,0.2744065617887795
812,36489083.11303829,44035130.452608034,7546047.339569746,11035232.64642314,7994898.901252283,0.2755115222837032
813,36572898.73735906,44134635.13900083,7561736.401641773,11072585.169387942,8037681.653759769,0.2740916840286479
814,36083586.05864669,43599731.77725133,7516145.718604643,11024142.654238882,7945845.326467511,0.27923235614043307
815,36363105.36727557,43980356.10640555,7617250.739129975,11064713.217539614,7982790.76361276,0.27853613494848084
816,36574850.83205571,44121103.82367997,7546252.991624266,11045757.298666451,8038648.720807545,0.27224105116106007
817,36289169.19142525,43838239.94227105,7549070.750845805,11022064.49910752,8015276.85688061,0.27279713727590466
818,36250175.47395571,43856208.748270184,7606033.274314476,11076804.464987384,8020333.41603681,0.2759343688526559
819,36459661.47668174,43999733.19190134,7540071.715219598,11105101.043059437,8025349.470571228,0.27732764974822255
820,36532228.55458394,44087441.18739874,7555212.6328147985,11057656.313989254,8012417.768593902,0.27539638228245183
821,35858383.57532159,43459110.41437247,7600726.839050869,11044408.66878064,7951804.09552254,0.28001540562329985
822,36270790.99238729,43819340.93810065,7548549.945713357,10969696.26687267,7985570.234462123,0.2720336060190011
823,36508927.23727016,44035908.95874998,7526981.721479813,11030558.202636894,8001179.683899817,0.27463510577487305
824,36733545.749665156,44247136.11621146,7513590.366546307,11079350.699112197,8068050.9824663345,0.27179388020339157
825,36632813.31192474,44169203.86036592,7536390.548441169,11102584.997551862,8043313.982409409,0.2755458315173473
826,36232917.8189186,43768568.86028549,7535651.041366877,11070822.134278797,7996564.303200735,0.2776901113386312
827,36040476.62474844,43600817.44576508,7560340.8210166395,10935194.37245921,7944612.696910421,0.27348226045992435
828,36467524.11415617,44000355.23531668,7532831.121160515,11052700.913228145,8034158.328228446,0.2731045206685212
829,36490454.42784433,44049345.03005685,7558890.602212517,11079425.26148532,8025094.861982529,0.2756758881817055
830,36343342.50858534,43900819.67703236,7557477.168447027,11140100.274956813,8059911.0968367355,0.2764956420584839
831,36215467.87425029,43749507.37763709,7534039.503386804,11053078.251408506,8016977.838625054,0.27468369839836776
832,36343953.58114009,43911450.65798699,7567497.076846901,11101329.372753503,8013408.940655908,0.2781577168295194
833,36077121.224900745,43647985.87632205,7570864.651421311,11008493.392537871,8030682.238803169,0.27050124368092165
834,35973264.75303201,43533392.31254797,7560127.559515964,11005410.97365824,8007007.745742906,0.272448092587555
835,36271649.744186476,43813690.84777936,7542041.103592883,11022812.480453843,7998311.658875937,0.2743855823494313
836,36419797.005597204,43960474.441596515,7540677.435999315,10971834.5666135,7958508.586169417,0.2746419445307183
837,36647387.973453864,44222683.1052479,7575295.131794032,11101934.889117785,8061962.592123962,0.2738236467206839
838,36262410.26595896,43814241.30715434,7551831.041195378,11009963.596444208,7956473.063888962,0.2773388400249938
839,36501182.7655313,44095131.12619041,7593948.360659104,11088518.246186871,8033044.455421908,0.2755529388983674
840,36206059.432187214,43760558.14794693,7554498.715759719,11083674.26861223,8003124.337727595,0.2779358050613613
841,36407997.66376635,43960776.40802273,7552778.744256383,11104217.294998808,8014734.186342563,0.27822610334252984
842,36582263.85569256,44110082.48112862,7527818.62543606,11040642.7039918,8006204.945489839,0.2748424924035306
843,36380908.04573551,43968734.80410955,7587826.758374043,11063749.17115637,7973494.209453802,0.279313541358926
844,36489595.14804168,44059957.58979566,7570362.441753978,11212026.091290299,7991778.791164404,0.2872136823359197
845,36432148.26271085,43990129.65946002,7557981.396749182,11071467.007027714,8020700.176723607,0.27555217645210023
846,36060748.7556788,43615122.11755783,7554373.361879025,11050151.822468344,7939825.527201188,0.28147362545217797
847,36333252.18116377,43861223.41617023,7527971.235006456,11110896.578028379,7990693.8830595855,0.2808236646841754
848,36469361.84217266,44022668.32829596,7553306.486123292,11037050.13706953,7999459.790667936,0.2752175906313416
849,36586984.07483648,44114279.870323285,7527295.795486802,10985084.30882693,8041016.269908517,0.26800595754670214
850,36595943.23163157,44183640.23949376,7587697.007862191,11082765.150860235,8054639.112063655,0.27322838637986835
851,36582800.919952095,44118494.352928504,7535693.432976415,11062698.89861991,8038766.655334501,0.27334489268822554
852,36609403.208841056,44145424.62244421,7536021.413603151,11124190.368532727,7989174.781818761,0.28181966353093546
853,36566689.61201912,44134952.79824428,7568263.186225167,11034907.346706964,8072593.50079013,0.26844936281235265
854,36430862.50810896,43970789.192625746,7539926.6845167875,11149931.441864278,8080653.279141814,0.275273276676693
855,36212172.08815887,43746913.27568978,7534741.187530905,11023945.46423178,7968844.150645121,0.2771332027629509
856,36568411.86427777,44112381.230481535,7543969.3662037635,11091794.40535926,8084796.750390269,0.27110109916174524
857,36295819.31076788,43879230.05452942,7583410.743761538,11055854.422560891,7978399.4755438,0.27835523419493924
858,36311612.574559495,43874681.3505771,7563068.7760176,11009684.00935683,8011257.983915584,0.2723444217738643
859,36339390.12875643,43895338.166903496,7555948.038147073,11031638.451716846,8025875.028695924,0.27246754289279096
860,36448591.719799966,43999292.125147,7550700.405347035,10995786.420815652,8035234.475083423,0.26924422068872994
861,36119912.62331422,43651221.278839074,7531308.655524848,10972908.953502035,7945528.825702267,0.275895857755529
862,36275955.0853927,43831438.00222473,7555482.916832024,11082741.805822024,7999624.88022724,0.2781908105063993
863,36055536.92627533,43620741.071361884,7565204.14508655,11002062.264278201,7974940.792131234,0.2751412780107152
864,36172069.940504126,43719430.849703,7547360.909198875,11187686.906158246,8026944.098308988,0.282519776819052
865,36361325.40939604,43916342.13436045,7555016.724964408,11071172.589758301,7977033.537764011,0.2794770858198535
866,36451948.517321534,43973534.07588866,7521585.558567134,11028618.68100455,8027488.0694049,0.27212207606458744
867,36642713.93525415,44187141.6695113,7544427.734257154,11053738.914029097,8066944.928390501,0.2702066702378722
868,36370562.89995711,43927525.490215056,7556962.590257944,11079831.0120303,8021296.262125926,0.2760452525479375
869,36462279.540356345,44000436.74808886,7538157.207732509,11073844.6858363,8030687.988576459,0.2748057954209985
870,36337825.310901344,43912593.31422874,7574768.003327395,11048596.59341377,7985188.27711953,0.2772667361319339
871,36496156.81203407,44018402.60869562,7522245.796661555,11072455.501553275,8021562.046654805,0.27553901250454177
872,36245077.66983766,43810296.44116573,7565218.771328073,11005599.042017136,7944965.741173246,0.27809783812394173
873,36317260.62932837,43841466.45832695,7524205.828998574,10908356.128850551,7957417.927169799,0.2705208893827802
874,36462374.55682741,43973810.8821517,7511436.325324284,11026923.934598776,8054805.297968503,0.26953288643850754
875,36163955.9612523,43732223.29158656,7568267.33033426,10852498.520466508,7935058.919585822,0.2688265375368396
876,36118403.24677584,43654405.5135067,7536002.266730863,10878831.358923238,7925646.848210385,0.27146155807356426
877,36458828.86253739,44020937.85717423,7562108.994636844,11096240.31816482,8044575.126241066,0.27501794341350944
878,36637109.94973203,44178242.23294478,7541132.283212753,11050135.572578596,8063659.396078289,0.2702660213428857
879,36291030.645393714,43801043.444737904,7510012.799344182,11009762.598443758,7995312.143944587,0.27379795227603426
880,36219042.32126871,43792801.68605796,7573759.364789255,10926634.086387286,7943722.587952954,0.2729945447839723
881,36224933.00230415,43787457.545141995,7562524.54283784,11043859.916745884,7977099.889245134,0.2776891458801103
882,36423014.42202684,43972618.42287314,7549604.000846302,10974626.02123007,7967422.317238786,0.2740142304780083
883,36146914.38206033,43702934.42052897,7556020.038468646,11071143.826287476,7980273.351044295,0.279182578037165
884,36214574.92499296,43767945.26347998,7553370.33848701,10953141.841550741,7984553.364750354,0.2710262059730705
885,36492039.401512384,44048948.41640234,7556909.014889958,11067714.384856077,8005408.876165478,0.27668815820552284
886,36560314.24407287,44046520.67249941,7486206.42842654,11054704.49914276,8013372.335990492,0.27511655000711316
887,36256830.90000519,43767276.306330845,7510445.406325655,10928941.58205012,7971829.690651422,0.27057623734173025
888,36251927.18266782,43769171.23238262,7517244.049714804,11054744.853104867,7988786.498222635,0.277343203811811
889,36459350.54392874,44011696.3572035,7552345.813274756,11039576.674153153,8033921.219042083,0.2722618397268964
890,36390437.08532203,43960613.108443104,7570176.023121076,11000494.208541632,8016005.320615904,0.27130498242600226
891,36480103.39784734,44072513.26278219,7592409.8649348505,11087245.041934095,7985248.9129551295,0.2797806053033571
892,36226538.964812994,43793405.043300785,7566866.078487788,11124297.527558507,7999350.204928738,0.28091187914457133
893,36370221.40526495,43927996.93154223,7557775.526277275,11035434.192358054,7980979.105392097,0.27678612673719194
894,36526057.30510451,44085145.62271048,7559088.317605973,10938237.000850342,8014009.441797007,0.26733993410693196
895,36292549.878292635,43788975.809888095,7496425.931595452,10980952.55254502,7968118.235605127,0.2743691225805013
896,36528033.851075485,44068083.22950365,7540049.378428161,11024856.591708018,8050603.407760156,0.26977704056348883
897,36129378.54424632,43700203.91633686,7570825.3720905315,10932100.417182371,7922036.911761633,0.2753417358561502
898,36250084.40834923,43801241.804307595,7551157.395958364,11134693.868337406,8044291.953178945,0.27754709304997793
899,36422289.27214007,43938630.13277991,7516340.860639848,10936230.176517542,7989571.564842258,0.26944006884588073
900,36277011.1299663,43841267.46059724,7564256.330630931,11014988.442385627,7974379.97697661,0.2760428194103926
901,36471059.54525659,43978110.06072341,7507050.515466818,11105152.33893853,8052137.781074002,0.27491874624354284
902,36313961.37262568,43892759.629920274,7578798.257294599,11138521.750996547,7999090.321655894,0.28185350798994246
903,36052893.3392299,43605913.27752489,7553019.938294984,11093006.53256212,7983336.287075338,0.28032709043835297
904,36630265.99571371,44152269.4533153,7522003.457601595,11067094.581338018,8091874.5656193,0.2688347871116696
905,36656935.55771576,44237607.01014006,7580671.452424302,11157165.57207711,8055954.3065847205,0.2779569098852266
906,36428882.13990242,44030338.81819992,7601456.678297498,11078521.907195974,8047546.985022461,0.27359019078210833
907,36463934.02724223,44013030.87661872,7549096.849376494,11022087.305380566,8051139.976906938,0.26954489164890977
908,36581938.304783,44084013.966069385,7502075.661286386,11070013.76837464,8073194.117664805,0.27071507889821217
909,36446947.46688203,44017978.94793991,7571031.481057883,11040056.172863545,8020774.187944571,0.2734842955183841
910,36342740.62780666,43887859.644618176,7545119.016811512,10981220.37490787,7981399.815312579,0.2731773388729992
911,36387718.50212707,43915242.78508065,7527524.28295357,11085274.807748852,8019883.33254355,0.2765282348311767
912,36305697.2372359,43861492.73306607,7555795.495830171,11100546.671586366,8042801.523343589,0.2754589696081876
913,36310799.92794502,43867520.85555741,7556720.9276123885,11076058.251348538,7996087.284890765,0.27807464501938484
914,36435705.773225494,43968216.569038816,7532510.795813331,11096558.988219187,8056843.649868514,0.273933148246932
915,36484831.03768765,44055835.54787604,7571004.5101883765,11149668.023829145,8016540.875539371,0.28100631710232393
916,36630879.72639106,44127260.21376105,7496380.487369988,11074604.707574602,8064007.148043412,0.2718469542729645
917,35898051.55986521,43470616.78218555,7572565.222320345,10939181.305236293,7937103.58934349,0.2744334911476226
918,36080511.64972372,43660340.96781445,7579829.31809073,11089269.929381454,7946347.673682116,0.28342012375152337
919,36269951.993873134,43824393.76898046,7554441.775107324,11102340.242479147,8025534.424976261,0.27713128496373995
920,36735375.512919806,44250564.08947141,7515188.576551604,11059219.957553301,8085328.565177142,0.26890607147613793
921,36465608.04421063,43983721.66279214,7518113.618581503,11098144.126386166,8034990.390258543,0.27600594308780724
922,36458624.02741997,44026438.921490975,7567814.894071007,11086997.203887662,8028120.131040006,0.27589770400366465
923,36455695.96505591,44043234.37090905,7587538.405853134,11100515.248947442,8027650.189409014,0.2768218403041966
924,36670789.83941683,44234799.30793464,7564009.468517808,11199518.281886771,8076904.004266435,0.2788168382805008
925,36297411.17562359,43884716.69383126,7587305.518207679,11068576.95858292,7970023.407377306,0.2799414561420109
926,36298678.78416555,43848985.972480096,7550307.188314541,10998905.49714527,7954481.938650774,0.2767933190520336
927,36041192.27654741,43571000.33267918,7529808.0561317755,11136536.749101514,7988838.488174777,0.2826460624018226
928,36601239.560952,44156429.58085441,7555190.019902412,10993370.757233776,8058790.050255575,0.2669409384785108
929,36463859.98424304,44015348.58413381,7551488.599890765,11101577.101396345,8032891.872915598,0.27641885476747
930,36585810.70258318,44124259.61682516,7538448.914241982,11136770.969950447,8045698.694791416,0.2775555215689943
931,36486315.64649068,44031892.65834652,7545577.011855842,11090173.941534828,8059450.483335771,0.27328006523400117
932,36338405.905512,43847090.18981797,7508684.284305973,10989092.03882724,7975954.368414923,0.27419350568419487
933,36257783.919713534,43825162.55532533,7567378.635611793,11051311.506768864,8016787.867336964,0.27458493388529237
934,36410573.87380974,43950872.93163238,7540299.057822635,11037155.87169002,8035171.104142083,0.2719889799914795
935,36406287.31646334,43952906.359859414,7546619.043396087,11157541.650487795,8049430.652297687,0.2785659328508288
936,36060724.49558096,43582317.496635444,7521593.001054489,10969157.17183979,7944396.846474378,0.27575138891533335
937,36590920.34072884,44156122.84100787,7565202.500279031,11097062.655139923,8024693.326711976,0.27686329472104865
938,36278525.247202225,43807093.07818865,7528567.830986422,10980394.152337946,7952661.60789471,0.2757398780442295
939,36387845.59223588,43984114.118487306,7596268.526251423,11107236.837522624,8046250.603514643,0.2755848532613722
940,36455301.371276915,44013991.89973124,7558690.528454334,11012301.277103042,7973526.43793702,0.27594367087325267
941,36210676.320432924,43758175.36820901,7547499.047776088,11103806.468099007,7962437.41911418,0.28290920397522346
942,36159244.55993449,43680760.79137149,7521516.231437001,11074934.995662846,7964120.580761674,0.2808878260792886
943,36411512.57733266,43974773.66126272,7563261.083930052,10929856.041854588,8003830.94849341,0.26770938996417815
944,36093367.116081454,43639096.92298,7545729.806898553,10979658.720411718,7964134.06960527,0.2746464828820627
945,36495666.01407494,44050215.30342192,7554549.289346984,11082130.138329586,8084741.033757677,0.2704704842081656
946,36503780.23941973,44119401.65494908,7615621.415529351,11028086.983917136,8044347.309691489,0.2705582281475471
947,36407699.16032385,43970621.336944334,7562922.176620489,11050069.645701101,7989749.492892907,0.27695030447149943
948,36289782.1317843,43861232.18152495,7571450.049740658,11033258.323095072,7994854.0421857685,0.2753859460128152
949,36382627.9451104,43924063.496562794,7541435.551452395,11086517.820417847,8025221.5440754,0.2761278451836799
950,36373544.02942006,43937901.96902634,7564357.939606283,11008615.00063682,8033523.392854467,0.27025121757916426
951,36284786.4234702,43841643.75142216,7556857.327951965,11023242.519455757,8070859.085967528,0.2678325754220996
952,36377574.1651621,43997823.438813925,7620249.2736518225,10929002.052905217,8036306.887244415,0.26468063155792415
953,35997179.897265255,43510677.32909791,7513497.431832652,10995384.873804266,7965416.178073663,0.2755673157880349
954,36563828.68833793,44077349.7789238,7513521.0905858725,11059112.986280845,8043719.783357222,0.27266139758806224
955,36987391.79012374,44527337.87287643,7539946.082752688,11163874.824584942,8098642.336928733,0.27456707781298245
956,36117556.61942867,43662197.91936596,7544641.299937287,11015227.741977826,7961212.832040917,0.27725390536397104
957,36394885.00805472,43937152.73399083,7542267.725936118,10943384.947276084,8019224.97051144,0.267207997420624
958,36503478.71945363,44049457.342199996,7545978.622746363,10941388.67845223,8030143.258735249,0.26607640997621573
959,36376292.54943083,43925922.60072594,7549630.051295107,11000088.880760204,7986698.122674544,0.27394240089789235
960,36422265.39670832,43987427.65175268,7565162.255044363,11128210.847020186,8038056.751318872,0.2776865156656129
961,36267878.90410905,43825109.443481155,7557230.539372105,10987074.352299515,7980209.439104747,0.2736729375609853
962,36112423.98374565,43676401.66823487,7563977.684489225,10983622.540654313,7942980.883421327,0.2768341360947615
963,36463939.58973828,44024157.26428398,7560217.674545705,11088193.926294468,8065199.718175076,0.2726317945207185
964,36456348.345306545,44025224.5779718,7568876.232665265,11023873.230282705,8047614.095445222,0.2699830697128905
965,36382122.35859927,43873736.12971139,7491613.771112126,10934419.914214522,7984465.906379597,0.26978605458530497
966,36186316.50838816,43741111.376771085,7554794.868382921,11025149.681888774,8017340.8451373,0.2728134241744091
967,36246721.420343675,43735695.60637474,7488974.186031058,10968422.678642478,7962884.1567054745,0.2740173870021745
968,36471193.88161573,44047726.666751556,7576532.785135829,11086064.42221274,8026918.231178652,0.2759451934001565
969,36504035.11602327,44055589.41493443,7551554.2989111515,10951723.120157378,7958808.051635623,0.2732825725855957
970,36367715.33011286,43938764.904264405,7571049.574151543,11015708.60617582,8045630.62799526,0.26962205377468157
971,36158389.41648725,43707327.82922235,7548938.412735093,11048120.471130647,8005257.7838484775,0.2754190357747581
972,36233699.266877696,43784648.63862945,7550949.371751761,10979793.123654261,7976701.162956638,0.2735107963216472
973,36747393.36482928,44261039.61774172,7513646.252912441,11225560.696599595,8105261.570157653,0.27796376597804434
974,36196113.39881424,43735213.12304875,7539099.724234525,10996098.95557118,7939336.613779288,0.27798607070948395
975,36497050.57966299,44051141.33208502,7554090.752422025,11071773.52403766,8039900.839261854,0.2738380331022288
976,36377541.86012822,43936215.22811109,7558673.367982874,11121769.50757735,8012039.404212159,0.27960749422531256
977,36550917.431453854,44133790.12806833,7582872.696614478,11124535.552238803,8030841.530031949,0.2780964659314924
978,36378129.085154146,43939632.17804076,7561503.092886616,11064390.752590973,8026684.033652458,0.2745480331329737
979,36132324.835178,43698148.763708346,7565823.928530343,11015445.21513357,7954562.010850523,0.2778719465716967
980,36415383.50954159,43965697.18197186,7550313.672430262,10907559.851291401,7994918.449272014,0.2670296053131026
981,36554091.753512785,44092727.56851598,7538635.8150032,11110837.30153538,8077199.997225551,0.2730340857291302
982,36516841.83736214,44046211.52742276,7529369.690060626,11012539.612728156,8020733.9283117745,0.27167263770461175
983,36684562.249581195,44216901.19550106,7532338.945919864,11103818.404104682,8065190.476360673,0.27365612595219835
984,36578667.23760846,44109917.28861722,7531250.051008768,10987915.52586501,8054370.562394548,0.26697920607098247
985,36206109.1514465,43739578.25991391,7533469.108467415,11085953.621528368,7998930.8673036955,0.27846253553053196
986,36296431.13762513,43823001.64847929,7526570.510854163,10991281.742563356,7979289.735396418,0.2740346465238084
987,36345186.0775583,43891660.75036855,7546474.672810255,11093183.133522466,8033492.608410059,0.2758171832452973
988,36381390.45883876,43941719.971039966,7560329.5122012235,11072576.853298182,8014123.404862867,0.276218760001137
989,36479924.815624624,44032693.38784793,7552768.572223308,11162945.916609302,8028685.26815806,0.2807736122583725
990,36314905.016190894,43827100.7105596,7512195.694368707,10887768.310292367,8003235.672666036,0.26493332291977045
991,36073285.78530842,43633920.86160916,7560635.076300744,11001296.921719186,7970529.732774404,0.27549180887585395
992,36134150.59596901,43687336.921611674,7553186.325642675,11053511.243327292,7985886.7027921975,0.27752489439832406
993,36290524.051275216,43859622.1126632,7569098.061387988,11148401.401423989,8012305.105945866,0.2813045729657302
994,36446598.968743265,44042733.87631033,7596134.907567071,10983608.854014987,8056025.08531566,0.266541153059103
995,36587339.39100751,44103640.51209044,7516301.1210829215,10982277.558633247,8034155.360571936,0.26844360674018586
996,36392488.65737918,43932475.682705864,7539987.025326688,11024604.717390362,8032563.045835666,0.27139673015532323
997,36249052.185250394,43769034.217814565,7519982.032564161,10989042.981048863,7958292.802219896,0.27579746335105276
998,36240513.80758408,43763706.99079126,7523193.1832071785,10948146.904631933,7960284.025066588,0.27291037520708117
999,36309326.815949656,43862639.86651577,7553313.0505661145,11010947.859559478,7979068.810866681,0.27535132191735723
1000,36431604.467976,43954578.270842396,7522973.802866408,11145754.04174327,8021720.60693232,0.2802891058882841
1001,36521817.18916575,44020293.01179941,7498475.822633667,10984801.356928721,7998075.07696053,0.27189624854565964
1002,36519990.61590876,44065461.412931964,7545470.797023203,10995350.226795912,7953247.510830713,0.27667174334761313
1003,35966991.42153209,43546678.02888778,7579686.607355698,11024352.27954836,7951011.722426421,0.2787774264818618
1004,36293114.61562748,43821189.7126879,7528075.0970604215,10978049.918356346,8028327.1762734,0.26869277913837214
1005,36327447.35534759,43872406.5454701,7544959.190122511,11034988.33870916,8001665.313357702,0.27488230456130114
1006,36482151.915628634,44035887.50634348,7553735.590714846,11026024.828034455,8006351.191514593,0.27386784300014694
1007,35903705.504415914,43456178.78142663,7552473.277010718,10886998.629084837,7945889.417765012,0.2701487628980307
1008,36374181.693247765,43916923.628028795,7542741.934781029,10913324.682402302,7978091.61113367,0.26895864978723527
1009,36545968.80327813,44114825.55559385,7568856.752315712,11025051.874694822,8033033.560461283,0.2713836041988111
1010,35868760.5472311,43427792.477035865,7559031.929804778,10900499.688770533,7902837.032576125,0.27500231565370686
1011,36595054.08673102,44119015.291544944,7523961.204813932,11015857.568767216,8010069.807627146,0.2728600785164697
1012,36094889.68643449,43631195.38507247,7536305.698637975,11062883.174619751,7981710.143611581,0.27851446882101555
1013,36431321.024209455,43997987.761653006,7566666.737443548,10970643.58946477,8003319.028860124,0.27047862200666156
1014,36724552.75720994,44249506.878823996,7524954.121614059,11105169.081072515,8036013.561864948,0.27637179558468766
1015,36373840.24990875,43891445.43853178,7517605.18862303,11126102.047230456,7997278.732139766,0.2812146879301297
1016,36494296.6052379,44055675.93446225,7561379.329224342,11116424.198812503,8019486.6690339595,0.2785911615453978
1017,36441354.61143314,43961885.75098909,7520531.139555952,10999663.435586121,8024127.69425138,0.2705115259898121
1018,36493595.658181526,44026517.04650681,7532921.388325281,11077845.728673127,8033251.604305033,0.2748362993075159
1019,36276852.24434406,43860633.74062476,7583781.496280703,11012509.509741114,7991669.581781207,0.2743098587372682
1020,36206111.92174978,43780586.61330619,7574474.691556415,10970975.752696767,7947139.817141313,0.27562142180581956
1021,36331812.23550584,43892248.50262186,7560436.267116014,11048434.080202563,8003827.560622188,0.2755690532684569
1022,36522501.54350248,44041075.16202042,7518573.618517933,11050226.649584908,8037691.694370164,0.2726220059321505
1023,36228271.463946156,43742134.685424894,7513863.221478736,11033426.592273328,8056545.292316475,0.2698056922807239
1024,36946464.63336941,44443618.08112514,7497153.447755729,11137394.09401004,8097658.413926932,0.272930602475309
1025,36339508.51078215,43907394.719491705,7567886.20870955,10893900.643325489,7969262.048163924,0.26846569387003194
1026,36476243.29675951,44064095.07137664,7587851.774617131,11061039.023374164,8065225.111097078,0.27084380644045636
1027,36575650.41305521,44170200.24793575,7594549.834880538,11120958.428884968,8038248.732557643,0.27719820337790885
1028,36262929.6370542,43812715.44574232,7549785.808688115,10930339.901082665,7998299.7173181195,0.26824785050592276
1029,36357349.14270809,43899791.61195048,7542442.469242384,11031212.911069896,8030626.572564593,0.27200874125946706
1030,36779404.994638085,44317743.117965356,7538338.123327269,11032720.996270988,8069206.401805195,0.2686113965419272
1031,36513501.49611463,44032300.732578024,7518799.23646339,11045888.862559315,8003077.456057113,0.2754700363513514
1032,36821153.107747816,44371150.68685544,7549997.579107618,11038880.957898697,8066690.032261066,0.26924748414022226
1033,36169344.97583565,43708257.42859994,7538912.452764293,11057472.012809282,8003356.003904593,0.27620381994787924
1034,36351009.85458294,43906510.566983625,7555500.712400679,11050651.454389129,8001557.347911538,0.2759198513375013
1035,36172321.491595685,43728360.62378636,7556039.132190674,11069279.618421962,8006091.099724454,0.27672880479047807
1036,36325933.53081477,43840852.55321676,7514919.022402003,11093566.099253563,8008324.995060151,0.27811085061286145
1037,36196216.83748676,43723762.41710969,7527545.579622933,10938531.926939452,7970309.599082622,0.2713547254496449
1038,36780562.703142874,44331104.51652652,7550541.813383644,11098301.837173272,8102803.623161725,0.26990599624694456
1039,36352694.23878213,43855585.32819196,7502891.089409833,10940873.42529284,7986399.395611595,0.27004005209046333
1040,36309251.84239816,43796729.87858429,7487478.036186129,11082592.168954922,8039727.377782562,0.27456255222457576
1041,36793204.79879255,44341113.29982287,7547908.50103031,11024606.278128995,8076139.59851559,0.2674441703612289
1042,36346062.975764416,43895145.046141505,7549082.070377085,11160535.182578672,8018929.983709523,0.2814923431067283
1043,36572438.07113318,44069756.21024145,7497318.139108273,11098299.711690318,8039337.090323286,0.27562443805197423
1044,36601357.3016026,44135982.23010803,7534624.928505436,11067941.656994365,8029724.6752477335,0.2745060532395051
1045,36653789.9663949,44197897.7356975,7544107.7693026075,11111119.40029876,8085742.223667866,0.2722837427657871
1046,36403230.545448884,43967566.77334365,7564336.22789477,11014098.413961278,7999155.878230859,0.27373484623205574
1047,36268316.12295319,43818606.183208026,7550290.060254831,11028752.106863393,8028131.034837175,0.2720725829134265
1048,36362923.56675561,43897907.65560596,7534984.088850351,11058081.268358475,7998263.522177711,0.2767042194685354
1049,36698997.89541552,44257129.42185762,7558131.526442096,11204450.366205005,8051845.512870356,0.28137077235341884
1050,36018647.56632211,43533350.30826901,7514702.741946899,10994649.563481268,7935093.5418399265,0.2782768112777016
1051,36571937.3461657,44088033.8530125,7516096.506846793,11145891.037076415,8018492.777181398,0.280587550110784
1052,36718960.112373404,44215631.18833344,7496671.075960027,11085396.933795318,8078688.159402486,0.27123149422159865
1053,36317647.00055566,43869341.39552077,7551694.39496511,11063177.939108586,8015223.861624455,0.2755043889070557
1054,36169261.9790792,43708965.027290545,7539703.048211343,10959998.716677563,7924232.330096382,0.2769860166098131
1055,36474936.96441423,43976545.18724992,7501608.222835692,11037230.444349466,7996072.503032059,0.275536327401258
1056,36243455.29190609,43836102.01220114,7592646.720295047,10906398.9949652,7955186.957345776,0.27059454169811803
1057,36109388.940310046,43645460.29211165,7536071.351801608,11013928.432331603,8009754.281249532,0.2727613648063355
1058,36792117.70070978,44316310.24269526,7524192.541985468,11141211.595253574,8053224.525964973,0.27716797611169675
1059,36415823.240172304,43938895.05830845,7523071.81813615,11005132.083157312,7998333.49580813,0.2732178555086045
1060,36573573.063246965,44135905.33728083,7562332.274033864,11103060.29085362,8036990.602576879,0.27614636036899487
1061,36966353.03949973,44514886.22789108,7548533.188391352,11224070.504594887,8115806.315128317,0.2769284270081977
1062,36258541.44397843,43775460.34427736,7516918.900298922,10978373.337266391,7985232.656469234,0.27263972437855233
1063,36374913.84082015,43888695.47714906,7513781.636328913,11060529.897221735,8051214.068456454,0.27207700324748296
1064,36509414.889244154,44047852.63320397,7538437.7439598115,11139670.075849406,8036231.35327655,0.278593414476525
1065,36512145.45474382,44095704.15209,7583558.697346188,11161451.696088089,8058201.767614216,0.2780328234150324
1066,36034256.527459584,43637251.73887356,7602995.211413989,10953288.194990776,7954298.8252700195,0.27379808842172826
1067,36562279.90288344,44115667.223839775,7553387.320956327,11055483.152196623,8025373.656029012,0.2740820509111405
1068,36110739.73021275,43693551.015775755,7582811.285562999,11074371.740868788,8038681.716156354,0.27411848687628426
1069,36250937.78017878,43768280.63371358,7517342.853534796,11051113.515142057,8006404.835086518,0.2755114836060392
1070,36330575.37931961,43925867.42496176,7595292.045642153,11082314.285623824,8030903.840589451,0.27534054407685565
1071,36546372.70225511,44110218.14992964,7563845.447674535,11069945.498786801,8047538.38766119,0.27302818351335595
1072,36313848.17782937,43862491.54550853,7548643.367679167,10965192.24602361,7999188.206238827,0.2704926619832286
1073,36406130.160416655,43974190.0602803,7568059.899863645,10915412.823364891,8012933.259064513,0.2659065315502773
1074,36334524.83637734,43906131.61384865,7571606.777471303,11053957.00158532,8036710.922689388,0.27295619826123885
1075,36373518.38592861,43903963.07920444,7530444.693275832,11029271.747433722,8013614.924189933,0.27342302305185917
1076,36368956.12607492,43951886.84941422,7582930.72333931,10991681.56763805,8006441.264790528,0.27159086482606376
1077,36049865.24556402,43571377.15780167,7521511.912237657,10994687.676376138,7930100.894281229,0.2787334094700724
1078,36537862.76273988,44080080.12128938,7542217.358549499,11033789.364650488,8044321.370309899,0.2709375623861463
1079,36333717.75540214,43877566.55364717,7543848.798245028,11051657.202837434,8018872.430493979,0.2744190049221586
1080,36592890.61403653,44102561.834384896,7509671.220348365,11132436.385602487,8062401.693704998,0.2757738365222501
1081,36712148.9372196,44262177.04110952,7550028.103889915,11228543.101777487,8058470.7956754295,0.28232267333063293
1082,36244759.122892655,43755196.26954564,7510437.146652979,10983750.140599014,7957454.068433326,0.2755248465621638
1083,36719555.64968285,44258686.79649068,7539131.146807827,11088651.0073121,8050571.841967638,0.27398095253796756
1084,36191877.54702839,43748951.06745652,7557073.52042812,10917664.979989067,7959517.79792863,0.270950536353919
1085,36639219.30177501,44172817.67532826,7533598.373553261,11071981.432953235,8068594.11174384,0.27126014791449116
1086,36481495.51846405,44041217.53078378,7559722.012319734,11094755.091594541,8026467.50717223,0.2765529801326454
1087,36289719.52809541,43880815.637333624,7591096.109238218,11013498.429760639,8000411.471504705,0.27358127641930563
1088,36289359.24512855,43816005.82463885,7526646.579510303,11002373.031647652,7969098.753501557,0.27569273186984916
1089,36431490.47368597,43982379.69430121,7550889.2206152305,11012063.999735583,8028668.035550125,0.27092068882428344
1090,36058984.527748965,43642816.2345376,7583831.706788638,10991932.237681672,7986185.933512662,0.27345022141466163
1091,36426677.33549638,43971937.438129745,7545260.102633366,11050179.445989668,8021724.245829108,0.2740638932573758
1092,36551160.02364331,44093610.938381046,7542450.91473774,11134707.058899304,8034488.783207353,0.2784283645086228
1093,36510352.79101057,44069879.1918343,7559526.400823723,11108378.942476252,8070400.800965289,0.2734852814477127
1094,36377605.46808293,43921609.84151491,7544004.373431981,10942123.511766426,7977389.25502461,0.27094688280147267
1095,36513312.30641244,44044357.1954128,7531044.889000362,11165219.209845832,8061621.033902889,0.2779701963402648
1096,36443908.360899106,44004326.30707969,7560417.9461805895,11026920.471939776,8023608.297834849,0.2723618241146711
1097,36189240.07421113,43801289.33426435,7612049.260053232,11028389.943905331,8007364.491936751,0.2739316860697425
1098,36112469.947499946,43658060.866157204,7545590.918657252,10935219.942938335,8003411.925952795,0.26810690889476085
1099,36146522.95340486,43694228.51203494,7547705.558630072,11063865.15876296,8037183.483839824,0.2735645844821148
1100,36099704.31465957,43635024.094166525,7535319.779506952,10982034.452432595,7963684.055323928,0.2748443751640282
1101,36464858.55168119,43997769.319705464,7532910.768024267,10960753.56083041,8006122.610394539,0.26956458185453647
1102,36395044.35205412,43925744.15676801,7530699.804713887,11142138.845521562,8072804.193081051,0.2754708673976173
1103,36137807.27528706,43700245.577222385,7562438.301935317,10948658.793936303,7962676.806297455,0.2727258236682446
1104,36436950.61694229,44011078.42428161,7574127.807339309,11042293.196877405,8010097.143137112,0.2745984008645733
1105,36674081.8564701,44219291.78426247,7545209.927792377,11052654.021428363,8045551.841597197,0.2720705971616536
1106,36133379.12307872,43669579.52153595,7536200.39845722,11010208.763300058,7948754.10710153,0.2780560043877794
1107,36663198.026632465,44172839.00998867,7509640.9833562095,11108402.316100666,8030523.953842179,0.27707660153768193
1108,36516216.25841288,44036674.36478418,7520458.1063712975,10935909.84275875,8026915.721935516,0.26600384994481596
1109,36429684.73585628,43957410.27867706,7527725.542820783,11063421.423658809,8016964.951065482,0.27536296014888917
1110,35684286.06494167,43225937.86470533,7541651.7997636665,10883898.470250055,7863894.694282275,0.27747445313116714
1111,36261975.79038048,43824229.33871105,7562253.54833057,10997451.120857166,7972119.719689806,0.27509387110888645
1112,36463842.23300649,44018154.72823795,7554312.495231457,11031926.363612898,7966850.268686408,0.27783688849085947
1113,36436049.665530294,43991922.53960594,7555872.874075632,11103053.491654377,8049890.215302137,0.27498410942964063
1114,36277877.38049565,43853784.12868654,7575906.748190887,11127345.606133724,8015515.9640358165,0.27965606104501456
1115,36452079.42120401,43984472.24004072,7532392.818836706,11032243.63373475,8035528.65996897,0.2716324143352244
1116,36013309.932526,43621840.20427285,7608530.2717468515,10981381.94903639,7899432.039910355,0.28065228251135316
1117,36590757.136694066,44164627.96973761,7573870.833043541,11074075.504987104,8055380.081125809,0.2725911903437767
1118,36005513.2562674,43544795.13097326,7539281.874705851,10972789.66990804,7995534.2616504505,0.27133076435634806
1119,36258511.62030508,43806065.876911074,7547554.256605984,11015816.595407516,7984525.881119955,0.275176214857399
1120,36339289.83715616,43883627.65936876,7544337.822212594,10944962.111088485,7979689.541323588,0.2709257957833166
1121,36208190.72930117,43727262.69922373,7519071.969922563,11182133.642274192,7978685.877084908,0.28647911638961376
1122,36431015.64949139,43969022.97942571,7538007.329934316,10967872.302380865,7984613.120276294,0.2719998099774536
1123,36347167.669254735,43883660.757165,7536493.087910271,11056574.116190165,7995598.383691735,0.27684667061709806
1124,36417939.189063124,43949638.54298252,7531699.353919392,10967972.140388796,7964248.481665218,0.27386317363649876
1125,36470027.925957955,44021404.60410141,7551376.67814346,11047480.267046684,8037162.05729053,0.27248912303881406
1126,36410374.906011015,43976495.87392223,7566120.967911218,11005367.047706775,8012453.920397175,0.2719503233591145
1127,36545550.27223718,44081964.64347356,7536414.371236378,11045525.468144804,8025550.160299443,0.2734116467844778
1128,36326846.54052304,43888838.76306142,7561992.222538386,10985873.116091728,7992808.663723949,0.2724466613385186
1129,36467590.60977915,44022698.45663495,7555107.846855805,11071441.13318024,8011743.098125389,0.27635950896086836
1130,36113311.2943037,43640268.776133016,7526957.481829316,11075307.60343137,7981103.429263249,0.2793786217919103
1131,36226174.05509391,43785605.5161554,7559431.461061497,10930380.709637031,8036099.39155018,0.2647923613067786
1132,36163587.914510615,43721981.834455,7558393.91994438,11055853.882202346,8016841.813807736,0.2748780963256755
1133,35967500.19459551,43582362.81055637,7614862.615960851,10958610.931606919,8013434.562962602,0.26875453349199707
1134,36709295.511876225,44242027.36681539,7532731.854939159,11156675.40611626,8066055.378874091,0.27701980336793197
1135,36277099.395178154,43848919.972753815,7571820.577575674,11076369.406872816,8005848.554717774,0.2772136554284479
1136,36259330.23676127,43807018.80255803,7547688.565796765,10992965.936106166,8003970.497933947,0.2719007277512729
1137,36275136.62267912,43825944.79578649,7550808.173107377,11053141.649723075,8024899.185618115,0.27397119842219975
1138,36341026.756636836,43899414.46182208,7558387.705185243,11016710.334948812,8007874.80186199,0.27311560725543954
1139,36541942.16426834,44031289.31241669,7489347.148148354,11043464.464525398,8000140.130173637,0.2755769572245869
1140,36587964.41543686,44152843.229369804,7564878.813932947,11231289.840009922,8100907.753227011,0.278719731337656
1141,36247181.75411612,43790720.22376059,7543538.469644469,11029698.55469855,7928198.004396094,0.2811954048355424
1142,36520768.18359618,44078798.359758124,7558030.176161945,11032933.691931812,8033634.468482309,0.2718496555130062
1143,36233120.72218004,43779115.97417404,7545995.251994,11017228.47189549,8053210.8788161455,0.2690347759094254
1144,36557391.895148754,44104145.85832277,7546753.963174014,11082117.19290573,8041126.638790303,0.27440519723633056
1145,36140705.307169765,43721213.13564456,7580507.828474795,11093889.340606118,7960831.557294487,0.28241292905671395
1146,36190779.424344376,43733080.62357148,7542301.199227111,10993083.166187782,7923610.09024052,0.27921858040592845
1147,36438267.409778476,43955338.12741564,7517070.717637169,11057521.109201042,8016752.844823459,0.2749954745143862
1148,36468655.6749894,44003957.24429351,7535301.569304104,11034251.956219966,8021639.248433722,0.2730237373352749
1149,36235204.19603014,43793553.14369666,7558348.947666515,11072952.478933899,7994351.779957559,0.27802889110499884
1150,36370156.860872574,43895135.96064864,7524979.099776066,10961006.597540963,7959860.251631359,0.2738020745816259
1151,36599300.075422004,44148349.185455605,7549049.1100336,10995574.36014716,8017284.625692599,0.2708625886110328
1152,36533572.37470544,44065883.22139196,7532310.846686518,11015652.232409135,8015844.643949605,0.2723222851601833
1153,36203437.462699704,43766704.98171647,7563267.519016765,10964226.495521732,7960001.241974747,0.27400248022731394
1154,36457718.87530617,44011906.023620225,7554187.148314062,11098427.79162057,8066925.180392532,0.2731470320072591
1155,36331911.62241752,43862193.12549346,7530281.503075952,11027008.804245459,7964054.690799304,0.277768356570723
1156,36385076.66688745,43946712.68243554,7561636.015548099,11099425.34279818,8037228.438166393,0.27588787798087966
1157,36387522.54283277,43897355.62764529,7509833.084812523,11027092.275010554,8029082.164952021,0.27187675910290354
1158,36428518.16563502,43959577.79411592,7531059.6284809,11056429.75063074,8040429.084936101,0.2727825106040749
1159,36247658.7850573,43813214.40778979,7565555.622732488,10974983.091765322,7952284.590815836,0.27541714421568975
1160,36294447.46554761,43858968.10962217,7564520.6440745685,10911321.161591271,7994714.640130907,0.2673009508442528
1161,36193382.06914047,43722768.88813439,7529386.818993927,10923717.1884473,7989626.016902281,0.2685982363812983
1162,36490027.26319841,44055543.21593679,7565515.952738378,11054153.1206853,8041607.006667683,0.2725261791769766
1163,36499549.36019464,44039417.48579241,7539868.125597774,11060196.401539592,8070503.344415721,0.2703110278139096
1164,36281545.83458382,43836254.930679485,7554709.096095662,10853082.916476006,7969256.010457752,0.2657149980527958
1165,36500195.26108102,44062665.31634896,7562470.055267939,11011332.527718615,8015819.924106631,0.27203906485172774
1166,36481256.33712991,44036153.3700556,7554897.032925689,11048218.521785727,8010162.440017524,0.2749815344236295
1167,36379924.198886804,43928355.200720735,7548431.001833936,11015170.368337488,8055399.8538120985,0.26869947677187905
1168,36334079.87543767,43894305.43051936,7560225.555081683,11081483.909134982,8009433.141472077,0.27722377191113107
1169,36422539.18983337,43987137.78338225,7564598.593548876,11053763.716442691,8024504.218667576,0.27404778819987186
1170,36537543.56180041,44071589.867091194,7534046.305290775,11097991.645455869,8023087.600761451,0.27706851319837256
1171,36596348.22757312,44108375.734629236,7512027.507056119,11159874.80071029,8056169.651496814,0.27811290042572306
1172,36143900.1067361,43724679.3997328,7580779.292996698,11047215.336663533,7966788.798874234,0.2788419021367285
1173,36563623.85926088,44107303.324044965,7543679.464784088,11004180.07820106,8025605.440416725,0.2706766534732377
1174,36198466.84838891,43727305.816200905,7528838.96781199,10889389.077307418,7944964.009848545,0.2703939630180732
1175,36162739.63426334,43711808.04355265,7549068.409289315,11059356.271595158,7975583.861836853,0.27883832783999035
1176,36368276.193638146,43871306.289464265,7503030.09582611,11025336.720236583,8012172.031436065,0.27329457278796476
1177,36523212.778182745,44097401.1004161,7574188.322233369,11045643.705645379,8020989.954939194,0.2738322755386631
1178,36520491.51029192,44070015.31888509,7549523.808593165,10920826.939702611,7938217.9446067065,0.27311200988385276
1179,36539781.19200831,44118555.59115662,7578774.399148301,11116773.575842507,8046602.880966817,0.2761746179257781
1180,36860931.23201698,44365127.737647004,7504196.505630023,11073212.654757963,8056486.478570856,0.2724345924026731
1181,36475723.18444704,44031313.96306227,7555590.778615227,11110376.430713799,8072090.1334168045,0.2734638485243291
1182,36209850.767649904,43754595.94544924,7544745.17779934,11018234.30726109,7992363.030309677,0.274623972641183
1183,36703427.60227536,44306311.18377523,7602883.581499875,11073621.13268491,8104502.644472618,0.2681253451455586
1184,36178722.997871175,43726137.425205,7547414.427333827,10984830.424968101,7958220.096215472,0.2755263587750303
1185,36559563.40805177,44113125.55903731,7553562.150985549,11074387.508895129,8019621.272721537,0.2758406488593571
1186,35974668.500193976,43548195.229046375,7573526.728852402,10884033.912820023,7918738.553026408,0.2724445167614619
1187,36445014.71538084,43949589.22413206,7504574.508751213,11020533.000015035,7980909.398130808,0.2758145728414479
1188,36352226.00807381,43896329.06146838,7544103.053394566,11131163.111051263,8010311.54265444,0.2803706618312307
1189,35980225.87917782,43517228.26419398,7537002.385016158,11000118.94769946,7935284.756453854,0.2786182772947722
1190,36250262.869846985,43768392.072162345,7518129.202315367,11060092.862107331,7934963.426059222,0.28255905940491927
1191,36352454.87451884,43872682.96922237,7520228.094703536,10977833.96161911,7976822.9102318445,0.27337005295210803
1192,36300365.39523746,43896669.25287025,7596303.857632786,11006473.778400524,8016068.284481204,0.27169514543229933
1193,36489108.38012418,44065169.24424575,7576060.864121563,10902145.882256554,7966027.352730306,0.2693156522795055
1194,36431486.141965196,43990149.77945168,7558663.637486485,10940785.387741517,8006616.851406891,0.26818628026669666
1195,36215128.60175033,43779645.66043178,7564517.058681454,11065399.825532548,7973569.461042889,0.27941424740527687
1196,36428234.315591425,43998050.7521857,7569816.436594278,11042921.27621733,8031528.724816033,0.2726989060301286
1197,36442996.34040275,43994246.243770234,7551249.903367482,11186330.890247531,8023456.710983507,0.2827445576477164
1198,36358382.48616445,43902456.085325226,7544073.599160773,11014457.526894478,8030912.21069554,0.2708753752886955
1199,36154809.553277455,43712219.006363966,7557409.453086512,11061616.85990094,8008101.520000964,0.2760460227988154
1200,36522002.599124916,44030992.24612231,7508989.646997386,11154137.661117405,8003198.978226731,0.2824905679508189
1201,36077420.788048655,43630792.133146845,7553371.345098194,10983825.2093605,7941566.239508064,0.2769762730073126
1202,36251812.857832246,43795540.22065959,7543727.362827353,11006898.7154501,7990870.632556603,0.2740125225882179
1203,36132017.664956376,43693505.63848134,7561487.9735249635,11002961.211653441,7997964.991255586,0.27310795363117407
1204,36115150.54982631,43681547.2648103,7566396.714983988,11016611.062933113,7936113.253627566,0.2796229976449202
1205,36607998.864844985,44144148.594258636,7536149.729413645,11022804.040889712,8023029.256978178,0.2721426211319461
1206,36178577.16709023,43714192.522368796,7535615.355278565,10996081.682325963,7934673.02318555,0.278409050385741
1207,36232782.94307928,43783260.554143585,7550477.611064304,10982569.079139123,7957522.008935451,0.27544075055713585
1208,36330115.24511331,43845366.69651389,7515251.451400581,11051361.891984709,8034643.374864563,0.27297255728346925
1209,36174628.596814305,43686859.51967139,7512230.922857081,10950772.353420235,7972774.069486264,0.27194413214186286
1210,36331254.67177728,43860596.77634055,7529342.1045632735,11096912.055790277,8005694.573094035,0.2785655565399629
1211,36431929.4125238,43959572.87577098,7527643.463247186,11114957.102610724,8016361.804087592,0.27877708118147587
1212,36212145.70548968,43768167.817989364,7556022.112499681,10992660.166895943,8005241.563551832,0.2717648465419344
1213,36716362.83852598,44276287.790806316,7559924.952280336,11092961.88235476,8088781.36650081,0.27081860982796757
1214,36438936.37595792,43973109.13241685,7534172.756458927,11184818.537318716,8017893.410824945,0.28314497154577556
1215,36269978.85136548,43824458.70487758,7554479.8535121055,11021101.775588987,7948318.9666652195,0.2788090402839559
1216,36444125.351294965,43947162.181967735,7503036.8306727735,10958969.799018085,8008580.555173402,0.26922140474454415
1217,36320188.18091801,43871199.07734005,7551010.896422043,11093817.110175705,8040021.360007791,0.27527006438269536
1218,36624402.28268952,44179851.311882116,7555449.029192591,11093207.301670276,8018501.222782182,0.2771701632606418
1219,36543004.04135391,44122234.40078995,7579230.359436045,11025998.404143615,8030753.159279057,0.2716529728263821
1220,36373489.301014505,43891647.513155356,7518158.212140849,11171526.679990826,7994016.451820814,0.2844293639705671
1221,36720618.72864436,44255907.28586102,7535288.557216667,11177177.48431761,8033901.894439068,0.28122266057676776
1222,36237241.54173427,43754417.47134189,7517175.929607622,11063643.358537465,7952362.689278072,0.2812166452255094
1223,36314451.32793457,43838137.62057688,7523686.292642306,10982458.005403033,7974531.485090881,0.2738846366480386
1224,36142426.76606901,43702698.80730421,7560272.041235198,10975411.696969133,7969924.393370982,0.27383822917805606
1225,36304729.82377134,43853245.2473675,7548515.423596167,11043107.567141036,7983725.850351176,0.2770399272296418
1226,36424850.059879094,44002236.1369476,7577386.077068508,11119637.025460199,8065427.624946944,0.2746680843556449
1227,36273293.77055688,43849956.903927036,7576663.133370149,10998609.89233405,8024666.927570158,0.2703926217836591
1228,36784074.64399447,44303568.80385631,7519494.159861834,11122522.682763208,8047669.193488125,0.27645288546277763
1229,36383120.46922231,43914962.28806232,7531841.818840009,11065531.950084906,8036141.933510654,0.2737681324530456
1230,36781006.943387896,44308369.32391826,7527362.380530361,11120514.641898805,8095447.839410329,0.2720257919620842
1231,36538079.34327457,44075566.45573752,7537487.1124629425,10979680.04848026,8040012.7819201425,0.26773706096900407
1232,36350156.738671996,43892455.17525667,7542298.43658468,11029999.89161943,7981095.083640031,0.2764192962772331
1233,36315506.2911591,43837609.68584752,7522103.394688414,11042142.978026439,8000822.6850368995,0.2754284470905406
1234,36377466.28643791,43925009.08364904,7547542.7972111385,11096796.065179238,8055638.903401189,0.274057227321761
1235,36159552.86974995,43708807.125314176,7549254.255564224,11114138.09027909,8010370.074302491,0.2792630423308569
1236,36236396.40943125,43768344.33972743,7531947.930296175,10954465.454804098,7933478.746019513,0.2757767342686472
1237,36401063.59123803,43912540.404269606,7511476.813031575,10996665.960961187,7960629.491456878,0.2760869958478704
1238,36558776.61949599,44122684.45096959,7563907.831473609,11136789.03663451,8044500.392577264,0.2776642920939914
1239,36299697.166541934,43846880.64292281,7547183.47638087,10952703.793519795,8013370.220094091,0.2683660243934261
1240,36565124.67549834,44075561.32613079,7510436.650632453,11009115.768707523,8022426.686649581,0.27129236759843617
1241,36708126.48842637,44198728.586224146,7490602.097797774,11054874.734142087,8038245.002543662,0.2728777850627116
1242,36119482.99923892,43676033.52898675,7556550.52974781,11032005.645164732,7970178.334375672,0.27754040464356017
1243,36310051.2022882,43868803.69506102,7558752.492772822,11076338.700720554,8050899.906949155,0.2731443011556322
1244,36379961.78392769,43940241.77879891,7560279.994871212,11146907.368682059,8014123.526101168,0.28104511313897207
1245,36445683.0309912,44003536.83484307,7557853.803851867,11046471.450023558,7985048.1449162215,0.27714038088613424
1246,36135449.503385305,43647948.51278832,7512499.009403008,11053430.851187248,7965094.358306882,0.2794007158916318
1247,36461322.30576719,44002078.50710448,7540756.2013372965,11082195.270921942,8010374.068952568,0.27718526220426587
1248,36199253.845463574,43753579.712442644,7554325.866979064,11027749.069396202,7996399.37527197,0.2748838112880823
1249,36619929.44492075,44113161.62522155,7493232.180300803,11028554.703687923,8062752.264357007,0.268920318121028
1250,36174945.86866388,43709385.04664259,7534439.177978711,11080892.047747783,7969477.846173204,0.2807909496967784
1251,36299687.29166308,43861547.27859607,7561859.986932997,11060159.923645545,8012935.993769661,0.27551355051939314
1252,36285184.243882194,43793088.3491581,7507904.105275917,10985054.811488595,7969728.2054911265,0.2744935421572884
1253,36480526.57844934,43992041.54090166,7511514.962452329,11010020.687373336,8031661.174214379,0.27051352560805275
1254,36141151.42716834,43656660.29148121,7515508.864312869,10994245.028065002,7945390.398716277,0.27731368743973916
1255,36370344.51418068,43902800.441729136,7532455.927548458,10982523.071929144,7973103.508673566,0.27401896117546287
1256,36627085.65786463,44158433.71056373,7531348.052699102,11005253.818769852,8053025.727745451,0.26825624739242915
1257,36466096.52410371,43994604.28198483,7528507.757881125,11078165.786912864,8046758.464463855,0.27363801740809357
1258,36568709.77046713,44143775.73413029,7575065.963663168,11008594.55622423,8051410.056360823,0.2686250715075544
1259,36113934.509685576,43681217.56033434,7567283.0506487675,10993570.473573042,7969249.788385406,0.2750990401578511
1260,36298569.49921766,43842111.781151645,7543542.281933989,10971283.08490756,7965822.73240488,0.27393882094219996
1261,36444600.87731102,43970945.628186576,7526344.750875558,11069268.938175142,8039385.246556142,0.2737203069635148
1262,36869945.3734699,44392672.4178017,7522727.044331802,11122403.646031283,8057312.120210866,0.2755781594848078
1263,36342378.02193162,43899254.60714157,7556876.585209947,11124313.038943367,8013329.941158544,0.27965619871483915
1264,36476948.463894464,44047587.01540998,7570638.551515519,11050552.600269638,8066761.945967585,0.27001280046658005
1265,36432865.34911799,43973210.49561124,7540345.146493261,11126201.745259997,8043860.459522977,0.2770344594057145
1266,36305214.935184166,43876359.96508454,7571145.02990037,11084833.378045885,8012733.665406457,0.2771444195745773
1267,36304364.95300165,43897282.859689765,7592917.90668812,10990030.456339391,7944939.210111801,0.2770775984948328
1268,36135970.89361729,43688180.76660743,7552209.87299015,11064655.217657536,7987089.188306493,0.2781438706232534
1269,36274340.82260185,43830253.16010823,7555912.33750639,11019862.191757469,8029998.832165884,0.27131585745490666
1270,36657602.84821517,44224575.795391865,7566972.947176689,11057157.159678731,8062054.617132321,0.27087455656942416
1271,36261008.32419919,43825908.49783518,7564900.173635993,11044595.100646632,8022407.77564268,0.27363495877064886
1272,36212441.442098364,43777682.97886583,7565241.536767466,10969902.273638062,7946291.5704810945,0.2756278613733007
1273,36752272.812068455,44287741.80449648,7535468.992428027,11152264.279314537,8055796.972748731,0.2776536879877569
1274,36516466.67423256,44067927.0003391,7551460.326106537,11074241.343727732,8036562.547484301,0.27430129992280894
1275,36273736.63190978,43836029.38821638,7562292.756306601,10989338.704967067,7955561.881391476,0.27606545807932514
1276,36280282.85658228,43843374.47042912,7563091.61384685,11039642.240548836,8047657.376467412,0.27102190441387686
1277,36409133.32800501,43903872.735154755,7494739.407149748,10983366.054654809,7971197.724534674,0.2742481963299004
1278,36381676.2248759,43917373.77119616,7535697.546320261,11080895.667314025,7997182.621927504,0.2782909557106229
1279,36591833.252732225,44129750.8415844,7537917.588852175,11054306.889025515,7994849.454589905,0.2767661025833266
1280,36843802.9504844,44366240.052229285,7522437.101744881,11079305.960290719,8076779.7881620955,0.2710030919707391
1281,36449758.45741303,43998516.09081052,7548757.633397489,11117567.7366024,8046821.408992976,0.2762066668143246
1282,36505663.01547886,44044240.71327356,7538577.697794704,11131011.605536524,8067955.080522214,0.2751822236436046
1283,36101608.5533026,43684153.441613205,7582544.888310598,11017916.703347437,8014487.628167773,0.27259500648313756
1284,36446216.71624632,43990052.08942555,7543835.3731792215,11016109.523598092,8029420.530000855,0.27112012523108264
1285,36109367.6393002,43652412.55859571,7543044.919295517,10976011.878172243,7983381.050850112,0.2726519304587772
1286,36321363.09081821,43930064.26665281,7608701.175834594,11094088.904103134,8040760.145491176,0.27522122681770544
1287,36310083.1495063,43865259.43343617,7555176.283929866,11073070.511509147,7980065.396267066,0.2793267786046578
1288,36305581.86432396,43877046.262748584,7571464.398424633,11085396.681755455,8012998.737879956,0.27715723957195926
1289,36478544.952906996,44036203.68139623,7557658.728489237,11181196.181535596,8036371.838002689,0.28126009887262393
1290,36482449.06574099,43997277.50859719,7514828.442856203,11101654.517985007,8008570.28131777,0.27861470843434644
1291,36263733.91345266,43766963.01590912,7503229.10245646,11001258.80421403,7956300.176410698,0.2767827465923228
1292,36576272.951581955,44087537.00579084,7511264.05420888,11099542.17095368,8021132.895788029,0.2773456082919817
1293,36355598.8416104,43888705.422947995,7533106.581337594,11061436.688956143,7939149.121362549,0.28226781523876726
1294,36461497.69338252,43997342.209205404,7535844.5158228725,11052249.38374986,8036662.79483187,0.27284822158933647
1295,36290141.80519091,43825480.73294808,7535338.927757171,11095963.515319804,7988759.744812644,0.2800300997941417
1296,36847563.5108001,44397332.931843325,7549769.421043219,11192681.474258762,8092170.544807297,0.2770123438768543
1297,36406938.23755979,43959651.41245989,7552713.174900107,11030155.872688754,7985579.989418964,0.2760229246450016
1298,36403002.657247454,43947811.53718935,7544808.879941884,10974477.581651237,8057575.838128964,0.2657895760249383
1299,36513531.907347634,44073624.59556859,7560092.688220957,11079369.299879314,8077069.172801086,0.27098114033539183
1300,36197535.96915798,43750593.32534725,7553057.356189265,11072309.604132488,8016830.544317018,0.2759567939353034
1301,36424556.44607715,43938832.35707389,7514275.910996735,11135953.053473644,8055415.505686451,0.27662989714439207
1302,36312847.40581932,43890602.950164944,7577755.544345628,11018442.613496983,7969855.760634243,0.2766803766921099
1303,36214716.26707234,43772106.467677705,7557390.200605368,10988539.330770478,8013169.208105273,0.2707703028675953
1304,36762761.00875368,44322078.45508678,7559317.4463330945,11103848.588778451,8103146.034488532,0.2702398659616477
1305,36239488.484555654,43779474.2464807,7539985.761925038,11033077.687703848,8028879.9616380315,0.2722900908614046
1306,36520487.91895708,44035107.84502601,7514619.926068938,11146148.361695372,8023222.060481194,0.280179861228688
1307,36348284.803999715,43920908.59637393,7572623.792374224,11161974.066465091,8037052.305584042,0.27996138875376253
1308,36573123.31751031,44136832.99363598,7563709.676125672,11095620.98807298,8026135.467566129,0.2766393628447055
1309,36694976.49293164,44233291.07902725,7538314.586095611,11139310.902195,8026326.917794237,0.27945929615694176
1310,36656992.37470184,44214648.278907806,7557655.904205964,11198962.330088263,8117413.262961813,0.2751638032433817
1311,36039875.34315202,43569542.872011036,7529667.52885903,10920770.218623288,7925832.027845357,0.2742423959869274
1312,36396165.874533735,43958228.05981505,7562062.185281311,11076115.718665943,8008883.3415938215,0.2769231068887345
1313,36173695.83159045,43741359.23382821,7567663.402237762,11058186.127005372,7984551.3233782,0.2779510824221886
1314,36401659.081373304,43947586.663359836,7545927.581986536,10927188.977386242,7969768.367077667,0.27064788724977124
1315,36333858.39884317,43863265.57783174,7529407.178988567,11023952.466843188,7982979.440668767,0.27585142763639214
1316,36219340.2917983,43738624.46009894,7519284.168300645,11094364.020100206,8014162.947570814,0.27763656095553024
1317,36315074.871120624,43876940.01667421,7561865.1455535935,11084662.460555958,8016984.348397716,0.2767497993803936
1318,36314219.918722354,43887550.642931454,7573330.724209098,11034318.729023224,8003275.830041687,0.2746923460719944
1319,36226432.402028754,43735404.592057236,7508972.190028485,10966353.983648406,8003928.244653704,0.2701377087965503
1320,36396247.780621625,44000485.27562371,7604237.495002081,11005136.139399854,7982942.151744702,0.2746166834624876
1321,36383171.63304903,43938859.08095087,7555687.447901839,11048460.634697463,8007611.598792699,0.2752282998008827
1322,36464145.364604786,44007559.06657298,7543413.701968198,11020646.42952339,8009102.7621648405,0.2732637950611387
1323,36343901.37927778,43896544.770975426,7552643.391697641,10996247.375077233,7988030.697797188,0.273567570342052
1324,36411208.66591799,43952902.42149571,7541693.755577723,11042889.01908906,7995536.591588408,0.27595608560702817
1325,36067704.40045566,43617524.90482826,7549820.504372597,11023609.89890582,7961953.6757309465,0.27773626346109787
1326,36420203.392341025,43973550.372011974,7553346.979670952,11000632.673151162,7971165.789994335,0.27539024101320414
1327,36516914.645098045,44084172.43526605,7567257.79016801,11150091.619807677,8036907.291177274,0.2792070625769532
1328,36404851.21932167,43935159.92458266,7530308.705260994,11103406.776365153,8027960.805191524,0.27698219412442504
1329,36057073.94074197,43612981.5009339,7555907.560191924,11062449.890239278,7988461.613503568,0.27787590517792804
1330,36410022.44709509,43922342.02290483,7512319.575809736,11048552.588782404,8019289.197471825,0.2741773971720232
1331,36167446.2323506,43708528.29692658,7541082.064575972,11093229.742438473,7985275.756443703,0.2801667375647078
1332,36572716.38443566,44127276.500545904,7554560.116110251,11099511.74596848,8028291.772091112,0.27669865523525244
1333,36376097.58494092,43907099.66532289,7531002.080381971,11045937.206870517,7992459.103240738,0.2764344977201691
1334,36604178.656295426,44099393.58448066,7495214.92818523,11178307.082226787,8073315.554655429,0.27776938893620234
1335,36242703.75041065,43787572.43853619,7544868.688125534,11017415.739406446,7995185.378250467,0.2743139074207977
1336,36328872.79530959,43903166.82371698,7574294.028407387,11100388.062136086,8004356.516105677,0.2789120099855886
1337,35980616.065855905,43578188.91179567,7597572.845939758,10975421.358503103,7962339.19478401,0.27452997614389874
1338,36447909.13293716,43960949.78125665,7513040.6483195,10977863.07882968,8047333.386477707,0.2669490110514649
1339,36208418.17135166,43707260.56589217,7498842.394540509,11041784.792939078,8020290.940906605,0.2736417987393339
1340,36466733.104984954,44007226.88798187,7540493.7829969125,11059399.915288782,8021431.482428989,0.27469559434775764
1341,36030417.16207669,43582929.32556474,7552512.163488047,10989496.960549595,7996646.505228287,0.2723373477480477
1342,36276940.96137082,43814571.3324153,7537630.37104448,11105341.445487875,7981079.200078818,0.2813296881275498
1343,36210795.27828288,43752820.07970863,7542024.801425746,11106273.361421322,8001705.573068817,0.27953280883005377
1344,36668300.80966632,44183772.2796129,7515471.469946576,11107066.589850144,8088291.745786233,0.27178866892024645
1345,35752721.34322868,43310093.95306824,7557372.6098395595,11046849.189724412,7927804.666015386,0.28234698149136567
1346,36421520.1095498,43937737.39811819,7516217.288568392,11108887.5183033,8022999.317979121,0.27778552940065215
1347,36960895.57958163,44510270.793617,7549375.214035364,11174448.500137415,8092522.905900601,0.2758011363333872
1348,36093314.11481447,43669868.70942469,7576554.594610226,11127811.832788015,7996216.074771838,0.28142062474393686
1349,35862958.39394212,43377116.50123584,7514158.107293727,11009934.58415478,7933389.921546918,0.2794335097172645
1350,36639189.15278093,44158375.09084923,7519185.938068302,11157181.936348602,8065240.299599338,0.27712568051580594
1351,36122372.94516605,43670191.243488386,7547818.298322335,10884081.317445312,7954699.297161121,0.26914370950067185
1352,36502166.36221155,44059952.58901344,7557786.22680189,10971170.313978953,8046650.313694999,0.26656408720204333
1353,36477808.44298164,44025043.43672167,7547234.993740022,11056218.552569715,8007171.804039233,0.2757766350251655
1354,36605963.46921842,44138250.718337916,7532287.249119496,11192812.740268072,8046995.073277781,0.2810569371604575
1355,36337952.22755289,43870536.956259266,7532584.728706369,11056721.453230485,7944158.973716165,0.28150862737026905
1356,36232298.95276708,43783439.55092645,7551140.598159367,11069015.657766555,7991810.4413585905,0.27800170417582243
1357,36331648.47428734,43850743.4894304,7519095.015143054,11072983.198439162,7997423.851948027,0.2777534555389431
1358,36622771.45844138,44187217.1127831,7564445.654341724,11129460.774064798,8081225.684725478,0.27388883893123395
1359,36533774.46347997,44071502.95949303,7537728.496013059,11050722.309000213,8029283.286854209,0.2734155232264958
1360,36397363.36464783,43973320.70341903,7575957.338771201,11166281.808855101,7970922.0139229745,0.28616148594764446
1361,36466771.412718244,44016109.46106815,7549338.048349915,11103213.325026263,8012550.325163878,0.2783575267257215
1362,36442945.08664373,43967417.29812418,7524472.211480454,10988292.168381795,7980082.132281837,0.27376502098805827
1363,36072081.219438,43626311.133376904,7554229.9139388995,11004678.870773513,7974132.702416307,0.27538706071703756
1364,36345779.430872224,43922769.81617619,7576990.385303969,11005883.33990206,7979298.619015278,0.274996983650902
1365,36487664.63343716,44036769.40984555,7549104.7764084,11122226.60220316,8067711.835179746,0.27463158918362235
1366,36286406.566848904,43818844.97853865,7532438.411689748,10935934.224977165,7991428.621818197,0.2692504858372186
1367,36310313.71531968,43886538.47344714,7576224.7581274565,10984183.497386862,8028538.709039299,0.2690818838788255
1368,36395802.95859232,43949604.048313335,7553801.089721016,10989049.617550734,8024987.226999003,0.26972872939055564
1369,36807407.24435861,44370167.31104621,7562760.066687602,11177844.58687162,8069953.490679384,0.27804028514070184
1370,36499895.26738557,44029595.048245355,7529699.780859787,11012826.798812676,7957209.087870823,0.2774598898868806
1371,35922199.508924566,43470762.90572261,7548563.396798043,11001636.443818085,7936851.183132577,0.2785753988814671
1372,36476752.205957256,44007730.272285044,7530978.066327785,11086878.31155665,8024659.059612706,0.2762021162216575
1373,36386059.406457506,43912448.5432869,7526389.1368293855,11041053.706932642,8010465.695218017,0.274483585729841
1374,36576440.66032499,44103069.16726585,7526628.506940856,11171637.259229405,8019077.118913889,0.28219320652494695
1375,36230669.12185513,43810199.22229689,7579530.100441765,11037386.547663324,8031309.078070857,0.27235409909865577
1376,36734999.664722,44256523.8203778,7521524.155655803,11074946.502242774,8080416.743137842,0.2703877403379342
1377,36402449.27353827,43894183.31830925,7491734.044770978,11089286.919891873,8017451.587752036,0.27700927519781315
1378,36513458.05369721,44049520.95835364,7536062.9046564195,11043440.992588338,8048877.274779417,0.27116219662138674
1379,36639121.361978225,44176702.17133556,7537580.809357344,11102564.281812817,8004763.60583727,0.2790166845554837
1380,36330341.46420929,43828742.24582773,7498400.781618437,10974211.388990525,7973251.854825409,0.27345559765467237
1381,36233098.028739735,43810227.112467445,7577129.083727715,11069906.822409583,8003826.506705549,0.27697435623370875
1382,36232650.80367898,43779879.36340776,7547228.559728768,11039822.827170448,7967611.606376758,0.2782844678659676
1383,36469923.54023965,44019229.08996166,7549305.5497220205,11031726.751307828,7965055.069658523,0.27798655194987915
1384,36092096.65168134,43652350.11035326,7560253.458671924,10860906.267214784,7929901.545470938,0.2698674171041792
1385,36229623.16779904,43769540.902461424,7539917.734662393,11150713.197796093,8010402.2495104885,0.2816242237228627
1386,36687878.43440104,44282146.59679645,7594268.162395417,11139151.610043034,8069170.19844854,0.2756028034331273
1387,36371650.89617758,43913882.70807227,7542231.811894686,11035312.086647123,7980838.714285691,0.27679084636467927
1388,36249181.956632614,43792199.11697249,7543017.160339873,11011028.108293146,8013412.06236451,0.2722376163648996
1389,36041543.134875625,43581045.59441598,7539502.45954035,11127039.927512037,7964462.942650161,0.28422446629694226
1390,36539993.55151287,44045697.25305128,7505703.701538423,11075287.24884684,8035752.640550545,0.27444295935645113
1391,36177601.83603074,43767760.787865765,7590158.951835024,11072676.00847413,8010797.382846866,0.2765256224677711
1392,36537651.944732726,44072791.880411096,7535139.935678368,11047421.773755128,8034072.724392795,0.27276491393865426
1393,36690481.08717689,44250963.72889658,7560482.641719699,11040708.784300052,8065437.840101976,0.2694818785936033
1394,36172137.9401006,43718319.2373807,7546181.297280094,11050392.075079827,8019445.288925777,0.2742840946783469
1395,36424827.747846365,43996826.663488865,7571998.915642495,11074564.445461044,8065025.242171377,0.27175237618696046
1396,36236198.11243451,43777864.06315362,7541665.950719106,11076372.713331137,8053125.657761543,0.2729455873158655
1397,36451120.87030607,43963224.04390034,7512103.1735942615,11165204.620263536,8058908.0707524605,0.27821223660097655
1398,36392733.162620366,43933022.463016935,7540289.300396565,10874104.966349158,7965037.009384784,0.26752251941348115
1399,36255902.35435133,43773945.94131357,7518043.586962249,11063355.621064331,7957146.162264504,0.2807655800999191
1400,36314176.35920639,43850692.876191825,7536516.516985428,11041085.711242836,7995954.428273399,0.27579998585362514
1401,36611343.47324312,44155757.48417799,7544414.010934867,11154372.760047365,8084529.200989382,0.27521435988346393
1402,36519128.313112944,44098389.32639069,7579261.013277743,11167338.428946432,8030067.790675924,0.2809327090991089
1403,36362138.5535323,43954144.36290254,7592005.809370239,11022485.791216124,8044651.942787237,0.27015991717602733
1404,36417084.47878637,43935254.594579004,7518170.115792629,11008231.400271982,7993311.594344004,0.27387867281328115
1405,36123309.647400886,43677234.99275689,7553925.345356001,10938297.863144375,7954137.108079655,0.2728176533864181
1406,36124195.460281454,43699586.754640006,7575391.294358547,10978704.958863933,7897373.061551481,0.28066442343226117
1407,36076035.82059765,43673719.015675165,7597683.195077514,10986928.841432609,7954435.577332845,0.2760091839917979
1408,36314572.34925815,43857878.6944204,7543306.34516224,11118249.836224796,7984662.52240738,0.2818417790548073
1409,36533352.33871752,44037665.79722425,7504313.458506729,11043331.122188754,8016540.58326194,0.2740831100178869
1410,36510168.519628026,44052779.76786825,7542611.248240229,11061197.415261397,8037507.520240702,0.27336008765640857
1411,36474503.853283495,44074457.83979112,7599953.986507626,10997102.853750307,7992292.420241273,0.2732365490684042
1412,36648121.776699856,44177878.67706537,7529756.900365511,11032521.573737409,8080708.723021661,0.2675555928884337
1413,36186050.00870071,43712285.33066099,7526235.321960269,11022110.869475313,7970257.611087865,0.2768846452850755
1414,36247292.08418943,43812044.67482622,7564752.590636791,10969278.662540358,7972193.427058538,0.27322537130146435
1415,36242318.37698595,43783886.65066555,7541568.273679599,11015770.975670556,8023652.073323995,0.27162137892617394
1416,36381383.751753725,43967403.36426683,7586019.612513103,11122030.183831109,8110648.7638240345,0.27075824918951713
1417,36212174.14541768,43779787.699865095,7567613.554447419,10970096.195276253,7993133.030274408,0.27137074388497445
1418,36192437.48905878,43728991.17392892,7536553.684870146,10966531.144221004,7982627.471734271,0.2720918431950244
1419,36417601.15753283,43944323.59894816,7526722.441415331,10987811.151900828,7992578.540226813,0.2725959310973284
1420,36407744.712544225,43971535.72683698,7563791.014292753,10949344.649351366,8011394.228594275,0.2683220334041758
1421,36140643.94032478,43657185.97588031,7516542.035555525,10960254.975280223,8001696.761878826,0.2699351630116393
1422,36769203.898508295,44302532.39363395,7533328.49512565,11115123.424374811,8071671.4018605985,0.2738118063394691
1423,36396020.707165435,43938925.66631465,7542904.959149213,11151454.112940736,8044628.434855751,0.27860274064883256
1424,36586164.73959575,44131437.6535219,7545272.913926158,10944390.133288238,8015551.262413483,0.2676109710276553
1425,36366207.08898141,43897086.05165912,7530878.962677705,11069596.903185267,8029470.578388832,0.2746374914448458
1426,36636754.33310616,44193550.17216653,7556795.839060374,11029693.30197641,8010741.347623779,0.2737113237601689
1427,36645094.127067104,44200329.073327474,7555234.9462603675,11127357.587653508,8084717.300406106,0.2734378097656716
1428,36469029.72929779,43963603.4133974,7494573.684099623,10985053.531434327,8021157.901565288,0.26981166922743627
1429,36314421.46347785,43854010.223874,7539588.760396143,10964230.734220307,7956319.271207149,0.27433857750049057
1430,36600343.29998886,44139674.45681701,7539331.156828146,11152944.974040998,8064245.644811453,0.2769402464029579
1431,36116596.83634026,43643042.8590607,7526446.022720439,10922247.179674774,7930777.746598799,0.273887725105032
1432,36694764.51593618,44205303.617900886,7510539.101964699,11156199.941940356,8082559.267790069,0.2755096439779028
1433,36193571.6312103,43758027.25171354,7564455.620503244,11103440.811935253,8003119.308320075,0.2792216895759553
1434,36425683.65780649,43927612.806139536,7501929.148333041,11154550.486668356,8038846.259484379,0.2793213613500419
1435,36417094.141436435,43988761.19016202,7571667.048725585,10993932.40770519,7987152.292750971,0.27349450619206017
1436,36532315.462284125,44088648.963912204,7556333.5016280785,11031503.74049287,7988533.389246473,0.27584365856457943
1437,36559647.82461238,44090808.38084974,7531160.556237362,11048775.099473434,8036836.933359291,0.2726038080237226
1438,36497665.65989202,44029107.641502194,7531441.981610177,11120431.392602984,8059393.095881869,0.27526254950480034
1439,36319078.47598295,43884410.25500127,7565331.779018314,10977543.026368633,7988383.723004571,0.2722976622531968
1440,36040636.54549928,43580025.45958778,7539388.914088498,10980807.448921874,7988459.0647023665,0.2725071355762007
1441,36249062.93734561,43805386.989723034,7556324.052377431,11051456.052023776,7983248.468093036,0.27762926165452023
1442,36377066.694504045,43912070.28736071,7535003.592856657,10934700.815366637,7957160.279475102,0.27230196657115385
1443,36571821.91946568,44129477.04419889,7557655.124733208,11099634.534227945,8037947.754004624,0.2758367197390146
1444,36546740.55653637,44072928.628347725,7526188.071811356,11020348.121797878,8034590.186525295,0.27093136280938845
1445,36330787.95192952,43880454.308020465,7549666.356090948,11139586.53458832,8050168.947767661,0.27733682728959863
1446,36327730.28267022,43864341.74299334,7536611.460323113,10919537.584216593,7938358.983444311,0.27301326432369827
1447,36020250.11810211,43579233.07688986,7558982.958787749,10969965.69480344,7950279.77275469,0.27526849272456694
1448,36107545.98655455,43655590.68689232,7548044.700337771,10916856.94461326,7946911.1704862155,0.2720513595804252
1449,36630860.08607258,44184660.57996611,7553800.493893528,11078939.088428322,8060379.118618332,0.2724592982881187
1450,36576794.415911555,44086015.9487876,7509221.5328760445,11117571.101581173,8091612.5468847025,0.27217802585189765
1451,36431533.56875059,43965467.61456073,7533934.045810144,11129260.30355291,8026385.373918181,0.27880333867688994
1452,36191230.750935584,43730732.85717662,7539502.106241033,11040559.300156552,7965368.50560002,0.2785357798415998
1453,36304375.84633651,43851830.47264624,7547454.626309728,11008440.058970606,7970932.792359415,0.2759253127908866
1454,36006990.713245064,43534067.1770712,7527076.463826139,10958863.814205619,7926831.09620869,0.2766740028347285
1455,36183328.194297925,43765066.92000573,7581738.725707805,10991833.091448337,7983585.999624459,0.2736802011817573
1456,36178016.028545775,43739614.5471635,7561598.518617727,11121340.117452722,8018359.94674827,0.27901135456103393
1457,36432096.76176294,43960736.00384292,7528639.242079978,11037560.290474067,8002725.669199266,0.2749552021830409
1458,36499842.62313892,44034512.09754047,7534669.474401549,11039097.59936102,8018405.468011156,0.27363578446164943
1459,36357122.65892075,43885308.632515736,7528185.973594988,11022706.326826379,7993515.325698236,0.27481372643992935
1460,36302161.98962635,43832222.291741095,7530060.302114749,11105451.638753515,7945342.729112361,0.2845547405396515
1461,36620484.330921896,44149706.20824007,7529221.877318172,11094255.723920144,8024101.95773897,0.276733639694429
1462,36630721.4765555,44167625.901859164,7536904.425303683,11111614.686399596,8058928.941657702,0.2747292658085348
1463,36543886.798176184,44078000.17272376,7534113.374547571,11027190.969670514,8042763.256299817,0.27064260713169364
1464,36321821.64178628,43881186.92406742,7559365.282281133,11014069.561868083,8043546.517297756,0.2697025861226266
1465,36430782.709007844,43968706.61502833,7537923.90602049,11136755.472814867,8020654.962967311,0.2798032620410895
1466,36407586.58092217,43975529.313569166,7567942.732646992,11106456.70345049,8011810.883892394,0.2786348429735173
1467,36154098.7990365,43687588.16561594,7533489.366579438,10935921.371657081,7927290.876610204,0.2751144958708669
1468,36433661.14650008,44007197.29370898,7573536.1472088955,11185130.676349163,8019900.735174584,0.28298551288876966
1469,36327459.77189288,43863902.20919681,7536442.437303934,11034613.625600694,8001028.354866546,0.27491540471304976
1470,36144982.40288787,43704363.62836325,7559381.225475376,11040893.23240098,8020417.041889182,0.27357172349496195
1471,36103766.00962192,43658644.918222,7554878.908600075,10992546.208132252,7972633.456707835,0.274723680414488
1472,36390959.87121978,43898392.423344105,7507432.552124338,11039194.49993791,7971878.302371049,0.27785688508197887
1473,36588504.824884795,44120133.72261969,7531628.897734898,11077595.915604666,8048359.391157813,0.2734561314138261
1474,36210650.89276546,43789139.23065901,7578488.337893543,11080787.069749288,8016417.622312743,0.2765479950248587
1475,36671529.10333929,44242572.532717615,7571043.429378313,11158832.101242784,8071979.818417413,0.27662861622244334
1476,36357906.54384971,43958007.05621814,7600100.512368423,11036892.161725568,8002262.473574848,0.274953278847319
1477,36403367.849139236,43939000.80079113,7535632.951651892,10992216.50592402,7930445.30669171,0.27853992846504017
1478,36730433.67487749,44231839.65546131,7501405.980583833,11024421.67610523,8033007.515482142,0.2713443161473765
1479,36561936.62527528,44100288.821410224,7538352.196134951,11116297.405173445,8025450.409114954,0.27804644688797486
1480,36551013.02719728,44112071.865042314,7561058.837845033,11153040.853932425,8045609.217980916,0.27861743506981484
1481,36289703.18883755,43858270.54471572,7568567.355878167,11064074.831644613,7989115.075403784,0.27792289938658643
1482,36488928.90243715,44018888.311839856,7529959.40940271,10982609.229641179,8012850.676234922,0.2704055558483422
1483,36646737.992803514,44193341.196253665,7546603.203450148,11049453.483483374,8058625.2188623985,0.2706765786282226
1484,36264860.88947965,43830600.627572924,7565739.738093273,11126811.17780504,8019502.0553256525,0.2792632204164319
1485,36469918.920181125,44014481.055625156,7544562.1354440255,10980579.898224384,8034394.67891517,0.2683087092500121
1486,36549435.21695186,44086333.54820096,7536898.331249085,11031854.666011913,7967116.84475621,0.2778080308379937
1487,36231051.15837547,43747282.08739868,7516230.929023197,11027112.155070046,8023296.759978825,0.2724027245619449
1488,36080507.599028215,43650608.162067324,7570100.563039111,11065439.465246968,7961557.802857564,0.2805023399330601
1489,36175734.02835386,43768603.23310955,7592869.204755684,11036675.63769535,7980686.9936752925,0.2768939438233052
1490,36437127.032121256,43981823.75765092,7544696.725529672,11112411.306674674,8045674.524035977,0.2759740166201966
1491,36758740.89524609,44242264.97900771,7483524.083761626,10986355.841760505,8016906.480864047,0.27028519771853843
1492,36390327.68203221,43935039.45868209,7544711.77664987,11093154.872146897,7994548.807901483,0.2793259537037122
1493,36297501.89649898,43846792.55751573,7549290.661016752,11043051.610248601,7946934.461932747,0.2803678962654196
1494,36244575.18645271,43815940.180685885,7571364.994233176,11017972.964235406,7951649.831712076,0.27830192926382064
1495,36338930.54918864,43925904.12711007,7586973.577921435,11012519.811026534,7987656.38026588,0.2746749592887852
1496,36420909.95814846,43951827.33359556,7530917.3754471,10965106.760427834,8022282.0741652185,0.26838085123649025
1497,36282006.23196989,43796965.00369346,7514958.771723567,11051254.348510059,7975698.577954484,0.2782992476297701
1498,36266200.32401215,43819303.88411323,7553103.560101079,11095567.843869263,8032979.206004307,0.27601909888344806
1499,36810120.5199433,44331860.851518735,7521740.331575436,11206900.530522563,8083988.930205748,0.27865970540306
1500,36948058.12805717,44480591.59443382,7532533.466376655,11186747.048512071,8108149.483824547,0.27520042701752184
1501,36437203.89185912,44027724.1629277,7590520.271068582,10962355.909649847,7998760.02184445,0.2703429730097185
1502,36545143.75819084,44091972.12385327,7546828.3656624295,11005381.270982673,8001109.563765623,0.27298206515918355
1503,36532605.56640452,44106208.21668256,7573602.650278053,11000949.039668614,8023907.176987879,0.2706168215074664
1504,36549175.4311555,44110309.29849616,7561133.867340655,11023035.404300423,8025107.533859287,0.2719693587549898
1505,36329703.15056533,43903927.17980783,7574224.029242493,11020113.426247904,8013446.563692092,0.27283447513294
1506,36365549.10564776,43925690.09170227,7560140.986054506,11148308.345317341,8045597.65556009,0.27831224196992116
1507,36113825.94143283,43666112.19522988,7552286.253797052,10992567.724853287,7956991.306881742,0.2761480751315598
1508,36330990.451608434,43898325.50890307,7567335.05729464,11082043.0618737,7983469.300177094,0.2796031150931762
1509,36504725.92472684,44042218.912293315,7537492.9875664795,11066213.230239403,8046287.327555766,0.2728960521410723
1510,36172703.64430211,43737652.08114411,7564948.436842008,11017225.688080901,7993100.275386871,0.2744906474926543
1511,36515796.824931204,44038919.08338216,7523122.258450943,11006395.591243548,8039993.406773896,0.2695162244422378
1512,36308916.79704827,43864352.275592566,7555435.47854429,10992669.993758598,7992217.270091693,0.2729503137427484
1513,36275140.52982775,43851146.75268754,7576006.222859792,11083016.296500625,8023218.894648171,0.27607984324795776
1514,36635065.472293474,44171108.40285854,7536042.930565058,11089498.563315097,8034818.4480086975,0.27545700987883376
1515,36387518.00263961,43966994.786002696,7579476.783363087,11092611.324866105,8012174.572560281,0.2777016756550791
1516,36253913.051666476,43834775.23511803,7580862.183451559,10963365.437807743,7946125.922424412,0.2752110683985978
1517,36340758.00389582,43897090.95035382,7556332.946458008,10936968.185392737,7976252.630813179,0.27070715616909713
1518,36403926.73871849,43935511.19819054,7531584.459472052,11006824.5350018,8042593.76352362,0.26930844241696594
1519,36591581.46533697,44141828.84301223,7550247.377675254,11038437.24216231,8046547.246937156,0.27104289580026414
1520,36298546.82225582,43858409.56313169,7559862.740875866,11107520.57035201,7974307.186549305,0.2820803584344305
1521,36239004.1478432,43772811.569003016,7533807.421159817,11053602.009160947,8007392.489949495,0.2755852360784141
1522,36767066.313634776,44329658.457484365,7562592.143849597,11068868.002899647,8073930.232998392,0.27057308562327137
1523,36765942.726472035,44363474.14406497,7597531.417592933,11076379.700055886,8048054.222029537,0.2734039063333184
1524,36389168.73296635,43935466.75891013,7546298.0259437775,11118675.787041333,8018611.319628801,0.27881597834029975
1525,36470044.47809721,44004153.13997453,7534108.661877322,11016998.48251339,8057322.530936055,0.2686463065484713
1526,36642773.54542944,44166169.80942812,7523396.263998677,11137704.42904033,8079680.366768802,0.27456502206128486
1527,36145212.250824906,43715669.33421618,7570457.083391279,10981515.38253959,7964153.826064304,0.27476732048045355
1528,36422309.28103875,43964146.7158955,7541837.43485674,11098162.6938546,8047524.090954956,0.2748778051874189
1529,36459394.35030763,44027470.90054352,7568076.550235897,11025758.478309894,8003118.124374123,0.27414353034142486
1530,36371190.65213784,43922409.07773303,7551218.425595189,11052329.882333312,8025061.716091741,0.2739031677909409
1531,36020084.44675965,43543054.51483967,7522970.068080024,10888261.86508804,7912641.870127809,0.27328696093370186
1532,36430602.90481378,43966942.10467451,7536339.199860728,11121110.819778917,8061537.126016764,0.27511403701873877
1533,36205003.7779856,43727157.39992419,7522153.621938585,11026887.765409548,8014674.755172451,0.2731698258221295
1534,36517910.62162274,44063782.734618716,7545872.112995982,11088647.990076635,8017086.856536185,0.27700050865436676
1535,36454602.5390953,44013057.6291958,7558455.090100494,11004631.250933416,8025707.205350865,0.2706973071296576
1536,36128895.26726374,43686425.657899335,7557530.390635597,11072130.833026078,7935464.435698332,0.28329383427909477
1537,36000836.78696516,43509667.36937237,7508830.582407212,10919114.266787738,7935513.705091152,0.2732456579167499
1538,36385543.614290446,43953845.01673184,7568301.402441395,11073633.302145453,8000978.747338964,0.27747483332423334
1539,36361821.04085696,43889488.06178334,7527667.02092638,11069779.565547604,8014160.511079861,0.27603251143118734
1540,36571203.53497004,44122716.30205979,7551512.767089762,11177631.03498296,8049146.39131512,0.2798879864504858
1541,36155158.46083324,43726374.77955449,7571216.318721245,10972128.328807507,7960734.154253023,0.27445852657847775
1542,36459939.67722553,44012488.10410314,7552548.4268776085,11045589.802843869,8012852.425382102,0.2745654538683791
1543,36662742.41671637,44180769.41902389,7518027.002307517,11078831.269751439,8052019.444449393,0.2732067807157744
1544,36287604.3603661,43812774.13370615,7525169.773340052,11007059.169353832,7992444.693725644,0.2738801008739522
1545,36389139.91433931,43912028.30911359,7522888.394774273,10907732.111732218,7991125.424185936,0.2673889180326694
1546,36311313.781178445,43906609.286613606,7595295.50543517,10981223.242549742,8010124.044951424,0.27056177002995296
1547,35985049.19538683,43516213.00712386,7531163.811737037,10964735.65973233,7894936.581814698,0.27997018561891823
1548,36308174.56201285,43832741.72315857,7524567.161145718,11001892.752002042,7996379.361234362,0.27318148417877997
1549,36518352.745300844,44091529.051668376,7573176.306367538,11016694.748449752,8014054.845610815,0.27255360808299267
1550,36264862.35005871,43802665.42762369,7537803.077564983,11006525.99405406,7954788.580408941,0.27726617965502715
1551,36400339.551982485,43976674.57335884,7576335.021376349,11011589.133577479,8005700.5610027695,0.27297500261873164
1552,36160072.27938753,43716984.6369081,7556912.3575205635,10954983.310213273,7964741.07924023,0.27295726029863104
1553,36390190.02377312,43918143.88486966,7527953.86109654,11132573.786422973,8006917.745019013,0.2807667033131132
1554,36371839.80706269,43872405.379532434,7500565.572469741,10987621.738857558,7967779.275796634,0.2748404099479778
1555,36533531.02332516,44076900.73222514,7543369.708899975,11069750.958001189,8019892.116144823,0.2755128686659329
1556,36422482.221982926,43970029.19856994,7547546.976587024,11099095.208591936,8007001.513182576,0.2785897081967308
1557,36215194.53470558,43801167.20444419,7585972.669738614,10982223.265375245,7959218.858546454,0.27526342651944796
1558,36501113.135997534,44047232.524125725,7546119.388128192,10949416.483815292,8024125.700340472,0.2671640801862631
1559,36293581.211115815,43838544.86739588,7544963.656280056,10918035.656421257,7927065.674091778,0.2739476290838445
1560,36666908.44971584,44174673.84134375,7507765.39162792,11056477.267583426,8028206.296660351,0.27389112260934023
1561,36228899.88882748,43806768.40883173,7577868.520004254,11067192.263041722,8003468.855245244,0.2768293289733127
1562,36258180.21104114,43798355.84329589,7540175.632254753,11130579.16383295,7975807.9919571895,0.28343279585366843
1563,36471588.92396953,44038946.18356837,7567357.259598844,11075910.314940713,7984017.381048834,0.2791547462894412
1564,36908165.296546236,44462433.27229896,7554267.975752713,11048242.645680824,8043616.137362883,0.27195515202524656
1565,36766824.60220592,44292550.4002474,7525725.798041493,10921336.08437096,8009983.863971969,0.26657473022602957
1566,36478628.132770285,44017434.44501873,7538806.3122484535,10992916.225617198,8013877.457313271,0.2709962222182466
1567,36562541.019249864,44101933.258316234,7539392.23906637,11000518.11747349,8005306.300062345,0.27227915862012697
1568,36450240.12823898,43982719.24284808,7532479.114609091,11039932.221048864,7992671.630953349,0.27602167559376606
1569,36288600.91803391,43839877.24978276,7551276.331748849,10911221.60167044,7943370.511044338,0.271999891393622
1570,36209842.25061059,43719208.6204007,7509366.369790094,11041113.479440859,7964360.280881107,0.27866330730943306
1571,36440152.3038906,43995286.200778306,7555133.896887705,11065379.821664032,8000598.895054234,0.27697024196218784
1572,36589552.99918337,44139219.61131206,7549666.61212868,11067343.020606058,8018320.60301817,0.2754972365012068
1573,36610580.94903127,44139689.02290179,7529108.073870521,11042558.235479774,8039779.167345179,0.27192784535078623
1574,36554520.058686934,44116309.34996317,7561789.291276238,11076565.546597026,8003663.625407354,0.27742371119121284
1575,36406261.15316141,43940895.91243715,7534634.759275733,11031114.068340063,8054949.60461674,0.2697972702743677
1576,36087265.78060489,43635447.59320446,7548181.812599568,10998263.363637414,7978843.975982898,0.27453601426179297
1577,36391544.76845069,43917039.41796711,7525494.64951642,11065903.135706808,8012125.530960664,0.2759627991765438
1578,36497675.33161112,44003475.630604655,7505800.298993535,11054297.797212712,7999517.90557967,0.27634318775121924
1579,36530272.9176679,44065499.74125499,7535226.823587098,11072552.198525753,8062873.485451295,0.27181436213732
1580,36462629.980905525,44008373.09688792,7545743.1159823965,11076378.436502658,8002441.108680588,0.2775218764367768
1581,36416933.35491841,43950083.31000968,7533149.955091275,11037384.971592462,8004387.45112311,0.2747931261141609
1582,36139091.87791098,43680124.561009645,7541032.683098659,10995260.600198392,7952487.114514687,0.2767350039551407
1583,36402191.08697583,43964195.52610731,7562004.439131489,11073477.657335103,8020864.144260534,0.2756689097622831
1584,36688980.655052416,44224084.1941852,7535103.539132783,11017778.631990464,8027974.157681941,0.27136182112313756
1585,36545981.38404673,44072306.62108804,7526325.237041304,11120717.845095515,7997644.712639358,0.2808337713408944
1586,36618194.15368196,44175283.91072528,7557089.757043312,11046207.526215713,8060239.090163305,0.2703161631687506
1587,36335526.0189799,43874720.60908081,7539194.590100915,11012783.40079151,7984695.919164504,0.2749611402880557
1588,36309345.354184605,43815361.600260526,7506016.2460759105,10989255.66771783,7963549.842351573,0.275333099606974
1589,36512388.691253856,44039552.70965496,7527164.018401101,11177566.347549014,8034755.779503464,0.2811712738108414
1590,36417659.98263679,43961358.655813016,7543698.673176234,11044037.697027236,8025043.7895593755,0.27335961631863087
1591,36341937.54240648,43871189.5130002,7529251.970593724,11057962.07496754,8031317.622125268,0.27370725566999715
1592,36257524.14398232,43829080.43937361,7571556.29539128,11059855.39852669,7970015.170608291,0.27937437846881835
1593,36379903.66727411,43925147.30644827,7545243.639174165,11053705.249672351,7996453.358679697,0.27658163683017295
1594,36149544.937557474,43683502.85655919,7533957.919001708,11078930.866052998,7990387.1352384295,0.27877633394014484
1595,36398080.04585136,43942347.68705431,7544267.64120295,11012413.054338673,7997979.545105847,0.27373051613290145
1596,36089487.29677201,43634522.408264555,7545035.111492539,10910231.09814143,7932402.706747155,0.27293907568113307
1597,36538977.2621883,44109453.95683168,7570476.69464338,11020074.650105849,8005836.896694109,0.2735224441862368
1598,36676986.01380171,44172384.32635075,7495398.312549045,11051113.793125713,8041679.123839591,0.2723195802361682
1599,36202289.108762726,43798035.21196613,7595746.103203408,11012707.620591296,8011220.832409304,0.27254757790626205
1600,36458641.55081956,44015012.62780026,7556371.076980696,11176671.703354059,8041577.111200961,0.28050341598673534
1601,36182124.00416918,43714800.65405733,7532676.649888146,11010212.939078901,7948678.3101237705,0.27806316243791507
1602,36561577.2062534,44100795.50545331,7539218.299199905,11070443.253237223,8024989.549765221,0.2750977204622272
1603,36356861.83678593,43917092.46477404,7560230.627988125,11073107.165309964,8011257.975447508,0.27651219699694357
1604,36411717.57677602,43911207.66694625,7499490.090170232,10992750.701692075,8032257.325740283,0.26931324618287694
1605,36707220.171565756,44253720.13291441,7546499.961348645,11156159.753937472,8098993.786340135,0.27403390010781586
1606,36385029.64707066,43921998.117062524,7536968.469991861,11063641.221813625,8018127.660888737,0.2752722634316993
1607,36244156.90617712,43807861.841003105,7563704.934825993,11083139.019700112,8032244.0134115,0.275273548483484
1608,36350892.48231928,43881644.13397781,7530751.651658523,11074223.470493399,7988300.212922202,0.27865820712336653
1609,36490007.81298527,44055525.41030334,7565517.597318066,11119476.074548494,8020533.335859572,0.2786950318443628
1610,36324011.84127407,43890368.84893819,7566357.007664125,11033188.858973427,8003965.142360979,0.2745555936123348
1611,36071255.94877371,43635380.981973805,7564125.033200086,10997142.574477695,7934820.251149468,0.2784652742827307
1612,36402091.31252047,43918845.87978764,7516754.56726717,11031732.852049189,8012873.494537788,0.2736523262481501
1613,36516367.75046497,44099712.39168559,7583344.641220623,11070142.905646794,8018264.762884583,0.27568552355412423
1614,36504067.57378017,44005400.20534011,7501332.631559932,10998608.841277197,7967487.980828147,0.2755912956076239
1615,36337333.542637356,43901006.31780704,7563672.775169687,11061392.832298737,8012511.1154482905,0.2756327130836415
1616,36477355.8533726,43962196.41117072,7484840.557798119,11068832.95754288,8034558.567719551,0.274127760484055
1617,36243526.399466984,43801078.32318554,7557551.9237185605,10962456.497199124,7993024.488091047,0.2708728659371883
1618,36145101.6684429,43714914.10978976,7569812.441346859,11022826.352066899,7996908.332044694,0.2745138064753068
1619,36367676.77267414,43919426.17990766,7551749.407233516,11086415.18476082,8018682.912247393,0.2767109314767748
1620,36429154.42040152,43985754.10886285,7556599.688461322,11033687.097077267,8035970.1974444855,0.27168768456619113
1621,36382689.82296102,43921806.79942749,7539116.976466456,11100315.4657884,8012503.339202669,0.2781733668833545
1622,35961197.87298927,43542462.64879159,7581264.775802323,10920301.196209028,7919908.055303121,0.27475369836387764
1623,36283749.55237905,43793881.993342176,7510132.440963127,11048497.820017869,7993772.662484279,0.276483301829411
1624,36143288.7878127,43712458.03455301,7569169.246740306,11049572.912271904,8021918.256600105,0.2740064869212472
1625,36022051.20362091,43577765.375066064,7555714.171445156,10968350.918637447,7979328.493695562,0.2725133839274719
1626,36384022.60821275,43969227.23576385,7585204.627551103,10983298.569949064,8004702.883190737,0.2711931818832583
1627,36552313.305336475,44096322.3060291,7544009.00069263,10966157.762316074,8011018.109752773,0.269478126852989
1628,36396873.688077256,43934950.44520147,7538076.757124212,11118598.253423328,8018836.103457784,0.27879073236692864
1629,36343124.73388105,43893492.3771177,7550367.643236659,10919276.018067583,7966605.1971357465,0.2704090285881774
1630,36297800.50647741,43844683.29486429,7546882.788386885,11046478.273723109,8053209.629577372,0.2709704006991981
1631,36494588.04773319,44008048.82866563,7513460.780932442,11004151.448924959,8065043.309515774,0.2670908477633065
1632,36113925.624549925,43658104.11642979,7544178.491879875,11029451.711425008,7975751.705264436,0.27686779778883797
1633,36452732.10509217,44000095.75651658,7547363.651424423,11107513.744724402,8036947.980346664,0.27644041996672086
1634,36714382.32563026,44269712.92221293,7555330.596582672,11155844.167246249,8081621.054614235,0.2755706396166761
1635,36263088.26582694,43848111.52036719,7585023.254540252,10985354.629262982,8007659.481330872,0.2710604480623751
1636,36195110.63820853,43750093.25097461,7554982.6127660815,11036803.110669905,7972161.486126114,0.2776747572475066
1637,36610925.095176086,44166323.14964614,7555398.054470049,11069505.52485333,8048532.444830386,0.272909487532233
1638,36530827.13418836,44058778.258754835,7527951.12456647,11081217.104827845,8047091.594929367,0.27380796542435537
1639,36367243.57948781,43883864.333555594,7516620.754067783,10980293.828011757,7993437.374078934,0.2720197201201549
1640,36474399.58603005,44007171.10010327,7532771.51407321,11048316.4753841,8040869.450629422,0.2722086239523766
1641,36561592.59360957,44113673.72638829,7552081.132778717,11074518.602198303,8030519.261577968,0.2748651611832679
1642,36126318.33385562,43677453.104252756,7551134.7703971295,11010478.917195328,7994080.3937947815,0.2739570681789113
1643,36283944.34961998,43809432.964927554,7525488.615307576,11090131.947220419,7975440.9329181295,0.2808524757979044
1644,36894150.037706874,44406580.49619788,7512430.458491003,11098780.983359577,8080692.094800591,0.2719297635554763
1645,36437008.38125747,43964981.69197713,7527973.310719661,11073539.764047528,8026920.6877875505,0.27512603387684925
1646,36732024.23820822,44256568.87230432,7524544.634096108,11011965.793819115,8043509.434284302,0.26956643483227777
1647,36427057.73707237,43972089.87491348,7545032.137841106,11108499.80044964,8035698.371128588,0.2766171386343882
1648,36307645.11561164,43863109.21435966,7555464.098748009,11017939.795348413,7989740.405583894,0.2748426154082793
1649,36244178.44637217,43756227.62172089,7512049.175348718,10979535.577707777,7960638.803135831,0.27495669131045414
1650,36318179.100613154,43862266.09572092,7544086.995107759,11155811.258667896,8028409.615078703,0.280338343046029
1651,36423190.476958945,43970562.48874826,7547372.011789315,11065515.801528707,8042829.788391904,0.27316268553149753
1652,36192586.48401509,43779218.09673822,7586631.612723129,11052859.229269074,7992041.126406391,0.27692545787223377
1653,36328419.2575454,43864519.19791842,7536099.940373026,10979827.90169251,8005893.503155124,0.27085437268820595
1654,36326753.24211465,43851447.49657136,7524694.254456717,11042479.791103955,8053785.327131957,0.270654284228779
1655,36241248.64968472,43732689.33370081,7491440.684016092,11019680.108939465,7959857.135138385,0.277668947152002
1656,36247825.2321516,43788866.5982446,7541041.366092999,11097704.193438962,8007244.110751283,0.27847742459334784
1657,36903876.751009986,44432198.94218429,7528322.191174303,11159604.100277726,8100572.230142457,0.2741165226514746
1658,36561053.27557762,44115085.94384343,7554032.668265811,11026593.81762372,8060840.538110817,0.2689636825809945
1659,36296986.569340445,43832018.31286994,7535031.7435295,11050723.641640369,8002483.577731904,0.2758407650719229
1660,36179191.41520453,43724617.2324758,7545425.817271277,11174545.588306203,8015210.852691926,0.28272601428378596
1661,36482131.94335998,43994039.81242771,7511907.8690677285,11077250.000864604,8030208.961835929,0.2750719753360127
1662,36614497.33225133,44168542.34697932,7554045.014727991,11081899.484037839,8031832.7103955345,0.27522960102963967
1663,36447646.00454765,43993269.19501818,7545623.190470529,11088689.795545584,8061840.570772629,0.2729672558780447
1664,36677447.25771132,44218590.45100001,7541143.1932887025,11096701.519751616,8031440.756739468,0.2762317034080916
1665,36388611.18288879,43941008.97792859,7552397.795039798,11051833.885171695,8004554.040986242,0.2757261714070825
1666,36376554.62816965,43877438.05500258,7500883.426832924,10992383.60079733,7951036.103080047,0.2766777077809292
1667,36188248.57156622,43762346.641283676,7574098.069717452,11040281.673907492,7981098.900188338,0.2770928191940248
1668,36500925.86767888,44015635.584427014,7514709.716748132,11061033.07899966,8019474.996510204,0.27497956662512124
1669,36423547.23151903,43959747.4769249,7536200.24540588,11081568.950619973,8028927.08294283,0.27547018669286527
1670,36555790.47829373,44136188.82673763,7580398.348443886,11094059.126291757,8010803.323946785,0.27791953939004876
1671,36460190.90546834,43997309.97282575,7537119.067357416,11116633.874711875,8042954.925168345,0.27649367463072944
1672,36142652.18143788,43679786.34658206,7537134.165144185,10916641.762042884,7943643.2433406515,0.2723363634629227
1673,36482631.70229923,44048904.22230023,7566272.520001,11050283.345532112,8034927.224614985,0.2728759097508849
1674,36622544.57636224,44178527.607378244,7555983.031016004,11062081.719393956,8051575.966251165,0.27214640331799356
1675,36345073.000612155,43889442.77995021,7544369.779338057,11023756.749988621,7988097.648820536,0.27537428210861226
1676,36422819.55351256,44018333.10919957,7595513.555687013,11118694.200659055,8023285.713445607,0.2783967641658829
1677,36206298.7024468,43732580.06098655,7526281.3585397415,11029487.451105885,7928721.557750929,0.2811341784557771
1678,36680971.26305107,44212250.64609346,7531279.383042388,11020041.971197722,8048701.877357334,0.269630560537461
1679,36352607.764435455,43911082.63409103,7558474.869655561,11035868.812842539,7982098.728625838,0.276713155620607
1680,36736258.16698593,44258038.59854854,7521780.431562612,11130094.638419025,8042589.817627312,0.27740148858521096
1681,36442781.830481,43977252.7027621,7534470.8722810885,11037315.989295403,7992323.477848288,0.27588161056549587
1682,36090924.90060282,43669652.11032735,7578727.209724529,10981220.056175888,7960056.668355405,0.2751209221166064
1683,36470335.72899145,44005035.06035866,7534699.331367212,11059971.911848882,8049168.870089294,0.27222519783563137
1684,36750994.10507249,44283395.17778751,7532401.072715027,11136707.350657456,8090448.085523582,0.27353320593039
1685,36717168.47769801,44252552.98522311,7535384.507525093,11228962.399902757,8044426.851084525,0.2836001613867556
1686,36208113.338286616,43745004.64049263,7536891.3022060115,11040943.60520752,7985764.528474188,0.2767135840900718
1687,36424633.06144661,43966291.70961682,7541658.648170208,11035670.76119891,8027490.478097106,0.2725869906955249
1688,36213118.165084794,43738836.77334346,7525718.608258662,11160439.869874721,8031899.476952712,0.2803241117195435
1689,36431661.63019755,43984915.07531872,7553253.445121175,11105393.873840367,8015523.527228516,0.27823149558794896
1690,36345445.11492528,43880776.47330764,7535331.358382366,10995848.39038973,7986193.562229235,0.2737082871014214
1691,36254065.02486274,43777959.28561534,7523894.260752605,10985778.767945977,8003377.551730285,0.2714783611806989
1692,36038428.46839379,43589502.17242806,7551073.704034273,10969853.623766933,7977798.518687431,0.2727525095318511
1693,36516287.07981603,44063364.149114065,7547077.069298039,11011213.050990347,8006521.765446471,0.27287559251009447
1694,36268666.00329585,43816086.23711333,7547420.233817475,10947771.087808775,7989086.786233505,0.27025449087714326
1695,36235015.60028959,43775009.36363339,7539993.763343796,11173864.351496844,8032047.091728308,0.28117553255849753
1696,36008682.7150743,43554996.22261739,7546313.507543092,11020332.079598505,7969394.192725755,0.2768462751245788
1697,36022636.20043347,43557231.55417294,7534595.353739471,11108898.494940024,7952246.454269373,0.2841552690492644
1698,36429348.320774615,43955640.35706674,7526292.036292125,11029968.116479594,8009973.980412328,0.2737989905478666
1699,36641136.83564375,44202023.39377941,7560886.55813567,11124176.214675255,8034380.932721859,0.2777549746000312
1700,36146269.41312454,43681665.63118501,7535396.218060463,10998559.194086429,7997627.313811198,0.2728477273540279
1701,36425722.259172834,43965956.93828091,7540234.679108091,11096249.7981518,8028731.942271089,0.2764463590565201
1702,36661507.1649378,44197694.37839463,7536187.213456832,11098641.116431037,8065229.983622147,0.27331374183440005
1703,36524149.900755726,44061136.99243026,7536987.091674527,11050168.89183836,8040397.453035118,0.27237334273019626
1704,36533388.96969284,44090225.19198846,7556836.22229562,11073770.79543819,8066849.2213744745,0.27153547148568485
1705,36020001.99607802,43565124.53789763,7545122.541819611,10969845.8188651,7929123.670369119,0.27718914182611204
1706,36477839.85184348,44011513.38337302,7533673.531529544,10977174.120429074,7978112.372075958,0.27320890745202914
1707,36590605.22278599,44140965.27258548,7550360.0497994935,11046514.660016235,8019859.501185915,0.27399186548726956
1708,36378200.97305051,43885559.43030744,7507358.457256932,10947979.438991988,8015810.623205023,0.2678273951943902
1709,36283865.9107377,43824644.808836855,7540778.898099153,10995325.651437081,8010160.554876707,0.27149401401951345
1710,36170508.748270206,43727079.72225401,7556570.9739838,10931972.047149496,7972838.848553637,0.2706861292576622
1711,36406546.16433511,43957406.64777067,7550860.483435567,10989581.41350333,7967637.281669568,0.2749826420249802
1712,36061575.52086077,43599906.00142237,7538330.480561598,11052961.636997426,7947335.630057678,0.28097681951091996
1713,36615857.87848725,44138326.12273358,7522468.244246323,10870571.470004432,7998062.996135658,0.2642463169296106
1714,36454271.522463754,44014938.72138778,7560667.198924029,11049376.173270507,8000155.614935758,0.2759631413139055
1715,36638128.28525447,44173574.27166672,7535445.986412246,11064509.834989615,8095464.421805611,0.2683395340112498
1716,36537507.90327869,44091253.32379809,7553745.4205193855,10975964.411931217,7971469.39574283,0.273734034061044
1717,36066940.10746831,43613193.219308466,7546253.111840159,11010723.3631593,7992441.523565129,0.27412202995608975
1718,36473317.748624705,44049128.8402166,7575811.091591894,10974420.781712351,8001766.648016354,0.2708711642121098
1719,36158635.64406667,43753141.822328225,7594506.178261551,11022262.853037974,7956491.37950265,0.27814356402236684
1720,36312352.97183307,43858606.42538406,7546253.453550987,11034915.627996482,7948265.760822815,0.2797166712668454
1721,36671798.79418918,44201215.099316895,7529416.30512772,11056033.217810774,8026010.335626749,0.27406058054373367
1722,36240314.89356036,43826851.433276944,7586536.5397165865,11142848.102792792,8042030.926564336,0.2782786902974368
1723,36689725.76574786,44248784.581949465,7559058.816201607,11173078.253980635,8020081.3315325705,0.282195904367245
1724,36034067.77240591,43618857.827217124,7584790.054811215,10985127.035153057,7967717.180453783,0.27468138010997817
1725,36706441.64439784,44222810.664181255,7516369.019783415,11032069.854466558,8071764.9367866665,0.2683363101151278
1726,36460722.08326858,44030921.4512937,7570199.368025118,11072909.676671611,8014977.854608607,0.2761633492328986
1727,36624530.23099754,44219345.32967871,7594815.098681161,11111690.93855057,8089284.966156889,0.2720023432174337
1728,36493815.08481315,44029113.24684431,7535298.162031158,11214053.38995613,8042311.6259023845,0.28283633524471324
1729,36221919.66395982,43792270.2653013,7570350.601341482,11002326.644414872,8016509.07842887,0.27138055999288996
1730,36736672.18910529,44305539.0444191,7568866.855313818,11210267.301568344,8102105.425914119,0.277260282207489
1731,36254067.521782994,43835530.17276176,7581462.6509787645,11069048.389212158,8024838.297421346,0.27502003647916873
1732,36098760.35036622,43635653.99832784,7536893.647961616,10975719.270010792,7950509.937646811,0.27562743342295837
1733,36093230.476541676,43675307.10150152,7582076.624959844,10988397.507702949,7987298.869090918,0.2731152232623763
1734,36060468.799658276,43628784.563543394,7568315.763885121,11000482.770104202,7975880.827549184,0.27495174582473053
1735,36211819.31788545,43742315.452087045,7530496.134201596,11092690.557365695,7996332.723926721,0.2791349688721778
1736,36500290.122805744,44084645.27345693,7584355.150651186,11007144.963055527,7991680.976976781,0.2739551442449313
1737,36352817.524190426,43903769.42718175,7550951.90299133,10990003.092159135,8003987.850655774,0.27170285726614096
1738,36362221.29105202,43932509.947387196,7570288.656335168,11046340.521350047,8033613.849743056,0.2727352706341145
1739,36391250.774342135,43923237.16584721,7531986.3915050775,11107758.639674423,8035538.376531863,0.27658327506048597
1740,36226136.58762176,43801975.80462627,7575839.217004506,11137242.110247763,7994673.719620979,0.2821675563410081
1741,36311016.23265192,43847957.843244314,7536941.610592403,10934900.07489608,8030585.341880778,0.2656004822287234
1742,36349822.42253444,43908431.63740953,7558609.214875093,11054114.66040974,8005585.946221173,0.2757822591714973
1743,36194854.890387714,43692925.734697774,7498070.844310055,10971670.131951695,7931065.793537385,0.27713231457437487
1744,36215145.68872386,43767412.50765895,7552266.818935085,10957002.64720483,8036432.852854973,0.26654824210477895
1745,36559840.68578913,44088623.33741914,7528782.65163,11076983.722705988,8002947.918744323,0.277515601802357
1746,36131178.01115421,43696087.337748535,7564909.326594324,11061098.757493885,7982891.056606669,0.2782913134015491
1747,36029020.70220726,43634603.447645865,7605582.745438611,11019061.169532772,8005376.926344013,0.2734973694057953
1748,36494819.405787915,44021629.818347,7526810.412559076,11047814.998978201,8015067.59799863,0.2745110595407387
1749,36168050.46073773,43719162.723912984,7551112.263175257,11019336.650071297,7964511.259484057,0.27722407324468795
1750,36185680.79327298,43721146.97374961,7535466.180476633,10969125.635596374,7950509.204120458,0.27519207380395716
1751,36304630.14578492,43854481.811640725,7549851.665855807,11048223.683026634,7975183.740737044,0.2781478752109894
1752,36436497.518688954,43961284.823693894,7524787.305004939,11120187.754704116,8061438.72648988,0.2750627143791083
1753,36673739.175681695,44191166.662619814,7517427.486938117,11087492.737133374,8044126.425532167,0.27448643113051163
1754,36304849.52870123,43846650.39918524,7541800.870484011,10911958.795937339,7974925.254641058,0.2691573159522721
1755,36672054.575562745,44198860.391248584,7526805.8156858375,11170685.870310832,8073740.309573529,0.2772386222916076
1756,36181554.40844631,43720641.143655546,7539086.735209236,11035759.621462133,7978736.954361705,0.2770106247290118
1757,36555795.0670213,44072142.39703081,7516347.330009511,11081542.75979592,8012997.474432714,0.2769059644380885
1758,36592092.67550435,44161322.104031585,7569229.428527238,11134719.880555574,8049654.041470058,0.27706721607545143
1759,36746876.22015109,44272527.1438887,7525650.923737616,11083776.300755681,8078016.071788564,0.2711855731662671
1760,36494412.988188915,43991971.9900582,7497559.001869284,11053082.299237479,8007961.3999012,0.27549970378365435
1761,36496482.46803057,44032939.35216963,7536456.884139069,11021635.592207376,8015880.538262323,0.2727140657844115
1762,36341292.04109178,43917753.594313994,7576461.553222224,11095980.60412842,8037391.624580265,0.2756483711236989
1763,36357036.309922464,43930179.25887374,7573142.948951274,11140017.299948862,8023070.534246524,0.2797973002893493
1764,36385847.62087457,43905559.16018033,7519711.539305765,11089532.68970198,8038836.988509092,0.27509686715886966
1765,36075925.17164536,43606246.310906485,7530321.139261125,10934375.389874462,7973385.584207173,0.2707964287022053
1766,36455060.16777293,44011688.581542335,7556628.4137694035,11020405.496745713,8036095.2287374,0.27079858984223126
1767,36204739.0969796,43719853.43613854,7515114.339158934,10981189.173285957,7994184.464858943,0.2720110419091522
1768,36191040.84774612,43724256.671234,7533215.823487876,11091745.319716752,7969584.039824147,0.28148512158340244
1769,36492379.9127034,44048980.425965264,7556600.513261857,11091650.33677844,8061221.485098544,0.27321712816995286
1770,36380238.60743541,43907438.43058312,7527199.823147701,11065982.978566546,8003229.752791485,0.27677190826221576
1771,36288500.54751899,43831272.63184574,7542772.084326754,11070769.235124951,7980523.9573224,0.2791355516650034
1772,36654501.38583107,44192639.57272315,7538138.186892074,11009041.513589282,8059006.1759696435,0.26796477549641257
1773,36284517.090401694,43856755.67485828,7572238.584456591,11043417.6709275,7993979.11700475,0.27613177775124736
1774,36111937.440898545,43637327.138737604,7525389.697839055,11124912.057477113,7949227.761062006,0.2854570247394192
1775,36425192.936271995,43968344.23477913,7543151.2985071335,11031183.02127115,7992171.381486055,0.2754928128674002
1776,36580934.21700225,44118495.79095722,7537561.573954968,11110772.381670458,8035657.135883642,0.2767688095977793
1777,36439524.40033178,44013934.42939791,7574410.029066123,11096948.89080635,8015503.3708443325,0.2776840328168897
1778,36387313.55805339,43963140.580216125,7575827.022162733,10982535.689530315,7993962.236047101,0.27212053190341373
1779,36182389.98838179,43691633.66653243,7509243.678150635,11050964.51826477,7965403.8186557945,0.27921189091768733
1780,36064277.55903842,43607082.53465837,7542804.975619953,11033171.641642533,7946217.173727477,0.27978849311687987
1781,36164053.89319306,43724968.92979912,7560915.036606056,11121288.78523859,7990899.59540713,0.2814771965985147
1782,36078260.51165196,43653754.55682286,7575494.045170898,11037537.467569936,7926732.137671799,0.28183871076661654
1783,36197836.68942937,43718359.20825214,7520522.518822769,11063294.68198831,7948652.375506476,0.28152936317900434
1784,36392362.13868934,43947803.89570377,7555441.757014435,11000639.067383615,8029890.229024256,0.2700523869715435
1785,36321670.67788928,43820895.890434764,7499225.212545481,10932909.8315626,7997213.387241248,0.26851922219702085
1786,36300882.28749803,43843896.680905275,7543014.393407247,10998733.354627034,7947127.539769964,0.27745065876820224
1787,36550991.13888539,44100566.328058675,7549575.189173288,11046407.609655807,7996784.472438253,0.2760737467764487
1788,36740090.35313659,44306294.54397877,7566204.190842178,11104717.53288302,8108254.965183082,0.26983690119328885
1789,36197787.0936673,43738180.87947004,7540393.785802751,10896137.066202546,7931581.739676081,0.2720739752551271
1790,36540418.79559399,44109438.94472662,7569020.149132639,10932874.029767964,8021458.808722434,0.26629916462206976
1791,36315135.34535856,43819314.18530771,7504178.839949156,11097283.549264768,8036531.809030925,0.27581089792344976
1792,36277857.286051534,43827485.65698665,7549628.370935121,11047684.92692731,8009954.116190286,0.2749653733636941
1793,36486615.47722723,44053552.92694229,7566937.449715054,11000877.227195596,8073261.313562537,0.2661256782682397
1794,36289523.73692709,43844873.2094223,7555349.472495209,11149386.629372802,8030710.462612284,0.27971728584103783
1795,36397453.79959882,43959719.47628937,7562265.676690546,10936354.241404887,7983557.128245099,0.26999830546641757
1796,36398407.27964733,43939009.56009251,7540602.280445177,11052432.82231122,8031611.904866737,0.273317283715712
1797,36559244.93867855,44113330.29204962,7554085.353371068,11128090.711916545,8021089.453217879,0.2792034446099119
1798,36371027.58868922,43906251.360658266,7535223.771969048,11058817.7724075,8033915.507694119,0.2735285386708078
1799,36410476.60323779,43922222.67320137,7511746.069963578,11133330.068481598,8019060.586578807,0.27972488579309013
1800,36717241.51720913,44252188.38664028,7534946.869431157,11234181.40565282,8097760.093960971,0.27918556754955576
1801,36312002.3277125,43818748.61901755,7506746.291305049,10966521.382739378,8010614.373479558,0.2695391643436025
1802,36192803.438828945,43753233.33523367,7560429.896404742,11049368.00521684,8029375.014781756,0.27331816525698366
1803,36288904.493440636,43797370.930384204,7508466.436943568,11105226.935105223,8024702.432932898,0.27739410641257073
1804,36580889.94291927,44133499.672245316,7552609.729326045,11028274.641361747,8039789.10579193,0.27098396011661213
1805,36384611.02909445,43921261.90923906,7536650.880144625,11037302.984683705,7984812.240717609,0.27656128931152746
1806,36102808.21770608,43646975.34007656,7544167.122370482,10930251.328174578,7961360.25674574,0.2716214826438636
1807,36295541.22572447,43847253.69235942,7551712.46663494,11058804.12828293,8006500.650732784,0.27600664973745853
1808,36431484.291734695,44000653.88019969,7569169.588464992,11065189.45960537,8009980.23061543,0.27610997896993095
1809,36533598.7505706,44036014.32762426,7502415.577053668,11027772.501354015,8035139.132016478,0.2713724252989526
1810,36687774.74998032,44222882.39564867,7535107.645668351,11117574.646070514,8068287.142296121,0.27427632382501316
1811,36716919.58089506,44258416.76555132,7541497.184656268,11084587.169950014,8015106.948718341,0.27691425708238754
1812,36149653.039487034,43688130.99279743,7538477.953310402,10972081.270888923,7959636.622187307,0.27455544434347384
1813,36264262.76529586,43820710.404698335,7556447.639402466,11011320.976573218,8001669.175783593,0.2733234102604685
1814,36552852.61508436,44092038.43546559,7539185.820381221,10987112.55211709,8030568.74130314,0.2690919745101053
1815,36169611.44573875,43681324.5372791,7511713.091540348,11032144.945130382,7993813.732358252,0.2754071151062294
1816,36222357.99178465,43740705.456724085,7518347.464939445,11009760.242769687,7944935.233351026,0.2783734560824236
1817,36401629.82949049,43970798.42039423,7569168.590903733,11096076.384950059,8022591.689814277,0.27698842261976864
1818,36108846.59362979,43655753.67889025,7546907.085260455,11024080.424936993,8001028.402855187,0.27422260229919215
1819,36368661.89054453,43923904.804860346,7555242.914315822,11002277.400659127,8043584.79348188,0.26891637971244003
1820,36314508.211109795,43839033.94628935,7524525.735179558,10913479.785371345,7950099.196364502,0.2715339788303836
1821,36246574.05062827,43763751.70528145,7517177.654653182,11003192.795725506,7948721.4992370475,0.2775986346140415
1822,36205129.12539509,43764702.95819289,7559573.832797798,11071967.501714343,7983338.635864578,0.2789593507541937
1823,36525002.59054969,44045997.92758857,7520995.337038884,11062359.102586485,8033337.317318244,0.27381336631533026
1824,36462491.63907023,44034062.54260781,7571570.903537572,11079125.074422881,7994120.277763439,0.278452023597192
1825,36464882.418929055,44018431.19058722,7553548.771658173,11078087.732448243,8028280.7161505595,0.27530085425886763
1826,36334096.09655275,43854264.45166464,7520168.355111889,11039713.3015406,8017243.355191505,0.2737815615127711
1827,36203015.881348446,43787073.2740703,7584057.392721852,11062829.977972362,8019086.559823167,0.27513244117551416
1828,36528112.31124306,44049150.2934623,7521037.98221924,11030312.115759121,8022188.230113331,0.2727143034645459
1829,36408670.69913389,43961202.3221031,7552531.622969219,11122280.194487583,8002050.7049839925,0.2805386516921266
1830,36147522.149767414,43699943.288148604,7552421.138381194,10962653.73306956,7977541.085499751,0.27229836135068475
1831,36772228.41699654,44334493.55206385,7562265.135067319,11026201.744548004,8028521.27629373,0.27186882098692794
1832,36520294.56193226,44081789.15802453,7561494.596092266,11083516.777494203,8047185.940895654,0.27395012770351146
1833,35985741.77956119,43530783.137891136,7545041.358329941,10891560.941573963,7943190.163901728,0.27070231654473575
1834,35820486.44747763,43330606.31457324,7510119.867095605,11022518.440669194,7904112.82191273,0.2829122614347961
1835,36283180.85917894,43814132.8314704,7530951.972291469,11027193.417076841,8018724.914267056,0.2728226837982941
1836,36284457.26937161,43807990.50413578,7523533.234764174,11048792.434833338,7981752.071867226,0.2775905494700676
1837,36449153.3647437,44022521.79525791,7573368.430514206,11034582.566318696,8016041.3897845205,0.2735528198182858
1838,36421578.58012126,43983763.183879785,7562184.603758533,11032746.744067505,8026815.35102872,0.2724553968987936
1839,36146221.59369322,43677308.52838486,7531086.934691637,11068649.02414801,7976716.456089288,0.2793414590446568
1840,36415130.807992265,43960580.7379485,7545449.929956231,11073848.604061844,8072131.6358528845,0.27106357288539606
1841,36488936.43003861,44068092.04942902,7579155.619390414,11024647.310529735,8033413.260862862,0.27132242559904113
1842,36350673.54746804,43915559.68103897,7564886.13357093,11035150.574593294,8022928.625911751,0.2729660939667387
1843,36315114.134829134,43889288.929451674,7574174.794622547,11081861.598473681,7987570.674448529,0.27922122077858585
1844,36400838.5894652,43961123.69829016,7560285.10882496,11018207.356811266,8015784.817436818,0.2724964635484376
1845,36439541.449283585,43982893.89979485,7543352.450511262,11014044.081262069,8015889.250911515,0.27221198755244164
1846,36404535.59973656,43910761.92984461,7506226.33010806,11101906.084331227,8017829.984848963,0.27779699053975987
1847,36640673.861787304,44144581.94735411,7503908.085566808,11108357.199735267,8054604.893396092,0.2749058435402088
1848,36303655.592659704,43827449.915600374,7523794.322940674,10986348.964136383,8003593.373795002,0.2714965271973636
1849,36461610.33083309,43990628.12611069,7529017.795277598,11055735.802730225,8050669.743891315,0.2718105888616483
1850,36153981.798932835,43702266.60308168,7548284.804148845,11032994.427238375,7954922.5332423225,0.27898789528950324
1851,36187784.08008616,43746167.21213486,7558383.132048707,11117334.49506039,8017936.347787797,0.27878968188370196
1852,36155833.57886871,43710636.38486144,7554802.805992724,11025260.454723509,7953330.6460029455,0.2786265069506334
1853,36308386.50022861,43885377.793978766,7576991.293750158,10978759.609136024,8020148.384139349,0.2694850174635989
1854,36293922.93482246,43812201.93554735,7518279.000724885,11104930.74480927,8003173.319477834,0.279313531674322
1855,36580869.87673559,44134782.99715696,7553913.1204213705,10902866.327295417,8033470.855115645,0.26317808418839517
1856,36500467.76305402,44060185.70977714,7559717.946723119,11078948.500126146,8039298.623446123,0.2743626686815462
1857,36717292.34067228,44239125.47475222,7521833.134079946,11044119.356423741,8076882.580514157,0.2686711977794508
1858,36484823.002102196,44025945.840631254,7541122.838529062,10989160.54844381,8016796.632656279,0.2704814351091131
1859,36562062.07228652,44128622.170134805,7566560.09784829,11213843.148484066,8124547.124727627,0.2754894983682791
1860,36017979.88018299,43574752.801761605,7556772.921578624,11025663.41366442,7952713.250342273,0.27870886748762447
1861,36744597.16868209,44247788.00688039,7503190.838198302,11050859.230359912,8031251.832079759,0.27324639065027784
1862,36300996.84495777,43869375.56284414,7568378.717886368,10989649.1914892,7981319.394878431,0.2737421135281127
1863,36655533.28336586,44251268.241619796,7595734.95825393,11220192.8870189,8109923.397193189,0.27720285392099714
1864,36196933.53097483,43752518.94852467,7555585.417549848,11042479.326370887,7973472.340885524,0.27792734718154943
1865,36455073.46373837,43986575.64196864,7531502.178230269,11065458.594657207,7993373.707600847,0.27762833874229764
1866,36420030.88753053,43955509.30685894,7535478.419328409,11062309.400147853,7987442.637425633,0.27795884670167725
1867,36355274.988351196,43886096.88739848,7530821.899047292,11053777.950770626,8027254.644151997,0.2737999008210249
1868,36588488.92405379,44112340.16367681,7523851.239623023,11086938.127826313,8054534.6649107635,0.2735113543481168
1869,36268905.64092907,43859519.58470076,7590613.94377169,11073164.472059762,8059319.959301243,0.2721755393738772
1870,36500106.38449682,44047702.00839343,7547595.623896605,11100470.826740611,8027636.764594236,0.27682015565898654
1871,36073761.042314105,43634998.325279556,7561237.282965459,11088947.62648261,7978208.835397785,0.2805260603500158
1872,36691899.92082391,44292708.14689026,7600808.226066352,11062976.646261973,8067844.138115555,0.2707347763550086
1873,36769239.740011744,44304037.34074122,7534797.600729477,11134755.757884555,8127811.633601194,0.27005029923122775
1874,36325135.440538555,43845121.29569673,7519985.85515817,11022428.251919849,7985438.439762235,0.27552819966223335
1875,36254436.33618424,43829672.68135799,7575236.345173741,10999006.123695377,8011127.862076113,0.2716498407235558
1876,36103048.32172933,43660779.649882935,7557731.328153605,11056408.512192067,7947275.609994852,0.2812064061099703
1877,36374521.075037256,43938353.418709174,7563832.343671922,11011851.55055887,8002572.622114674,0.273276379964591
1878,36557318.975645185,44143205.78028257,7585886.804637384,11019783.257076846,8022846.001577082,0.2719597278444789
1879,36565160.095995024,44117660.175609365,7552500.079614332,11152996.147047352,8056547.205735467,0.2776338214849684
1880,36394889.8347515,43926073.533373795,7531183.698622291,10945575.55335696,7976280.232808113,0.271278134811118
1881,36420996.42205173,43955838.14926035,7534841.727208617,11065099.089510877,8049155.750654197,0.27256360873583435
1882,36693896.295700714,44224837.33253227,7530941.036831554,11246261.01947153,8087637.845532987,0.28085984919519225
1883,36426907.39004539,43983854.011043854,7556946.620998462,11057342.452670477,8027053.547376993,0.27405218914619345
1884,36190151.10247117,43730467.71812427,7540316.615653098,11078592.142754372,7978294.512301048,0.2798458134846116
1885,36273772.798549585,43792347.621807985,7518574.823258397,11031948.895319195,7987032.916268893,0.2760088908988915
1886,36482337.56305561,44006675.77909784,7524338.216042226,11181724.88176399,8047638.9679901805,0.28028644479396153
1887,36264805.517424844,43804514.69770665,7539709.1802818095,11071509.91959963,7993813.883598929,0.2779834059085589
1888,36366268.24798038,43926396.67130779,7560128.423327406,10900645.765017783,7962475.892286872,0.269540900242814
1889,36186530.63980515,43730397.50535966,7543866.865554499,11048832.630151873,7982937.787051642,0.2774858616948828
1890,36374912.329481415,43907215.77755601,7532303.448074587,11027326.664040841,8016039.075253144,0.273075032646602
1891,36013751.467560895,43573262.36384562,7559510.896284711,10980906.27144241,7936198.131827592,0.27727293762019123
1892,36471570.879679106,44009972.70441172,7538401.82473261,11112629.672394134,8029129.852052327,0.27747706089781804
1893,35976199.824150324,43541913.66531278,7565713.841162456,11078947.377190517,7948080.827993029,0.2825960303452075
1894,36379366.68633141,43920705.2596675,7541338.573336091,11097840.506524913,8023146.1905584615,0.2770533883739546
1895,36445456.290238835,43997106.00953568,7551649.719296843,11042896.506728629,8005227.020141871,0.275079050567562
1896,36642852.78668692,44175686.8629279,7532834.076240987,10982152.749776645,8046125.066959189,0.2673453693199786
1897,36086303.90774237,43657815.45996225,7571511.552219881,10901422.345070938,7988857.320357216,0.26717293693612687
1898,36279962.904797696,43797162.5194576,7517199.614659904,11119599.348305216,7991595.12034268,0.28130547962946956
1899,36242099.396038175,43787031.880846016,7544932.484807847,10946223.650315123,7980725.993386821,0.270915134905263
1900,36591240.90457182,44130815.070096664,7539574.165524842,11131354.198757634,8036241.852383394,0.27805353159274043
1901,36258161.30314551,43824145.450413354,7565984.147267833,11086357.403626159,7992962.122236685,0.27902720152046306
1902,36537125.402811624,44079392.46113299,7542267.058321361,11169043.686796185,8023066.541509338,0.28166933835221336
1903,36501796.72401304,44071798.4664459,7570001.742432861,11102739.282761563,8061126.267912732,0.2739515841438633
1904,36293382.116256185,43843798.370147854,7550416.253891657,10939948.71361614,7936183.891687071,0.2745684555349429
1905,36720979.50967651,44233503.329352446,7512523.819675932,11054133.013985578,8034701.998100877,0.27314950996740744
1906,36577601.61431277,44130064.76489665,7552463.150583888,10950278.06781843,8045766.0495327255,0.26524550338330866
1907,36434729.905820765,43970913.99842675,7536184.092605984,11050311.424915396,8041943.511300767,0.2722428172324258
1908,35940369.954196066,43454594.10437046,7514224.150174396,10949397.568289066,7923609.996755282,0.2763428355452973
1909,36317652.511367455,43885920.406981036,7568267.895613581,11094603.560538074,7974405.205412189,0.2812356780573924
1910,36356428.91844551,43894113.53285551,7537684.614410001,11108534.581594942,8037966.039949778,0.27641526603631444
1911,36113467.58566945,43673294.88038231,7559827.294712855,10997621.706594627,7982940.87504807,0.2741211610996612
1912,36166953.98643241,43718215.86459716,7551261.878164742,10950018.080192767,7993682.430302495,0.2699845450701053
1913,36099249.17736021,43666843.10053735,7567593.923177149,11043024.731377224,7987378.23982038,0.2767037624098267
1914,36213568.083880275,43778715.82200171,7565147.738121444,11047345.305006668,7964036.430705067,0.27909952926919396
1915,36206841.52326834,43751625.935524546,7544784.4122562045,10971768.612278627,7980383.075681597,0.2726438774191189
1916,36319502.7609955,43861424.32080695,7541921.559811458,11004171.999074934,8030058.563944675,0.27027144208399123
1917,36412032.07203442,43940331.36218017,7528299.290145751,10999684.708641779,7986027.153291266,0.2739767216221085
1918,36461623.98457229,43962519.46827412,7500895.483701831,10992504.434935851,8013522.738502594,0.2710011821296701
1919,36146937.92713443,43718383.88137944,7571445.954245021,11068674.693341235,7939870.256978519,0.28267200211828086
1920,36322489.81871256,43851341.11681283,7528851.2981002685,10952884.952176735,7981971.38392467,0.27124484382186786
1921,36287516.47692892,43829569.16498969,7542052.688060762,10968476.579528647,7984817.435329129,0.2720212896080903
1922,36554956.6289527,44078471.60044464,7523514.971491943,11023212.846415835,7980642.27287485,0.2760148620853554
1923,36484083.18121225,44017854.73304479,7533771.551832544,11093309.787627028,8014481.544367541,0.2775391927388048
1924,36628009.75754348,44160962.195935525,7532952.438392042,11166088.305626,8041602.179893799,0.2798192205015912
1925,36466801.71478594,44011357.12640175,7544555.411615796,11051040.459649991,7998543.473421421,0.2762180626678521
1926,36265961.31542664,43789063.40813958,7523102.092712938,10909076.45143563,7957712.934427487,0.270542014271038
1927,36363820.6599287,43945245.45552803,7581424.795599315,10986219.82448672,7996917.475720175,0.2720956249304074
1928,36230282.20768515,43767190.85219548,7536908.644510328,11015981.32566404,7974333.706401441,0.2761122708311462
1929,36305721.963509515,43850657.950879395,7544935.987369876,10958026.146818645,7975903.885120697,0.2721404586686192
1930,36780643.620957576,44305570.78368238,7524927.162724812,11122808.372673342,8098179.411590532,0.27193033087882346
1931,36389961.724562734,43928858.79439085,7538897.069828116,11116119.70989587,8051502.996421923,0.2756912298043842
1932,36253782.02018876,43795451.456258826,7541669.436070066,11171979.069223434,8025569.605212359,0.2816340278222328
1933,36030679.708492,43544130.37509329,7513450.666601276,10920850.221392268,7934543.560983744,0.2734500153256207
1934,36089067.6549456,43655970.98480095,7566903.329855362,11067452.494215703,8013335.506295724,0.27595483147690797
1935,36003933.47961328,43542374.9433709,7538441.4637576165,11031342.908969864,7965642.566287374,0.27790817201319085
1936,36335872.46315395,43880977.726594515,7545105.263440564,11101836.265136005,8022117.270624242,0.27740627054492367
1937,36478903.66819256,43979201.03572156,7500297.3675290095,11099230.803227564,8029524.658420848,0.27656926855814834
1938,36371425.646378584,43921241.18900432,7549815.54262573,11017458.581578813,8007189.6060553435,0.27322716516099627
1939,36733793.11540987,44256914.91035697,7523121.79494709,11082829.9308213,8055280.665420092,0.2731747472711466
1940,36548069.736301914,44073799.093515895,7525729.35721398,11047992.463555504,8034654.018691024,0.2727498642676225
1941,36302546.38347878,43825193.85118692,7522647.46770813,11099541.495308142,7974340.175680421,0.2815612988111956
1942,36309663.95124976,43843572.23024296,7533908.278993198,11025111.402582362,7985349.384999621,0.27571258979485247
1943,36119929.80511021,43639987.870921776,7520058.065811568,11016139.57043658,7978430.384566484,0.27575078968881556
1944,36425434.444219224,44009938.4573528,7584504.013133575,11020031.44057279,8027250.964199097,0.27157640089438234
1945,36371862.91612555,43933566.98370689,7561704.067581339,11131206.765071705,8021827.4535959605,0.27933892318239717
1946,36365584.478136376,43928430.86580695,7562846.38767058,11026755.38671446,8013451.601190162,0.2732720260716824
1947,36357571.505972505,43898232.08139855,7540660.575426038,10967617.440949695,8028435.082649191,0.26798731576162615
1948,36342571.86516653,43914112.556907386,7571540.691740848,10999134.462302273,8045034.136151163,0.26857570805010195
1949,36365666.08937267,43944530.99462601,7578864.905253328,11012601.20526364,8044466.255381921,0.2695216956065797
1950,36212509.17803152,43710153.31767001,7497644.139638492,10975133.389283061,7975906.892310316,0.2732747193670934
1951,36315290.662842795,43878060.60262436,7562769.939781574,10927181.278915104,7992699.21878443,0.2685488585965896
1952,36597696.37439366,44163921.26247874,7566224.888085084,11100289.52575506,8038789.833747216,0.2758035891680579
1953,36693263.02353074,44209745.57617869,7516482.552647958,11064830.663734462,8021484.597454332,0.27504678189561904
1954,36148514.796064496,43716725.791362844,7568210.995298346,11082076.669614002,8017690.492644561,0.276517323271341
1955,36884993.89472547,44436918.26904645,7551924.374320975,11025255.384963615,8102069.505830431,0.2651354346965842
1956,36311115.43726136,43865700.30421756,7554584.866956209,10995057.539024057,8007319.657594124,0.2717346290208801
1957,36137065.112710655,43685653.83670872,7548588.723998062,11120096.964752246,7985575.808525987,0.28187894099861344
1958,36488718.07562179,44021662.96876472,7532944.893142933,11064248.899071626,8050176.5863243975,0.27241544728807865
1959,36465173.873338126,43999792.63642856,7534618.763090439,11038824.886147413,8011030.001992893,0.2742859783883419
1960,36226633.11491675,43770481.61216406,7543848.497247307,10974616.61710518,7982977.519854745,0.2725962283354507
1961,36176300.6318575,43705550.77363904,7529250.141781542,10997394.819323964,8023006.328244653,0.2704630087348409
1962,36428540.60316095,43967027.29308002,7538486.689919073,11052685.755507387,8042944.53125593,0.2723085855174837
1963,36330256.81700145,43871724.26072465,7541467.443723205,10975122.591653414,8033054.479800103,0.26806699308222354
1964,36503553.861460574,44047553.876334056,7544000.01487348,10996089.471972749,7968867.647482355,0.2752998538440681
1965,36283032.850207925,43877985.94995818,7594953.099750262,10965767.929498646,7984488.260981925,0.2718714902306915
1966,36557686.39346899,44094452.30002488,7536765.906555893,11068192.092257299,7995362.685306697,0.2776270398397029
1967,36671506.09873877,44190259.41921576,7518753.320476994,11105322.681575486,8042604.071713915,0.27578834921589784
1968,36571479.8746898,44092019.16518691,7520539.290497119,11020985.34875742,8000544.8284607055,0.2740626563519803
1969,36294577.387064494,43860466.605305746,7565889.21824125,11033556.098100971,8020014.817609928,0.27312511521192306
1970,36266316.940598115,43819882.32696848,7553565.386370362,11027482.221241197,7981764.7541199215,0.27619336907699543
1971,36179245.594841994,43736964.36470016,7557718.769858165,11030659.098624308,7972057.244526943,0.27728187651804226
1972,36261781.4402111,43796093.816883974,7534312.3766728705,11018374.283146482,8010002.1607474685,0.2730323045025407
1973,36428963.24372272,43965775.8079585,7536812.5642357785,11092122.892168613,8046008.291602122,0.27461962242747456
1974,36431043.32181698,43950548.43992115,7519505.118104173,11046593.837420125,7990443.717812719,0.27665995188985365
1975,36200031.30507528,43749869.06415033,7549837.759075053,10958941.039954223,7977331.609213682,0.27207094370433765
1976,36281242.363723606,43793365.11274537,7512122.749021769,11054986.927592985,7970958.141985774,0.2789717261365139
1977,36342125.89768867,43940017.226887174,7597891.3291985,11078575.082699303,8006219.602727282,0.277324065327672
1978,36284691.00948661,43801108.67983778,7516417.670351172,11033481.394155756,7952781.970364366,0.2792137235508625
1979,36071984.733973846,43614984.01292914,7542999.2789553,11004477.728076702,7952775.867797863,0.27731455646393477
1980,36130185.091979004,43658607.247094035,7528422.155115031,10966428.933262669,7943098.101377912,0.27568963883170605
1981,36169667.4640847,43705312.46162389,7535644.997539192,10999511.112639109,7998933.553782339,0.2727919021245338
1982,36153659.12195326,43667768.454013005,7514109.332059741,11048409.306391867,7993785.808851143,0.27647631553381385
1983,36373884.314674735,43948847.377801426,7574963.063126687,11014695.994124064,8021254.543616135,0.2717679591070712
1984,36367371.41616094,43926133.09965323,7558761.683492292,11053833.760835212,8031221.027261826,0.27344474315171907
1985,36311128.22829738,43875447.34188077,7564319.113583388,11046348.049305875,8059971.793821317,0.2703496433531455
1986,36436406.8767785,43959040.69421417,7522633.817435669,11017085.616562074,8021442.040079238,0.27190889503295324
1987,36297148.113689035,43823745.45279467,7526597.3391056415,10927694.38068352,7975007.254173955,0.2702022058494719
1988,36470898.09246979,44028910.3740126,7558012.281542799,11010447.620931486,8015545.519251934,0.27200548104748007
1989,36378996.21561392,43915116.88675709,7536120.671143173,11132493.037331043,8072013.62701693,0.2749141095396406
1990,36294684.75834903,43834936.73413439,7540251.975785362,11001821.500445742,7973089.100996875,0.27529372289181
1991,36490832.73149752,44033264.77777848,7542432.046280956,11049378.687458932,8015932.671807642,0.27453543782459533
1992,36502047.66292056,44032221.32588143,7530173.662960869,11132136.035751257,8060175.781028814,0.2759542503663926
1993,36320442.51085782,43833245.33127283,7512802.820415007,11072629.708348239,7999630.581687709,0.27753110215034404
1994,36564499.06157282,44126625.93315263,7562126.871579814,11025430.118805252,8031796.961685009,0.271520759268541
1995,36085042.95973408,43611905.91459121,7526862.954857129,10971248.122235497,7988716.196714488,0.2718498289612367
1996,36284746.80082077,43870357.21341549,7585610.412594727,11006314.807742573,8015266.503149065,0.271757473490528
1997,36576720.836267576,44154137.33682006,7577416.500552482,10997337.845190154,8047959.084097215,0.2681902477318993
1998,36327177.65415873,43878527.55784976,7551349.903691027,11043635.24638654,7989960.822119248,0.2765098951693872
1999,36072755.75110636,43595653.913797714,7522898.16269135,10991451.638872603,7987650.337333245,0.2732852220280031
2000,36260336.52017314,43823040.58042936,7562704.060256218,11011449.836151822,8015162.1992254285,0.2721065510455531
2001,36111342.27963202,43652435.09434453,7541092.8147125,10958003.439871227,7935635.042355908,0.27581378433577464
2002,36297815.51945396,43869203.752879806,7571388.233425855,10982767.04248401,7974832.53306355,0.2738776574050091
2003,36191770.77778379,43753288.00788449,7561517.230100703,11037529.36399908,7956225.437177971,0.2791660909978047
2004,36251764.99086613,43819400.28646888,7567635.295602751,11020906.017738566,7982356.225948743,0.27570780359610747
2005,36245307.12443313,43814679.43091876,7569372.306485636,11030288.526683904,7924188.451113157,0.2815973551423093
2006,36286356.63804454,43850510.5356842,7564153.897639656,11007042.295954103,7969646.57451276,0.2759502180306701
2007,36110770.3444955,43647977.26924238,7537206.924746882,11012890.886491908,7944569.308995137,0.2786118203768172
2008,36341242.196156524,43881672.77289485,7540430.576738324,11054610.226056356,8005211.541949893,0.2758485936409457
2009,36349642.54179922,43898889.69854236,7549247.156743137,10957529.219438845,8039213.315045108,0.2663297396658176
2010,36189405.33258211,43702659.68553531,7513254.352953203,10945818.6161164,7984944.539174938,0.27050275368001553
2011,36272410.922835015,43807734.95377455,7535324.030939531,11146842.76786894,8032297.890317662,0.2794104969820722
2012,36722998.347427115,44267074.99963712,7544076.652210009,11087362.87446853,8052879.994131806,0.273688424803376
2013,36436585.13913865,44004381.25838755,7567796.119248907,11159689.700788587,8019682.296458896,0.28137049402975833
2014,36470354.48937091,44036886.057084695,7566531.567713775,11024221.151342928,8007208.374985506,0.27367128570256427
2015,36393239.8844255,43952384.942195065,7559145.0577695705,10973121.813961772,8000751.006906325,0.2708774091319681
2016,36300101.16096457,43836675.70122473,7536574.540260154,11076053.043349586,8012261.045475867,0.2766140597090511
2017,36518385.73206163,44104337.08762683,7585951.355565198,10974572.856407426,8017713.491107853,0.26942819588401856
2018,36186445.563084,43737610.158355825,7551164.59527183,11081079.92631146,8003397.211174799,0.2777421276268263
2019,36489574.438942164,44028480.688012846,7538906.249070686,11031256.905609982,8048528.410148078,0.27038881615974586
2020,36429478.43292831,43981629.61825482,7552151.185326506,11064271.731117263,8014321.408212429,0.2756575757559465
2021,36671170.48834213,44224663.15312781,7553492.664785678,11082225.664650923,8059972.012188859,0.2727117948971364
2022,36401693.52237864,43973783.44191594,7572089.919537305,11060829.443802293,8024038.8849457875,0.2745536014532896
2023,36350351.15693133,43851144.52285557,7500793.365924241,10991366.166064907,8021574.501541724,0.2701931333788343
2024,36128813.39866249,43687146.55543605,7558333.156773565,10971925.24007424,7967898.098732525,0.27379216278012014
2025,36335496.44604267,43900908.86184856,7565412.415805905,11044449.079859182,7957073.069971699,0.2795409700894603
2026,36270298.1900965,43808211.64574307,7537913.455646572,10978297.106613982,7968623.091077497,0.2741476192808881
2027,36531682.5129029,44065831.40159473,7534148.888691837,11032902.10707489,8064624.837279339,0.26903866643502
2028,36239896.95156034,43792957.965930186,7553061.01436984,11010221.778128644,8017613.813311843,0.27180269617833624
2029,36585765.730734676,44121661.38437359,7535895.653638917,11101783.469718968,8036034.929087726,0.27614919251427705
2030,36573374.4714385,44138285.761003405,7564911.289564915,11163544.61981776,8051341.858995093,0.2787826686604377
2031,36421929.41911789,43972726.412949875,7550796.993831988,11065622.234347709,8037540.674003161,0.27364765362632554
2032,36206627.43394133,43731057.2706708,7524429.836729472,11020926.148751715,7982345.036823371,0.27571014186248843
2033,36515547.72202061,44083827.56295216,7568279.840931549,11115003.936211472,8072653.54250813,0.2737156379937659
2034,36281882.186262384,43864402.64194758,7582520.4556851955,11182417.628436921,8033627.833466364,0.2815839919055764
2035,35904741.185756035,43452007.53022486,7547266.344468819,10875299.550099747,7908686.819624459,0.2727844614126586
2036,36317393.22504878,43884441.037564784,7567047.812516004,11040724.48175187,7979556.533858278,0.27726151059679977
2037,36442453.22140029,43989219.27505523,7546766.0536549445,11072071.62176171,8016105.616248595,0.27600670496989355
2038,36441309.50569596,43946032.71198351,7504723.206287551,10910827.675196245,8001249.935601962,0.266668838167857
2039,36296339.59990444,43865234.75434503,7568895.154440591,11108599.873235729,8034032.977432986,0.27677357460775825
2040,36069061.12569624,43602371.284850754,7533310.159154501,10957017.718218375,7968333.448750022,0.2727643913999545
2041,36539739.4758989,44074248.64977716,7534509.173878258,11184778.27315279,8073294.278365241,0.27818915304348507
2042,36515610.617719345,44063076.448867485,7547465.831148138,11080890.428814383,8024211.3196732495,0.27585139739245557
2043,35933131.9186202,43478465.60435222,7545333.685732023,11027359.251734888,7920339.025964629,0.2817556003067049
2044,36523487.635841005,44096730.44412877,7573242.8082877565,11072631.988759385,8072143.711042965,0.2709823898023911
2045,36221025.17723941,43775492.79361066,7554467.616371251,10992802.74910632,8013852.426799648,0.27099097384867116
2046,36351734.42895323,43889232.00901307,7537497.580059843,11035453.009464487,7972409.425230313,0.27756391890819293
2047,35773385.92146639,43349765.74166387,7576379.820197483,11046660.057853129,7944253.955087669,0.28084562089515397
2048,36117810.81057223,43713706.8671398,7595896.056567575,11125559.646533344,8051583.357892862,0.27629857609889447
2049,36387588.68497087,43896932.66726287,7509343.982291998,11087023.783833547,8000075.708413279,0.27842892155796367
2050,36426836.029065885,44020158.6674568,7593322.63839091,10985689.537664311,8020169.152634645,0.26994394615489664
2051,36321832.360562585,43883301.654553205,7561469.293990626,11137873.9309661,8015084.595159887,0.28037571220159624
2052,36511151.476384744,44011596.629903756,7500445.1535190055,11087951.574788881,7974612.737356561,0.28078575347598406
2053,36274858.2105421,43826682.4816406,7551824.271098503,11010471.823086929,7994119.314564265,0.2739530654987853
2054,36372242.550249726,43942914.83288491,7570672.282635184,11097620.834667277,8035547.142450246,0.27592163562225686
2055,36400825.301509224,43949336.5739723,7548511.272463075,10975203.896100124,8036391.7253192,0.26776834385966963
2056,36272671.65696423,43833531.32374572,7560859.66678149,11051066.07715487,8025160.54073887,0.2738111884672603
2057,36407510.418735795,44004129.03457157,7596618.615835782,11088342.878023392,7977157.475496304,0.280581637558604
2058,36659502.65692457,44237731.761668876,7578229.104744315,11041682.433538191,8073079.252441067,0.2688542438134463
2059,36296871.51981521,43850240.08965375,7553368.569838544,11098299.970884217,7967709.091007361,0.28207841634212355
2060,36365496.68689314,43977087.43646437,7611590.749571227,11040013.296712829,7966295.512685241,0.27841613061668946
2061,36386322.375316806,43932312.029052086,7545989.653735277,11067922.889142742,8053625.907269651,0.272345318273767
2062,36335004.04705303,43880944.05240635,7545940.005353313,11104496.406666545,8015595.085528133,0.2781667180588217
2063,36329477.221344136,43869733.404529415,7540256.183185279,11073110.16132895,8012588.561659084,0.276392229019652
2064,36454462.69212532,43998840.78695925,7544378.09483394,11045899.450278034,8045862.117980941,0.2715973783575931
2065,36394433.67139617,43908946.338415414,7514512.667019244,11076176.77559996,8034323.477963652,0.27463025909240607
2066,36359995.535763614,43907891.96165092,7547896.425887309,11080073.397995852,7953921.92166885,0.2821417660367174
2067,36591219.552462436,44103422.630690455,7512203.0782280145,11041595.660603732,8036154.124577149,0.27219268196443375
2068,36343003.82478361,43888338.0183893,7545334.193605686,10963980.853232842,8028868.612968107,0.26770497682867506
2069,36017693.95413281,43578145.01958752,7560451.065454708,11031363.848986,7954121.101549227,0.2789539706570038
2070,36225806.66353789,43782100.916522905,7556294.252985004,11090811.207531033,7974734.436734744,0.28096022125778936
2071,35971806.22809742,43529129.64316979,7557323.41507237,11001339.115533195,7962158.66225087,0.27625550138629895
2072,36436649.80063138,43973229.20720887,7536579.406577481,11158407.031795846,8091418.36280219,0.27485900633076765
2073,36303535.58447785,43837934.85886169,7534399.274383839,10985332.617403494,7984448.324917795,0.273171909945772
2074,36788524.9522825,44328588.52019482,7540063.567912315,11000395.74041468,8060573.655028328,0.26724693863382143
2075,36506434.724713385,44073441.31151096,7567006.586797577,11087152.170663333,8029622.978481036,0.27577227633553514
2076,36398649.578100964,43931106.117645666,7532456.539544696,10981890.906600552,8034030.438389911,0.2684292252838589
2077,36192848.28870262,43726098.80067711,7533250.511974493,10979553.514735797,7956531.591193387,0.27533195402574195
2078,36591469.59855205,44143965.09675768,7552495.498205635,11007944.22654863,8044650.893379621,0.26919588909455294
2079,36633553.62922986,44202640.12625279,7569086.497022925,10986134.598590748,8059219.692948432,0.26641899199175734
2080,36315228.36707108,43839754.47912225,7524526.112051169,11055035.785036393,8000348.392472612,0.2763163730956412
2081,36374589.141660236,43899696.95465785,7525107.812997614,11025275.956824541,8047289.356430556,0.2701054025364907
2082,36019321.642363615,43603637.060290545,7584315.417926939,11088358.068255024,7970002.72163999,0.2812278722800814
2083,36580109.61322735,44093443.63942741,7513334.026200061,11077503.522453958,8010865.896833113,0.27683472358233147
2084,36419691.66353074,44009128.32232342,7589436.658792685,11140632.024853747,8053785.367455502,0.2770800301555395
2085,36162186.98761725,43739191.38569732,7577004.398080075,10977339.15986466,7931291.404755784,0.27748507272562317
2086,36506791.08795519,44065738.70162153,7558947.613666338,11059134.675350282,8016549.38608624,0.27511965253896975
2087,36321134.94698005,43842759.63772308,7521624.690743035,11013513.844075102,7997182.962427577,0.2738754337944751
2088,36509960.103310116,44040052.63521416,7530092.531904034,11069307.193661578,8041799.081477005,0.2735047514010779
2089,36370826.53845764,43892130.42783413,7521303.8893765,10944594.579337457,7938054.215743947,0.2747055034153229
2090,36102208.600608155,43641947.71029483,7539739.109686664,10953858.14165522,7943642.802366491,0.27480868387746527
2091,36058797.50338844,43593631.0374979,7534833.534109458,11020834.317815473,7928930.861760453,0.2805507611213132
2092,36548506.54702119,44039501.09090388,7490994.543882691,11135018.844059514,8029408.938609883,0.27890477321522095
2093,36164132.04887581,43685448.57811481,7521316.529239001,10992075.285764165,7964696.705568781,0.27541465114564323
2094,36396089.49438184,43917061.077050425,7520971.582668582,10967344.616366895,7959936.781022118,0.27421476579269083
2095,36408983.29251334,43943466.37987603,7534483.087362701,11115991.433656065,8027648.572299237,0.27782882703617445
2096,36620828.36179912,44124287.87753192,7503459.515732799,11116514.699328013,8065696.586434261,0.27444016361334655
2097,36472456.53543703,44005108.20204035,7532651.666603313,11099088.379973117,8024476.424859708,0.27701481868196964
2098,36680864.0478924,44194424.545200646,7513560.497308249,11016854.589561451,8108825.759160945,0.2639618056823482
2099,36604828.3954166,44147946.96284979,7543118.567433183,11176910.46742409,8063253.176897369,0.27857942493157645
2100,36121947.26968936,43635328.93574149,7513381.666052133,11000670.92371204,7955624.21641735,0.27680554471737406
2101,36670298.800540864,44162433.11618589,7492134.31564502,11104199.613645963,8035485.2749635745,0.2763561936432809
2102,36483893.58917327,44109112.88011892,7625219.290945653,11103063.751872083,8032028.697547133,0.27659348112876897
2103,35922107.79154644,43512949.872325614,7590842.080779175,10942227.557069749,7988170.414616503,0.26996853493004136
2104,36400497.07231278,43936246.02570897,7535748.953396193,11043780.021430379,8060300.050666872,0.2701502533529357
2105,36595676.44637631,44150998.74896358,7555322.302587274,11037801.09969873,8072567.301829929,0.26864352519903034
2106,36568472.738667324,44114963.88532134,7546491.146654014,11106421.033103192,8044180.897261743,0.2757179947270415
2107,36624628.74209175,44196154.78619417,7571526.04410241,11165754.013731983,8073565.629020341,0.27693502659191443
2108,35998327.96675532,43548180.942757584,7549852.976002257,10946114.685049463,7919191.214216281,0.2765294862995951
2109,36267404.23179783,43806795.092474595,7539390.860676774,11096747.633622143,8025228.533249434,0.27679453491996914
2110,36604067.07130355,44153188.28144417,7549121.210140625,11161381.556298971,8090414.213742419,0.27514222384266035
2111,36398400.221483134,43932401.609237574,7534001.387754445,11058721.734296922,8000345.300460699,0.2765578615068267
2112,36369787.98881224,43909973.9330976,7540185.944285361,10968093.992792703,7992860.980345864,0.2712625379032956
2113,36292381.91118603,43865085.09810298,7572703.186916956,11016199.313905524,7944201.36637634,0.2788618705955568
2114,36456255.509507135,44047313.68674387,7591058.177236739,11113217.34615871,8069620.016994654,0.2738718441618598
2115,36638906.45366297,44179514.90121528,7540608.447552304,11112378.060319997,8049987.51689099,0.2755837253561567
2116,36192422.16736111,43738359.80786623,7545937.640505113,11045150.654184643,7989834.340500709,0.2766206101975056
2117,36097031.73897625,43669682.58156657,7572650.842590326,11038529.839145472,7955933.901472422,0.2792578343849169
2118,36299360.759615086,43824297.10252961,7524936.342914526,11057819.750983106,8002807.5866065025,0.2762761767847586
2119,36460443.78895444,44002669.193572015,7542225.404617571,11008728.674138267,7982370.791205341,0.274905302193745
2120,36366825.544372484,43926762.577436045,7559937.03306356,10975947.470928485,8029110.13806717,0.2684813626036818
2121,36615019.11128209,44163906.98565869,7548887.874376608,11065327.469190085,8075865.474880991,0.27016480105381874
2122,36325635.40878735,43882728.81432286,7557093.405535515,11046022.677900936,8004432.187492853,0.2753561692837366
2123,36356205.437947035,43871255.2857719,7515049.84782487,10891816.587586965,7941723.597296003,0.270854082656247
2124,36468492.27900223,43992478.527520195,7523986.248517968,10996717.471070573,8018058.463044018,0.2708680127376748
2125,36522790.72598124,44118443.05508711,7595652.329105869,11143615.845563317,8060700.554923999,0.2766530481097605
2126,36399680.21483727,43906064.812309936,7506384.597472672,11016881.894708497,8005061.17520958,0.273382318906906
2127,36371029.505411044,43909996.440496325,7538966.935085285,11052682.290587675,7991869.604392438,0.27692940100176283
2128,36313394.57674543,43835177.68137494,7521783.104629522,10985522.053493643,8031978.96816278,0.2688577812641658
2129,36060137.06141426,43562319.429864876,7502182.368450619,10962610.139625443,7937098.152462619,0.2759846376573048
2130,36474878.199190736,43986661.99363417,7511783.79444343,11147989.318037862,8018354.276419941,0.28073538216923605
2131,36405791.37863355,43962530.848037705,7556739.469404159,10998080.644785358,7999248.157651581,0.2726687122953264
2132,36647620.682259895,44207094.66457802,7559473.982318126,11189940.945540247,8071427.197642835,0.2786890264278201
2133,36442735.722443506,43936615.918061145,7493880.1956176385,11110601.142024,8028027.46068913,0.27744436524460836
2134,36225669.91655443,43744386.398570456,7518716.48201603,11038144.698587505,7969125.02195823,0.2780376377039161
2135,36601222.46109357,44144641.51502222,7543419.053928647,10933675.443599721,8051773.551449106,0.26358034011679055
2136,36282654.25213422,43827637.952951886,7544983.700817671,11051289.439063055,7989502.574206473,0.2770524545338634
2137,36794015.06431167,44312726.11134573,7518711.047034058,11075589.888747705,8066201.322111805,0.2717136149735286
2138,36718593.077004224,44249633.18784165,7531040.110837421,11054380.0034887,8102179.586324523,0.2670616005811705
2139,36151874.63230567,43697416.85888485,7545542.226579175,11024735.553344324,7985226.32093065,0.2756990603272699
2140,36562832.20457637,44084677.835454606,7521845.630878232,11045017.592298305,8024264.632291028,0.27349462640183103
2141,36300900.231560715,43845445.47227028,7544545.24070956,11044719.422959294,8004057.256292563,0.27530460939966767
2142,36355840.50575702,43900490.88892338,7544650.38316637,11041972.817700475,7984100.419654388,0.2769317085389184
2143,36383979.51747045,43933038.14602762,7549058.628557175,11093482.004762746,8042293.900233695,0.27504331851974784
2144,36598090.15444308,44125112.79598657,7527022.641543496,11073180.225574475,8038815.793493178,0.274028271035738
2145,36202461.89282254,43757268.843089096,7554806.950266545,11110167.606983839,7972830.415582702,0.28238432599603724
2146,36548036.06427761,44071116.87709141,7523080.812813803,11065650.96719341,8044284.826213533,0.27304007237688865
2147,36260725.44013028,43865818.16376057,7605092.723630298,11104710.356485596,7988743.781326583,0.28059863563565746
2148,36421846.11182562,43956935.78031476,7535089.668489136,11015203.056117808,7976363.0873666275,0.2758768906273969
2149,36356075.221060574,43891941.78002844,7535866.5589678595,10991592.70128647,7986620.915497132,0.27338820382578705
2150,36178168.3808345,43715102.312326364,7536933.93149187,11071168.99185154,7980465.720089983,0.2791668408310213
2151,36604520.841012396,44119919.45603262,7515398.615020221,11033528.897590267,8062201.552704413,0.26929981989124024
2152,36261908.32609754,43803926.5075141,7542018.181416556,11104917.907433745,8038067.383228628,0.27617048138213934
2153,36367503.73277186,43914386.457214154,7546882.7244422985,11030758.46439112,7997764.303025089,0.27495789805904763
2154,36502441.04535155,44042996.12003517,7540555.074683623,11064459.061396113,8015703.945423633,0.27554488647434955
2155,36445629.30374349,44015383.864448294,7569754.560704798,11100507.164293092,8060089.458908161,0.2738989904141512
2156,36249133.13895234,43785219.60371574,7536086.4647634085,11043182.017598545,7995002.667879273,0.27602364471233537
2157,36389175.23141303,43911994.11126826,7522818.879855232,11154520.96359544,8005099.161145434,0.28234487278554116
2158,36488215.71162705,44061209.22385502,7572993.512227958,10980082.724011984,8042728.423317167,0.26751659113380016
2159,36270395.65176056,43750132.65747141,7479737.005710851,11115053.804286068,7982956.453003668,0.2817887710156323
2160,36617030.699454196,44134241.92538071,7517211.225926519,11060115.894285398,7999926.173451517,0.2766869488605483
2161,36402480.21735126,43948004.74346085,7545524.526109603,11022725.651460903,7998274.193397953,0.27438326541875807
2162,36245987.04654375,43798697.6205733,7552710.574029554,11154286.064493723,8030505.524682744,0.28005203755304287
2163,36506977.52048766,44045998.14031516,7539020.619827492,11012106.638048515,8044516.749307675,0.26948430361974174
2164,36296918.72590635,43825914.35949333,7528995.633586967,11074999.89455619,7982195.612757233,0.2792599829566767
2165,36613199.532172725,44171513.26759821,7558313.735425491,11062008.612729646,8021773.660546779,0.27483570648139855
2166,36354674.03582212,43902994.21711509,7548320.181292973,10944026.716248756,7984040.01766589,0.2704659605945708
2167,36188279.52145934,43731956.232311055,7543676.710851717,11001627.87417232,8006711.934413543,0.2722247992762701
2168,36399979.03572985,43961749.11073924,7561770.075009389,11073702.996325046,7984342.497114133,0.27898170108374387
2169,36802652.66377455,44390501.54898116,7587848.885206616,11068850.903362751,8088683.891432874,0.2692390599483541
2170,36290354.97495719,43848137.57950036,7557782.604543176,11056079.93602631,7965167.547489024,0.2795667548011776
2171,36426382.297529824,43975156.98332238,7548774.685792557,11006167.376673257,8023725.106403956,0.2709791854147487
2172,36354073.59225223,43920806.464627475,7566732.872375247,11058219.554057032,7988056.903492374,0.27763625378899975
2173,36324268.82486378,43895535.40067758,7571266.575813804,11074943.704829738,8029675.377092871,0.2749691925213884
2174,36604337.56333398,44163829.22062422,7559491.657290242,11009315.181225456,8007142.883107525,0.27269382779027285
2175,36150171.07807496,43734627.182892516,7584456.104817547,11082164.060168957,7991830.49402626,0.27885650757056035
2176,36334603.98108895,43862266.97298273,7527662.991893779,10964510.116730731,7987609.999837115,0.2715032486815045
2177,36409623.65353136,43984902.9588192,7575279.305287838,11099134.461151842,8013815.582731355,0.27797833148336326
2178,36223757.63877502,43824853.74476792,7601096.105992904,11113741.408995064,8009122.385306753,0.27934958259650916
2179,36440416.78493281,43998032.46247733,7557615.677544525,11100955.09838982,7988677.975472376,0.28036120273731
2180,36380190.95419197,43922325.439163,7542134.4849710325,11092752.723872598,8016769.498504414,0.27729665502669976
2181,36573123.53424569,44122360.95672629,7549237.422480607,11127826.18583856,8052034.99109919,0.27640539521130086
2182,36657315.850255586,44245973.96204389,7588658.111788301,11118034.874028202,8115215.075911868,0.2700854811249908
2183,36356067.5392756,43926139.04073641,7570071.501460804,10936940.916338608,7973528.310131017,0.2709544313054277
2184,36510375.19701467,44035248.32758102,7524873.130566355,11077027.54167015,8013582.0717167705,0.2765584411909375
2185,36479630.047732025,43995985.938262895,7516355.890530854,11056213.113261873,7993029.526948158,0.27705540359378944
2186,36312591.597971894,43821085.234814286,7508493.636842395,10966153.413781378,8022851.179683065,0.2683987833326687
2187,36026053.644586176,43555088.054500535,7529034.40991435,11022502.789152859,7973291.043412867,0.27663515301993774
2188,36544937.00009872,44076720.79039754,7531783.790298825,11066394.330570564,7996760.786895374,0.27738335106995277
2189,36007862.79866429,43587871.76304877,7580008.964384479,11010751.491900101,7960853.346296038,0.27699273277102626
2190,36311500.18185137,43869247.55118081,7557747.369329447,11051247.831198195,7969761.342265842,0.27883606774550573
2191,36459380.296844766,43950102.40640134,7490722.109556573,10964713.382147646,8051639.074634064,0.2656771961095258
2192,36180683.93102667,43764207.0929977,7583523.161971032,10980869.495286074,7994197.204204636,0.27198868836056855
2193,36421724.61924437,43976890.33022217,7555165.710977798,11032307.018099982,8031495.958821278,0.2720021346718751
2194,36356172.7723578,43919585.76263349,7563412.99027569,11067972.58447622,8003985.260331097,0.27683365682009614
2195,36386355.61694397,43932477.718580976,7546122.101637016,11042270.559874572,8017967.001104073,0.2738842108941091
2196,36422249.935408965,43965196.479618065,7542946.544209103,11128162.413363617,8048284.021536612,0.2767643279656336
2197,36464732.14942551,44001102.2433556,7536370.093930091,11126962.270388741,8076521.587914838,0.27414855989866943
2198,36357432.42195184,43910095.885307565,7552663.46335573,11014426.413125277,7973712.887307235,0.2760664433868833
2199,36378693.654693924,43947003.61581278,7568309.961118853,11030231.456486655,8012409.598999579,0.2735955151432798
2200,36293396.31944396,43887117.75704572,7593721.437601761,11103340.139125384,7962072.8547467245,0.2829119206489606
2201,36296621.88475128,43811130.86009114,7514508.975339862,11044500.490855714,8014525.352345435,0.2743424332335306
2202,36336553.9238544,43863295.39375057,7526741.469896156,11084884.916153312,7978592.966701574,0.2802277130478037
2203,36008029.98132071,43582857.60163005,7574827.620309332,11048696.933572173,7997433.264714302,0.2761650253602677
2204,35959654.97923439,43526941.61092525,7567286.631690858,10981117.909402039,7946616.203071514,0.2763381407399681
2205,36524035.704378724,44066360.42776297,7542324.7233842425,11230394.8554936,8061656.971441353,0.28215729943833523
2206,36484860.21955515,44047302.46021255,7562442.2406574,11064674.095078994,8022148.566322817,0.27497651558569974
2207,36612292.77127754,44132687.80960918,7520395.038331643,11068740.275952073,8057302.933133103,0.27206685383716284
2208,36734278.51057216,44310662.6872963,7576384.176724142,11243365.266333723,8120497.213074909,0.2777520768278954
2209,36438838.24107361,43970203.53460464,7531365.293531024,11097876.319927791,8031642.883147513,0.2762901070788135
2210,36145117.0787291,43697043.162863255,7551926.084134157,10898425.583562676,7955146.387741169,0.27006462293605477
2211,36281135.60488467,43802941.045041196,7521805.440156525,10981816.705803312,7935811.585889242,0.2773680531659591
2212,36204856.38744994,43732917.51683083,7528061.129380887,11092075.63558788,8008579.723469201,0.27799088407092837
2213,36356303.63306821,43970822.638457924,7614519.005389716,11049945.28237456,7986096.188674266,0.27727278419987733
2214,36227824.97619097,43806687.50796172,7578862.531770738,11074933.828797456,7965542.235039007,0.28075938347128476
2215,36208896.247262515,43754401.54883155,7545505.301569033,11120161.309420966,7971121.10962237,0.2831829604064051
2216,36720276.41066997,44315880.6116883,7595604.20101832,11076278.891175466,8073589.89787739,0.27109185519789825
2217,36354347.14611863,43910983.9979992,7556636.851880563,11021272.088149898,8009463.222851555,0.27327234471750755
2218,36241908.96518887,43782332.40404232,7540423.438853454,11103312.861303898,8018941.638666256,0.2777883737192499
2219,36524795.268249266,44076127.425894104,7551332.15764484,11026052.475496367,7996402.861462532,0.27477192048257937
2220,36418293.601189,43960798.90735199,7542505.306162999,10990485.507269943,7993572.837186791,0.2726824641277918
2221,36233863.54909514,43735215.26120788,7501351.712112733,10991171.743147604,7960101.998248488,0.2757731218956544
2222,36352726.931219906,43906850.25059289,7554123.319372974,11066996.93969514,8014482.99158241,0.27582134202675734
2223,36417330.75666127,43951224.89160473,7533894.134943454,11096289.211458176,8018255.583029578,0.2773930608486826
2224,36664146.63870318,44207157.37666921,7543010.737966033,11113028.62496112,8047418.169380685,0.27585733457886774
2225,36148448.772049904,43702022.04250854,7553573.270458633,10879366.321013976,7944659.144720478,0.2697498263869451
2226,36450215.20040647,43956009.76621702,7505794.565810558,11031654.558166446,8029942.470152265,0.2720998987220907
2227,36044277.72015084,43607393.19019628,7563115.47004544,11078542.449247718,7976015.208075921,0.2800483236296551
2228,36444681.247645035,43961743.66776654,7517062.420121497,11079127.532005835,8026701.201786863,0.27551143548090756
2229,36287254.93118845,43826960.95561433,7539706.024425889,11006223.662244007,7975072.094260912,0.275403413650517
2230,36772912.513686135,44304863.284165725,7531950.770479591,11051532.895556703,8106051.747024196,0.26652240701529695
2231,36693242.903117836,44241599.107501104,7548356.204383262,11076122.081768362,8000490.561496196,0.2776812586180094
2232,36304252.03008266,43869581.015498094,7565328.9854154335,11003007.113394352,8028226.480707914,0.270360693402182
2233,36223651.90751155,43769930.30960929,7546278.402097747,11043018.687938344,7955798.566350812,0.2795630623137064
2234,36277761.14816359,43813211.894301645,7535450.746138061,11108915.435038863,7999624.622032559,0.27989148276340503
2235,36233755.99221811,43764024.24633131,7530268.254113207,10940863.242102332,7990847.827165427,0.2696327839639505
2236,36591716.12729196,44139198.95367653,7547482.826384567,10993021.975995606,7979854.574949665,0.27409818770721117
2237,36228444.71671716,43774810.96850425,7546366.251787091,10915162.709272312,8022011.949180079,0.2650579599362759
2238,36690081.671144366,44274581.8439883,7584500.17284394,11034060.096562542,8073662.021765856,0.2682963522845905
2239,36471115.28843276,44018194.7880018,7547079.499569045,10949165.616772842,7998444.884821778,0.2694927481442882
2240,36383051.246622495,43933385.15682439,7550333.910201897,11064407.01886015,8051358.537071812,0.27231902049991114
2241,36355971.400619134,43899348.51128843,7543377.110669292,11027731.601512484,7985483.842303541,0.2758724884809212
2242,36586976.66540405,44144322.802713856,7557346.137309799,11089547.348121937,8049631.195814185,0.2741244576427707
2243,36494548.39689349,44056585.61331985,7562037.216426372,10983729.936590135,8036422.385433369,0.2683339419461135
2244,36364337.432460934,43914764.1367102,7550426.704249265,11147044.266395595,7972639.757452421,0.28477544657401993
2245,36563285.42876256,44102345.66691792,7539060.238155359,11091154.257200956,7998377.673760237,0.278850741024788
2246,36541837.992500216,44084030.5193532,7542192.526852992,11012159.191864667,7984544.871127458,0.27493375894655486
2247,36163006.192497805,43687274.984219134,7524268.7917213235,11045023.180656135,8010761.2175085945,0.274717573111267
2248,36263791.369207926,43804274.04873178,7540482.679523848,10991295.650489394,7948458.6641273,0.2768406094350314
2249,36415661.875949726,44004429.18502145,7588767.309071726,11011605.62231732,7972702.684130922,0.27597273662139027
2250,36679796.71935628,44254827.17270073,7575030.453344453,11008069.509913607,7988583.377424683,0.2742975169051799
2251,36449827.66609028,43969997.6066343,7520169.94054402,11068686.157222334,8049749.210526392,0.2727457354752155
2252,36277647.54706172,43841736.593714215,7564089.046652495,11004106.703996463,7997232.1317332415,0.2732502194995244
2253,36368206.79025244,43933301.22266031,7565094.432407873,10971531.301115245,8013653.372715816,0.2695957243542443
2254,36379974.06418104,43952754.04239998,7572779.978218945,10965614.350975817,7975339.417389206,0.2726956135677442
2255,36279567.01587986,43814255.40650081,7534688.390620951,11084050.452595768,7991257.264200777,0.2790309554816842
2256,36476132.21141015,44033137.67940973,7557005.467999582,11115993.809180701,8029813.501507983,0.27763422332278037
2257,36214660.0548488,43751581.59229007,7536921.53744128,11200262.557962686,7992094.643723363,0.28643684892534205
2258,36129067.81168501,43721269.76502065,7592201.953335637,11000866.480120901,7966142.677490525,0.2758622521338905
2259,36074662.815937534,43593957.40732345,7519294.591385913,11014710.984541308,7993279.133444343,0.2743087726348354
2260,36477668.93653132,44027161.97941671,7549493.042885402,11004436.882779602,7996382.918963585,0.27334919504361
2261,36733030.18622515,44258011.54855308,7524981.36232792,11144049.371362902,8038210.395985781,0.27869931941958737
2262,36322483.82526449,43921021.9545195,7598538.129255012,11074846.901265938,8050943.156949587,0.2730424872934989
2263,36510671.34995946,44034802.19169648,7524130.841737021,11095101.491949094,8033670.1452374235,0.27592639408779884
2264,36054863.06977614,43616330.31990761,7561467.250131483,10946801.756154709,7934188.264651902,0.2752049008112347
2265,36248354.89418885,43790291.74867663,7541936.854487778,11061799.66383864,7970322.089181563,0.27947329264723636
2266,36496813.67757964,44002967.19872209,7506153.52114244,11132534.955301978,8003601.41860599,0.2810620895653063
2267,36658485.64203851,44194105.214583315,7535619.57254481,11106188.060612299,8080164.001537907,0.272462886686214
2268,36300532.63736143,43917773.90225656,7617241.26489513,10976274.450408835,8001070.6140177585,0.2710577117794516
2269,36126690.082674176,43706566.18878578,7579876.106111607,11066713.520574607,7983306.37493155,0.2786199480008732
2270,36559064.20078261,44088148.92387097,7529084.72308836,11052227.236259421,8026220.469585769,0.2737915808269059
2271,36382861.40583803,43953622.913349204,7570761.507511173,11024647.083766736,7988297.610994722,0.275414664043341
2272,36744021.33479315,44318430.95548918,7574409.620696036,11042766.003112,8046905.4415786825,0.2712962097258099
2273,36393396.574958235,43957343.70102949,7563947.126071253,11144447.939890683,8054220.302684922,0.27728853451273544
2274,36303559.89067139,43837484.46108823,7533924.570416847,11007264.083134228,7977668.130627697,0.27523605590135697
2275,36294987.051823676,43867781.62350919,7572794.571685522,11069119.612023715,7994981.872817814,0.27772197310675467
2276,36234053.87195197,43764196.58755626,7530142.715604295,11059295.90696342,7988452.110218716,0.2776708230413805
2277,36308043.82442755,43823751.77834667,7515707.953919118,11059598.088049226,7962030.367554483,0.2800795920280241
2278,36086962.862391375,43659931.72793746,7572968.865546087,11013506.587002281,7913759.581875129,0.281449598330958
2279,36704477.43362217,44252681.4125469,7548203.978924725,11088828.381565318,8094834.192365969,0.2700009492595927
2280,36284992.692769565,43837044.969172664,7552052.276403098,11041682.139700478,7960905.81851454,0.2790133135701286
2281,36756321.83830153,44321016.4152579,7564694.576956372,11098962.538001068,8060689.46650059,0.2737438802138415
2282,36341882.424626924,43855838.07019839,7513955.645571462,10925373.129889436,7992727.768761374,0.26842519026695616
2283,36751163.69060722,44326324.24593436,7575160.555327142,11212062.026020098,8114218.147546848,0.27629564225420894
2284,35876186.432524316,43443491.22156827,7567304.789043957,11007427.819312505,7963992.282565095,0.2764892567732954
2285,36621784.10961825,44157713.68068698,7535929.571068731,11057261.733354827,8053629.305559327,0.2716434231392824
2286,36649864.04250624,44225969.780672215,7576105.738165971,11181323.143232912,8061917.371062831,0.27898359900795705
2287,36397599.57410321,43917543.63546522,7519944.061362007,10966744.787455542,7973667.062816957,0.2729230763227259
2288,36093563.103446186,43696984.811979696,7603421.708533509,11018376.028944949,7998768.382285612,0.27405196906757556
2289,36332345.00173498,43836628.71683672,7504283.7151017375,10970164.249693023,7999038.496651124,0.27083694331422975
2290,36318758.18489871,43842753.87437397,7523995.689475263,10983163.899785321,7988789.39569591,0.27263314391110377
2291,36631554.5909402,44166525.21823339,7534970.6272932,11079341.60552633,8072187.489518433,0.27141992936727766
2292,36335411.386199124,43891617.26430463,7556205.878105503,11118081.206331888,8034170.595874529,0.27737795337391785
2293,36573932.084133476,44114475.39059083,7540543.30645735,11044582.054851688,8059974.9557680385,0.27023268823219665
2294,36366296.22323184,43893149.52935772,7526853.30612588,11154467.093333514,8005263.170596077,0.28232670340832006
2295,36471234.92442888,43990098.13482849,7518863.210399624,11104232.78450845,8040728.810030396,0.2758861448538757
2296,36120949.98785809,43649532.26692389,7528582.279065809,10986874.261838265,7915739.637575531,0.27952760276232447
2297,36215861.0987737,43753160.82208656,7537299.723312852,11019695.489448145,7948041.66525056,0.27874216915874234
2298,36359740.51973295,43875111.85562395,7515371.335891001,11065398.060970878,7988169.334150705,0.27809471560485166
2299,36210019.53640332,43758906.53989904,7548887.003495714,11042493.414058479,7992272.693034865,0.2762257224568774
2300,36485432.39332406,44027920.85571894,7542488.46239488,11082300.962227091,8060296.774907216,0.272687431754477
2301,36662796.10072384,44202064.128823936,7539268.028100103,11183131.493692463,8088905.309415859,0.2766869177941632
2302,36328661.66533473,43873498.57908921,7544836.913754481,11060139.59004214,7984171.485157441,0.278112955071029
2303,36488643.05512598,44038136.43249267,7549493.377366688,11034970.385087777,7996249.29248409,0.27537193001533516
2304,36431661.089303076,43968728.31429716,7537067.224994078,11051937.07248063,7987919.160264814,0.27723808886364665
2305,36381602.711746365,43905794.73312897,7524192.021382613,10967105.550116912,7991476.867283829,0.2713230641608407
2306,36273982.70045616,43842965.40474243,7568982.70428627,10912309.115896331,7956746.109656782,0.2708467085059092
2307,36565791.554443784,44106145.18323072,7540353.628786929,11044411.258352757,8037819.100841297,0.2722274720834585
2308,36521608.22555972,44088194.943879284,7566586.718319568,11094861.001465237,8035349.715252225,0.2757593164807526
2309,36662753.56574115,44240951.67857058,7578198.112829433,11124319.697303759,8055705.349736574,0.27584737144069454
2310,36435459.49484827,43926200.163993716,7490740.66914544,11006738.431704825,7980519.963578087,0.2749423443560482
2311,36228565.018712826,43815390.4856277,7586825.466914879,11034767.002281448,8045015.715513501,0.27093923108207113
2312,36224018.0595698,43743434.8061753,7519416.746605504,10905307.607833723,7941545.335555314,0.2717724596919594
2313,36592157.46079491,44164323.34191791,7572165.881123003,11027532.817292543,8016297.929428832,0.27306514863793657
2314,36252103.90808352,43809106.33851067,7557002.430427147,11088851.57175579,7996096.547153218,0.278906702338777
2315,36485896.72482458,44040013.53319271,7554116.808368131,11108721.245279301,8019236.402268238,0.2781134547168471
2316,36071737.87757189,43631298.464713275,7559560.587141376,11075108.93394179,7957298.302187261,0.28151512101153264
2317,36077393.29612483,43625608.05633945,7548214.760214622,11166082.702526985,8013378.065723317,0.2823465239147998
2318,36643485.44319728,44177149.765200995,7533664.322003705,11065680.353924487,8019119.146092263,0.2753162128663647
2319,36523852.49968297,44083536.62020211,7559684.120519129,11083670.340627633,8070843.202567635,0.2718257621770255
2320,36445051.76012138,43986364.327323005,7541312.567201622,10977565.761960668,7975629.611318578,0.2734610036265384
2321,36059914.87302545,43597836.54827156,7537921.675246116,11035068.95763134,7946582.610466571,0.2798792068289629
2322,36220565.58366765,43801443.09090552,7580877.507237862,11031925.241652017,7999534.365482806,0.27487413209800854
2323,36395282.090177566,43941453.44388511,7546171.353707539,11111587.978040436,8044243.040467589,0.27604919689559826
2324,35858131.4521857,43455461.043216325,7597329.591030626,11030463.953494329,7941870.896263169,0.28000572507675237
2325,35854340.26554052,43371908.94829499,7517568.682754468,10966440.998950843,7888334.815725337,0.28068415117721307
2326,36338186.311027244,43894781.20003558,7556594.889008333,11007451.438517002,8002701.119397952,0.2729742062367772
2327,36376699.766154096,43944436.96025672,7567737.194102621,11128450.831036942,8015121.409368745,0.2797630567756302
2328,36517153.36090647,44091678.95358689,7574525.5926804235,11104921.036883153,8011944.363231539,0.2785230676903334
2329,36502686.24590613,44085222.34681357,7582536.100907443,11066695.912557555,8041221.714669466,0.2733855002246005
2330,36399087.01440959,43910027.97671606,7510940.962306467,11007357.488806374,8016098.656909393,0.27175085709161884
2331,36657501.6677382,44211413.84527363,7553912.177535432,11050166.52806991,8040196.293557586,0.27239139128503825
2332,36488149.07080438,44059506.4915325,7571357.42072812,11126427.868997797,8037985.5985368565,0.2775771619448902
2333,36616524.5848843,44155606.69737539,7539082.1124910815,11017652.666898709,8023384.194555869,0.2717700914042045
2334,36068717.309540875,43597633.80185309,7528916.49231222,11060778.918353273,7985926.239086214,0.277996034634136
2335,36669294.4261434,44238213.57746727,7568919.151323874,11043339.559266837,8034789.591061876,0.27243117465136585
2336,36293289.90773618,43805187.38828298,7511897.480546787,11151469.678931363,8011236.30818389,0.28159816249873887
2337,36187719.18093905,43721579.12008946,7533859.939150407,11018563.908651121,8014008.261926844,0.27268123792114857
2338,36251864.4051301,43815867.17121741,7564002.7660873,11056246.562758729,7977534.476976518,0.27845906549808513
2339,36442059.67552365,43992911.00089418,7550851.325370535,10935552.416631028,8031463.627423285,0.2655639768861737
2340,36857626.19317413,44375802.4188012,7518176.225627074,11070378.59829004,8048146.639982497,0.2730016802473552
2341,36426498.66983118,43971644.88351053,7545146.213679347,11102749.753844352,8044303.665693613,0.27546744328734835
2342,36246011.36829592,43825509.73041891,7579498.362122988,10958181.610523863,7944863.645537911,0.2749833934210457
2343,36455806.31700478,43995905.564693294,7540099.247688519,11121609.87953088,8014096.201425435,0.27941221745466616
2344,36139115.604638286,43670186.54151051,7531070.936872225,10978283.312527033,7963029.255995896,0.27465624366703206
2345,36254671.97583355,43802681.321589746,7548009.34575619,11029586.138983918,7968533.604930672,0.27753104200655354
2346,36590011.12729379,44122332.157573044,7532321.030279256,11036876.488989932,8064729.267394653,0.26929242386287533
2347,36238124.08393085,43798821.691152334,7560697.607221488,10962458.344694506,7977202.961530249,0.27231623503582386
2348,36130384.198010996,43686671.444670305,7556287.24665932,11031154.672848372,7975320.766845886,0.2770184986639694
2349,36291474.3325757,43837984.76934093,7546510.436765226,10985762.43218841,7984326.127800844,0.273211470110925
2350,36311120.830613375,43837036.01722293,7525915.186609555,11065147.247415718,8019016.824582284,0.2752905455953026
2351,36244942.768326744,43757000.62902268,7512057.860695935,11125703.242902094,8015719.5179501865,0.2795314288951573
2352,36402147.83317615,43972969.54223439,7570821.709058238,11103625.438762216,8038794.022259314,0.27602078558987814
2353,36269185.77004435,43789718.61321756,7520532.843173215,11011772.256798958,7998638.430268935,0.27362841841099966
2354,36327942.04540551,43871760.55229811,7543818.506892606,11151872.531924412,8035433.700860831,0.27945430887433176
2355,36402866.03507774,43946012.039672256,7543146.004594514,11052170.584563734,7994524.971675636,0.2766556659158544
2356,36555709.623352915,44090423.08628673,7534713.4629338235,11042837.594735011,8024279.502806609,0.2733498583160896
2357,36351155.319568545,43910939.26595398,7559783.9463854395,11104980.436107965,7971060.349419936,0.2822085193863155
2358,36487786.628007196,44045900.439313896,7558113.811306709,11053526.849608675,8024883.772300651,0.2739978939314962
2359,36093013.66385946,43641859.21594274,7548845.552083278,11015683.022664765,7965521.530618108,0.27689263441685374
2360,36584667.45152369,44146173.25264016,7561505.801116464,11119276.70278137,8058503.24090419,0.2752673167231786
2361,36240653.87627289,43748513.46214801,7507859.5858751265,10981844.166466909,7944979.686408501,0.2765350185291721
2362,36680647.24051999,44228509.967622735,7547862.727102745,11081523.945962397,8038573.4528971985,0.2745967529289066
2363,36339334.43964794,43849784.47525608,7510450.035608131,11008426.87028072,8017555.934091414,0.27168922239595505
2364,36541289.12154097,44095172.50844072,7553883.38689975,11063945.913561625,8057501.0904892385,0.2717335068844867
2365,36176840.70136666,43731339.11394938,7554498.41258272,11097139.44937648,7990575.335759097,0.27994278415523866
2366,36503542.38176686,44034974.89881037,7531432.517043496,11052439.860134184,8031888.485300967,0.27329272206476823
2367,36034674.52503244,43595886.74384712,7561212.218814678,11024915.882018164,7918150.777975006,0.28179490322555184
2368,36512268.33136002,44049408.54157399,7537140.21021398,11071478.250189338,8016577.842924655,0.27592525029008114
2369,36429442.39057552,43952686.603765756,7523244.213190235,11147648.70999302,8026873.598211737,0.2799491796851963
2370,36398096.59380524,43974545.027774766,7576448.43396953,11038005.64668056,8045489.739046075,0.2711101990181006
2371,36626506.1381098,44117868.973487,7491362.835377196,11200774.876470188,8093391.125101934,0.2774257839871445
2372,36415126.68687074,43970594.44012784,7555467.753257108,11077830.934014509,8039621.4779523965,0.27426031992718736
2373,36545799.86508244,44052885.07074088,7507085.205658438,11061740.031128474,8020640.070390474,0.2749205777915718
2374,36473379.54448547,43995442.94954429,7522063.405058818,10999495.948559089,7964986.197558837,0.2758771642984028
2375,36394898.087233886,43933260.99061277,7538362.903378884,11099367.187877778,8025602.989335191,0.276931481454151
2376,36418106.48758243,43985828.47931799,7567721.991735569,11109320.585930793,8037606.739569588,0.2764988031987594
2377,36434281.09154039,44004214.25149991,7569933.15995952,11124995.893521003,8043116.28591349,0.27702298833227834
2378,36048950.46365785,43643173.8370332,7594223.373375355,10929191.399781233,7946583.319836186,0.272902904784406
2379,36398577.5234735,43951306.22099188,7552728.697518377,11014411.655645939,7970772.610047306,0.27633242162675814
2380,36410743.546729356,43998569.56053323,7587826.013803881,11121866.398252612,8017124.440090575,0.27915655942871526
2381,36542569.82915019,44076168.02818621,7533598.1990360245,11022541.253606677,8014794.313162327,0.272872368652754
2382,36535045.91134305,44114930.90404738,7579884.9927043235,11096908.601610607,8030314.633919423,0.2763466905770583
2383,36287359.1143816,43815575.59447449,7528216.480092893,10995133.429779958,8006340.779482419,0.27182868397053667
2384,36459065.78490385,44022424.15456296,7563358.369659115,11154946.12564336,8059423.583317254,0.27750224048236466
2385,36346415.791348726,43910543.587003835,7564127.795655107,11006709.903102947,8026895.9334068,0.27072703795492015
2386,36072976.1494854,43593469.28453093,7520493.1350455275,10964348.226097062,7931880.830144321,0.2765752540342471
2387,36630362.77504622,44145445.11862278,7515082.343576562,11109197.447368337,8075847.389637333,0.2730485322726508
2388,36165300.07395571,43730268.6408663,7564968.566910595,10959263.782852817,7953445.583718402,0.2742719090161335
2389,36169356.48581343,43756733.47843553,7587376.992622102,10990638.535108149,7981002.911643799,0.27383628474819405
2390,36401589.038632475,43942303.78210754,7540714.743475066,11150961.160643687,8013179.067486621,0.2813911776709962
2391,36534609.85052796,44090952.75372579,7556342.903197825,11156340.437319439,8012848.75235361,0.28176727867235324
2392,36362473.613889515,43935228.26306146,7572754.649171932,11144798.230296783,8028060.965456508,0.2796584738849307
2393,36534469.08238354,44080226.182215095,7545757.09983154,11160960.206282873,8073581.267953306,0.27662305762828354
2394,36346340.62155034,43884308.87405989,7537968.252509564,10951179.310359301,8012126.308220459,0.2683777626906936
2395,36548498.337877505,44095084.473037384,7546586.13515988,10920120.134318726,8007262.679314704,0.2667422536726284
2396,36588218.31146673,44109804.09577321,7521585.784306481,11019050.848397465,8019011.247172968,0.27225934815073494
2397,36528919.02917086,44050811.002786726,7521891.97361587,10998233.448799938,7981727.852311116,0.27427182833784686
2398,36323898.812970765,43916831.91380664,7592933.100835873,11077149.739485158,8024590.711531606,0.27557260664921085
2399,36107360.85915527,43695487.42869246,7588126.569537185,11182576.834679132,8012016.388073787,0.2835268197552536
2400,36180037.86833607,43740245.26045139,7560207.392115324,11002102.72324355,7980395.795036454,0.274648129018401
2401,36670801.69437787,44210130.672505975,7539328.978128099,11091401.5370709,8039656.696923092,0.275145104966936
2402,36285216.56911563,43853222.4586083,7568005.889492667,10903860.709399616,7972105.340815109,0.2688731493109778
2403,36669163.25963987,44249966.43217557,7580803.172535709,11028877.501167638,8051513.628253283,0.26996073468030984
2404,36508897.22113415,44033158.48515868,7524261.2640245315,11011578.73986849,7987171.222610889,0.2746570304499063
2405,36287612.875408605,43841718.47856763,7554105.603159029,11058110.061394831,7952713.393138126,0.28082526317928524
2406,36504070.72532952,44038895.138815954,7534824.4134864425,11038206.997399086,8019105.094332386,0.2735137965593584
2407,36253756.93945589,43814901.19768503,7561144.258229141,10903997.968887554,7933336.429650551,0.27243782947440115
2408,36254498.28390446,43813741.57382497,7559243.289920505,11011426.030587522,8031501.7778058,0.27062110252605737
2409,36256819.35966622,43821249.25592005,7564429.89625383,11104408.314727299,8005668.446706193,0.2790549284747915
2410,36288385.12744214,43839066.04806509,7550680.920622945,11032804.712513017,8001596.271169039,0.27474504628057883
2411,36300478.42846231,43823369.7581122,7522891.329649893,10971581.084923267,8026966.57705246,0.2683856123450781
2412,36282016.44113031,43822539.885646984,7540523.44451667,11020316.114052389,8005318.4098231,0.2735854101666612
2413,36082125.42746058,43629236.07280349,7547110.645342909,10992758.336003693,7949374.292284515,0.27685353854741157
2414,36438607.323236324,43939831.88604,7501224.562803678,10996649.246728297,8038899.125761723,0.26896830612711947
2415,36545355.45967227,44102205.38988573,7556849.930213455,10981508.17620097,8043261.671715019,0.2675631122192936
2416,36358793.88099327,43902735.81225526,7543941.931261999,10962357.604412789,7992184.963955551,0.2709428708347941
2417,36468434.52693876,44021112.546200946,7552678.019262186,11109810.542060629,8050303.652072199,0.275387854581808
2418,36070620.07847533,43662391.62280515,7591771.544329818,10985097.236097101,8007433.876985025,0.27106390549984893
2419,36346095.639842704,43879626.39642739,7533530.756584685,11065141.640076857,8006462.724335121,0.27642474133936984
2420,36467932.85050013,43985137.52065842,7517204.670158297,11004138.778481185,8050361.174979283,0.26842424136617343
2421,36365191.57949439,43884397.06278635,7519205.483291965,10988260.198771453,8008627.557850392,0.2711650968416456
2422,36299149.01975992,43844199.67455143,7545050.654791501,11032546.620554205,7967347.650731617,0.2778324058120873
2423,36264044.22735714,43789027.98563357,7524983.758276425,10993982.08309604,7968816.202275522,0.2751656186043733
2424,36365955.77119741,43953838.71253194,7587882.941334532,11069054.758882606,8019759.948887061,0.2754792415810005
2425,36449912.08084596,43990784.36596783,7540872.285121875,11092309.794689292,8056250.956617009,0.2737084425397016
2426,35807000.47460932,43337835.28520498,7530834.810595656,10946023.799623817,7944250.95662958,0.27423408700220436
2427,36530724.87262445,44082932.22395768,7552207.351333229,11147922.877933128,8046385.397558498,0.27821662513597045
2428,36289110.79491533,43825707.00543875,7536596.210523425,10991754.693203708,7954246.870536706,0.2763442150455848
2429,36154870.73166947,43682589.149482965,7527718.4178134985,11031585.631786497,8022369.498990816,0.27278183148258417
2430,36693245.21969613,44209914.52255945,7516669.3028633315,11244018.829255108,8083884.695977994,0.28105023490844383
2431,36157862.21057755,43704694.23876768,7546832.028190128,10976251.629813211,8001341.797626259,0.27103148984910597
2432,36064874.10383313,43623157.850851074,7558283.747017944,10975200.742218414,7964908.787321561,0.2742812660653334
2433,36396794.98504267,44008727.72983438,7611932.744791712,10988771.764442204,8017510.323228229,0.27039067740295336
2434,36237407.302889764,43779794.78435982,7542387.481470047,11001392.224404788,7980847.619338511,0.27456021414868687
2435,36650078.097443216,44211644.332535274,7561566.235092055,11136430.095809266,8057576.82020559,0.2764668075061392
2436,36160793.501672335,43731666.05452343,7570872.552851094,10997345.969317568,8016245.020672923,0.2710745808090309
2437,36513614.07629924,44126936.42321638,7613322.346917132,11092221.428111814,8008880.455626018,0.27797326193574384
2438,36313814.822746284,43886679.86266363,7572865.039917341,11028801.178439204,8002510.84331528,0.2743988477224688
2439,36340740.23874326,43903260.736312315,7562520.497569052,11041424.182025153,8036999.97346798,0.27210477190507865
2440,36703947.900932275,44239754.350951,7535806.450018728,11064716.77245066,8048983.508137462,0.2725540405898036
2441,36624029.70475864,44147156.771537,7523127.066778351,11179947.557160646,8067378.838731327,0.27840637914582606
2442,36783973.298072495,44320960.59163218,7536987.29355969,11099448.517514305,8095320.678453347,0.2706555946739709
2443,36544074.6870692,44078705.655411266,7534630.968342067,11035657.507310776,7980448.834793983,0.27684881217932084
2444,36483156.848013744,44035174.00021873,7552017.15220499,11045143.000832481,8008743.084263192,0.27490815794240364
2445,36570089.043346025,44130008.72618682,7559919.682840796,11022421.656061016,8052576.340431993,0.26943673616368713
2446,36592367.0441556,44136225.19125979,7543858.147104179,11049935.270499863,8036831.174929761,0.27268070100050446
2447,36373983.19895629,43885451.886920586,7511468.687964292,11040201.36721854,8005181.217212612,0.2749062312411941
2448,36513374.67710231,44027116.12167978,7513741.444577482,11042428.885551108,8013850.997700162,0.2742673662869412
2449,36786854.46788264,44323736.307681456,7536881.839798812,11145619.080934716,8069162.908226017,0.2760238036459699
2450,36303079.4950958,43850837.715832226,7547758.220736432,11172170.884191446,8019652.029951202,0.2821760324755719
2451,36402244.513869055,43939681.617265366,7537437.1033963105,11001156.302813359,8028989.150505757,0.2701686141435442
2452,36166979.66098378,43706691.80296636,7539712.141982577,10993519.468608962,8008926.520940639,0.27148657499452916
2453,36307915.46454211,43872526.935494035,7564611.470951923,11036478.452727867,8048549.411632839,0.2707321048007399
2454,36291841.202977195,43839044.74405342,7547203.541076221,11035420.396010645,7979727.773574953,0.2768986148946658
2455,36412449.48959836,43933490.53626512,7521041.0466667665,11109260.881708883,8047657.568107122,0.27559018968063065
2456,36412997.2288222,43955038.330934964,7542041.102112759,11136763.199515404,8046968.290138069,0.2774410171091527
2457,36057571.21049321,43607938.213306166,7550367.002812967,10950209.729866691,7916375.042015451,0.27705722197963545
2458,36272197.48230783,43831941.67320844,7559744.190900615,10986791.190684509,7996143.8690860085,0.2722038919001403
2459,36006308.69993868,43550279.740842655,7543971.040903975,11006519.86184416,7966136.642548642,0.27623474608313625
2460,36640146.62101629,44150520.935407795,7510374.314391507,11132621.766604958,8046481.844854411,0.27721591431482784
2461,36308000.272968985,43887836.521525875,7579836.2485568905,11000029.722087175,8014374.824358216,0.2714224391352329
2462,36318643.31698194,43868199.5496397,7549556.232657761,10961745.70882323,7968013.64696952,0.2731072350496165
2463,36163999.01800277,43746881.07591031,7582882.057907536,11092446.832452366,8015928.62139475,0.27735253163953605
2464,36468278.12428618,44029889.584529504,7561611.460243318,11059954.735366523,8030082.934391426,0.2739497469448448
2465,36261277.099590324,43816019.13165716,7554742.032066846,11118340.981382297,7990061.975422487,0.2813620315475236
2466,36369052.21423864,43909338.39427446,7540286.180035811,11023090.83921011,7995593.517627252,0.27465049193042856
2467,36126534.443086036,43733779.683703154,7607245.2406171225,10962584.52892308,7929360.7804029,0.27668874438481994
2468,36500086.610560074,44064267.490244806,7564180.879684746,11025786.446492534,7981802.303590478,0.2760786414351778
2469,36617534.27822277,44130612.45933688,7513078.181114109,11150512.647336371,8061199.50801974,0.2770557047038196
2470,36400909.15382873,43928984.35275105,7528075.198922305,10994580.263020024,7978569.022273452,0.274317997467429
2471,36866809.7983672,44444926.06213884,7578116.26377164,11121575.314225044,8080724.82066985,0.2734190443026354
2472,36276330.159660086,43820320.56970952,7543990.410049427,10970335.30409992,8001193.6529454645,0.2706518596605524
2473,36403792.04325291,43993787.116652854,7589995.073399947,11118970.799420767,8048202.438569807,0.27617379488135074
2474,36524548.18155144,44074405.15505324,7549856.973501794,11074347.194825279,8048591.39044125,0.27322204651465837
2475,36201104.03902823,43752623.65061474,7551519.611586512,11000004.315409055,7969266.904181035,0.2755214747491048
2476,36466323.12187709,44062719.77429645,7596396.652419347,11091016.440532295,7971066.995078176,0.28130419445166577
2477,36353726.02450193,43892042.016397625,7538315.991895701,11066246.23095011,8020230.717332771,0.27525282286763453
2478,36368833.345699854,43913400.87608109,7544567.530381234,11039316.923722856,7957104.934883033,0.2792031436488907
2479,36364714.6565828,43872058.50958416,7507343.85300136,11053151.703204466,7960218.3331991155,0.2798236605319246
2480,36134590.76074376,43708578.754771136,7573987.994027376,11003489.269427408,7971320.041455312,0.2755643372504404
2481,36530772.19681363,44106076.684715405,7575304.487901774,11005485.812274138,8001739.832063412,0.2729317025569852
2482,36153624.563382626,43690427.01026875,7536802.446886111,10940904.992020119,8006264.6222826615,0.26822647412420386
2483,36542385.47642398,44052758.34941137,7510372.8729873765,11123213.943018487,8011338.281960696,0.2797640751134673
2484,35951721.56680499,43497907.70291643,7546186.136111438,11046579.855376536,7965627.138813983,0.27890557592475174
2485,36588042.992028676,44137919.75256187,7549876.760533199,11147049.30195772,8060051.224417256,0.27693410102692423
2486,36046395.59893374,43569187.15421119,7522791.555277457,11009887.840143075,7934294.827331661,0.2793482601700551
2487,36207545.92699814,43738150.52137351,7530604.594375376,11124366.22701369,7994654.34860685,0.2813384434258242
2488,35969171.00087321,43526808.99069802,7557637.989824813,10905443.296086421,7902724.620263686,0.27534127630559546
2489,36236265.40277879,43818764.63077749,7582499.227998699,10970768.249402102,7992632.165512377,0.27146103319173026
2490,36253531.828748286,43797886.330474466,7544354.501726179,10999659.357442718,7956849.73127576,0.2766276233916368
2491,36729845.84072012,44220459.96145434,7490614.12073422,11095725.27176111,8065120.177409226,0.27313267227919275
2492,36163864.84065703,43695396.482156985,7531531.641499944,10943061.829197928,7938139.1076133605,0.27459615676911636
2493,36298545.88054299,43831536.10332303,7532990.222780031,11050000.42746839,8078581.112430439,0.2689067149401656
2494,36326418.44566105,43881161.72138451,7554743.27572346,11002408.599868033,7987473.202104293,0.2740250346455868
2495,36398348.04051743,43949692.408806436,7551344.368289008,10987659.886834953,8035467.297632695,0.26868256021825687
2496,36498774.36692892,44031975.952737525,7533201.585808607,10986212.69458989,8003821.050007036,0.27146676725560936
2497,36509855.656791836,44049664.962511316,7539809.305719473,11207441.11542612,8075260.686982883,0.2794732888787654
2498,36480616.97552302,44000146.32080395,7519529.345280936,11034601.42990309,8045079.6281848475,0.2709224996216739
2499,36518349.98652573,44074338.91416819,7555988.927642459,11073175.361488443,7990905.8847236885,0.27835461610087237
2500,36073853.73697966,43619833.298847094,7545979.561867428,10967359.036225902,7944709.241616784,0.275604161824657
2501,36693205.529430225,44253337.433891594,7560131.904461375,11093096.083646145,8035396.592999343,0.2756398635322898
2502,36448370.232364506,43997879.39002601,7549509.157661507,11105712.421914134,8096769.11795021,0.27093654055246236
2503,36364358.93651076,43904393.63737714,7540034.700866385,11021561.332075385,8009914.568475459,0.27325046541594
2504,36314324.71601572,43882444.62782062,7568119.911804893,10987403.015515864,7977194.37840027,0.2739690746634785
2505,36376208.14697245,43906250.121982306,7530041.975009864,11044192.97116222,8022629.825344525,0.27358840557271835
2506,35897396.87179434,43471486.39295441,7574089.52116007,10991686.433072029,7945511.230200352,0.2771344708038866
2507,36473384.3860093,44005006.50196478,7531622.115955477,10960217.79010472,7994520.010704877,0.2705874861426004
2508,36390783.18478934,43923373.66494878,7532590.480159438,11064968.685608469,8028031.066301649,0.27446418562908176
2509,36467645.964217395,43979623.86231607,7511977.898098681,11009259.229847645,8001479.258824574,0.27320457337116366
2510,36553746.89356152,44020996.614593975,7467249.721032462,11122294.722172918,8021253.957997289,0.27881303648549527
2511,36633143.829479665,44134370.14692983,7501226.31745017,10939010.245345034,8011276.41273818,0.2676415660048144
2512,36350796.032205485,43897405.448883206,7546609.416677723,11056098.633725828,7984536.379876693,0.2778161045415746
2513,36811177.03165432,44353500.74844588,7542323.716791555,11200783.35391748,8128349.148690053,0.274305297062356
2514,36531875.2810005,44068340.04455972,7536464.763559216,10986376.033092642,7994909.376870838,0.2722887553831263
2515,36092297.91181323,43623923.661169894,7531625.749356663,10962668.451305967,7957396.378898368,0.2741369116247956
2516,35983274.35442574,43496496.537208036,7513222.182782301,11018615.413302222,7947276.979286046,0.2787408688670905
2517,36174471.87273137,43729454.40098982,7554982.528258441,11091937.119957523,7975225.16224396,0.2809889673919733
2518,36238530.22165274,43828992.11678017,7590461.895127426,10899948.66468366,7942503.597588068,0.27132651336954017
2519,36298324.07256528,43777921.5602474,7479597.487682128,10999175.826682271,7984488.326452121,0.27408303565045233
2520,36272388.97384836,43831335.43681545,7558946.46296708,10975906.479926929,7977346.49329128,0.27319474634004093
2521,36391545.52963117,43923059.11528468,7531513.585653511,11116515.186865268,8018058.116410667,0.27872557347068505
2522,36409907.539239876,43923206.60157326,7513299.062333375,11016771.937328901,8012390.90962543,0.27270974154629785
2523,36524168.274410315,44014439.81726502,7490271.5428546965,11061232.987163646,8005951.374323324,0.2762152841718386
2524,36404030.83750217,43993471.418245055,7589440.580742889,11093331.622183722,8070837.569231933,0.27246044343500936
2525,36504534.37171035,44019653.82417901,7515119.452468654,11027490.260988332,7992347.058568918,0.2752342673252464
2526,36015234.27293947,43578108.55548821,7562874.282548735,10960554.53041804,7945828.930250454,0.2750522878930108
2527,36319947.935639784,43870110.7585001,7550162.82286031,11005447.491742712,8020340.004354615,0.2712390831565728
2528,36126796.281820916,43652694.08746915,7525897.805648239,11202658.342477685,7971268.178321322,0.2884485151085736
2529,36117695.63272528,43677192.802030526,7559497.169305246,10985016.935490284,7972087.988620102,0.2742762222911137
2530,36324754.62891863,43843156.08718913,7518401.4582704995,11038099.768599965,8027903.700945983,0.27270962672552335
2531,36365692.60941746,43927004.15645325,7561311.547035787,11044852.480519332,8015614.15812194,0.2742669789153179
2532,36629709.31144166,44171941.63884502,7542232.327403356,11068481.225670498,8068515.025803337,0.2710368422462072
2533,36461594.02500767,44020277.17917177,7558683.1541641,11176259.152956385,8092691.08775131,0.2759034148192061
2534,36326725.561383754,43859498.74536384,7532773.183980089,11087239.350065239,8003274.5069945175,0.278154439143823
2535,36168981.053861104,43736481.21644984,7567500.1625887435,11109017.11119692,7990035.155804433,0.28076128825554025
2536,36228320.000586554,43792372.63830768,7564052.637721121,11131455.914743733,8002944.8653573925,0.28105138028194443
2537,36383661.8202366,43964146.243015915,7580484.422779316,11047689.782764869,7962171.281037242,0.2792908347717403
2538,36225456.600780375,43761738.788838014,7536282.188057636,11016822.504910788,7984364.3320040675,0.27525705996942323
2539,36378220.47094297,43893357.98797258,7515137.517029614,11024810.05164299,8064375.784600373,0.26852474130394954
2540,36778900.33749754,44321992.74624988,7543092.4087523455,11121992.631875973,8117604.928855898,0.27013034466588365
2541,36722479.77976663,44229456.15871593,7506976.378949309,11042856.375945257,8015807.869819279,0.2741182537445495
2542,36270676.75048745,43824214.78064272,7553538.030155277,11032829.951360418,7990715.394090846,0.27573293259128495
2543,36280784.700807706,43836827.14106413,7556042.440256422,11094480.795690728,7965236.113740094,0.2820541798734811
2544,36293202.7500751,43837958.58008227,7544755.830007164,10994113.954383276,7993394.974735172,0.2729386826531608
2545,35992510.606541984,43534081.97827413,7541571.371732148,10950592.93899479,7903157.012301082,0.2782895815478506
2546,36100999.73933702,43635443.64288316,7534443.90354614,10939115.304296497,7950149.146835339,0.27323655289447385
2547,36421250.427533284,43969774.41725361,7548523.9897203315,11062516.567241807,7996993.072683219,0.27710905343510894
2548,36203686.52984169,43731721.45510148,7528034.925259796,10966317.095872428,8003400.940561445,0.270183337706529
2549,36509232.3662622,44043443.14845679,7534210.782194589,11049036.442983706,7991228.379510617,0.27674884405099776
2550,36348917.71566995,43869743.01733984,7520825.30166989,11080130.070376089,8038349.162286813,0.2745257401103803
2551,36536616.08587642,44058833.91535334,7522217.829476937,11019141.598246885,8037291.137897708,0.2706064200884378
2552,36384281.91306963,43917383.45270609,7533101.539636465,11094243.739616565,8001677.271355716,0.2787541486237199
2553,36206017.52321187,43739473.44429541,7533455.9210835425,11008572.840163935,7978550.110669112,0.27524210208611394
2554,36651170.75170432,44211045.08176935,7559874.3300650185,11034651.461035216,8023755.514055799,0.2728582735586422
2555,36305579.56392975,43854053.573624775,7548474.009695029,11139642.795017354,8012764.1308839,0.28069828823704057
2556,36464813.793867886,43994268.266948104,7529454.47308022,11030812.582749525,7982668.140384255,0.2763300001245687
2557,36497838.46903545,44022655.18123046,7524816.712195017,11020362.619415045,7997600.102533879,0.27428884341390325
2558,36244073.78820801,43781651.482980646,7537577.69477264,11049123.204581993,8001255.637991524,0.2758470070572242
2559,36417918.23702966,43957448.92673882,7539530.689709162,11010380.31805705,8013968.338289078,0.2721442759660036
2560,36261320.79723839,43774082.34998595,7512761.55274756,10976580.448776957,7980105.900073276,0.27298798224883936
2561,36476620.07597138,44044312.424630105,7567692.348658723,11063683.806992944,8058034.427618243,0.2716680476239697
2562,36493790.43219037,44062348.402854696,7568557.970664321,11070877.904346999,8064783.648587671,0.27153169619718953
2563,36457863.837952,43980599.569830485,7522735.731878482,11079177.20463274,8004067.597790936,0.2775575794162722
2564,36295099.14256298,43789383.39737788,7494284.2548148995,11049856.964875594,8053209.121848314,0.2711933604708898
2565,36273438.68633267,43797275.118349455,7523836.4320167815,11077470.840905808,7998783.377369545,0.2779233191178969
2566,36342370.33352326,43881855.47730352,7539485.143780254,11078579.968365144,8004908.168834891,0.27744275965937104
2567,36140943.736043274,43669834.40034249,7528890.664299216,11081843.692618174,7990385.850084441,0.2789660212039457
2568,36660437.23639655,44223527.03700873,7563089.800612193,11094015.642536376,8069920.376420353,0.27258797567592374
2569,36407823.08116417,43990710.10995726,7582887.0287930975,11072085.251143157,7988605.628177797,0.2784913187556066
2570,36196951.681342356,43767528.48739678,7570576.806054433,11071440.95756837,7979988.731511172,0.2792276306133304
2571,36425528.07967186,44003843.688388646,7578315.608716793,11084928.641163059,8023355.661680298,0.2761923940686309
2572,36451971.47530538,44019587.448405445,7567615.97310007,11125976.953462383,8049683.511709118,0.27649647798307975
2573,36571923.52633719,44108324.01193465,7536400.485597456,11107496.343336426,8039606.199177175,0.27619996886154546
2574,36353849.77213978,43898264.35030712,7544414.578167334,11109659.167733386,8035898.92337508,0.2766745764159586
2575,36247568.788787074,43774634.636371285,7527065.847584212,11111358.78168796,8026813.686831769,0.27760287067137696
2576,36219120.15952971,43743073.72632394,7523953.566794233,10956040.314610073,7959192.097027175,0.27353388008134183
2577,36249589.526306726,43801933.59004913,7552344.063742411,11005540.067116188,7986541.738930985,0.2743162361659803
2578,36578616.138671614,44089142.57020355,7510526.4315319285,11100748.350993015,8070434.249559382,0.2729828661652849
2579,36319839.4046731,43882548.422929935,7562709.018256827,10935419.312766168,7974863.620599631,0.27073087985847427
2580,36571598.50585524,44112654.53583301,7541056.029977769,11031775.684692828,8023487.250359567,0.27269303875598383
2581,36165051.90877143,43707544.481235415,7542492.572463984,10941823.537221575,7986140.232897174,0.270127122254334
2582,36557247.2063538,44149370.004582904,7592122.798229102,11181501.052366264,8044579.7343593445,0.28054563544874633
2583,36033871.1974264,43582949.86781001,7549078.670383606,11052189.229287932,7942161.707583639,0.2813947044503024
2584,36596132.68918401,44190336.08927232,7594203.400088313,11089289.31445723,8028969.741574118,0.27597075755732514
2585,36500397.28135675,44070534.35834027,7570137.076983507,11116210.111401757,8056014.831503594,0.2752912412800977
2586,36730810.6388651,44296639.10681312,7565828.46794801,11072925.065238912,8056041.662774514,0.27245586732409666
2587,36246410.785384975,43771670.82901894,7525260.043633968,10965822.597732428,7944314.131945435,0.27553869660556035
2588,36343566.64351099,43865954.28796181,7522387.64445082,11040130.60846943,8015241.2460894715,0.2739903602281133
2589,36255989.66575518,43807098.90442808,7551109.2386728935,11061520.71614728,8007726.2845869865,0.27607365297453673
2590,36249829.79494274,43796451.58786551,7546621.792922776,11026582.440909235,7917219.507961594,0.2819879096366007
2591,36563297.56181585,44102462.81317127,7539165.251355417,11202787.675201926,8074425.134297245,0.27924857915762413
2592,36502022.21673144,44001659.07655367,7499636.859822231,11085346.879598606,8041820.260096981,0.27455402636997406
2593,36248705.217128344,43756542.76053766,7507837.543409322,10966081.694690432,7974249.185547073,0.2728260277863831
2594,36425355.66784543,43934506.61105399,7509150.943208558,11041306.801980544,7997443.042781186,0.275679664897398
2595,36365324.768195465,43952710.7090698,7587385.940874338,11080951.720945818,8019141.192152777,0.27631295631452313
2596,36161201.55247122,43705824.136237234,7544622.583766003,10947768.629032837,7927000.713716561,0.2759254435927133
2597,36581476.81065433,44120477.59616868,7539000.785514362,11120473.003676541,8076789.834263955,0.27370087301199447
2598,36255967.18216809,43797440.48522412,7541473.30305603,10976864.00052668,7999872.9459524825,0.2712059705241277
2599,36206196.48629269,43762825.64342223,7556629.157129546,10879137.356554102,7967023.14622467,0.2676787795656462
2600,36302013.80982316,43842247.000185594,7540233.190362441,11022410.679548148,7977498.93406805,0.2762473504212529
2601,36265697.66282587,43780151.55798995,7514453.895164093,11092692.87206297,7958659.941163575,0.2825312993919159
2602,36482772.95915626,44010857.006035045,7528084.046878787,11101669.524222216,8022855.419186702,0.2773289277183033
2603,36436553.33234391,43986794.5255835,7550241.193239584,11098066.584609017,8043815.504915238,0.275205690685751
2604,36373541.030233055,43902618.83337236,7529077.803139311,11041682.289333832,8029788.276800489,0.27277492085085675
2605,35984323.23230578,43548110.371836506,7563787.139530733,11044839.523448152,7883811.151808197,0.28619957446453653
2606,36454529.41923466,44010844.45259844,7556315.03336378,11054985.33252566,8029330.016063859,0.2736914817570861
2607,36863558.887251854,44429724.34130048,7566165.454048628,11096820.323252797,8116592.598566713,0.2685659168907309
2608,36572107.12114187,44131826.89569532,7559719.774553449,11003927.963518731,8004955.976747299,0.27253649757740234
2609,36302016.44295486,43856124.71302457,7554108.2700697165,11064904.54601825,7989178.277618498,0.27797133320111334
2610,36734475.00660464,44298026.93006259,7563551.9234579485,10980490.417597009,8032547.41929912,0.268470977723691
2611,36391999.25639844,43935148.94390494,7543149.68750649,10957136.272449711,8024859.26496006,0.26761344703382756
2612,36399071.557342134,43935580.829019256,7536509.271677123,11140508.935399266,8030721.30325815,0.2791423309450148
2613,36599699.548680454,44147131.08436273,7547431.535682277,11050415.843796832,8066438.797324829,0.2700330094950285
2614,36497687.65281273,44029247.25728937,7531559.604476651,11067971.886017283,8031364.7655962575,0.27435985126211987
2615,36471666.71239309,44023773.66220723,7552106.949814142,11089380.760968866,8016589.902035659,0.2770930970057827
2616,36421469.535774,43962823.24367794,7541353.707903934,11094550.383877855,8046622.866057154,0.274722941656998
2617,36409477.94141107,43950794.06475256,7541316.123341489,10988902.369573731,8027427.577648091,0.2694968698716829
2618,36427054.97994242,43997642.41508807,7570587.435145657,11010919.626977243,8057662.502332591,0.2682116684794465
2619,36478048.429744124,44012813.751942575,7534765.32219845,11066241.669636535,8054167.619285671,0.2721858188417634
2620,36500094.51754205,44066057.081800856,7565962.564258802,11088608.102958044,8028616.13047319,0.2759581675240698
2621,36368523.62590981,43891876.9048879,7523353.278978087,11045784.786817066,7992836.177265605,0.27639037591924637
2622,36622596.30252613,44185281.56151817,7562685.25899204,11166666.508188292,8073181.521434125,0.2770285102081071
2623,36311446.4038563,43860012.98479275,7548566.580936445,10926110.763740566,7976707.9433081765,0.26994077620192986
2624,36181019.45441433,43726131.05535459,7545111.600940261,11019780.600898761,7940078.397978398,0.279470373726786
2625,36569208.87463922,44118303.58636631,7549094.711727094,11082432.794324648,8021303.242648033,0.2762145828887164
2626,36580772.15504397,44078683.1282194,7497910.973175437,11029850.857452666,8019150.346450176,0.2729593128603562
2627,36243495.12423581,43771811.99244385,7528316.8682080405,11119053.236428421,7977418.792314973,0.2825451391689335
2628,36143919.382985175,43704028.82317117,7560109.440185991,11073545.821313053,8013287.988245121,0.2763575355581145
2629,36372321.58646372,43954399.54905461,7582077.962590883,11083889.552409817,7931678.29087232,0.2843957661822925
2630,36464553.79589698,43994422.957339734,7529869.1614427585,11053232.807188941,7980983.114013751,0.27795032881032067
2631,36435228.26922168,43946070.84859181,7510842.579370131,11041812.494713731,8024923.659366673,0.27322405961805585
2632,36410933.599570595,43981177.17067789,7570243.571107303,11148308.30908623,8073607.021265548,0.2757998076994966
2633,36461899.44813322,43999604.17418265,7537704.726049425,11024381.630409313,7992975.215517945,0.27497292061530515
2634,36259952.49673396,43783363.41689253,7523410.920158565,10989159.356319293,7956422.48371585,0.27597532934668695
2635,36814551.85391957,44336170.880132385,7521619.026212817,11160375.057499819,8055812.404459184,0.27817726886824967
2636,36232920.23299087,43763346.49444522,7530426.2614543475,11113320.223937504,7971663.610242375,0.28269289018849353
2637,36715086.213476874,44223375.01469162,7508288.801214752,11136428.613968968,8030802.45059206,0.27887092631127447
2638,36069380.622444525,43618674.1410588,7549293.518614275,11071104.5301245,7972202.484357936,0.27990902238655996
2639,36458954.95624068,43946777.69457887,7487822.738338191,11101633.429879423,8016427.293205679,0.2779056033655448
2640,36318144.542181075,43883828.98241514,7565684.4402340595,10949904.239548193,7998543.946683558,0.2695329774853275
2641,36496008.4102967,44038120.73599475,7542112.325698049,11136988.343939595,8043620.206892433,0.2777562516468357
2642,36384229.44868667,43919912.57755054,7535683.128863879,11082212.265889011,8007868.946934279,0.27741241957777185
2643,36032813.30999231,43613782.0107563,7580968.700763993,10919249.71848432,7922766.067493407,0.2744221194903535
2644,36356042.22304532,43896409.6173798,7540367.3943344895,11023687.971818851,8030813.130834362,0.2714948798111419
2645,36456335.32571176,44001015.87187287,7544680.546161117,11086259.510341072,8054359.536863055,0.27348268102960366
2646,36177552.77084117,43710712.359211065,7533159.588369902,11079660.784699354,8049088.277061111,0.2735257483535384
2647,36509391.514873594,44020992.55435587,7511601.039482275,11080367.56692465,8014636.663426146,0.2766813361543922
2648,36513705.494927004,44057065.16101818,7543359.666091181,11059623.507548977,8006712.084509414,0.27604117092735886
2649,36708719.6995472,44260876.694564596,7552156.995017396,11153398.846376128,8076044.088233262,0.2759118364302676
2650,36202600.65916837,43738312.381345004,7535711.722176632,10980895.164361442,7984373.2777722655,0.2728850282001057
2651,36252902.162741885,43828034.94427504,7575132.78153315,11027040.68420402,7995494.564274603,0.27491928312843145
2652,36309965.52549943,43841318.72437105,7531353.198871612,11003445.234665124,7971730.840222925,0.2755241044769434
2653,36767683.24401773,44323786.76038273,7556103.516365001,11243556.73540339,8105774.230532893,0.2790738356831818
2654,36435878.94846164,43986975.20744773,7551096.258986096,11043764.765952224,7970686.23932484,0.2782636711080304
2655,36122868.201236896,43649784.65485466,7526916.4536177665,11070059.479244145,7976163.138544009,0.2794832626239317
2656,36206751.46545751,43754800.018391,7548048.552933493,11002541.692796845,7970268.582981924,0.27559751141866545
2657,36137768.656970136,43673757.07116552,7535988.414195383,11005451.159641655,7983892.8394237645,0.2745510635037223
2658,36445188.07357724,44013016.29339412,7567828.219816883,11075399.184188422,8029708.760394796,0.27499599546188336
2659,36057592.40151032,43606444.44810426,7548852.04659395,11055036.938034805,7939018.622094262,0.2818641252314495
2660,36120734.6348203,43676416.77626499,7555682.141444683,10940771.735537536,7924149.150347081,0.275723016447911
2661,36255841.86573172,43810331.2425724,7554489.376840665,11112097.762972675,8020535.731765079,0.2782158776094632
2662,36504572.61870027,44055992.34000933,7551419.721309052,11093481.568688916,7980356.159828659,0.2806265453802148
2663,36154223.20476333,43663673.43536096,7509450.230597634,10952061.526100004,7952292.456898091,0.27389994678655916
2664,36544962.55058661,44086848.515090995,7541885.964504373,11162933.416216372,8045050.54624849,0.2793067694409553
2665,36254689.016753286,43847926.00513332,7593236.988380047,10987931.541915018,8013300.475785663,0.2707180195637554
2666,36350787.50650974,43884906.351209715,7534118.844699973,11002759.858248351,8005208.9242537,0.2724362771352772
2667,36715188.93034452,44313038.81127451,7597849.880929993,11149139.942586282,8084385.238704864,0.27488709619429913
2668,36155141.32933471,43699185.51634702,7544044.187012313,10918925.053837575,8005950.065195283,0.2667822129265825
2669,36744147.884092085,44238351.74206809,7494203.857976001,11132388.015776023,8059834.465669346,0.27600129871079543
2670,36412860.17934719,43974256.978637494,7561396.799290299,11132270.268322408,8019862.627844034,0.2795842685687331
2671,36300217.33993562,43842256.756209746,7542039.416274128,11125679.814955749,8002358.547802629,0.2807308244620324
2672,36368492.03621728,43898029.69227059,7529537.656053316,11017513.92112001,7997743.253934311,0.2740882098090163
2673,36486475.76867187,44031157.83852528,7544682.069853414,11123767.938486828,8010635.526988195,0.27986312090596466
2674,36493244.01271386,44028921.77370454,7535677.760990679,11145155.115464443,8049445.855881756,0.27776277920863035
2675,36445566.88522728,43956963.65166884,7511396.76644156,11085498.28371816,8011825.522762339,0.27726969796840634
2676,36364237.29293699,43920384.82310353,7556147.530166546,10948665.435321324,7961753.147502549,0.27281062751107016
2677,36557923.98721107,44094240.13582876,7536316.148617692,11079478.529323809,8080750.397569977,0.27065607138613657
2678,36635851.9807482,44195664.66436807,7559812.683619875,10988578.548943605,8031531.50594741,0.2691018706218807
2679,36655972.513364784,44183339.352733314,7527366.839368532,11168595.305196315,8075984.70084519,0.27690237848552474
2680,36265915.27642079,43834975.05842935,7569059.78200857,11034586.500363335,7993825.452823756,0.27556637916966403
2681,36463626.16161219,43998343.05381343,7534716.892201228,11109017.384063855,8084207.227531546,0.27228422208353636
2682,36315716.22100465,43868706.712101,7552990.491096344,11038435.293798398,7974194.353073085,0.2775974002807139
2683,36556704.62366065,44115867.3072443,7559162.6835836535,11026684.921447748,8051468.48260737,0.2698196656597446
2684,36333799.110899195,43884898.56071409,7551099.449814885,10982674.086230539,8041242.043653473,0.2678247592054897
2685,36132019.02438469,43657238.03110641,7525219.006721726,11023654.955086574,7920245.713025259,0.281522712267888
2686,36569269.06997147,44127381.97183535,7558112.90186388,11006484.912226032,8054072.989828737,0.26824294458603654
2687,36478113.83414811,43993889.47594055,7515775.6417924315,10936540.234353049,8000111.1082939245,0.2684970807162059
2688,36346272.96978326,43915437.87737002,7569164.907586757,11052377.683496585,7992550.350932388,0.2768478801745196
2689,36235128.50140508,43754003.66295194,7518875.161546861,10990138.989903968,7977876.111545969,0.27408778734510986
2690,36434747.2764066,43962068.11228334,7527320.8358767405,10966680.52355525,8048438.89995697,0.26610072367205484
2691,36214315.23097919,43753674.26250166,7539359.031522472,10975404.028965222,8010627.313096504,0.27012916408766063
2692,36448973.1056428,44003654.28044993,7554681.174807124,11125756.408949545,7992204.276129366,0.2816484576544884
2693,36446541.622758456,43982583.66680706,7536042.044048602,10976499.445063604,7976360.481809755,0.2733238386490407
2694,36251444.84634944,43809625.081902884,7558180.235553448,11018464.120239802,8019448.648321113,0.27218089918810023
2695,36314887.202146135,43910018.86944353,7595131.667297389,11148204.52998777,8013987.061990941,0.2811410088114222
2696,36760011.82614429,44260812.24755513,7500800.421410837,11147503.539982107,8089440.7050231425,0.2743271463418502
2697,36666092.909645066,44205109.209393285,7539016.299748225,10940586.345944606,7987822.481999927,0.26989082399950093
2698,36018709.466014594,43616339.77954393,7597630.313529339,11021389.704960069,8011712.600986132,0.2730760080663385
2699,36440176.938255265,43945584.10211435,7505407.163859086,11061365.86880859,8013806.404023645,0.275513847108033
2700,36392507.098553754,43911698.36881608,7519191.270262333,11103847.739087548,8020482.575401341,0.2776843879831138
2701,36338367.834665425,43896018.80961678,7557650.974951355,11088450.526253354,8043523.678519195,0.2746034570407197
2702,36315659.74029458,43895020.10974037,7579360.369445792,10995927.492468823,8031549.326086741,0.2695887335026902
2703,36439810.79078507,44025472.541979074,7585661.751194019,11080007.947194412,8009214.94332801,0.2771471842350044
2704,36763198.6314841,44271813.30203007,7508614.670545974,11135740.422658797,8110989.778425241,0.27162546264807413
2705,36531451.67766101,44073092.6272675,7541640.9496065015,10981459.662886783,8048219.2947111875,0.2671084225796365
2706,36354071.11850025,43875553.103348725,7521481.984848479,10974473.788495924,7952539.03398145,0.2753603327826288
2707,36137473.7668558,43725322.11562424,7587848.348768446,10976542.867461829,7978671.874561262,0.27311613766728554
2708,36127368.4404573,43700363.46922311,7572995.028765817,11057352.527061872,8007584.704752133,0.27581356521334627
2709,36387452.574969925,43955965.67546891,7568513.100498982,11123467.784543836,8048139.177998032,0.27647210978747133
2710,36253445.0453251,43862694.952755496,7609249.907430399,10956993.593310356,8031883.806731001,0.26696280888265206
2711,36470914.193222106,44016008.40092768,7545094.20770558,11051640.849450534,8032899.484587878,0.2731487030736022
2712,36384001.1471111,43939015.44919104,7555014.30207993,11007525.07363893,8016786.4188642735,0.2716994633005148
2713,36033557.115901016,43596652.60262518,7563095.486724152,11025533.191092638,7915332.948578625,0.28209068791581865
2714,36320179.33606912,43853937.95462039,7533758.618551266,11057382.09425677,8032325.68259538,0.2735779939478271
2715,36460687.73832516,44016881.01877046,7556193.2804452935,10985359.45114483,8030449.458789965,0.26898619071103047
2716,36266290.339913316,43825892.662265845,7559602.322352531,11046776.711357422,7989858.996281764,0.2767248578431732
2717,36395532.33844191,43958873.93298771,7563341.594545804,10980727.84294021,8016076.669159349,0.2699867637359677
2718,36327852.30986598,43817369.65535202,7489517.345486033,11129780.339747557,8046490.012158457,0.2770306541071443
2719,36199873.82786885,43717810.241456494,7517936.413587652,11028122.426936306,7997464.825741133,0.2748117479900985
2720,36173875.805493794,43739003.97570346,7565128.17020967,11055524.84296839,7937692.624211559,0.2820157580071701
2721,36076918.52736081,43615004.204169095,7538085.676808284,11071643.561851298,7969543.959569228,0.28018420074240236
2722,36378225.10917084,43945873.02953091,7567647.920360066,11029471.88724508,7996855.100312305,0.27495575653443693
2723,36419003.496491574,43942285.58043126,7523282.083939686,11011441.044384573,8022449.242490182,0.271444199705239
2724,36418106.17812877,43971999.04300282,7553892.864874047,11181047.126062574,8043274.847434719,0.28063313241152815
2725,36300007.187120035,43837521.83077164,7537514.643651604,10931716.431531776,7999085.532362464,0.26826810936207074
2726,36521848.311697826,44084974.3435138,7563126.031815976,11134474.92288782,8072984.422464107,0.2749559832525708
2727,36457238.165384546,43978278.428602554,7521040.263218003,11015015.521931611,7971476.099719489,0.2763082281774581
2728,36375310.95763404,43930230.58665003,7554919.629015984,11030398.252815533,8003613.052018487,0.2744039817442179
2729,36344048.750187576,43922046.96842104,7577998.218233464,10986436.05382126,7943718.734721663,0.2769521712221945
2730,36447789.02186216,43971549.97207613,7523760.950213976,11109399.721649008,8013380.5738358665,0.278684647720425
2731,35989596.37845692,43552431.90881341,7562835.530356484,10977666.074044526,7966761.064955875,0.2742755143743716
2732,36574248.28614609,44147692.845240496,7573444.559094401,11147005.422639288,8064857.153588794,0.2765001139041996
2733,36137768.7372301,43695482.377767056,7557713.640536955,10966298.836623643,7925137.765144249,0.27731882167235566
2734,36135259.1635452,43685527.37856611,7550268.215020905,10949505.022107638,7935997.190401947,0.2752186355110352
2735,36578801.261532895,44139330.23028724,7560528.968754346,11039368.127265388,8040809.916276913,0.2716240799672709
2736,36310986.84598875,43850735.71058661,7539748.864597867,11075146.94915448,7986508.926979451,0.27888009399377106
2737,36355604.461043395,43913842.056107424,7558237.595064034,11009838.020964058,7983926.35415783,0.27483707399187235
2738,36515906.02112865,44029612.0875548,7513706.0664261505,11070761.741458597,8042243.979785709,0.27356001623009135
2739,36307368.27169942,43822497.9952233,7515129.723523881,11119033.735026345,7994574.755258167,0.2810009443469662
2740,35942279.66401792,43510252.35285155,7567972.688833624,10858759.05200316,7893107.470911444,0.27311146392410557
2741,36534134.38312077,44081840.91481718,7547706.531696398,10937658.442897376,8040293.460452049,0.26489810388317603
2742,36226489.48918909,43778656.87089328,7552167.381704191,11065833.480039762,8007948.679016551,0.2763356964063247
2743,36432662.79131961,43966965.06730431,7534302.275984703,11076692.372562444,7967392.604741477,0.2807065198924245
2744,36601340.045600876,44108851.798447184,7507511.752846302,11052132.37864059,8006609.367309346,0.2755597659341322
2745,36152634.6071825,43688254.98522164,7535620.378039131,10936698.24856704,7953089.520497606,0.2728070812834536
2746,36256284.36175791,43807110.527261525,7550826.165503609,11085807.792066965,7999904.144929941,0.2783652490660451
2747,36586215.49006854,44126114.34242007,7539898.852351518,11071747.810878068,8054264.311735606,0.2725390381614151
2748,36712287.99704081,44246654.238541834,7534366.2415010175,11214286.725268379,8076898.816346957,0.2797670494595222
2749,36326913.73322672,43849512.74093623,7522599.007709517,11171533.365521932,7996928.964006254,0.2841690838352843
2750,36533276.3379961,44095552.67380985,7562276.335813749,11047501.3885035,8016153.376086345,0.27439218207039145
2751,36411383.09017437,43954516.34412833,7543133.253953962,10976799.707407804,7971262.479123492,0.27380815068129516
2752,36491843.00977607,44051725.55694832,7559882.547172239,11076966.457189387,8024530.436612402,0.2755660615543197
2753,36746857.88485699,44284403.478940405,7537545.594083415,11152051.753643114,8102266.015683615,0.2734730617586316
2754,36674490.42915998,44214098.29406543,7539607.864905447,11128998.96205065,8029619.530710023,0.2784957966039319
2755,36419624.0076549,43972659.43119119,7553035.423536296,11227266.420094607,8055046.523610955,0.28254606043782843
2756,36540477.20324523,44073946.137918554,7533468.9346733205,10940132.429638293,8040051.517747622,0.2650864539842279
2757,36471330.94950256,44004977.95453337,7533647.005030813,11035808.957362995,8020405.818554302,0.2732380698559341
2758,36065666.462521695,43594490.010120265,7528823.547598565,10914155.458972832,7898121.801123299,0.2763414603344291
2759,36226349.5739765,43746429.17483891,7520079.600862411,11017907.337951018,7977463.429923267,0.27595475390821145
2760,36791396.80256591,44328728.131529935,7537331.328964023,11175949.376446825,8088684.426782977,0.2762418516470932
2761,36643709.90950547,44228491.03918304,7584781.129677561,11108403.731625918,8049549.385712611,0.27536398746515384
2762,36174777.101539984,43709128.4814891,7534351.379949119,11030337.934960626,7984144.011747951,0.2761650586930589
2763,36578689.0012707,44091696.670001715,7513007.668731017,11031637.297400896,8040912.134670697,0.27110437753739663
2764,36644733.69550931,44161119.41654165,7516385.72103234,11036686.476444576,8032975.291820108,0.27215697311283066
2765,36401280.91550487,43958957.4775262,7557676.562021336,11021922.21831936,7996404.925374779,0.2744999677021779
2766,36184216.32140125,43729643.18229777,7545426.86089652,11144600.461914742,7995189.498154274,0.28259523295816485
2767,36593319.0285192,44162141.7444753,7568822.715956096,11084357.57726005,8004002.357735969,0.27790110505308296
2768,36408121.964138925,43922875.466429695,7514753.502290767,11046742.543357141,8031976.670347265,0.2729099425624596
2769,36520364.075391024,44105164.5129514,7584800.437560375,11075392.76463758,8047730.458351987,0.27336839158901527
2770,36491681.421517536,44035798.34326205,7544116.92174452,11055472.445273992,8025489.39491744,0.2740708789565853
2771,36291451.60681383,43848277.23177909,7556825.624965251,11018689.984746909,8038969.640846819,0.27042419271482315
2772,36051282.956139795,43564531.1464512,7513248.190311392,11004364.760641545,7975156.853268109,0.27527330956965074
2773,36285775.72705071,43814216.41015059,7528440.683099886,11036267.021529693,7961540.720387162,0.2786020214212211
2774,36286382.54281291,43836973.260730736,7550590.717917816,11123798.893686641,8049828.731624594,0.2763417598107326
2775,36497499.43325483,44028277.08190673,7530777.648651896,10979219.115760617,8006056.481806551,0.2707990980602714
2776,36175544.227452844,43658265.28718879,7482721.059735948,11037946.697004836,8020342.387939058,0.27338456978457865
2777,36396813.35423759,43938082.99323085,7541269.638993254,11077913.614379179,8029862.804114785,0.27514664912244946
2778,36291869.740649514,43797227.34866585,7505357.608016332,11000660.787451647,7983655.277096779,0.27425675317580367
2779,36334007.0176421,43882224.24291378,7548217.225271688,11102075.88092824,7980079.298496945,0.28120836282468886
2780,36540151.50906644,44093578.69309636,7553427.1840299275,11114025.779008627,8037414.125053896,0.2768224327646976
2781,36402862.298936576,43951538.13318292,7548675.834246346,11020966.809566932,8022320.241192706,0.2720856182754494
2782,36033382.71355229,43569958.27100847,7536575.557456177,11041454.523739498,8001253.42414997,0.27534425768389426
2783,36380721.72241946,43930627.229114905,7549905.506695436,11120187.451417238,8012063.106397042,0.2795028733642501
2784,36756091.96337751,44275561.799986795,7519469.836609275,11053715.28586671,8060012.858317485,0.27083223605161744
2785,36610764.458024636,44174768.08526923,7564003.627244594,11076879.36842689,8000137.279857071,0.27776253457626754
2786,36478532.0853351,44059672.844139114,7581140.758804015,11188521.49065117,8039148.0404659305,0.2814825401923544
2787,36534307.391641594,44029005.485755816,7494698.094114227,11047882.110765908,8015741.327577317,0.2744544839262757
2788,36493231.2769124,44046653.84343424,7553422.566521836,11044112.01389357,8024871.342775389,0.2733801203138791
2789,36618097.89634048,44197055.8222954,7578957.925954922,11123156.930931425,8086314.136728194,0.2730198641501081
2790,36564515.8307423,44099516.912817344,7535001.0820750445,11099274.710051315,8036415.955084543,0.2759512522194896
2791,36343796.04086335,43874522.697162695,7530726.656299349,11071037.40086579,8009287.5481137,0.2765549191002328
2792,36457594.988002345,43996136.16352006,7538541.175517723,10950663.090724248,7991524.248898964,0.27022462633626454
2793,36267038.71529676,43854245.767367505,7587207.052070745,11040147.13095441,7989234.347856006,0.2763471126706494
2794,36535371.09391723,44049815.180908814,7514444.0869915895,10919305.808972307,8009809.312831528,0.2664543467360415
2795,36573681.153447345,44112938.46170767,7539257.308260323,11265047.442693455,8063979.576342108,0.2841592885103711
2796,36458208.10299758,44003106.439955324,7544898.336957742,11127466.585639918,8059600.328213489,0.27570213164113516
2797,36328379.569842905,43913709.979169585,7585330.409326681,11072872.294538436,7989175.662121211,0.27849112230240586
2798,36344864.43938654,43899975.56548077,7555111.126094229,10945394.843546715,7978614.760248177,0.27105281496973305
2799,36267995.4362109,43809156.26312153,7541160.826910635,10963081.531559628,8014547.517363373,0.2689512073506208
2800,36280404.82015743,43841461.25085922,7561056.430701792,11038528.18478791,8002580.7894167295,0.2750319014046629
2801,36349145.01618758,43875046.31874012,7525901.302552538,11012274.766545419,7982005.639531068,0.27517195050564064
2802,36671111.634743944,44224072.49529573,7552960.860551794,11099352.461367823,8043394.879179048,0.27532755562320216
2803,36262350.229529664,43771009.17396851,7508658.944438844,11016763.32798603,7984608.525812162,0.27523100132969586
2804,36440948.11121376,43963664.28927906,7522716.178065296,11091031.442925856,7977226.220720742,0.2807498327120133
2805,36637303.12173478,44178912.68812168,7541609.566386888,11029731.933359278,8042291.4870216865,0.2708534046328105
2806,36314948.628491715,43894237.85184536,7579289.2233536495,11096637.64879676,7999896.069377811,0.2790702623109206
2807,36544718.22230591,44102256.23024376,7557538.007937854,11081695.706537934,8073481.407729438,0.2714579409569713
2808,36526406.179367386,44099202.5402718,7572796.3609044105,11099072.17308723,8055851.7213917235,0.2741869233965913
2809,36328368.70865241,43860002.38421372,7531633.675561316,11109190.608884333,8005103.239092112,0.2794161590233041
2810,36771897.474459864,44333567.566992484,7561670.092532625,11187028.56983117,8065027.359896816,0.2790733205378298
2811,36292180.711050674,43833075.421749465,7540894.7106988,11076740.018562604,7960583.165863248,0.2813243650638404
2812,36246708.33079369,43826863.2310044,7580154.900210713,11038805.076259913,8017907.655444637,0.2736616327533518
2813,36413804.35712339,43934778.525288254,7520974.168164866,11038867.18268471,8008704.3490696335,0.27449943762056617
2814,36627828.87111835,44164890.53215162,7537061.661033266,11107827.901833832,8049723.752809543,0.2753107246574657
2815,36280588.04166361,43817057.77969451,7536469.738030902,10978181.540710565,8015636.302320838,0.26985755586238697
2816,36478804.899825096,44018351.01712324,7539546.117298142,11072363.383958515,8043922.075457277,0.2735135402879571
2817,36517591.38187322,44036090.7067505,7518499.324877275,11005680.78145883,8030098.48787192,0.2703678538995831
2818,36713637.17465767,44273839.59104955,7560202.416391882,11148931.436263168,8048544.721046423,0.27808823948207134
2819,36170518.233900934,43705903.1694233,7535384.935522361,11023683.264510931,7977300.6058583595,0.27634889224910303
2820,36479966.92024921,44003852.063603446,7523885.143354224,11066300.595849544,8040432.434934726,0.2734308665038144
2821,36175604.02820592,43672663.255624786,7497059.227418862,11026064.070884032,8013089.138646118,0.27325933468808
2822,36591715.756930366,44150859.98138314,7559144.224452772,11060117.933461078,8063508.847764995,0.27093825795746684
2823,36377384.00129094,43872398.60314764,7495014.601856694,11009825.682380702,7983489.278281292,0.2748759600201965
2824,36326866.05882173,43901857.16125557,7574991.102433836,11148051.768221863,7999856.390772614,0.28239870453628085
2825,36642974.08111097,44191172.648410134,7548198.56729917,11133215.073207669,8096651.163098948,0.2727481585634935
2826,36149421.2967803,43716838.50921248,7567417.212432167,10998930.42099117,7974216.288007869,0.27500075163769677
2827,36346750.7198422,43858383.84266562,7511633.122823421,11106104.678337552,8028963.544943734,0.27706754280785584
2828,36561184.875132695,44120260.58441213,7559075.709279439,11051768.069231637,8022203.86953993,0.2741248441619111
2829,36779190.72386546,44317846.219494894,7538655.495629436,11055208.851339592,8038537.6999007035,0.2728732846212443
2830,36279608.336312726,43791283.235457785,7511674.899145053,10974729.551697813,7943560.742220909,0.27619530806642756
2831,36284573.22874259,43835035.08900814,7550461.860265547,10907812.545827081,7969868.453417623,0.2693431043177768
2832,36358521.90974584,43856037.97148849,7497516.0617426485,11032093.335279586,8041649.548707436,0.271067665554369
2833,36411328.00793896,43936863.04145141,7525535.0335124545,10988123.367227327,8012318.373731256,0.2708201295201663
2834,36330952.53262341,43857263.29858476,7526310.765961353,11092253.0505528,8041210.384824693,0.27506067990182154
2835,36420077.911322154,43980785.99703968,7560708.085717531,10910576.508749766,8004653.867577506,0.2663399719384074
2836,36400361.75883671,43946224.259864524,7545862.501027824,11018573.330496997,8004473.32795806,0.2735472108895049
2837,36256354.0686593,43811205.65807306,7554851.5894137565,10987129.347329225,7943963.194858082,0.276975546229542
2838,36217897.97342983,43795705.58274699,7577807.60931716,10927746.221083997,7931006.041258292,0.27423222677369585
2839,36353274.1941484,43928371.29938799,7575097.105239581,10999173.73172252,8067144.906006705,0.2665680984072107
2840,36308741.95810703,43846777.21638886,7538035.258281829,11011522.846880142,8010914.861372832,0.2724970948371107
2841,36523890.14661285,44046955.81783493,7523065.671222076,11007979.659011716,8026490.253526116,0.2708480118824343
2842,36317042.25726686,43890079.51169358,7573037.254426721,11031923.40218388,7995662.949655522,0.27522493964445943
2843,36320292.3219408,43878457.42536605,7558165.103425254,10925881.002627349,7943820.997353169,0.27293542777530555
2844,36244621.58648806,43813974.425551854,7569352.83906379,10999725.908756206,8006423.416449411,0.2721251890398479
2845,36455482.218363695,44000399.70058542,7544917.482221714,10982809.350637192,8025864.608092062,0.26923391348622255
2846,36588969.5222367,44126391.33024237,7537421.8080056785,11081407.558698492,8047371.641206867,0.2737951746129958
2847,36421548.97334879,43965732.7649914,7544183.791642614,11043240.335551206,8014912.904956507,0.27422453361317206
2848,36590391.64651126,44181670.74602965,7591279.099518396,11040648.411657955,8046790.494159976,0.2711668559553738
2849,36221601.46237622,43779312.49231137,7557711.02993515,11020727.86346912,7981988.164338576,0.27572949235078975
2850,36261725.023637176,43819610.41849688,7557885.3948596995,11027983.970803874,8019110.380777037,0.27283985885296025
2851,36505140.61279432,44048778.07196742,7543637.459173104,11070650.13032007,8070518.336548669,0.27099870002708343
2852,36305896.89349205,43864852.60361167,7558955.710119624,11024195.425023632,8009353.176665846,0.27347503669197004
2853,36462170.12893096,44022767.64777706,7560597.518846097,10973542.178903863,8020389.846778894,0.26911568607284075
2854,36414694.674067184,43937598.56748544,7522903.893418254,11001579.354507182,8004725.461071699,0.2724021521698807
2855,36508664.86705892,44051558.72328818,7542893.856229255,10982527.340915969,8023231.919647962,0.26945486493286475
2856,36234015.86133698,43791777.2534042,7557761.39206722,10986203.278198702,7971425.688166203,0.27441487415539634
2857,36534842.83507759,44065130.18577556,7530287.350697977,11094140.042661704,8060444.153172782,0.273450296987695
2858,36228720.23755017,43760463.87122735,7531743.633677177,10996663.441492366,7975971.280743937,0.2746916986975177
2859,36037671.872936234,43614705.28922787,7577033.416291642,11016910.482119927,7971618.685659997,0.27641976408924585
2860,36244885.21420925,43757803.249178305,7512918.034969052,11064324.328943659,7981622.81476213,0.27861633684375575
2861,36700128.3147748,44259046.29046099,7558917.975686198,11108366.524985854,8062790.562184009,0.27416956002950427
2862,36129335.35837836,43702130.49266468,7572795.134286324,10985930.022738434,7966849.369664854,0.27481338829072766
2863,36504967.130676076,44089522.93062437,7584555.799948296,11102775.832112102,8041395.783271382,0.2757310509671299
2864,36331311.20257268,43860767.81395951,7529456.611386834,11091366.582804885,8015747.453528823,0.27729848313229866
2865,36385921.607705615,43917102.03297347,7531180.425267853,11089341.829347713,7941219.698845854,0.2838871935726987
2866,35997050.09374046,43523726.067867525,7526675.974127059,10933453.031605076,7944295.068070237,0.2733956010872458
2867,36495580.47699226,44072789.05680772,7577208.57981546,11049424.12009932,8064439.185129276,0.2701484622660328
2868,36734062.8418213,44272519.56034696,7538456.718525664,11026838.164634923,8025638.986328235,0.2721722340980826
2869,36513636.25560615,44041763.047454886,7528126.791848736,11079560.387676168,8063063.377843667,0.2722578247046481
2870,36563092.38280988,44110489.843911864,7547397.461101983,11031261.95151174,8039629.178963488,0.27119587819581015
2871,36301429.22247268,43820543.621556565,7519114.399083883,11032684.758790473,8028337.791791185,0.27231331563294464
2872,36514502.96029339,44117852.879036695,7603349.918743306,11180850.542498954,8047200.103801354,0.28026941481656004
2873,36546754.27207068,44083119.53931027,7536365.267239592,11114436.953469539,8048807.020060156,0.2758241327242763
2874,36533216.07078321,44110159.75704804,7576943.68626483,10955735.21874414,7976205.138337554,0.27196076036128686
2875,36063066.76033984,43652534.38706143,7589467.626721599,11046955.188185824,7986255.5828616,0.2770627338651189
2876,35959480.3949225,43505957.823548205,7546477.428625707,11031200.10629957,7945447.327088559,0.27972956246608516
2877,36440139.085114025,44011459.038072266,7571319.952958237,11150426.907243174,8026224.890971631,0.28018676255723457
2878,36125736.8997771,43683799.08101112,7558062.181234015,11066678.507388214,7984645.604469167,0.27849665108292915
2879,36626543.86541206,44162563.38718988,7536019.521777821,11091427.356737057,8021127.942641155,0.2768173396754898
2880,36475553.33304019,43996315.55111213,7520762.218071938,11002323.838890795,7998385.762862818,0.27302760035200163
2881,36347758.5198448,43906584.19074456,7558825.670899758,10937355.416454058,7972930.639226089,0.27103670534179725
2882,36109861.25366995,43663989.14276452,7554127.889094575,10906626.026855554,7902770.991484482,0.27541560772090595
2883,36222400.122994974,43801651.69687783,7579251.573882859,11011654.715611275,7999878.033554891,0.2735080930013701
2884,36411827.337527096,43994480.40957118,7582653.072044081,10933635.130360428,7969180.39736709,0.27113166825566226
2885,36158324.47561567,43726625.47983739,7568301.0042217225,11100883.713151895,7975972.187906242,0.28150114945744176
2886,36030227.78916608,43566104.78830266,7535876.999136595,11002235.862425348,7924616.142725097,0.27972675356023646
2887,36653421.18711735,44199571.54126582,7546150.354148474,10993876.726295982,8045823.732993648,0.26815408856194994
2888,36302976.21841028,43891240.29692112,7588264.078510842,11141976.709986206,8039359.91140262,0.27846197127685673
2889,36394781.81354807,43937233.42091017,7542451.607362101,11018283.574794075,7990890.632962759,0.27476084830099284
2890,36544451.396607265,44090966.08669098,7546514.690083716,11047198.383090714,8021691.119161378,0.2738709995975359
2891,36322518.19562106,43886880.50521009,7564362.3095890265,11074880.721666202,7997005.8701583,0.27791494363334684
2892,35963139.428164385,43521801.448057294,7558662.019892917,11001688.462818284,7899246.1340201795,0.2819969261339506
2893,36383230.09790539,43951904.87675913,7568674.778853739,11107150.355710559,8001370.663176755,0.2796198478520656
2894,36290263.39536984,43839610.478438474,7549347.0830686195,11009087.322168233,7984943.2837381065,0.2746952540144375
2895,36591286.44512558,44138175.95277053,7546889.507644942,11066105.518573143,8026225.85503434,0.2747018504781764
2896,36066175.57160377,43644817.943354435,7578642.371750665,10993975.098624201,7972916.032719833,0.2747922420055715
2897,36298331.30413154,43844140.741461605,7545809.43733007,10925161.757435938,7958018.015689824,0.2715880833276086
2898,36071231.258298405,43612543.00074181,7541311.742443403,10957838.804018881,7964383.995524593,0.27317930679874697
2899,36420733.19872421,43945075.25832979,7524342.05960558,11046691.356564622,8070219.281633797,0.26944466708233167
2900,36342005.79684939,43875250.5541442,7533244.75729482,11005051.86567941,7998060.40602782,0.2732373728314046
2901,36226482.22928897,43767333.79579102,7540851.566502038,11129625.314012816,7985327.973835775,0.2825160103294939
2902,36539045.746148415,44095030.781487666,7555985.035339249,11051594.99710783,8003990.672514763,0.2757614919285964
2903,36678929.67445151,44246533.16710048,7567603.492648981,11106630.468578951,8089414.505741583,0.27165898526769017
2904,36248253.79586555,43779851.030837305,7531597.234971749,10940647.817264736,7984542.74583573,0.27019470152070574
2905,36346454.03425878,43950117.16978946,7603663.135530684,11133232.595922869,8024889.591395803,0.279195011668523
2906,36406150.00309236,43989064.02477808,7582914.021685723,11008089.77330386,8034405.732670583,0.27013624542242315
2907,36265507.60202985,43776000.010027274,7510492.407997427,10933133.99594644,7972984.716862386,0.27075029723239075
2908,36301417.5016425,43864760.31495823,7563342.813315734,11040448.994392011,8018251.487563329,0.2737386412784304
2909,36412139.3153504,43920193.82971599,7508054.514365588,11101353.073238133,8039322.159966215,0.27582501818210886
2910,36696581.15359086,44243094.310278095,7546513.156687239,11154834.868504975,8096692.55992139,0.2741539740062016
2911,36088437.471643694,43616704.985391766,7528267.513748076,11034769.032462226,7985776.817903939,0.2763077510357238
2912,36612566.6666846,44105926.087308876,7493359.420624285,11062140.324416416,8036192.628044341,0.2735408888000803
2913,36600326.99621762,44162090.70575921,7561763.709541587,11063345.093957856,8054480.255444352,0.27196700572567045
2914,36078658.11238185,43681973.548864365,7603315.436482512,11055411.937086713,7957073.203066636,0.2802553854756263
2915,36329147.3275915,43887113.52729835,7557966.199706857,11020350.149174672,8003185.430884399,0.2737812027248727
2916,36628502.05572803,44151669.17455065,7523167.118822617,11083971.105325405,8051124.072388398,0.27362458852674604
2917,36431326.638929956,43964373.24228357,7533046.60335361,11082336.700604651,8008654.119079275,0.2773496839667104
2918,36245389.889770076,43765747.48948152,7520357.599711443,11043976.374516714,7995269.733354169,0.2760515359483424
2919,36305720.7749732,43833055.79292619,7527335.017952998,11045499.710392129,7985895.966050565,0.2770000293841793
2920,36526986.65822367,44029926.91383153,7502940.255607852,11111663.113991937,8008138.919336041,0.279303301658588
2921,36302652.38689415,43838712.149392635,7536059.762498484,11069523.83137517,8008705.239222455,0.27650860495708146
2922,36481074.515376,44062031.228180625,7580956.712804622,10972102.404942168,8020740.689702787,0.26898780254821514
2923,36565833.57371781,44124735.17043703,7558901.5967192175,11011049.16134064,8029955.975930646,0.27073652489687317
2924,36727591.07195124,44275856.09212262,7548265.020171377,11119343.357503284,8075846.039042255,0.27371196487131505
2925,36098820.916328035,43667728.464990914,7568907.548662885,11077762.860762833,7992385.058550259,0.2785199359286618
2926,36217340.92142634,43780028.30746213,7562687.386035794,11005807.801706044,7991450.270854373,0.27388789493347376
2927,36164643.07851407,43700670.12772576,7536027.049211689,10991481.174152575,7963345.210761325,0.2754984442417256
2928,36329491.393526636,43831969.12467471,7502477.731148072,11046336.107576424,8042384.036632438,0.27194103471862
2929,36066956.31445536,43626184.231473766,7559227.917018406,10922523.042290092,7929590.314690851,0.2740147780884628
2930,36196702.58415305,43754387.87949505,7557685.295341995,10985577.737013228,7972075.368553724,0.27431441846760973
2931,36177371.340988256,43712697.15677882,7535325.815790562,10875925.596655758,7937732.746951427,0.27015565926708773
2932,36333219.808283925,43808039.88285297,7474820.074569052,11057849.843107967,7982992.370493673,0.2780701055124892
2933,36333192.756672606,43851304.24316354,7518111.486490944,11023928.060295485,8020624.283525081,0.27243499416394984
2934,36322433.20491004,43881853.173268326,7559419.968358276,11169530.433801796,8051717.826124308,0.2791355130061875
2935,36404279.45870679,43965645.97217285,7561366.513466059,11065440.582287515,7978391.572948907,0.27898112021676363
2936,36160712.69050303,43704771.0224751,7544058.331972073,11003388.069701571,7914238.557356875,0.280745302517398
2937,36930605.09920426,44464039.88262339,7533434.78341914,11165592.410565745,8092730.908969121,0.2752081025892406
2938,36363325.64313699,43929153.16196849,7565827.518831497,11040280.904654747,8022241.868288094,0.27336614552028315
2939,36521753.17273925,44040067.77835538,7518314.605616134,11061773.141717855,8047428.134154839,0.2725010691274128
2940,36564901.79602841,44101589.68014559,7536687.884117173,11142596.914880978,8044050.717909841,0.27808115295214686
2941,36398321.783438504,43932647.17346716,7534325.390028653,11064598.069482815,8045969.493944503,0.27281863801848966
2942,36602295.64986538,44159565.119950645,7557269.470085269,11125043.861114852,8072890.8654145,0.27434974943051527
2943,36450263.078569606,43960685.8009846,7510422.72241499,11038905.041903637,8056459.691791367,0.2701758316418993
2944,36451540.85113057,43999226.92359764,7547686.072467081,11092725.918750104,8011743.103858721,0.277748033933082
2945,36188337.53678845,43750490.40026312,7562152.8634746615,11106460.73306484,8008588.610308371,0.2789252307473479
2946,36712435.06372483,44222013.244379885,7509578.180655051,11146763.440496514,8074646.169064108,0.2756062141115613
2947,36295575.41763344,43821619.34761614,7526043.929982709,11007676.74852418,8007623.762794553,0.27254188638232396
2948,36469301.136183135,43969556.924577914,7500255.788394785,10998517.068480983,8028654.678146536,0.27002389247959024
2949,36444836.036856085,44003122.8808982,7558286.844042118,10911962.640714029,8011283.733958876,0.26582558997520045
2950,36440623.77990237,43966118.92443228,7525495.144529907,11068543.225851074,8025390.990263822,0.2749370150608289
2951,36488451.79243364,44027846.23802548,7539394.445591841,11031582.194741081,8017016.841480128,0.2732668170389957
2952,36507776.45412336,44039404.81877153,7531628.36464818,11103758.102995679,8023663.93832575,0.2773920447563561
2953,36559663.33863392,44118478.54307138,7558815.204437458,11154121.46989811,8005898.980377733,0.28224746323738353
2954,36539891.05281344,44099916.834276386,7560025.7814629525,10931439.873976778,8027220.021774797,0.2656758748786355
2955,36562734.833021864,44106849.91037776,7544115.077355894,11153532.125556238,8075541.887095166,0.27596551512219447
2956,36481525.28322722,44017916.723043956,7536391.4398167385,11085103.253979642,8030424.917334013,0.27556606976565373
2957,36517361.52318527,44101022.4020696,7583660.8788843285,10986287.90294919,8030769.635449801,0.26901882543110867
2958,36276844.18159961,43833250.051502876,7556405.869903267,11040287.128445286,7990575.409877883,0.2762348191751123
2959,36275486.690418676,43792287.20915151,7516800.51873283,11044442.869135698,7989243.585020016,0.27662774123750544
2960,36105768.35168873,43632071.989584915,7526303.637896189,11048842.312249405,7999712.2239499055,0.27596828718598443
2961,36569992.99568993,44123921.7905941,7553928.794904173,11013037.469533445,8021723.716409583,0.2716156883511072
2962,36597742.434571035,44133910.3180728,7536167.883501764,11038185.182805546,8053078.860405277,0.27043452097997434
2963,36410541.60537109,43973032.45066232,7562490.845291231,11108212.146082534,8027009.699744773,0.277380590667274
2964,36432012.90559222,43975109.095056884,7543096.1894646585,11066083.42621166,8048088.909177598,0.2727247211859523
2965,36340690.40311411,43898195.70669058,7557505.3035764685,11016779.976627057,7967392.52508911,0.2767948037455097
2966,36857377.82935515,44406225.69473213,7548847.865376979,11184236.191724852,8052825.7888653865,0.2799842876330148
2967,35923524.29020436,43480964.05261848,7557439.762414127,11043085.552947331,7940917.410358236,0.2809149786728896
2968,36489278.009899564,44032562.57674395,7543284.566844387,11080081.42588421,8042971.898870372,0.2741053436591934
2969,36326448.7402743,43860167.60850823,7533718.8682339275,10977936.343896443,8018916.197076278,0.2695424763020541
2970,36373216.352169104,43948801.56134038,7575585.209171275,11145561.173570689,8074775.799670526,0.27551644336956965
2971,36469047.74082195,44015951.42746782,7546903.686645872,10946750.623659048,8058944.99722003,0.2638048244378242
2972,36365222.042355604,43914214.71709168,7548992.674736077,11113005.781920508,8036825.017666181,0.27680906719754383
2973,36693934.4751294,44217450.010634296,7523515.535504896,11205049.494116828,8093096.940755109,0.27772769366129424
2974,36443636.60765669,43983245.01414636,7539608.406489669,11096825.486344106,8026171.850967339,0.2767146008699112
2975,36119306.81542323,43685097.8423578,7565791.026934575,11093228.911869647,7971829.433247393,0.281378803540454
2976,36744647.86061453,44271877.73658322,7527229.875968687,11115278.267658595,8075595.887897527,0.2734688513022148
2977,36184374.14962115,43728912.49195799,7544538.342336836,10963678.550855394,7988779.552371545,0.2713413189455236
2978,36339845.29129339,43895835.72986948,7555990.4385760855,11046178.300102912,7987348.394529134,0.27691295780960556
2979,36540375.20986381,44127471.26785668,7587096.057992869,11101354.885785213,8059155.8350783875,0.2740385369178878
2980,36665522.074451886,44236452.632401586,7570930.557949697,11094681.93706486,8020851.305320917,0.27705441662775027
2981,36290531.23714768,43841097.60204197,7550566.3648942895,11082811.926835991,8025964.814805953,0.2758187301390696
2982,36303769.71035973,43896662.7938052,7592893.0834454745,10982565.905863129,8036779.114669857,0.2682239120113671
2983,36380574.79041071,43928567.50391252,7547992.7135018185,10923616.992471823,8021446.950924224,0.26567848758773527
2984,36580444.4373683,44132067.60196759,7551623.164599284,11105924.59415651,8060242.692316096,0.27423938241422313
2985,36417876.880479865,43962143.81263204,7544266.93215218,11029439.418326903,7952848.827216554,0.27894351420963226
2986,36272941.98379566,43797722.01835102,7524780.03455536,11140171.555132909,8052983.411538129,0.2771221366130881
2987,36101556.780530535,43648086.79770855,7546530.01717801,11115746.759266902,7982653.691303524,0.2818607814496495
2988,36541016.02579319,44071909.134319045,7530893.108525861,11095031.65434411,8066919.276143796,0.2729250778671458
2989,36409458.98300845,43967605.92943259,7558146.946424142,11015048.579363985,8028399.233922441,0.2711426394466247
2990,36372908.58248947,43873197.24521218,7500288.662722712,10943239.453473156,7991083.9302078225,0.26976980041576093
2991,36454519.74351708,43983636.31162233,7529116.568105253,11032547.265601136,8025554.340753836,0.2725565413368258
2992,36337655.9988667,43910582.032685116,7572926.033818418,11050140.52661504,8008622.747891823,0.27524697730291375
2993,36636374.939431734,44171876.45848504,7535501.519053305,11058070.423198545,8058956.627592292,0.27121492998583746
2994,36597081.04404905,44197712.259325236,7600631.215276184,11074913.50850681,8026815.0897753015,0.2752254829250105
2995,36941700.123993024,44513848.725683466,7572148.601690446,11104088.187544849,8096817.712511603,0.2708255215773969
2996,36396178.187323175,43922671.632348396,7526493.445025218,11079192.804163102,8048948.027613947,0.2735077211952223
2997,36418990.58281231,44007818.31681118,7588827.733998885,11117030.18743364,8019800.826742173,0.2786022263565032
2998,36154137.17656418,43700551.10946485,7546413.932900668,10984008.546007164,7930584.579553813,0.2779881273456685
2999,36501517.96051161,44092647.13463312,7591129.174121511,11026784.60452314,8048148.794202387,0.2701273233449149
3000,36235674.80423667,43781302.05690505,7545627.252668384,11023416.31893668,7955264.797386384,0.27833036808014255
3001,36467153.40019415,43968051.914114326,7500898.51392018,11059187.054251386,8031327.770258803,0.27378678641922505
3002,36641948.14561069,44138705.71496319,7496757.569352498,11048037.881739123,8032539.227346753,0.2729442717947747
3003,36302207.64268092,43858990.09225325,7556782.449572332,11148098.41541072,8027260.241135628,0.2799435435518725
3004,36388457.73895845,43946420.67281223,7557962.933853788,11178647.763151472,8042787.949296004,0.2805222850112785
3005,36492082.86479936,43958795.09351703,7466712.228717668,11110076.211452562,8049342.231961969,0.2754917177197675
3006,36339574.060305454,43877888.15407456,7538314.093769109,11085735.490644166,7963563.182302404,0.2816387158954611
3007,36402019.7007151,43955988.23192011,7553968.531205006,11038844.47547885,7996995.128529339,0.27555867407195805
3008,36276874.69004957,43799756.961032346,7522882.270982779,11091171.718508225,7996677.316921159,0.2790051835932876
3009,36252689.15489119,43787051.03886356,7534361.883972377,10950738.507039502,7927958.0260878755,0.27603439521530737
3010,36316307.28627708,43880119.602391005,7563812.316113913,11004962.051985094,8004479.49260873,0.2726481513705113
3011,36427127.39847406,43949724.43831148,7522597.039837431,11040991.036437403,8020967.318623817,0.27352831895677887
3012,36477182.5312639,43999819.55225285,7522637.020988955,10875009.38294727,7982229.971290591,0.2660024750132857
3013,36210188.47291791,43775820.20121946,7565631.728301549,11010673.386540314,8019011.26794561,0.2717056453833039
3014,36563893.939705215,44117332.845651664,7553438.905946453,11104877.54446431,8055710.755578826,0.2745790556155632
3015,36660135.788029455,44226241.04051736,7566105.252487906,11110396.249013241,8059680.260713704,0.2745821048975174
3016,36389245.01359916,43968544.318066426,7579299.304467275,11108001.940883983,8017470.175841992,0.2782257134532013
3017,36479734.28171259,44011140.855418704,7531406.573706122,10980702.68468106,8014258.640874236,0.2701506569288362
3018,36377697.35350235,43892250.243523695,7514552.890021338,11031700.96825058,8001380.064790411,0.2746920816818262
3019,36403684.16404899,43987317.47517602,7583633.311127026,11118558.066902349,7988712.440821122,0.2814974394384943
3020,36223508.33907794,43787461.91854916,7563953.579471214,11074451.592661347,8006768.973948563,0.27700537521385077
3021,36746096.99946891,44291187.03482646,7545090.035357544,11119257.354775397,8044726.491676366,0.2765050546994139
3022,36181239.9503823,43721964.1087459,7540724.158363603,10987337.651353924,7951782.759790936,0.2762775649466756
3023,36069061.28743694,43603179.21567288,7534117.928235939,11103221.575992418,8006184.745699505,0.2789313722234798
3024,36423685.50093756,43952753.88261144,7529068.381673882,11052252.155127972,8009143.269535935,0.275338351213794
3025,36061051.3562177,43615314.11051282,7554262.754295134,10947253.357978292,7924017.027097674,0.2761639136338524
3026,36478180.21620774,43990632.909568004,7512452.693360264,11069103.723844554,8013938.840968907,0.27600833446834105
3027,36137140.28504082,43663314.679611176,7526174.3945703665,10998126.227016965,7966214.6994034145,0.27567528004594466
3028,36752383.80017879,44264137.51632879,7511753.716149997,11087153.530683171,8037960.474686887,0.2750203690746941
3029,36632210.50605376,44206496.67908083,7574286.173027065,11096946.23382792,8081227.283428374,0.27176115724580446
3030,36440724.13638796,43959705.986525424,7518981.850137462,10986689.41230076,8040749.391846426,0.2681371894572757
3031,36558948.745564535,44077582.970529854,7518634.224965325,11113151.225255404,8012935.520293949,0.2789681920206395
3032,36534603.64244976,44072681.67065716,7538078.028207403,11142973.229772143,8044594.518387547,0.27805673113404344
3033,36426220.889660984,43977105.703701004,7550884.814040018,11145553.799830856,8015244.043269917,0.2808572649488663
3034,36238017.8875149,43773811.68632696,7535793.798812057,11059749.93378732,7996337.472152684,0.27698749790679905
3035,36442758.942430645,43986733.44449105,7543974.502060415,11036571.0784003,8027561.8927934775,0.27263985926713796
3036,36297135.12755224,43819674.67617136,7522539.548619131,10991298.895380054,8008480.400627407,0.2713799818514996
3037,36339838.44527231,43897825.928630635,7557987.483358325,11073776.79561453,8011299.711632534,0.27655217731991916
3038,36388314.788016714,43968430.97779474,7580116.189778029,10991978.662920518,7992849.496742472,0.27284706949942267
3039,36654313.83850342,44201221.79871697,7546907.960213555,11148640.949475082,8078747.760163127,0.275360306536421
3040,36400671.448415056,43962817.823143065,7562146.374728013,11078049.280027427,8013288.670899451,0.27665164973163836
3041,36325761.000608765,43861505.00175659,7535744.001147833,10968755.020529758,7975172.401347497,0.27291908822644856
3042,36393146.2290203,43928542.509076245,7535396.280055948,11033256.50431544,8032825.754100726,0.27194425771223163
3043,36536103.28137176,44078959.1296428,7542855.84827105,11089692.565654691,8041440.580153641,0.2748725419982906
3044,36224216.82683353,43767296.46859748,7543079.641763949,11061190.689512106,8022688.483964579,0.2746993782892238
3045,36145900.77081686,43668896.507925816,7522995.737108955,11036727.10696686,7939116.6644338025,0.2806638609898864
3046,36289363.92378289,43863538.49940131,7574174.5756184105,11009733.496761179,7994896.721410587,0.2738337650259645
3047,36233833.47927709,43778823.32651158,7544989.847234489,11046318.71918253,8010497.958001924,0.2748264682883665
3048,36118322.24551275,43685651.42923258,7567329.183719834,11054920.529785842,7997364.252053486,0.2765787659435655
3049,36372396.91262153,43912361.03587708,7539964.123255555,11030896.091035528,7991549.2685919795,0.27553036465582637
3050,36862424.13157038,44411540.942134745,7549116.810564368,11103696.658724548,8046206.170340887,0.2753578904716645
3051,36424659.41094278,43966716.95821025,7542057.547267478,11080379.501016725,8051154.150621148,0.27338642598997787
3052,36286832.0424312,43842364.913888045,7555532.8714568475,10997840.386696704,7916793.061310925,0.28015021286476394
3053,36359324.65329635,43900462.84294224,7541138.189645885,11028790.863565655,7993132.204319777,0.27524854689867945
3054,36592519.109299496,44147168.0471632,7554648.937863704,11094056.12689763,8053297.489403751,0.2740889898800435
3055,35900622.86076928,43472336.05670547,7571713.195936184,10970014.18355186,7941453.518360168,0.2760762761576583
3056,36738297.85019484,44271588.286868215,7533290.436673379,11132462.402369821,8046381.8950416865,0.2772145456939685
3057,36716176.55826224,44251288.831137314,7535112.272875069,11192988.629025435,8045361.746410229,0.2812141588755699
3058,36234290.008734316,43781715.79450707,7547425.7857727595,11018629.412976233,7987288.726865312,0.2751105035387635
3059,36505560.695928335,44031931.07756359,7526370.3816352505,11110957.003315935,8023829.46492806,0.2778453320867463
3060,36341058.6617548,43896153.45418104,7555094.79242624,10982145.677217843,7968331.514406351,0.2744285362252629
3061,36451747.01906441,44041735.88223168,7589988.863167271,11067253.118846977,7999694.957511753,0.27717430227662604
3062,36424121.18925769,44003202.946957566,7579081.757699877,11034049.544258377,8026274.727084814,0.27259029471538615
3063,36721764.556765355,44250922.432413824,7529157.87564847,11080184.257998899,8019428.452325573,0.2762369049471117
3064,36240966.11396578,43799728.82108767,7558762.707121899,10990262.148714926,7980548.966037242,0.27385271997625693
3065,36400126.89066833,43955429.14633599,7555302.25566765,10874754.527863707,8007188.466521049,0.26369018758035156
3066,36091418.03880064,43628044.97908476,7536626.940284118,10936727.908539446,7979721.6358464565,0.27037394524409314
3067,36573071.91144596,44112545.08769555,7539473.176249583,10993077.895342622,8022742.850273944,0.2702004910132678
3068,36450200.359200716,43957401.70968198,7507201.350481265,11053641.663700912,8056647.3910857625,0.27113184629975734
3069,36362622.5350807,43919142.25679822,7556519.721717525,11072062.498921866,7993425.991837351,0.2780544733543814
3070,36406999.705674544,43957828.09605642,7550828.390381871,10990107.831140356,7964969.268071396,0.2752601348002484
3071,36138542.446397096,43724648.66596664,7586106.21956954,11132613.01695309,8018261.797503818,0.2797502450419
3072,35974603.48057314,43529398.84592364,7554795.365350507,10996691.116356177,7985822.4993704455,0.27379768924376247
3073,36482571.903995,44053955.60459892,7571383.700603923,11058962.923363572,7977801.4851369,0.2786121501246104
3074,36176182.15381306,43707302.24521641,7531120.091403352,11002077.166434448,7956367.224271777,0.2768304472045186
3075,36022129.41630349,43573160.48962981,7551031.073326324,11049106.294223238,7953514.255832985,0.2801667352959315
3076,36263651.807395935,43785482.70502597,7521830.897630041,11107375.82916606,7990803.992466796,0.2805857913365713
3077,36287390.422169365,43830040.93008942,7542650.50792006,11088736.467269037,8023718.56783972,0.2764082191398834
3078,36791269.470884606,44315962.19039111,7524692.719506498,10990837.489973567,8033405.1410887875,0.2690816192653843
3079,36394993.97902394,43887701.7556797,7492707.776655756,11006764.509402435,7950772.967106431,0.2776466726153221
3080,36081627.26940462,43652166.80213314,7570539.532728522,10949067.268734217,7965431.001462656,0.27250140984990845
3081,36560167.5236458,44047861.51204023,7487693.988394419,11065068.307091972,8076653.370715477,0.2700765014221485
3082,36358827.34618998,43870734.57217065,7511907.225980666,10961098.039680265,7974540.928700487,0.27246878918226475
3083,36154079.759249106,43746812.7074068,7592732.94815769,11180313.860338194,8020507.172022146,0.28262235996123164
3084,36290066.61827969,43835158.81721788,7545092.198938185,10958729.408143893,7992771.084403555,0.2706480115784417
3085,36005383.968631245,43560013.136354804,7554629.167723558,11076787.828456905,7974534.153683909,0.28006798747224604
3086,36811369.99968911,44358136.49318849,7546766.493499377,11064028.047276447,8094281.124612932,0.2684146234964178
3087,36360745.04710783,43845296.631746136,7484551.584638306,11125674.575217249,8049627.887778725,0.2764818139019187
3088,36389852.80123097,43943458.299641356,7553605.498410392,11102402.130554698,8032525.710876524,0.2765056051455413
3089,36458825.304872215,44008277.85077824,7549452.545906017,11101109.195732858,8035333.5720303245,0.27616840530502873
3090,36254068.39400677,43798096.62807721,7544028.234070439,10955760.263426783,7996043.993625812,0.2701516096223175
3091,36459636.35474139,44004173.710265025,7544537.355523638,11097093.58710153,7997651.720255433,0.2793021292033319
3092,36539496.684661895,44071188.723502964,7531692.038841063,11081615.319526961,8061743.1716987705,0.27251190920757384
3093,36343219.12861917,43861568.84947699,7518349.720857823,11008096.224569853,8005159.20653858,0.27279349278658893
3094,36532456.458865635,44078147.20666506,7545690.747799427,11095664.5970256,8058350.014330149,0.2737388604473192
3095,36657059.93999545,44185537.35638867,7528477.416393218,10993174.985912291,8031435.343527705,0.2694162192615003
3096,36185515.47197819,43739860.35736948,7554344.885391306,11031304.400838686,7967674.820982583,0.2777214251855095
3097,36185537.9842081,43733713.08814727,7548175.103939173,10944656.529627029,7933761.5260195155,0.2751018266728667
3098,36147509.43980978,43725289.82567026,7577780.385860489,10905295.227314888,7952645.235737658,0.2707537879562967
3099,36308479.96630154,43842595.09131257,7534115.125011041,11026757.796064915,7962867.90238411,0.2778595440605584
3100,36262472.24675043,43840412.444340065,7577940.197589634,10994752.823923573,8029663.894572722,0.26968218174937864
3101,35716013.76872434,43256966.718283944,7540952.949559603,10921605.181819484,7918975.232603818,0.27492569995241695
3102,36148073.00684923,43732893.0849606,7584820.078111378,10922367.931500176,7944642.369308218,0.2726263737741501
3103,36182170.764127,43740253.26139582,7558082.497268811,11018371.858797334,7998907.382658842,0.27403907898857843
3104,36211887.50109842,43762506.07520372,7550618.574105307,11047965.518742142,7984795.698177576,0.2772609866828514
3105,36432691.97812811,43943692.6733498,7511000.695221692,11025389.671559874,7998140.594686389,0.274570710610103
3106,36456548.74693174,43986355.68173729,7529806.934805545,11100590.255979164,8063157.02216683,0.273628083171187
3107,36685308.983692594,44191866.21321167,7506557.229519077,11126927.907338688,8036946.59204871,0.27770300491045713
3108,36278492.86921345,43839887.782379106,7561394.913165664,11031483.108629381,7980695.8874179255,0.27655277093476005
3109,36589089.32416634,44129582.36225686,7540493.038090512,11102037.863741232,8057113.781985033,0.27426713177594064
3110,36380360.59855119,43909457.65629664,7529097.0577454455,11023768.458071068,8029816.154144822,0.27159063756770213
3111,36633404.46873357,44167655.064588316,7534250.595854743,11049397.681528363,8042920.117151902,0.2720942490288396
3112,36521393.610175975,44086188.383639045,7564794.773463076,11134391.131910205,8057033.760828357,0.2763830850402234
3113,36225234.547521316,43775240.632667705,7550006.085146389,11009412.22750844,7950945.876073392,0.2778046900444944
3114,36142880.18567176,43681056.59421967,7538176.408547905,11048404.454019561,7962592.757190824,0.27929930603745023
3115,36180527.18387998,43727776.10079301,7547248.916913031,11049578.774062918,8008994.154359425,0.2751765186597673
3116,36212066.76390637,43748265.712617084,7536198.948710724,10999412.081898563,7977895.829449237,0.27469797748751984
3117,36605311.48520163,44133622.11981538,7528310.634613758,11096152.833650693,8037010.817340905,0.27569393303889045
3118,36192726.063319065,43737799.79139436,7545073.728075299,11104209.57055578,7983833.035765353,0.28100843333005004
3119,36454661.8562993,44031285.763793096,7576623.907493794,11053805.743716966,8021916.282034259,0.2742846700925649
3120,36202388.69229394,43712353.549999766,7509964.857705818,10961523.20137001,7973269.10424163,0.27261303399466397
3121,36355189.17264072,43917800.621667646,7562611.449026927,11142822.92132692,8038208.0496719945,0.27862013904150057
3122,36174533.3022326,43743456.30910922,7568923.006876622,10982333.175485454,7943180.824491122,0.2767310281369234
3123,36444649.289144754,43986230.1660501,7541580.876905341,11058982.46510676,8029574.300891027,0.27393190772967624
3124,36344823.402014896,43892482.805973135,7547659.403958237,11083446.644664789,8058412.449093944,0.27293262579352945
3125,36709390.48040887,44246786.16079414,7537395.680385266,11066510.860496875,8052517.478946296,0.27235263395523873
3126,36166132.66236976,43758271.32241617,7592138.660046429,10969493.154622996,8001282.675561235,0.2705877507030336
3127,36471836.756494366,44009721.381855235,7537884.625360869,11044063.23977449,8015400.429940876,0.27423446824589687
3128,36269625.03161858,43811588.74186363,7541963.710245046,11122522.712092388,8007071.916719633,0.2801028935625946
3129,36061176.27284944,43617637.09972639,7556460.826876942,10972186.418890433,7883065.356262963,0.28154106617337793
3130,36483330.11623284,44002146.28950029,7518816.173267448,10983349.421351455,8006104.202808535,0.27106897034116056
3131,36564589.450132094,44120110.070744246,7555520.620612151,11217355.402313367,8119448.362732271,0.27617089130849964
3132,36362008.5724778,43918084.37663283,7556075.804155027,10996675.37415797,8019365.562719241,0.2707463583434831
3133,36206664.47540274,43756436.51794582,7549772.04254308,10978765.5977891,8001129.44435582,0.2712177545746049
3134,36323336.2720294,43867040.94004184,7543704.668012438,10989485.838032521,8009615.575348719,0.27115647689094224
3135,36466990.71623685,44013903.08855067,7546912.372313822,11085274.104682986,8081891.846786853,0.2709344152913053
3136,36504671.41490142,43991761.81947284,7487090.404571415,11152391.595555218,8013212.694652061,0.2814803330753088
3137,36605980.16554192,44140639.224266045,7534659.058724128,11115768.936048344,8048175.620223243,0.2759677115882575
3138,36400969.6289534,43956805.922626026,7555836.293672619,11116191.556762509,8030751.6556079555,0.2775626783147267
3139,36386232.69124038,43912424.04864922,7526191.357408847,11029019.3514315,8026502.609740689,0.2722378704776778
3140,36400470.74098218,43939235.13317249,7538764.392190302,11108778.821784444,8042168.968554283,0.27605283194733377
3141,36106344.62262126,43641997.08390198,7535652.461280728,11097473.062631888,8000366.273196289,0.27908216329574814
3142,36563604.823155865,44135208.143477105,7571603.320321243,11175097.437909847,8054635.7454894865,0.27923351091639353
3143,36358205.02955508,43886882.58219358,7528677.552638503,11073900.968956823,8006030.530629706,0.2770361092199757
3144,36266720.39370418,43825141.56622411,7558421.172519918,11000166.640999535,7978005.220941191,0.2747377852253822
3145,36406525.030875,43950891.40436426,7544366.373489258,11041158.581018245,7980465.091945427,0.27720763782296415
3146,36411650.336468466,43956712.80755206,7545062.471083597,11137054.697399748,8007779.553635592,0.2809786993768444
3147,36501672.70733205,44042994.58506306,7541321.877730999,11134684.238637682,8068440.550506571,0.2753776957132879
3148,36473193.52149344,44013416.63182543,7540223.110331988,11000347.746813783,8062873.767068464,0.26703464720887116
3149,36279742.53490471,43812565.48913613,7532822.954231412,11036031.60625289,7962913.965181921,0.2784622000656265
3150,36385522.41834819,43927511.669293076,7541989.2509448845,11136163.331938712,8029439.424000815,0.2789761442370155
3151,36386045.73750811,43904246.97981042,7518201.242302305,11004567.791200876,7974497.647408248,0.2753465834628632
3152,36583480.49536711,44123721.61424588,7540241.118878762,11043592.986251926,8062528.148407607,0.26993613777286257
3153,36550687.17356168,44091325.56213728,7540638.388575609,11032277.210260024,8029492.743501403,0.2721817453939636
3154,36351703.70122096,43901060.23140162,7549356.530180657,10998749.363330917,7985843.216986483,0.27393170321611826
3155,36332757.110729694,43914993.70141444,7582236.590684752,11112989.726920635,8011130.750363325,0.2791201155385953
3156,36260728.228328206,43834935.02735572,7574206.799027516,10986379.023480766,7979712.394904458,0.2736722101203931
3157,36597693.693003245,44162534.10962685,7564840.416623616,11065253.677642806,7986789.8724505445,0.2782099620013462
3158,36652192.46159195,44175833.11343707,7523640.6518451255,11039034.77607508,8009318.263210549,0.2744548390617304
3159,36300790.62585245,43861628.49825255,7560837.8724000985,10939991.796578074,8017710.54637678,0.2671191445605431
3160,36461415.89062329,44019516.0790817,7558100.188458415,10930704.038330367,8019845.037995919,0.2663011449333023
3161,36486852.40930703,44054251.24139107,7567398.832084034,11103913.38220488,8001194.071947999,0.27942574869408604
3162,36377965.86206388,43904707.26952827,7526741.407464385,10972895.9411009,7963458.096121734,0.274261039303835
3163,36397498.23917547,43934659.12680495,7537160.887629485,11155040.131163897,8043852.533844134,0.2789042048022778
3164,36768447.90433651,44307656.01268566,7539208.108349148,11079834.83399057,8082677.784997832,0.2705055710576208
3165,36216169.12356457,43754600.3265642,7538431.202999624,11046846.562868541,7982528.336372964,0.27739302877579425
3166,36547502.70352837,44117410.38309805,7569907.679569684,11099089.659499204,8062935.675741239,0.2735498204719392
3167,36459767.46535138,44036304.746238396,7576537.280887018,11084167.09268812,8028866.048419592,0.27564552381062674
3168,36436867.219022684,43954496.94638437,7517629.727361686,11111410.475348014,8038759.646922769,0.27653112404066854
3169,36310141.8600118,43840362.269266374,7530220.409254568,11040869.852049842,8009498.875449255,0.274559071633091
3170,36257030.76619943,43783941.54911134,7526910.782911898,11037555.663702684,7964633.481827899,0.2784060416546914
3171,36544044.253787056,44114129.204128176,7570084.95034112,11088171.782331083,8028776.316797392,0.275915229813522
3172,36236810.895721465,43804160.87029767,7567349.974576196,11045796.304086797,7979627.513852013,0.27758693948577906
3173,36507960.554618776,44010719.75639902,7502759.20178025,11176303.93260123,8060680.784607244,0.27877043849046795
3174,36068712.694326624,43609112.56322667,7540399.868900037,10857164.920248019,7941244.2125460245,0.2685710983595691
3175,36132937.95510623,43702682.849527895,7569744.894421661,10987289.819410386,7974282.382816507,0.27422662786877927
3176,36461420.38347599,44036097.5506211,7574677.167145117,11069111.77399182,8038694.456819783,0.2737724018915735
3177,36862141.87870285,44415247.32722982,7553105.448526969,11175784.098522287,8144563.258024531,0.27123115602229264
3178,36234009.0905914,43787709.879627205,7553700.789035812,10985131.331091573,7942716.403776891,0.2769575379316256
3179,36388941.129787445,43903817.9694903,7514876.83970285,11101698.860661065,8001417.179997271,0.2792619147371814
3180,36207498.156390324,43790941.01494906,7583442.858558736,11048039.810996527,7985244.083097504,0.2772252617021263
3181,36136934.276211075,43688078.19745812,7551143.921247041,11032139.610588439,7980914.563096415,0.27657600023149775
3182,36584949.42351271,44102520.128020704,7517570.704507982,11061898.32364268,8023248.118485318,0.27469518488185996
3183,36353538.53370487,43916842.88949185,7563304.355786977,10920063.18976598,7940288.394833924,0.2728715707180732
3184,36522872.37319798,44062696.200828776,7539823.827630783,11067786.586848505,8052141.806255728,0.27247044898536177
3185,36489874.69543906,44011604.28581821,7521729.590379152,10963355.046230523,7997414.6457149675,0.27053218544950075
3186,36591808.842964716,44131395.000225745,7539586.157261026,11080396.878390707,8007132.799382597,0.2773604693710632
3187,36225671.03783111,43787879.31366957,7562208.275838459,11076466.931378128,8003414.235628763,0.27743979328316537
3188,36518615.54503024,44096982.05637841,7578366.511348172,10957324.413661055,8024606.184005183,0.267649119341534
3189,36103595.40709534,43654618.5731858,7551023.166090466,11003990.096775582,7963428.77694527,0.2763144362262981
3190,36521694.10183313,44052224.72257549,7530530.620742354,11099135.337960199,8008210.211635198,0.27848341624898604
3191,36385368.07785003,43947927.199244924,7562559.121394894,11019341.027821738,7984826.5181188425,0.2753807602506651
3192,36563528.05934338,44092392.090203494,7528864.030860118,10986699.370482348,8014884.762817237,0.27049202926671506
3193,36152355.68408272,43732733.08736022,7580377.403277515,10886850.532069534,7937673.02464672,0.27089354251125103
3194,36492222.620949864,44060297.00752099,7568074.386571126,11017779.720629375,8004003.561123939,0.27353752170798334
3195,36474488.79705615,44008777.40703356,7534288.609977407,11070564.381119845,8013578.933933049,0.27613636865707525
3196,36339024.77532429,43890715.40802811,7551690.632703818,10988359.608419068,8027120.062707143,0.269488772777611
3197,36542778.944223054,44067403.012263566,7524624.06804051,11087168.715990255,8027120.403568799,0.2759990752200028
3198,36330213.28921177,43938225.13606417,7608011.846852395,11046164.215984965,8004179.052646114,0.2753883704659014
3199,36535556.252805725,44084461.1014399,7548904.848634181,11164662.506330993,8050478.221590761,0.27893223668644834
3200,36439104.726008296,44013135.44472047,7574030.718712175,10995286.038105898,8033257.949739739,0.26939072599846725
3201,36518881.15772177,44062372.373787574,7543491.2160658,11053854.564921042,8004410.4138516765,0.27587156436331745
3202,36332899.09973579,43884647.82698915,7551748.727253366,10888830.161554513,8030401.233843258,0.2625101948787472
3203,36040307.0352841,43607204.192998774,7566897.15771468,11036738.225892365,7959037.429537257,0.27885963528017477
3204,36589240.654681474,44166967.87053738,7577727.215855912,11106196.706762254,8058643.831012638,0.2744011254450451
3205,36288552.451933004,43798434.90700723,7509882.45507423,11016506.81479088,8005880.0952096395,0.27328324397159554
3206,36447049.78078877,43979693.44316391,7532643.662375135,11131853.154663634,8013029.324154126,0.2801711257934526
3207,36497900.67340237,44039205.055930525,7541304.382528161,11002698.626807528,7982559.37754906,0.27449077282731793
3208,36119762.03993756,43630758.305649586,7510996.265712023,11033672.504178364,7913265.707953187,0.2828076322768783
3209,36303850.65598008,43837708.95334361,7533858.297363525,11024444.711128222,7978248.17104295,0.2763129227733711
3210,36051562.975524925,43608424.25518511,7556861.27966019,10910222.912878806,7918174.416621797,0.27424265481552085
3211,36315899.65962234,43873723.92128198,7557824.261659633,11127735.666119054,8000522.748063094,0.28102868471053616
3212,36253166.7848315,43805447.30597938,7552280.521147868,11045377.053301005,8005718.637783779,0.2751973428203429
3213,36339416.172760904,43882734.68684219,7543318.514081275,11010676.411978979,7963712.102015501,0.2767281678216024
3214,36716506.9000528,44247566.72523505,7531059.825182253,11131275.482877444,8047487.34291201,0.2770381655461709
3215,36823265.93468802,44358341.74573919,7535075.8110511815,11123892.460216375,8091015.798116775,0.2726452698950855
3216,36377778.32960099,43919189.5815632,7541411.2519622035,11051142.677118456,8012872.217507779,0.27492817244152123
3217,36457467.03493819,43979654.77041456,7522187.735476371,11045620.425023202,8050623.791396623,0.27114788652718785
3218,36416894.67992604,43965591.068091944,7548696.388165903,11028238.252239715,8088664.339541741,0.26654972856620857
3219,36130108.94467832,43699577.05270845,7569468.108030122,11027846.435902758,7950403.0137284305,0.27906114217869976
3220,36235349.47939803,43804007.91673242,7568658.4373344,11082364.003411632,7967962.890089587,0.28102317451071784
3221,36329750.82341035,43871944.49009872,7542193.666688375,11074395.762368724,8056754.783810552,0.27248809265172247
3222,36096883.06293503,43606488.348838,7509605.285902958,10930189.378668502,7981913.959805382,0.26973690177930604
3223,36259730.46710938,43813256.42239084,7553525.955281458,11086181.37748271,7968999.591763309,0.2811772313278899
3224,36078724.81802563,43626798.30227118,7548073.484245549,10967193.982381381,7996066.667414144,0.2709104370489211
3225,36626239.049324185,44176763.28598602,7550524.236661844,11018798.824111722,7993947.084919875,0.274517375938724
3226,36452655.82431718,44034660.39877242,7582004.574455239,11032140.646947395,8016799.950137853,0.27332326456913786
3227,36258060.98524795,43792332.3149477,7534271.329699751,11040249.662842194,8000892.140420185,0.2752978977143492
3228,35960608.461259075,43526601.323783986,7565992.8625249155,10988926.207432581,7941060.682263593,0.27735790264088794
3229,36464145.01277587,43971567.18326925,7507422.170493371,11027685.31202442,8006198.281350869,0.2739910457345902
3230,36533420.30433772,44083951.09770568,7550530.793367961,11025037.98555083,8037331.631091812,0.2709928399679566
3231,36657764.41196577,44177546.59665371,7519782.184687937,11021665.509228937,8022350.034764985,0.2721290599821316
3232,36408560.75567395,43962885.19230885,7554324.436634898,11019354.766836787,8025403.505908208,0.2716993258025417
3233,36375414.08204377,43909550.95294732,7534136.870903551,10969752.998073278,7937500.114551498,0.2764194311443807
3234,36281649.534701414,43831146.90819469,7549497.373493276,11193797.885197647,8069762.466919795,0.2790862806634186
3235,36468464.427147985,43994317.247661345,7525852.820513352,11088704.517290764,8017700.86880237,0.2769488215417534
3236,36186398.148397096,43728189.67031623,7541791.521919131,11081379.592368467,7987646.67577594,0.27918301063552786
3237,36255571.205242045,43796622.30640891,7541051.101166859,10858934.515557725,7928692.735310648,0.26984615995693545
3238,36126035.483725294,43666708.87642961,7540673.392704317,10951117.98626344,7957371.497094167,0.2733735946343091
3239,36575270.67341303,44106898.53980622,7531627.866393193,11083301.448427467,8066826.7566181915,0.272163913058348
3240,36461789.509064615,43964073.428858005,7502283.919793382,11100100.505227296,7984446.310708235,0.2806870255861041
3241,36221267.97565813,43789196.09190501,7567928.116246875,11002192.588141821,8002526.982295183,0.27264252846107073
3242,36202257.346777104,43709610.97978977,7507353.63301267,10972189.23630914,7970204.520187095,0.27359942956396394
3243,36220058.48798937,43801566.14715904,7581507.65916967,11018406.825235374,7982856.157296542,0.27549814742604467
3244,36619233.55641279,44185805.47946644,7566571.923053642,11130356.761004886,8020134.357086276,0.27943600287955267
3245,36440508.00396547,43964352.817661405,7523844.813695932,11042184.638097173,8037514.410111739,0.27210831248183226
3246,36358642.60388889,43926204.07804078,7567561.474151883,11038852.189566493,8010846.8574644225,0.2743043642675121
3247,36510026.22473349,44048601.40304484,7538575.17831136,11081819.124134265,7990084.66699446,0.27899160079291924
3248,36372200.145086415,43901855.23022967,7529655.085143255,10993193.849281656,7975224.365550969,0.2745307255659732
3249,36376652.562618986,43908441.829620525,7531789.267001547,11025562.525343966,7996336.247224788,0.27474573484627485
3250,36557029.97044359,44104372.31075801,7547342.340314421,11014075.666967928,8033253.698833073,0.27063750588481733
3251,36323098.75976473,43853857.889220476,7530759.129455747,11112415.100739341,8028468.423400392,0.2775226311635682
3252,36344617.21813698,43922026.860568866,7577409.642431883,11007712.046730999,8019476.69272433,0.2714674349511256
3253,36426800.148318075,43992088.43872292,7565288.290404851,11003537.251549026,8030793.507416503,0.27016255556494206
3254,36393936.81090107,43917458.47357777,7523521.662676703,10993379.2078496,8036343.624495883,0.2689833150886222
3255,36140177.261802286,43692812.92784541,7552635.666043133,11001901.843493665,7966225.167541404,0.27592290125252367
3256,36607540.65044983,44165885.878815606,7558345.228365773,11141448.513110237,8040205.7840223275,0.2783518431592311
3257,36246693.09735073,43826774.79897661,7580081.701625883,10973599.903665654,8001281.257099437,0.2708608544743221
3258,36207307.194986135,43754573.970696144,7547266.775710003,11039831.564088987,8013049.6548663005,0.2741692109749555
3259,36198062.0745898,43763995.99958305,7565933.924993245,10973987.70245276,7989198.02467345,0.2719877002515858
3260,36532880.54531297,44112625.63897883,7579745.093665862,10969953.897504788,8010418.219856532,0.2697856076060108
3261,36572030.30510978,44141242.284523234,7569211.979413461,11053585.650722396,8007004.157379112,0.27561929582046324
3262,36228851.2286023,43785390.53148023,7556539.302877931,10938987.110052293,7971030.9883489385,0.2713190985457854
3263,36310747.920238405,43882810.67426686,7572062.754028456,11037939.779779714,8008125.830168292,0.2744908932336908
3264,36453803.427292146,43982413.680769525,7528610.253477379,11031396.34104065,7997269.571571047,0.2750446702908852
3265,36324643.1216777,43882923.84489423,7558280.723216529,11064597.018077813,8028589.031198394,0.2743893864294433
3266,36644881.42746558,44158154.60350727,7513273.176041687,11125910.001403196,8021631.568286867,0.2790134409432414
3267,36177606.93918956,43712509.94546156,7534903.006271998,11016367.961667078,7984891.910755745,0.27517926611200333
3268,36203099.548127346,43735679.61907877,7532580.070951426,10980340.738890976,7983697.503574547,0.27290985831639064
3269,36169400.02538479,43697707.085530885,7528307.060146088,11092590.933684617,8010689.597125366,0.2778342188027967
3270,36054547.19656748,43629635.34789753,7575088.151330039,10992267.450351954,7955078.749085344,0.27630229295133857
3271,36342244.49854787,43870448.77545357,7528204.276905708,11017545.887195112,7999272.916150097,0.27395147721172036
3272,36503170.250030234,44050895.5300015,7547725.279971269,10971809.819949195,8013438.800249559,0.26963382233628025
3273,36221614.26848662,43793007.01065182,7571392.742165198,11039046.385334505,7991576.206564125,0.27606281126048876
3274,36001443.104008436,43547959.468370855,7546516.3643624205,11049338.438768739,7945659.106297957,0.2808927746824121
3275,36601140.90982371,44157222.23679051,7556081.326966805,11155367.721892027,8035962.853178361,0.2796326348428605
3276,36855554.86505631,44395516.04235305,7539961.177296732,11118664.94246703,8076086.417900431,0.27364603037417423
3277,36212432.529924944,43798775.993980095,7586343.464055156,10930381.925030801,7960454.528330557,0.27171304873611496
3278,36406659.123658024,43915196.24903603,7508537.125378005,11116721.221970148,8043360.002128432,0.2764629208986356
3279,36067334.97042754,43605721.272094294,7538386.301666759,11015348.963046296,7934407.219498909,0.27969533728646867
3280,36168027.916871354,43717301.85968149,7549273.942810133,10974779.229198031,8011656.675749561,0.2699938186970707
3281,36246123.33616625,43780209.30752559,7534085.971359339,10985136.234254597,7987930.296798529,0.2728419451103371
3282,36247175.55038006,43807107.82584354,7559932.275463486,11016986.745129773,8012586.584885924,0.27270616092662453
3283,36301492.22527283,43867202.2874794,7565710.06220657,11144694.33200992,7991335.042921043,0.2829471311771883
3284,36372062.29792964,43894594.602239296,7522532.304309649,11039036.33374428,8023616.15823653,0.2731597291957607
3285,36283596.53705076,43807748.84633178,7524152.309281027,11046051.630495874,8010063.896884489,0.2748482295003627
3286,36132457.39362056,43719759.5442346,7587302.150614042,10978068.424193246,7942878.900918598,0.2764775556131312
3287,36672168.02950402,44183228.19484744,7511060.165343415,11180871.880209228,8102244.849506108,0.27534767088713924
3288,36516000.58885103,44081060.27821912,7565059.689368086,11113474.676477414,8024278.656918397,0.2779685120529905
3289,36473151.96769833,44000672.224623114,7527520.25692479,11106659.86572909,8037477.624528,0.27633710569200143
3290,36239751.89859493,43785254.024958804,7545502.126363872,11067296.408468511,8000292.154260623,0.2771231691112083
3291,36437132.90655441,43989246.43355023,7552113.526995823,11074891.568709677,8011362.501337577,0.2766193283578151
3292,36201187.265448704,43759038.64185077,7557851.37640206,11046383.700508662,7961838.394856528,0.279235756178748
3293,36226164.43858909,43802747.91865609,7576583.480067,11017821.569388114,8026452.841630485,0.2715027384423106
3294,36639567.97802991,44201028.72999896,7561460.751969054,11157117.470494742,8073472.0081454385,0.2763837048865064
3295,36266021.59166877,43857474.64635311,7591453.054684339,11032357.454125745,7978908.268086235,0.2767721403821645
3296,36144200.087843865,43666752.050139815,7522551.962295949,10947724.310402622,7950507.250795033,0.27377535044060325
3297,36483576.45230997,44030982.54079201,7547406.08848203,11113707.861337952,8064075.189035936,0.2744028105067428
3298,36274717.016303375,43833404.898307644,7558687.882004257,11105651.12486679,8022262.380772588,0.2776414196183554
3299,36151343.81378077,43679486.69798514,7528142.884204377,10974158.887462676,7977375.853059659,0.27307633005265336
3300,36255323.561533034,43813150.80508421,7557827.24355118,11105083.604854435,7972863.853510708,0.2820527843639574
3301,36387471.44880134,43916424.9829725,7528953.534171165,11044011.368007984,8022226.755369002,0.2736129574614901
3302,36613588.42254404,44189521.898381665,7575933.475837626,11160267.556620719,8021552.986769813,0.2812400826348374
3303,36180263.58318591,43732059.98962715,7551796.406441238,10985188.388813067,7965184.775893361,0.27491596011181496
3304,36051169.14678864,43618015.770641,7566846.623852354,11057213.378243787,7988519.9822872635,0.2775286404433956
3305,36448783.519744925,43978213.660447985,7529430.140703059,11050274.74342749,8047885.20323285,0.2717027051277987
3306,36573436.755256765,44103578.214651406,7530141.45939464,11014104.897499835,8074536.116296163,0.26689130061499095
3307,36169700.94149942,43694038.01548082,7524337.073981389,10979899.40508472,8003474.402947303,0.271079441835237
3308,36605366.96489397,44143865.57337723,7538498.608483264,11147727.128190657,8028723.400456818,0.27978830947937566
3309,36046329.103219785,43607699.19818414,7561370.09496435,11062910.601586705,7963803.386426263,0.2801348873519733
3310,36526319.86213816,44073921.35273928,7547601.490601123,11072578.74456191,8059510.688391935,0.27211981288909665
3311,36648454.44033106,44219273.80905636,7570819.368725302,11111678.998858636,8075050.339000711,0.2732826119409893
3312,36389741.435226925,43932605.553078145,7542864.117851225,11000495.009802746,8005315.490997754,0.27227679446569736
3313,36238461.63370019,43781685.59730563,7543223.963605436,11000858.763013473,8000097.941608042,0.27277514292742633
3314,36247108.70802224,43801533.8475152,7554425.139492965,10993433.246927913,7997635.337119617,0.2725079456543264
3315,36234623.746083215,43806308.45705412,7571684.710970916,11048422.585946891,7992494.6029123375,0.27659405306614177
3316,36055959.106604084,43631829.68102411,7575870.574420027,11080894.86274566,7943742.72087251,0.28311360957140386
3317,36168048.5503319,43696968.33598765,7528919.785655756,10940134.825525597,7939235.582665194,0.27430185191673184
3318,36358693.51168298,43856229.52165106,7497536.009968078,10906416.143826555,7929111.539347595,0.27298652143987995
3319,36087071.89143236,43593941.432680786,7506869.541248429,11089977.549419915,7980474.362825494,0.2803885916574349
3320,36296709.54767717,43817270.64109635,7520561.093419183,11036315.425073601,8021227.891331272,0.2731969337241212
3321,36269826.704089,43807230.97817427,7537404.274085276,11031199.489732498,7967231.208374325,0.27775477038648616
3322,36266229.684179194,43796464.08970482,7530234.405525634,10977902.342160303,7974850.626926733,0.2735542384723574
3323,36381475.517507486,43962496.740985036,7581021.223477549,11014482.318387374,8019015.346047586,0.2719571275119495
3324,36458377.647632286,43973726.06196194,7515348.4143296555,11121641.822173912,8006080.70516976,0.28013499866471725
3325,36433285.97824468,43949612.48305608,7516326.50481141,11046296.500548534,8063842.035654176,0.26999587280191656
3326,36501868.39896935,44047317.10583838,7545448.706869035,11043207.474785658,7994559.540144928,0.2760654403715169
3327,36408409.814806946,43923941.02006662,7515531.205259672,10996921.559891485,7995320.950544572,0.2729491697289629
3328,36429217.584885016,44010201.20742312,7580983.6225381065,10977361.650366733,8046631.312229898,0.26697948300163044
3329,36423987.24996458,44019076.044295736,7595088.794331159,11080236.051381314,8042978.722125505,0.27411485776759875
3330,36282889.60861891,43839746.87154727,7556857.262928362,11103910.908601176,7964432.868656623,0.28273624183283824
3331,35824564.06559815,43373645.08199649,7549081.016398337,10869192.04523624,7883896.91095902,0.27465658181884983
3332,36397947.930080205,43971751.34506681,7573803.4149865955,11018653.387796937,7984130.425073139,0.27539871306638114
3333,36248790.443841375,43822864.476541385,7574074.032700012,11070446.006478561,8012439.68972457,0.2762315371001681
3334,36461164.4993293,43942889.676886715,7481725.177557418,11086284.02969725,7994503.648670614,0.2788833817304849
3335,36323870.93028039,43846790.38876321,7522919.45848283,10986959.445155023,7984596.105582671,0.2732660800797185
3336,36445659.19541514,43991283.064311944,7545623.86889681,11102549.21697071,8007912.63033546,0.2787320755043327
3337,36558677.84839724,44111297.05829806,7552619.209900824,11081582.177676765,8078113.0554300565,0.27103251810892415
3338,36051752.60630298,43613768.67072834,7562016.064425366,11079699.737185687,8001268.570989791,0.2778442773014927
3339,36216328.182155,43792307.59840123,7575979.416246237,11182041.796723463,8035146.49328671,0.2814240333423587
3340,36433634.92796012,43971920.62316887,7538285.695208749,11187561.004403535,8067632.709204112,0.27887475151835045
3341,36281955.48267829,43844560.80521467,7562605.32253638,11187668.996337917,8001654.424368567,0.2847791236058409
3342,36638092.20040318,44168528.75833563,7530436.557932445,11050204.911944205,8043813.986152786,0.27206653177461
3343,36728590.525715925,44261371.511936635,7532780.986220712,11028330.179665778,8080461.272197088,0.26729966000691746
3344,36378281.73015645,43907418.284599975,7529136.554443525,11032074.335332453,7992810.942516715,0.27549337508376653
3345,36357797.372638576,43924228.95946019,7566431.586821614,11113914.905821748,8082915.734423732,0.27272110656617515
3346,36290145.610848024,43808153.81428035,7518008.203432328,11177829.515294554,8051066.514979357,0.2797289935435915
3347,36411031.4659929,43942352.41237913,7531320.946386245,10952402.443337355,7992281.961563896,0.2702713397437455
3348,36375601.74530419,43923083.8151638,7547482.069859603,10998276.234970039,7996509.107065461,0.2729306905713262
3349,36578685.00865925,44130274.32316724,7551589.314507981,11158382.179520657,8056132.894135362,0.27801963003910685
3350,36481356.79540903,44040555.92064947,7559199.125240429,11119528.772993237,8050063.603738179,0.2760427381338387
3351,36348005.57794295,43839493.649788566,7491488.071845621,11053185.522362228,8002427.970332105,0.2760070882604829
3352,36440213.57236492,44024555.52501577,7584341.952650849,11126935.02919909,8033075.848289225,0.2780513387371292
3353,36389662.74203104,43916694.060847044,7527031.31881601,11029523.91574389,7990687.559105989,0.27551836143173597
3354,36409531.07075109,43946919.19518863,7537388.124437526,10982943.048781037,7964774.847050279,0.27480504891316315
3355,36421404.85599567,43911846.533904515,7490441.677908846,11073719.91035904,7983677.107097421,0.27904288967711766
3356,36165729.16204864,43729396.849123076,7563667.6870744405,10930749.106420796,7952117.100308885,0.2725002629840111
3357,36169023.08744034,43696384.84556572,7527361.758125385,11012450.723967452,7967117.69118317,0.2765354514737061
3358,36171340.5468179,43717287.67139657,7545947.124578668,10947153.453046435,7991743.222520471,0.2699706588751176
3359,36302628.264883436,43864329.213389516,7561700.948506091,11092397.301351562,8036555.344930289,0.2754897677573207
3360,36079301.685588226,43625762.82307871,7546461.137490479,10934188.70350384,7973683.619008167,0.27075672139689566
3361,36355979.88662039,43877539.003330685,7521559.116710296,11051613.616787748,7953270.051833636,0.2803521433510516
3362,36597424.483451426,44121779.93784523,7524355.454393805,11000009.810244065,8018949.469090173,0.27100524386602787
3363,36450902.915359266,44023166.62640944,7572263.711050172,11096157.952620054,8016709.606600375,0.2775238383563701
3364,36567469.47356461,44140757.20932639,7573287.735761768,11082458.205200374,8062560.43098328,0.272493495423247
3365,36020304.5732179,43554226.720337525,7533922.147119623,11006389.487187503,7922834.198927176,0.28016047331869204
3366,36750034.70423158,44326428.9490886,7576394.24485702,11079062.951713156,8023032.017628096,0.2758383942220046
3367,36139851.19916273,43668640.330507144,7528789.131344424,10960205.109260116,7959390.141898109,0.2737918622368356
3368,36309411.75898136,43839647.12609043,7530235.367109072,11162166.656939518,8044343.238253623,0.27932062963309584
3369,36405947.65629787,43938197.85546494,7532250.199167074,11073541.127962641,7996930.807612561,0.2778343697646183
3370,36167492.28860502,43745967.90517396,7578475.616568942,10933377.673856553,7964458.88932489,0.27154634853882526
3371,36707468.21133071,44220640.77440893,7513172.563078213,11025326.563471338,8063159.783484916,0.26866930089858304
3372,36566072.46739473,44107955.161319815,7541882.693925087,11079440.689408785,8072229.782425547,0.2714226278460007
3373,36287612.77359165,43806342.346701324,7518729.573109669,11058392.113890123,7975389.112102624,0.2787930623218749
3374,36339931.40364531,43893169.44340856,7553238.039763253,11028286.739885006,8007198.413418589,0.27393995075774735
3375,36436319.71303266,43952455.73554611,7516136.022513438,11066251.001571164,8017305.534644029,0.27551746896887225
3376,35993225.646633685,43560188.38893874,7566962.742305058,10930401.016378056,7933765.529425166,0.27415604262485405
3377,36456839.12369281,44012492.3262253,7555653.2025324935,10933761.902681703,8001721.643102249,0.26816390238572124
3378,36563644.57304154,44128468.12397829,7564823.550936747,11125747.31983022,8020173.105899805,0.27913398755651464
3379,36321457.061135836,43873767.34293046,7552310.281794618,11076455.744255576,8023672.210323648,0.2756101414042258
3380,36180155.817010745,43734899.63939729,7554743.822386553,10939354.916471686,7991213.633969108,0.26949864091743486
3381,36349181.15589415,43915697.06703864,7566515.911144493,11136358.780018907,8063860.185724018,0.2758979532706536
3382,36323771.865100205,43861487.711118765,7537715.846018553,10982366.03656742,8014198.9832788315,0.27026662955920744
3383,36634375.91685256,44147129.66215274,7512753.7453001775,11157955.830052914,8058027.786894148,0.2778222185473614
3384,36268660.37572313,43816387.54436619,7547727.168643059,10938432.295409914,7996374.334216621,0.26896523027599367
3385,36459654.601151206,44059688.10625671,7600033.505105497,11040677.523420753,8059693.059975443,0.27000013877062373
3386,36270534.008932024,43835105.123914994,7564571.114982969,10809933.94684931,7983942.364577506,0.26142542555456366
3387,36496304.10734391,44014826.22260525,7518522.115261342,10964997.113509608,8042954.736252685,0.2664882030526731
3388,36375717.44549851,43926078.291090995,7550360.845592488,11040252.414279263,8043570.7462479165,0.27143235096287227
3389,36317810.266884446,43859464.126487486,7541653.859603043,11175847.014787875,8029744.5410087705,0.2815090855857443
3390,36645668.39037211,44167013.951095805,7521345.560723699,11109485.237450588,8028419.366170518,0.2773365106867107
3391,36015736.6088214,43631175.72231348,7615439.113492073,11111793.583184078,7997495.431718835,0.2802696187749776
3392,36248321.80215274,43775592.060712814,7527270.258560069,10981110.018487597,8003567.875410479,0.27115128962957136
3393,36637609.7061025,44183297.494451724,7545687.788349222,11036859.452327799,8050099.962069044,0.2706167912312061
3394,36354195.188021794,43933627.83766016,7579432.649638382,10967416.766679717,7977654.90486058,0.27260401655405125
3395,36386279.275688805,43925288.213854775,7539008.938165971,11055821.636725063,8003224.262269141,0.2761076901164767
3396,35996201.98161067,43508139.48409861,7511937.502487948,10966118.909116564,7943138.615834938,0.27566546727561964
3397,36229878.81060642,43775199.19919775,7545320.388591316,11043213.78295923,7964849.015709023,0.27875624141229866
3398,36557383.4481546,44134737.3222072,7577353.874052603,10991229.221417787,8020572.386981734,0.2702752144088994
3399,36282149.001225054,43813634.97117646,7531485.969951402,11031365.154192995,8010060.837785428,0.2738830846569499
3400,36610847.73395443,44174162.302476,7563314.568521574,11053715.056642765,8056678.6477339845,0.2711338580333408
3401,36574749.71424625,44135612.79011443,7560863.075868187,11063886.412423985,8041936.299465161,0.2731364007466112
3402,36279224.64050847,43816570.37454009,7537345.734031611,11042862.296640532,8026636.685441519,0.273138026190602
3403,36435620.56222556,43946146.09897032,7510525.53674476,10966667.201791624,7998968.846736677,0.27061077904963815
3404,36307626.35589533,43842763.543079205,7535137.187183879,11109353.94244318,7996791.996656862,0.28017488342817176
3405,36240589.836662725,43801787.75028161,7561197.91361889,11065007.290032033,7994906.809942783,0.2774603214997396
3406,36778077.90291975,44310841.89409748,7532763.991177737,11119775.818912867,8045608.021963592,0.2764595120452549
3407,36134470.00885181,43658247.73222249,7523777.723370676,11160173.449422464,7981731.75802612,0.2848021767583574
3408,36232486.49449265,43802797.38270905,7570310.888216407,11023067.760158878,8034139.75855913,0.27115210272069196
3409,36565851.723638,44126443.0822859,7560591.358647906,11113678.385630378,8050211.600651376,0.2756483208061846
3410,36242574.654283635,43775003.24250114,7532428.588217501,10912802.339718916,7991463.0346364835,0.2676983614419317
3411,36527023.828962974,44064021.459136955,7536997.630173981,11049911.293172287,8023704.724976157,0.2738670463414503
3412,36573754.57531685,44122402.4599567,7548647.884639846,11026731.820450466,8042694.9269022085,0.27061843365175386
3413,36245379.56868731,43759652.03163612,7514272.462948804,10954827.368380887,7963583.232336178,0.2730526037022172
3414,36455107.91954349,43970536.03990018,7515428.120356698,11068903.690121925,8012672.72941321,0.276109635269132
3415,36410172.6775586,43988106.24162568,7577933.564067078,11023960.198400399,8006439.587246886,0.27372383035194203
3416,36395205.322405756,43974133.98417264,7578928.661766892,11052933.209057044,7993067.90577198,0.27683740102380566
3417,36179005.221672304,43718385.80599819,7539380.584325882,10948614.683325995,7985485.261737639,0.27063966604843653
3418,36429961.99380189,43932430.03287818,7502468.039076292,11058649.281461274,8011273.799155374,0.27556489086009106
3419,36292493.92238925,43902976.38356927,7610482.46118002,11010310.754466,7972159.338877229,0.2759369361447347
3420,36733451.71503281,44275311.61992918,7541859.904896373,11082887.844539404,8085512.9851937415,0.270450707558363
3421,36123494.115230486,43662882.73306362,7539388.61783314,11025346.724679383,7965859.441724744,0.2774957885094184
3422,36237237.40643117,43788560.8718889,7551323.46545773,10981084.255500715,7999171.844346254,0.27154990725626593
3423,36499468.2892226,43996578.53800217,7497110.248779571,11085816.564594993,8061730.155301077,0.2727887830069284
3424,36145472.08036803,43651583.04046111,7506110.960093084,11043314.485418856,8001628.848126893,0.2754323116767236
3425,36227005.08537241,43799242.61273017,7572237.527357754,10956322.760950336,7983927.88722342,0.2712949352241513
3426,36462520.348364115,43986187.70516878,7523667.356804666,10900609.781837728,7978315.080127977,0.2680854337689247
3427,36180451.032589525,43745540.24441334,7565089.211823814,11096573.160003217,8021469.195912044,0.27712194744726776
3428,36435672.98818912,43936451.17748064,7500778.189291509,11188148.32158279,8042405.483090746,0.2811674236051793
3429,36205992.491108224,43748603.74193194,7542611.250823716,11164567.849543637,8001842.858027168,0.28328234770374466
3430,36524416.02051263,44084718.17659509,7560302.156082457,11029878.83523555,7997035.369004351,0.27496616341265817
3431,36446714.183902815,43994935.47356017,7548221.289657365,10932371.923623502,7976371.930895979,0.27038962938499866
3432,36320638.372697696,43854198.79962628,7533560.426928586,11045950.441203438,7961354.550769256,0.27925128823030637
3433,36552826.609023914,44131370.202309445,7578543.593285533,11000709.019899052,8009888.070250943,0.27187528951434387
3434,36263119.82121874,43782445.05528773,7519325.234069008,10989665.415501768,7997141.7464987375,0.27230343744422336
3435,36758882.34384695,44293425.69190748,7534543.348060534,11002258.016582627,8054075.557133909,0.2679615816139933
3436,36424614.00481817,43942642.46630922,7518028.461491056,11027515.738142814,7985752.423415167,0.2758339581603646
3437,36237262.78736326,43760463.28150614,7523200.494142881,11100208.773980346,8007170.383996989,0.27864686628540286
3438,36466538.43124064,44013980.40013374,7547441.9688931,10972563.505652873,7989956.684085483,0.2718240655459231
3439,36407869.03530206,43984959.50066834,7577090.465366283,11136165.619761433,8043567.646656303,0.2777076130779907
3440,36311062.91882521,43852643.74233622,7541580.823511017,11110738.008759657,8011708.5053230915,0.27892202129087235
3441,36281435.86962858,43856783.165791765,7575347.296163189,10994709.773529256,7969147.237770362,0.2751834835188834
3442,36163311.238054164,43733389.09464237,7570077.856588206,10960186.328016154,8019153.532267671,0.2683378464315601
3443,36450707.86846638,43968311.32723539,7517603.458769014,10888671.004973166,8018242.464018897,0.2636160592640977
3444,36434319.49088696,43959920.91905005,7525601.4281630935,11070306.737150751,8011158.595341308,0.2763381552512247
3445,36723169.73789319,44270261.130712844,7547091.392819655,11099593.030269964,8015875.823731744,0.2778225470184845
3446,36439133.29775697,43989722.83592608,7550589.538169107,11066980.35782316,7971510.183653332,0.2797032319644142
3447,36629413.09456783,44197908.2951173,7568495.200549475,11006812.898941219,8025040.324868069,0.27090244936933344
3448,36205615.35362711,43768410.14241878,7562794.788791666,10945530.09433895,7984802.763683928,0.2704964771131839
3449,36300592.8014683,43834748.097921,7534155.296452694,11091978.562507285,7980845.230446515,0.2804849752033342
3450,36319121.89755876,43848859.97159195,7529738.074033192,10947514.026030269,8012688.121868378,0.2680814929475
3451,36567180.20700933,44132644.34299216,7565464.135982823,11110216.811269434,8023661.735121449,0.27781231712932886
3452,36605193.9460142,44115788.23056664,7510594.284552438,11053176.043079909,8036538.088516174,0.2729204658286764
3453,36296795.74600273,43811728.36010511,7514932.614102384,11104916.972568,8001841.383725408,0.27943257896551466
3454,36266167.35889342,43838310.783209324,7572143.424315909,11173808.548710389,8049625.676725641,0.27959874722798267
3455,36513682.94831841,44028113.59221055,7514430.643892144,11122737.621646648,8017024.973686432,0.2792219643764676
3456,36643313.619862154,44239454.804446116,7596141.184583964,11056637.712317294,8082416.415408025,0.26899871138908105
3457,36510348.657174796,44086083.776636906,7575735.119462108,11001455.016208008,7958667.911689561,0.2765804250470169
3458,36521719.526465215,44106322.5243911,7584602.997925891,11035302.541379975,8048375.629504364,0.27067014254256166
3459,36236322.46375185,43787826.81654092,7551504.352789065,11090102.048299264,8006445.588589757,0.27805483180223806
3460,36290879.36887471,43842140.33398532,7551260.965110617,11125704.514778161,8023081.519985025,0.27886980017058277
3461,36133398.440557055,43691810.38053626,7558411.939979207,10983377.260851959,7933440.402381637,0.2776866155131727
3462,36201991.34706146,43767003.89820269,7565012.551141221,10945442.027994538,8021278.207758794,0.2671581296357676
3463,36576032.20673443,44119287.659791134,7543255.453056704,11025017.850551236,8001682.873130666,0.2742249507804114
3464,36394697.32572476,43910624.29067448,7515926.96494972,11138504.827022202,7997904.2144576125,0.2819589039406294
3465,36279639.82228855,43803129.09416194,7523489.271873403,11043815.249585679,7998259.216297281,0.27577028087305744
3466,36488136.07637364,44030872.31645988,7542736.240086235,11152385.666649383,8015760.344233688,0.2812515112166185
3467,36809153.93142189,44339706.34912656,7530552.417704661,11152058.6572939,8072819.650086749,0.27611395365045033
3468,36442994.86038996,43970558.36223868,7527563.50184872,11054411.623605872,7995333.1827667365,0.27672919599869983
3469,36250084.19842567,43774634.56508934,7524550.3666636655,11032595.125333793,7981683.39413385,0.27653618179046857
3470,36614520.452096134,44138622.3688636,7524101.916767465,11046793.21373645,8037528.540772386,0.2724107000773861
3471,36630803.831627324,44167742.447021045,7536938.61539371,11102556.811755488,8040253.204875697,0.2758196745849925
3472,36380934.09280679,43939708.885122746,7558774.79231596,11001494.500184605,8016828.309790972,0.2712964307116229
3473,36063952.05846381,43606068.43016384,7542116.371700027,10922632.840648063,7961352.74352904,0.27111412974523486
3474,36409608.14112747,43953919.953708775,7544311.812581306,10994645.410620756,7999987.6717350315,0.27237419917088956
3475,36278457.05017251,43867962.87600673,7589505.825834213,11056129.864716208,8020275.461516108,0.2745856317126413
3476,36167712.97038155,43790115.7031571,7622402.7327755345,11019142.547387496,7971685.877503143,0.27656023658636375
3477,36247890.22001185,43813018.64370996,7565128.423698101,11030962.993260892,8001798.864387186,0.2746055925239077
3478,36232663.93665852,43786415.69613447,7553751.759475958,11043754.037017617,7988447.999401556,0.276654661754958
3479,36771863.98166285,44296040.673657,7524176.691994153,11024575.949343368,8054160.03638567,0.26943584284841526
3480,36636407.66958095,44208756.53007398,7572348.860493033,11052054.693034863,8052276.541947929,0.27142266613803767
3481,36312471.50420402,43857541.90095724,7545070.396753227,11030641.51010093,8047920.797134986,0.2704031955199179
3482,35881326.10152681,43427695.583697155,7546369.482170351,10961898.946583072,7934534.193418008,0.2761715618723818
3483,36294100.950801276,43854664.562271416,7560563.611470139,11010705.310522052,8014178.847118881,0.2721466408277797
3484,36525851.28909691,44111459.176574536,7585607.887477626,11036661.988774657,8015926.308572484,0.2737001172342281
3485,36589727.52563491,44115778.75878078,7526051.233145874,11079212.167274702,8002771.267496284,0.2776768648645863
3486,36491736.25445884,44015296.82032969,7523560.565870855,10973167.887839947,7987240.149636422,0.27211173370567104
3487,36022308.09725138,43572944.710121445,7550636.612870074,10970142.536987854,7942005.5629825555,0.27603442378213205
3488,36463115.124864906,44017897.94298851,7554782.818123598,11142592.820475115,7999557.871841431,0.28207393012317455
3489,36012399.76343545,43591176.54048742,7578776.777051976,11042794.161246829,7965733.823949335,0.27864870904648525
3490,36510586.799161464,44072686.38263418,7562099.583472705,11018866.165968165,8028741.080118314,0.27136413500373296
3491,36350411.83429128,43888109.798650816,7537697.964359527,11048006.432446148,7990048.887046887,0.2767881756855745
3492,36434098.86404563,43965622.28106936,7531523.41702373,11054115.57068582,8033257.889772181,0.2732790028832871
3493,36236476.93826602,43775987.99894651,7539511.060680486,10971390.995287815,7958233.308143643,0.27463770896856343
3494,36520076.64964769,44062519.607007846,7542442.957360143,11115182.372026933,8029571.016652368,0.27760330439021685
3495,36492999.73451722,44032578.969909385,7539579.235392174,11026499.228366256,8022042.767488021,0.27247600518114673
3496,36286695.48111596,43861580.77267168,7574885.291555712,11080064.907178115,7995695.917340088,0.27837102180149215
3497,36744957.81167748,44308214.36980821,7563256.558130733,11005239.769584902,8027534.923785739,0.27057155574462116
3498,36439689.07356147,43966455.61803209,7526766.544470621,11048760.506140161,8077783.937682803,0.2688968203090554
3499,36366096.12880311,43892349.12988956,7526253.001086459,11047600.823350418,8002001.925719974,0.27567966532545324
3500,36407860.004325055,43958683.20815003,7550823.203824977,11014013.15511167,8006469.72446407,0.27306517509031497
3501,36261125.72615268,43825911.76400276,7564786.037850082,11005752.213548377,7990179.459171461,0.27399969541969743
3502,36540134.79267683,44083767.37992334,7543632.587246511,11137247.172017235,8067297.31127178,0.27564709782672536
3503,36660626.60458491,44206818.16668821,7546191.5621032985,11116797.437571825,8069728.102160259,0.27409596626392424
3504,36476051.04111995,44006464.21546179,7530413.174341839,11235696.60819504,8045026.103300434,0.2839762069195968
3505,36651972.88874491,44191072.22754566,7539099.338800746,10979997.33812825,7996755.524112164,0.27169786313669875
3506,36535235.44766932,44101961.43821767,7566725.990548347,11072531.065435551,8016130.494539253,0.27603449950456926
3507,36247706.52164334,43793352.50815174,7545645.986508392,11080952.975834087,7990589.943134308,0.2788896441884919
3508,36106567.80260147,43672475.822347045,7565908.019745573,11066520.443592051,7971341.105712964,0.2796885754339628
3509,36317982.32477485,43883894.75017908,7565912.425404237,11100146.442687254,8025854.715151738,0.27695956475969297
3510,36390398.67107192,43943221.09644651,7552822.425374595,11044954.231056608,7999595.645329655,0.2757239660770981
3511,36330307.04939246,43844291.14595668,7513984.096564219,11084484.734809605,7989462.128403302,0.27922115285040944
3512,36428886.034893185,43984454.388430685,7555568.353537503,10969716.783442678,8012439.114361354,0.26958559892311346
3513,36203214.973385364,43792865.63884655,7589650.665461189,11095810.828740817,7990693.670683342,0.2798458991401038
3514,36515844.2974005,44066260.14439104,7550415.846990544,11121362.628302857,8047116.2897664085,0.27642712869669145
3515,36255927.27329825,43820405.15317893,7564477.879880677,11064672.285560302,8043481.107272346,0.2730484103203575
3516,36201429.90301072,43703983.86002652,7502553.957015808,11117248.870560931,7992047.346382707,0.28111285090090266
3517,36341557.01264164,43913249.9522729,7571692.939631259,11123119.937798347,8032273.386557455,0.277875862934611
3518,36377072.13052374,43923908.54196422,7546836.4114404805,11125437.40914873,8034980.861917053,0.27778292516304265
3519,36470785.68267894,43988214.0351339,7517428.35245496,11016866.806740917,8001802.887747406,0.273677078236861
3520,36621832.89516469,44165815.68369151,7543982.788526814,11098452.10156147,8086448.640535912,0.2713895085064873
3521,36179252.995242655,43741516.94557935,7562263.9503367,11085512.73844551,8005614.232069873,0.2778309473854361
3522,36341050.955864385,43890543.114685155,7549492.158820776,10990279.181706015,8007947.869615715,0.2713608328580561
3523,36617074.51350339,44145511.99445446,7528437.480951072,11049959.864184914,8022393.393454431,0.27398891108586015
3524,36580936.94930983,44121123.58372982,7540186.634419983,11083210.88180817,8010830.971747276,0.2772102726208932
3525,36027519.4046311,43571607.29697244,7544087.892341338,11094621.544285549,7970716.479859682,0.28156932185171124
3526,36116730.38428819,43691434.765723266,7574704.381435084,11032197.72533809,7954410.14212479,0.2789822716959126
3527,36470492.768094696,44022164.943645835,7551672.175551143,11133878.624811934,8020733.196419647,0.2796101460505074
3528,36365984.47191034,43886968.10172049,7520983.629810149,11004414.323596913,7991138.917252379,0.2738242415939509
3529,36223362.134457886,43803934.48702426,7580572.3525663875,10977386.973918226,7984312.9717210345,0.2726581480008493
3530,36227432.175055765,43772994.303691074,7545562.1286353115,10959514.997641554,8020500.7195900725,0.2681701041226684
3531,36264283.28369373,43843306.95180218,7579023.668108451,11018896.759077169,8046952.555368787,0.2697134085824108
3532,36447655.41985747,43959435.4188714,7511779.999013934,11074836.735818958,8064880.538490425,0.27178334716154656
3533,36395742.61218414,43952341.73956359,7556599.127379453,11031445.82094133,8058058.617230162,0.26953739808672195
3534,36595591.33987207,44161804.104200795,7566212.764328731,10981209.885115253,8023474.783507444,0.26934510245696536
3535,36162720.46279292,43702469.27329134,7539748.810498426,10956879.741051314,7947165.077814152,0.2746872042376162
3536,36447325.53500802,44018603.03378157,7571277.4987735525,11111357.864869157,8019267.49271165,0.2782819534535726
3537,36634974.476681754,44144535.23417324,7509560.757491484,11101386.042220645,8050254.454212922,0.2748424004357384
3538,36480350.32553645,44006821.752554156,7526471.4270177055,11113547.382508196,8007307.097668456,0.27950034115378003
3539,36382191.5426526,43931713.25353751,7549521.7108849045,10985810.589045301,8016923.563671597,0.2702474251953864
3540,36239325.240963794,43753587.67963884,7514262.438675054,11051649.065315068,8006452.841251789,0.2755422476832388
3541,36280208.80863934,43839242.70988995,7559033.90125061,11009187.183121435,8024111.675686358,0.271144041588429
3542,36484643.58978258,44029915.453892596,7545271.864110011,11056729.031518865,8013789.155685265,0.27521158085354575
3543,36654437.87575939,44177809.75956976,7523371.883810363,11154138.31839256,8081718.823384101,0.2754510843694854
3544,36400287.05429859,43907259.2431907,7506972.188892107,11027662.814535258,8004722.608588401,0.2741233801565281
3545,36340360.611984596,43853533.01073409,7513172.398749493,11015680.129190836,8039896.918225933,0.27014067003264475
3546,36424880.81538983,43975888.96161884,7551008.146229017,11050599.207165701,8051087.253659945,0.27143432652599864
3547,36345157.638506845,43900276.45517956,7555118.816672715,11051936.96352416,7968445.917374112,0.2790000573045983
3548,36672167.62566688,44247259.02867599,7575091.403009102,11163269.188928364,8111655.169706225,0.2733620382682076
3549,36369875.48232196,43914300.66405272,7544425.181730751,11077713.424970541,8021306.778479587,0.2759059139047083
3550,36292822.971103415,43869814.68027176,7576991.709168345,10949865.113093814,7972924.625322505,0.27187006022672305
3551,36439742.79438743,43995835.3087662,7556092.514378771,11067760.577987637,8001315.650766371,0.2770610102751982
3552,36592181.52514747,44196033.83001282,7603852.304865362,10997739.286834652,8060363.871268106,0.2670890206574424
3553,36334310.50113067,43835263.149328545,7500952.648197875,11099764.948047118,8039685.30244202,0.2756886888981812
3554,36217123.7465095,43723987.06037243,7506863.313862926,11091165.294764254,7960290.507712916,0.28228546810399746
3555,36584536.826841526,44060677.7657922,7476140.938950671,11076653.142978592,8052796.723645296,0.2729936904497272
3556,36112123.42863879,43669456.6596583,7557333.231019507,11009893.256926456,7978278.281286275,0.27535371187481367
3557,36231201.8309256,43813097.70540314,7581895.874477545,11009521.950589277,7997288.41492008,0.2736025732259854
3558,36409112.39909685,43973206.61117219,7564094.212075338,11095419.582362685,8040044.691569818,0.27537263175244864
3559,36716799.29133251,44242458.04055669,7525658.749224178,11021205.944331111,8049624.1983170435,0.2696240103872241
3560,36126720.93034362,43685839.67390135,7559118.743557732,10917071.044833107,7945919.607639518,0.2721564625705896
3561,36239676.96729984,43796091.46050715,7556414.493207301,11058226.973750064,7981824.658956115,0.27820032289956514
3562,36345866.891761266,43900328.52982433,7554461.638063067,11014873.300753444,8019084.929200046,0.27197665281801103
3563,36398147.9136049,43958910.730826415,7560762.817221508,11093544.709723037,7966535.519229269,0.28187646710911735
3564,36501956.27097702,44031985.95792134,7530029.686944314,11018183.542323833,8015387.651193303,0.2725309375720577
3565,36533718.449802704,44057544.41624208,7523825.966439375,11005441.198523385,7990459.067243921,0.2739537722198715
3566,36559896.45173053,44120942.44329316,7561045.991562627,11136192.814979268,8033546.290478642,0.2786092676419237
3567,36477450.74670854,44013938.71706358,7536487.970355051,10988546.920404308,7966793.822183973,0.2749911448809788
3568,36285215.798637405,43789818.24803078,7504602.449393378,11013602.650878252,7976809.003619499,0.27573117929913626
3569,36962790.089550644,44494396.11082263,7531606.021271997,11096480.445629086,8087504.485368029,0.2711648954823595
3570,36317107.28980687,43915261.44057382,7598154.150766946,11073888.642276045,7990542.007898659,0.2784339570299
3571,36118264.44060543,43653463.144354664,7535198.703749232,11020948.618177654,7999647.263963423,0.2741416786238327
3572,36494747.289548844,44039144.21780048,7544396.928251625,11135180.173975516,8075021.884373144,0.274818928997161
3573,36340736.62360014,43851988.10396254,7511251.480362402,11068358.425581092,7998334.116238603,0.27736943377683504
3574,36434282.879938744,44001711.58990255,7567428.709963804,11000320.035851728,8026380.497117889,0.27035027426850444
3575,36564455.48393157,44111851.977403805,7547396.493472233,11079470.522772375,8031275.986976651,0.27512095722720387
3576,36400200.65764217,43914732.070552036,7514531.4129098635,11116924.661613679,8028874.939579852,0.27777913551008815
3577,36240241.04993237,43774867.727034435,7534626.677102063,11005872.157257898,8031082.93969076,0.2702910932511053
3578,36387474.22248231,43943120.605213575,7555646.382731261,11053692.88309434,8000228.990909712,0.27623925546679834
3579,36079735.39336017,43676432.60468299,7596697.211322823,11051676.123701403,7984404.314513339,0.27753906057833155
3580,36203905.485577166,43737084.86763404,7533179.382056876,11072575.54237068,7961607.969252793,0.28096151263212044
3581,36207712.57020888,43720455.43691966,7512742.86671078,10939074.689851806,7961826.228709381,0.27216638934775916
3582,36546274.06534951,44062143.53358527,7515869.468235756,11079343.848517368,8031208.775549446,0.27511873578829504
3583,36175106.27990255,43712005.313962564,7536899.034060011,10918044.483255893,7951834.975578542,0.27167955875490185
3584,36357016.49131101,43907280.61395293,7550264.122641927,11080229.50185821,8015922.535773873,0.2765562721936795
3585,36548633.28141633,44099105.91674374,7550472.635327412,10944065.320049915,7994516.163898036,0.26951128944270836
3586,36140823.69425218,43689256.16131757,7548432.467065389,11040280.672022685,8012878.617683943,0.2742142291735861
3587,36679973.48252492,44217758.07442005,7537784.591895141,11123701.063782185,8012689.92043621,0.27967410536365095
3588,36148787.75831613,43682636.8991186,7533849.140802468,10923298.602550661,7942877.05301148,0.2728499565912474
3589,36532264.88115159,44082071.09610613,7549806.214954539,11141643.274083862,8032232.49328085,0.2790800875877699
3590,36021484.50416138,43566547.500622444,7545062.996461062,11011205.903170763,7941954.547335448,0.2787388940707666
3591,36440098.15397579,43973785.19132113,7533687.037345333,11097341.741183188,8013032.410710719,0.27793226543851773
3592,36639794.48375289,44137577.26720031,7497782.783447422,11089381.974113736,8057200.7801894285,0.27343103529145407
3593,36428485.599424556,43967824.76409325,7539339.16466869,11074645.743050948,8014649.996565039,0.276306422569406
3594,36322717.15058689,43879393.9241447,7556676.773557816,11099183.871523164,8018193.877373254,0.2775870757538049
3595,36488017.54790141,44071106.23318256,7583088.685281154,11045171.05048326,8049362.030939225,0.2712324694521557
3596,36387140.01649076,43955526.74100675,7568386.724515989,11070416.172110854,8053944.432095188,0.27248042829816216
3597,36212546.527934,43775650.38184093,7563103.853906938,10988799.346742127,7954213.21283422,0.27615265673292844
3598,36444265.735826135,44003032.54589173,7558766.81006559,11040583.196404958,8025551.560399011,0.2730862656773153
3599,36201356.66848364,43749747.03862271,7548390.370139076,11059675.040413592,8001747.846266442,0.2764934035559868
3600,36545622.38268717,44093292.06948081,7547669.6867936365,11060054.666476836,8009980.743612785,0.27577385599267096
3601,36207558.908998914,43722845.845957994,7515286.936959082,11074081.084965402,7987842.813789371,0.2786902360111871
3602,36281948.48003199,43857364.368435495,7575415.888403506,11039161.542207437,7956087.537139236,0.2792851606782173
3603,36418080.914171,43985705.59733723,7567624.683166233,10991164.074749887,8005917.465670699,0.2716042257923549
3604,36354551.24613912,43872952.50290792,7518401.256768801,11107836.18922914,8019052.042023095,0.2780725331726736
3605,36646126.05566916,44187105.924003854,7540979.868334693,11080067.320539596,8065892.255121867,0.27203580792602433
3606,36395121.23626125,43942192.557983644,7547071.321722394,11026537.390772626,8024707.537791682,0.2722368542905386
3607,36347958.228913516,43884935.31101036,7536977.082096851,11106230.969366096,7997031.009168104,0.27995095444836166
3608,36281513.52373363,43809145.31687037,7527631.793136734,11031945.811715974,7986950.469260119,0.27601616201033696
3609,36509465.19399296,44065576.63679343,7556111.442800477,11017997.80846646,8041325.377839695,0.2701645509803449
3610,36585091.471577115,44155192.13110731,7570100.659530196,11117428.521371387,8000037.436720763,0.28040576817363505
3611,36384614.351661526,43920640.61432412,7536026.262662592,11013193.98306724,7991806.999072684,0.27434248308346626
3612,36176271.14808372,43717682.480515786,7541411.332432062,11012591.476498304,7952937.336305429,0.2778323473382633
3613,36078245.3572396,43614400.89560995,7536155.538370358,11089534.911701528,7986470.719764129,0.27981914630730703
3614,36649078.881217025,44185842.65696513,7536763.775748103,11075253.784505732,8064639.627578018,0.27183252099735716
3615,36499364.907327004,44024039.82323988,7524674.91591288,11080643.333637416,8015606.524874696,0.2766118100253452
3616,36226175.94630478,43804076.44816467,7577900.50185989,11062505.827083781,7953540.099946498,0.28103630187708084
3617,36568900.05836743,44116477.96914222,7547577.910774792,11025923.574546095,8030654.619947707,0.2716569668152896
3618,36347916.98976594,43967700.067243434,7619783.0774774905,11102447.997910433,7987686.936519224,0.28054723264431686
3619,36581254.53208867,44130265.63415736,7549011.102068686,11065651.113893032,8032208.672787896,0.27413140084424126
3620,36295148.37739826,43834633.45284693,7539485.075448668,11034590.665698553,7987532.733207893,0.2761369247671829
3621,36510605.970817916,44030176.76337888,7519570.792560974,11027501.092881655,8041712.231541988,0.27075842806009953
3622,36374045.34407828,43924106.543695115,7550061.1996168345,11017836.278053027,7961755.581870981,0.2773757586387088
3623,36629527.02435732,44143996.0452177,7514469.02086037,11118293.900177533,8050314.082527666,0.2759398020231214
3624,36242827.623052806,43779694.59976566,7536866.976712861,10998142.42315842,7963820.666504499,0.27589402281831266
3625,36474047.63233564,44033891.68075322,7559844.04841759,11046692.223114293,7989023.012429161,0.2767950033302468
3626,36706139.823387966,44252354.805614606,7546214.982226629,11075665.150964968,8054533.43670248,0.27277203428267893
3627,36364977.11342402,43894511.193625994,7529534.080201968,11081001.771918511,8037678.256416598,0.27464335609207347
3628,36520395.16005373,44070924.26871059,7550529.108656858,11160837.851263972,8024109.516350098,0.28104774719566755
3629,36438170.301441245,44000406.02483676,7562235.723395508,10929171.2568876,7985834.87400933,0.26931011635702656
3630,36125253.05370521,43681131.426141195,7555878.372435989,10971274.06085252,7962513.022342135,0.2742398942750128
3631,36445504.259914786,43947744.63544447,7502240.375529679,11158829.452596622,8053319.515783386,0.2783006900504778
3632,36420193.66164939,43970501.92373981,7550308.262090419,11104858.695595533,8020713.494189536,0.2777293512639874
3633,36237282.67151693,43745556.23760185,7508273.566084915,11019936.53887,8023601.226923686,0.27190132187944177
3634,36425175.809076704,43983935.155779816,7558759.3467031075,11052696.798039112,7993755.992264718,0.27675967790205636
3635,36289566.6546482,43842157.32579126,7552590.671143066,11036961.245526046,7929037.470010406,0.2815923428901656
3636,36248746.57460948,43786392.92611792,7537646.351508442,11004052.141995974,7948102.759381196,0.277711277916616
3637,36541176.78930601,44088926.48717115,7547749.697865141,11183039.671382876,8010438.757594445,0.2836975461964102
3638,36549138.376307905,44056048.429679595,7506910.053371696,11037389.678813942,8021134.653667607,0.2732761198905551
3639,36302112.73317408,43862125.70200093,7560012.968826851,10987455.24470491,7977284.776039261,0.2739642985227461
3640,36671966.37823917,44175500.37596543,7503533.997726265,11116618.236817766,8041615.01629189,0.27661318892301223
3641,36478221.81220813,43977949.520247824,7499727.70803969,11027255.522561135,8042801.116117376,0.27064344345134067
3642,36420562.49664584,43961890.819987476,7541328.323341638,10992946.975144144,8017115.366275141,0.27070371717407316
3643,36577168.456807025,44096606.592840195,7519438.136033172,11102192.389538135,8002055.497596258,0.27923645917568596
3644,36486911.20487217,44073946.42394272,7587035.219070555,11045306.040657848,8044262.682858445,0.2717030516630813
3645,36119095.74913773,43677637.52799692,7558541.778859187,11148031.793777267,7997226.782318053,0.28263329973798296
3646,36502170.984213844,44063885.43429935,7561714.450085507,11069623.17359024,8001337.644041818,0.2771806665351262
3647,35942230.19670901,43516552.6602048,7574322.463495778,10920041.829094708,7951749.456548567,0.2718206046278687
3648,36172810.22258604,43670694.45174517,7497884.229159124,11008565.793777814,7999674.599875919,0.2733227243463958
3649,36104510.03197112,43667022.83533299,7562512.803361872,10909263.18716402,7966018.116149097,0.2697932042264764
3650,36605696.07433939,44146139.08415106,7540443.0098116705,11105030.65230186,8054073.164124942,0.2747365211049203
3651,36254314.07391686,43833975.009070896,7579660.93515404,11002056.04564262,7964086.757601809,0.27612741431579996
3652,36293903.05225833,43872508.18038968,7578605.12813135,11083721.837907253,8014130.381251257,0.27694591235208893
3653,36286144.55877992,43808898.73203297,7522754.173253061,11080469.340695785,8012466.87417643,0.2768838008739713
3654,36376836.62492335,43907861.00794053,7531024.383017182,11004986.096901745,7975870.228562565,0.2752494043760739
3655,36473131.23950052,44032798.89493884,7559667.655438319,11023154.673307762,8014256.026289397,0.27296166444115333
3656,36673053.00937991,44219236.98084265,7546183.971462745,11114961.949871097,8049631.314236997,0.27578417717117326
3657,36325560.347605385,43850624.80994363,7525064.462338251,11048176.54724322,8018597.316145202,0.2742153167215607
3658,36595104.82358898,44191462.61249374,7596357.788904758,11123506.568948973,8027993.42267305,0.27828573005179685
3659,36209711.232190885,43753989.94391576,7544278.711724877,11025238.526612889,7980637.721533246,0.27614829354762155
3660,36041579.47687264,43598700.02998428,7557120.553111634,10982629.977577996,7911702.497518628,0.2796167663236343
3661,36623568.59409005,44155375.97956069,7531807.385470643,11067996.799551375,8011833.250120865,0.2761261685180815
3662,36137912.33632015,43693136.7714793,7555224.435159151,11100475.753841074,7971960.367620571,0.281836153296218
3663,36701763.20178859,44195732.73005726,7493969.528268667,11038093.594360992,8060896.596081862,0.2697202168860105
3664,36341383.055493936,43897037.26024882,7555654.204754888,11056817.736033455,8010466.08172495,0.27551794078875347
3665,36378161.669420436,43950921.74394828,7572760.07452785,11107059.240250593,8027050.817507132,0.2773018812740186
3666,36466206.02336125,44015806.540601395,7549600.517240138,10892617.926973505,8003936.599835629,0.2651962408398264
3667,36113521.8828285,43692228.247145735,7578706.364317235,10979209.220715508,7948214.643821284,0.2760667472458181
3668,35957950.16339953,43496164.54871148,7538214.385311946,10946015.703942781,7946001.953543186,0.27407358362540835
3669,36302795.959353834,43828026.150108635,7525230.1907548,11067460.432676738,7986775.2855612505,0.27835519863434505
3670,36366801.31572901,43880482.04838845,7513680.73265944,11114758.176268067,8029774.389436223,0.2775574365098486
3671,36532925.245490044,44079635.096871704,7546709.851381661,11089413.759651659,8023715.795886977,0.27645266289180126
3672,36425298.06351337,43957670.94156783,7532372.878054458,11058719.512845831,8049737.290260617,0.27209137722409676
3673,36134204.34177299,43687569.99663386,7553365.654860864,10892614.20659455,7924367.886071835,0.2725008215865843
3674,36330457.2185698,43873295.5533874,7542838.3348175995,11121771.229850922,8045036.327134413,0.27664072917257354
3675,35981780.59277374,43537644.56386633,7555863.9710925855,11051751.024185754,7966205.658266826,0.2791906331554604
3676,36808805.108544245,44329430.00870075,7520624.900156509,10958275.083219495,8063019.13446406,0.264207270466222
3677,36299686.64330512,43822983.46860666,7523296.825301529,11071703.97463517,7989695.491608738,0.27836803531662246
3678,36371912.62045996,43906183.39306348,7534270.772603525,11102465.574158767,7995282.350336209,0.27986425204997667
3679,36132797.085318,43677211.75420743,7544414.668889433,11017217.648895362,7970689.924367381,0.2765242388429569
3680,36457254.69713103,44027153.13730227,7569898.440171249,10985615.972317217,7970843.969622019,0.27442903614072783
3681,36187048.20728969,43683477.46656956,7496429.259279874,11001266.72662281,7960077.389846491,0.2764399239059182
3682,36589679.89785757,44139975.26097047,7550295.363112908,10997597.222742107,8033511.91680299,0.2695211732076928
3683,36213215.52749263,43775440.23520116,7562224.707708524,11136438.220544264,7976032.623349567,0.28378962237355637
3684,36351445.22696888,43908439.23634905,7556994.009380175,10960411.345537249,7986541.283299596,0.27132832596182843
3685,36132970.00740665,43704362.25565958,7571392.248252926,10996998.603028843,7963690.084019745,0.2758305814618955
3686,36264118.259862915,43795590.56434141,7531472.3044785,10894184.038507242,7943522.072736616,0.2708474499183268
3687,36679110.73823538,44217713.90629198,7538603.1680566035,11044872.46574271,8066769.172322989,0.26963672986326853
3688,36249281.25819994,43794032.93436094,7544751.6761610005,10996193.675678689,8030881.024319294,0.2696671901949176
3689,36512695.51300457,44065597.73660776,7552902.223603185,11068221.969300859,8025553.869424421,0.274901254087212
3690,36365964.56166288,43902415.85199278,7536451.2903299,11154986.429382225,8012033.119714869,0.28175321678463183
3691,36767416.21551763,44295035.02376155,7527618.8082439145,11102926.916069077,8007698.941679703,0.27877585773438746
3692,36416183.35884245,43965404.539020434,7549221.180177998,11112352.676723296,8002979.104613617,0.2798123550040657
3693,36289260.94503971,43844378.62417101,7555117.679131307,11017687.985951668,7988831.033708641,0.27490857937754576
3694,36359710.71578984,43905130.47520896,7545419.759419125,11011984.761383666,8003150.286245479,0.27323271329701004
3695,36485714.999954216,44077433.49721674,7591718.497262525,11100742.12748592,8055631.992834071,0.27431590606109335
3696,36350639.534371436,43912827.29414386,7562187.759772426,10974086.636128416,7990596.12299433,0.2718668634628751
3697,36534652.89218326,44107804.23258558,7573151.340402312,11114163.401224783,8076270.660198504,0.2733352598263494
3698,36449913.08528802,44000002.385383025,7550089.30009501,11158548.119485516,8033384.481592838,0.2800690201295444
3699,36415617.180373326,44020923.05491892,7605305.874545595,11066166.705796545,8021304.685011576,0.27515056493682194
3700,36155300.89616244,43731375.204901785,7576074.308739347,10927926.449898262,7955859.211201786,0.2719699160058078
3701,36141796.289707065,43680202.03441595,7538405.744708891,10996282.491841136,7995702.078759605,0.27287225617456246
3702,36289066.975520596,43816280.64219044,7527213.666669847,11077637.461129086,8005331.845758434,0.2773430369202124
3703,36370321.26627238,43904461.58777954,7534140.32150716,11101954.726318674,8060825.948715974,0.2739273265448738
3704,36550161.34966674,44100870.13533319,7550708.785666451,11033432.101639114,8058679.073410956,0.2696126645657458
3705,36498030.93948973,44023460.08782853,7525429.148338796,11050406.679392638,8037879.796928937,0.272616833919933
3706,36577295.65383237,44115469.40340034,7538173.749567976,11128125.335910559,8044432.676411786,0.27710800933807506
3707,36385917.53516643,43888629.279299974,7502711.744133549,11024502.467988849,7991620.316366397,0.275103766399331
3708,36624448.343757175,44161924.15505839,7537475.811301221,11098901.433139123,8093689.404026036,0.2707666202116291
3709,36324494.68438577,43853019.896889865,7528525.212504096,11112907.752504487,8050431.52090917,0.2755783004592236
3710,36403967.70649689,43944039.14311865,7540071.436621755,11025298.06391442,8004275.24723864,0.27400826709288956
3711,36688222.54093657,44200074.205772616,7511851.664836055,10983973.789174799,8003376.861014965,0.2713587072738053
3712,36672596.91610562,44171336.90154237,7498739.985436752,11119378.399554621,8044668.9575864645,0.2765181048332083
3713,36488402.60455069,44043341.48730023,7554938.882749541,11095916.045711065,8021883.60251714,0.27704179001806156
3714,36652581.86485274,44188215.914714515,7535634.049861779,11029916.996380625,8028532.898216167,0.27211302670267934
3715,36332789.798774086,43861838.286358334,7529048.487584247,10954238.591044758,7973685.251794226,0.27209132925835444
3716,36641665.966679454,44175115.10832715,7533449.141647694,11146457.216143748,8068927.385800241,0.276099371366736
3717,36636508.73453856,44173053.4365727,7536544.7020341335,11138932.262794837,8077082.916544066,0.274878172702213
3718,36426759.77847026,43990730.02949516,7563970.251024889,10991702.152320618,8000679.344041468,0.2721164353646238
3719,36027131.80109862,43550699.304783925,7523567.5036853105,10972356.68740356,7914978.901489823,0.27864367455568184
3720,36567211.60746447,44096763.16941933,7529551.56195486,11030489.435406556,8007945.668172369,0.2740171943352017
3721,36359925.96580527,43924640.57466388,7564714.608858613,11050798.513311502,8019330.826906716,0.27432114364886473
3722,36476523.81859352,44044369.80462188,7567845.986028366,11094647.878686568,7978996.39279334,0.2808247291812268
3723,36410799.14607521,43930642.16330783,7519843.0172326155,11107026.20579555,8018978.851853939,0.27802647591938656
3724,36258338.48302001,43811112.33979112,7552773.856771106,11129913.250933219,8033469.02516071,0.278209196779937
3725,36455827.23386854,43984304.20148757,7528476.967619028,11076878.83411914,8004962.960374751,0.27732684628473453
3726,35876384.37369411,43395032.60254157,7518648.228847466,11032459.32747039,7916966.19606384,0.28239334847571973
3727,36679227.93397744,44219194.44524543,7539966.51126799,11120823.16468003,8039446.921188274,0.27708166903312265
3728,36318734.23311534,43853074.169559,7534339.93644367,10981974.83776311,7965342.609572498,0.27468941358502164
3729,36590085.35138103,44143922.46542079,7553837.11403976,10937563.744875038,8075742.083998568,0.2616507412098439
3730,36320071.33648722,43848319.42626872,7528248.089781504,11079436.036611972,8019189.958090118,0.27620955330300906
3731,36493531.80725078,44034026.48540314,7540494.678152363,11007929.221194753,8017451.389565088,0.27166579395076196
3732,36390922.596735835,43944292.80029201,7553370.203556167,11068683.57502943,8015596.748028606,0.27583106936840107
3733,36349223.06142728,43886341.78842828,7537118.72700099,11076556.296879461,7981275.8131215405,0.2794442966565283
3734,36266976.83379749,43847465.325248726,7580488.491451237,11051285.926301101,8027995.386990784,0.27356911760966646
3735,36263220.64906528,43812831.35370888,7549610.704643604,11104894.784973977,7987878.694919702,0.28068848470963514
3736,36573149.85743968,44154039.1783758,7580889.320936126,11091388.854877628,8100628.443701898,0.26964706136513217
3737,36507601.53527951,44062501.58953391,7554900.054254396,11046056.647891346,8035564.262821108,0.2725400096191731
3738,36463762.263838574,43988073.781228915,7524311.517390342,11165622.434750987,8017299.301361403,0.28196575262933804
3739,36388908.4616908,43863808.23703356,7474899.775342772,11018404.330212157,7998026.112017,0.2741212001009406
3740,36549356.347035386,44101334.17780901,7551977.830773622,11089982.386455884,8032777.089035949,0.2756726918839545
3741,36626486.22320661,44179524.603101045,7553038.37989444,11005163.61819285,8024230.328087674,0.2708667852222875
3742,36558317.02053694,44106785.50892882,7548468.488391874,11063903.127856536,8034350.257584535,0.27382315583044436
3743,36397876.95396559,43937909.17137531,7540032.217409734,11041777.034373779,7994162.977883547,0.27600757079252813
3744,36535620.968430944,44055469.53355712,7519848.565126168,11030507.931661624,8012102.960505273,0.27364152130224356
3745,36166210.42701928,43735323.84011996,7569113.4131006785,10906110.979419427,7995888.155888674,0.26684331646932086
3746,36616006.5268417,44121445.23507977,7505438.708238067,11016366.291153515,8039772.077706732,0.2701974621011904
3747,36145928.17155163,43705924.26369444,7559996.092142809,11002690.63323991,7970596.079865516,0.27557755229563763
3748,36178096.697161205,43726371.382581115,7548274.685419914,11062148.384469323,7999078.387840945,0.27689648431481606
3749,36567248.715772465,44112415.52019959,7545166.804427134,11178999.724341769,8095288.705137081,0.2758485638469107
3750,36691067.33083678,44225358.60328938,7534291.272452601,11122206.446059993,8060465.915570644,0.2752817568472631
3751,36357529.904526405,43917920.42404911,7560390.519522703,11123434.856923304,8008672.485390704,0.2800180350401342
3752,36558384.05325179,44073726.6763381,7515342.62308631,11061669.629063599,8031290.0025554,0.273953185018845
3753,36246840.804662354,43787993.8449021,7541153.040239744,11050007.76120537,8003619.369068304,0.275691063569421
3754,36401104.267953455,43968686.485047564,7567582.217094103,11073423.037491947,8049839.872056879,0.2730486458611707
3755,36280312.266954176,43790326.53708389,7510014.2701297095,11024943.146286985,7979064.572929274,0.27627159006107993
3756,36408175.098873995,43994058.851598784,7585883.752724792,11060756.957969451,8013373.747379627,0.27551307945466935
3757,36467991.32786839,44000849.10678408,7532857.778915692,11074310.846383201,8053136.624547904,0.2728092306368656
3758,36490701.798519194,44037617.867105916,7546916.068586727,11000236.320231438,7986105.039981944,0.2740060479160759
3759,36158262.1881048,43715874.192484856,7557612.0043800585,11013259.237431651,7944945.495969148,0.27860179037954336
3760,36254281.506748475,43823827.29796904,7569545.7912205625,11066075.01551964,7965176.020046785,0.28021669753042455
3761,35940792.02441555,43502197.31111064,7561405.286695085,10978755.166077815,7902376.951340994,0.28021193370285025
3762,36575150.497110076,44134369.57988689,7559219.082776811,10983933.573646223,8006115.588014587,0.27110670013303084
3763,36580655.41150899,44106675.19176546,7526019.780256454,11144863.321497627,8060197.9413235495,0.27677911260015037
3764,36320169.388101965,43917746.05305882,7597576.664956854,10908665.218649384,7997470.830032607,0.2668698993200211
3765,36252252.180279054,43802463.55148939,7550211.371210343,11018849.39565682,8019703.1545424145,0.27218325012197253
3766,36471244.292536415,44032908.94273338,7561664.650196965,11008618.814785367,8004714.606482349,0.2728684005543509
3767,36276504.01054327,43818233.13858927,7541729.128046007,11079254.989907172,8009562.837950524,0.2770666578892745
3768,36305981.75515662,43883528.286374755,7577546.531218137,11184499.65882619,8032736.157326343,0.2817974516198093
3769,36356693.28964246,43902372.506719366,7545679.217076905,11061179.310191335,7985986.065643178,0.278016760989924
3770,36380062.23457079,43931806.13656392,7551743.901993129,10982110.891606167,7994478.707088286,0.27204534847680184
3771,35888810.11608073,43434903.473549046,7546093.357468317,11094310.320697395,7964921.004956023,0.28207155066712225
3772,36317933.40357885,43857473.839277394,7539540.435698541,11001016.764749732,7986419.832203126,0.27402893723480176
3773,36550766.35025862,44085044.93921948,7534278.5889608655,10993247.556930786,8012092.360269619,0.271180575277928
3774,36474340.60967332,44001615.90717474,7527275.2975014215,11060080.553895677,8035002.806561518,0.2735131749351174
3775,36113711.64904178,43679002.23738184,7565290.588340056,10996583.18077793,7952295.760207872,0.27683939370289895
3776,36395043.640194975,43963316.611856095,7568272.9716611225,11061775.176720295,8041692.290123586,0.2730197313133364
3777,36026531.80492626,43568347.208984904,7541815.404058644,10992725.015792554,7970233.734304626,0.2749537787168974
3778,36236422.29672727,43826778.13560471,7590355.838877441,10876253.352897283,7969676.43518199,0.26724064100079287
3779,36113862.23012562,43675840.33264672,7561978.102521103,11014118.318657247,7997111.162982641,0.27392180366938496
3780,36379340.73983418,43963225.46748474,7583884.727650564,11050499.109809231,8027582.335992981,0.27355477284577023
3781,36124532.46437053,43699153.329678215,7574620.865307689,10934303.229525164,7964271.990253931,0.271625102846193
3782,36243551.57407281,43787253.14568938,7543701.571616575,11084225.781675164,7988180.938691919,0.2793199005474732
3783,36312927.57374362,43877932.921223074,7565005.347479455,10982972.629750423,7962555.818419775,0.27500904474158594
3784,36538864.20581672,44078307.301119305,7539443.095302581,10977252.694430644,8015350.241599543,0.2698218338668504
3785,36528624.04226592,44055758.21931883,7527134.177052911,11090122.543985358,8065967.340778261,0.272689070045238
3786,36358879.95583808,43913427.173386455,7554547.217548389,11117354.530138094,8024071.5008786,0.278239127921476
3787,36151562.40085681,43737340.60018669,7585778.199329885,11004142.265636873,7982333.346798526,0.2746064932543343
3788,36247891.54661307,43791918.26858209,7544026.721969033,11066687.206704104,7987930.259736827,0.2782004125952158
3789,36021409.33979967,43560122.30864565,7538712.968845978,11035691.087770842,7950955.6489364095,0.2795235399668599
3790,36169754.6570569,43702381.673310064,7532627.016253166,11038453.386301402,7996316.122442685,0.27559452011945584
3791,36476070.43892331,44001647.699478604,7525577.260555301,11071400.428544963,8032013.6141787,0.2745259584803679
3792,36584387.11678742,44127642.234669,7543255.117881596,11055086.047628952,7994307.072301101,0.2768661376438869
3793,36103464.91154133,43645975.37163979,7542510.46009846,11003399.516283635,7978158.908778026,0.27493690500182577
3794,36472113.312397614,43978564.439426474,7506451.127028859,11083606.535987204,8030840.231390323,0.27543077198607674
3795,36300880.34037723,43855738.93539815,7554858.595020914,11061494.134144407,8004973.411877642,0.27632078317810205
3796,36479994.924195714,44002257.25009938,7522262.325903672,11084346.861668006,8090058.948435814,0.2701366125222106
3797,36504236.12127956,44017822.00533039,7513585.884050834,11018662.847062977,8012236.99035613,0.27284852059051884
3798,36524284.74080191,44069212.80037983,7544928.059577919,11036800.074758174,8016606.4324612,0.27364758098720465
3799,36229187.21567119,43793086.974738866,7563899.759067679,11076411.998525873,7992078.627281023,0.27845961053591495
3800,36528812.6760411,44086547.96940883,7557735.293367738,11089126.607173031,8036696.764182378,0.2752633233546257
3801,36249259.59521636,43788387.45669371,7539127.8614773415,10938229.472686883,7946884.538295772,0.2734761546062457
3802,36427969.6727455,44019025.10542932,7591055.4326838115,11066715.77400779,7981213.433331011,0.2788092152798978
3803,36199910.592337914,43756246.815188654,7556336.222850736,11002143.895718107,8010082.951369047,0.27195253695177823
3804,36046717.0995072,43578834.84742739,7532117.747920193,11074909.125595849,7969210.566437342,0.2804265501358157
3805,36196455.28457355,43748193.45791958,7551738.173346043,11002830.055997493,7984782.3211982595,0.2742974052529455
3806,36556479.69967603,44091926.69389795,7535446.994221917,11072623.07286497,8050128.594554714,0.2729700504045249
3807,36386323.68116407,43939149.17649078,7552825.495326699,11147771.060553672,8040030.324081557,0.27877687114232536
3808,36083062.90538345,43652139.38711053,7569076.481727088,10981773.51844419,7969877.087739294,0.2742632076363925
3809,36151720.14276011,43732045.50949948,7580325.366739368,11088696.068193156,7972177.53821112,0.28105365236959334
3810,36607083.55418487,44150185.24486545,7543101.690680585,11071428.398552231,8019835.967241727,0.27562770777703355
3811,36377541.00464882,43905757.733056836,7528216.728408013,11061510.523658674,8019533.176642787,0.2750056007730246
3812,36121842.20563983,43665703.38467437,7543861.179034541,10989953.660537062,7999276.5131887775,0.27212827639913223
3813,36532237.509122536,44111352.69504048,7579115.18591794,11013512.22767225,8029211.428334479,0.27096722077808183
3814,36431916.02623705,43966057.91132941,7534141.885092362,10999845.030775394,7982366.390373073,0.274320104688749
3815,36599333.074035674,44121894.309208095,7522561.2351724235,11135564.432172433,8073314.652961145,0.2749972664487447
3816,35957825.75757792,43541497.17025609,7583671.412678168,10935722.243094089,7918736.495555988,0.27588353841405655
3817,36495185.65086915,44028729.6298704,7533543.979001248,11093410.738217171,8075189.497776183,0.27207333359100416
3818,36933229.76624431,44480110.607761085,7546880.841516774,11135834.7549817,8077015.921471525,0.27468249132753964
3819,36468044.172707796,44027987.22871339,7559943.056005599,10992134.872847084,8050827.666058954,0.2675828891122675
3820,36637839.735519074,44178547.60133952,7540707.865820443,11091504.215455854,8068837.641983928,0.27252088758708515
3821,36181312.31262855,43755171.585352905,7573859.272724354,11175834.07213168,7964388.847589938,0.28735620122974775
3822,36445177.43008752,43988930.11446962,7543752.684382096,11009178.898694444,7965700.019382441,0.2764492163600796
3823,36117510.45282733,43669179.82833884,7551669.375511511,11053039.95358847,8015840.206983725,0.274784110014792
3824,36294495.86632636,43832890.92229652,7538395.055970151,11021367.628225492,7975170.896758785,0.27639008462665393
3825,36209579.063184164,43771069.54154384,7561490.478359677,10983342.431007724,7960934.989131673,0.27518102625511465
3826,36879576.4324563,44391825.143953964,7512248.711497662,11164485.996075056,8074564.436833636,0.2767634408182966
3827,36534884.20740073,44069891.32129453,7535007.113893793,11049045.947795417,8075381.788229514,0.2691331155301449
3828,36145228.43349623,43754137.85804503,7608909.424548794,11089567.297513945,7988424.662732609,0.2796450530109096
3829,36077846.48319203,43628549.61046113,7550703.127269102,11013312.505358316,7977545.60699885,0.2756452154501629
3830,36558184.18933776,44121452.53300322,7563268.343665465,11172902.44481692,8038947.009894138,0.2804960886753841
3831,36420016.89520578,43940745.6331357,7520728.737929918,11111423.531453274,8011925.653832376,0.27894696560230137
3832,36189936.18466535,43680194.52122763,7490258.336562271,10989198.544978553,7984049.345874671,0.27346390974772833
3833,36509049.81524094,44077305.93497993,7568256.119738994,11031841.771427581,8048168.857961641,0.27046008955582007
3834,36537076.64042785,44073330.62120724,7536253.9807793815,11020335.534583166,8033745.437710943,0.2710071837195825
3835,36485590.860569485,44090177.664910614,7604586.804341132,11065024.303953845,8014334.792758149,0.2757056313112298
3836,36602668.62388062,44148178.28765625,7545509.663775632,11065684.500147128,8045519.908875067,0.2729306615629522
3837,36260861.98848396,43817645.70222327,7556783.713739312,11038995.102941737,7998921.935054235,0.27539401363420885
3838,36818836.22109184,44341686.28358332,7522850.06249148,11129878.53617977,8075384.871957833,0.2744408804006916
3839,36216661.04668377,43806391.31332496,7589730.266641184,11052553.955632288,8028857.457872151,0.27357446160389803
3840,36338260.33731799,43883489.48501427,7545229.147696292,11038481.222085867,8045022.515482354,0.2711839288736734
3841,36673431.377428286,44245258.94961568,7571827.572187398,11109082.769627158,8062675.679594003,0.27422669838793523
3842,36398252.45029392,43926248.64700295,7527996.196709031,10994483.858818747,8002093.9911119435,0.272171927862406
3843,36232034.203624435,43731328.59019382,7499294.386569393,10985224.764822358,7972173.513590276,0.27428216679559275
3844,36394509.64738244,43934256.73366987,7539747.086287436,11020901.407993853,8049697.388271711,0.2695971871744558
3845,36121567.84779388,43672242.13954261,7550674.291748742,11046083.853489986,7998604.664138562,0.27588774716648373
3846,36625481.47534867,44160567.169631675,7535085.694283013,11041774.494199613,8062806.288286465,0.2697907123060735
3847,36317626.53634461,43886566.70222128,7568940.165876678,11000557.699059498,7979831.419899458,0.27459755785093504
3848,36231200.74545572,43794325.83368563,7563125.088229915,11027885.372359002,8023238.365655995,0.2724590350053916
3849,36012460.477757126,43580585.38904461,7568124.91128749,11104504.059969354,7977105.224868852,0.28163336410263184
3850,36466702.18488564,43980830.474709496,7514128.2898238525,11113888.786461908,8048454.60277478,0.2758201240434587
3851,36461255.68934888,44003386.70965811,7542131.020309236,10986068.624862453,8001536.196530599,0.27166519072870077
3852,36461683.59206936,43978762.33704399,7517078.744974638,11166762.778503817,7986075.888334811,0.28483518037043604
3853,36512693.868678495,44045066.91411354,7532373.045435041,11040308.712355103,8040150.274957552,0.2717458827976525
3854,36346831.67998479,43862081.8733082,7515250.1933234,10949730.127775565,7998975.908247333,0.26948191280470185
3855,36210217.11410369,43738769.598971196,7528552.484867506,11083814.907200007,8025698.316420982,0.2759083056134836
3856,36544263.90315965,44102696.55932881,7558432.656169159,11011226.0029196,8022205.916595411,0.2714520695090317
3857,36335011.06573026,43897722.49762503,7562711.431894777,10993592.759090215,7955754.471195391,0.2763280716745617
3858,36516593.12548944,44041371.395253,7524778.2697635535,11105345.736285722,8013521.435288642,0.27840864880908855
3859,36641184.07750468,44241582.12375731,7600398.046252631,11097110.797594061,8108500.957896885,0.2693142291005267
3860,36605380.73927555,44178048.52583211,7572667.78655656,11041464.037431188,8041304.536153518,0.27171754498379563
3861,36287496.72822955,43844358.640965484,7556861.91273594,11011296.494517937,8009274.839516148,0.27263107995469654
3862,36435606.59563061,44015823.02849819,7580216.432867583,11096199.726450339,8037061.582698752,0.2756924189512765
3863,36560151.47501821,44103084.160251215,7542932.685233003,11045115.960294725,8034144.825849787,0.2726065661301209
3864,36601689.634039536,44111616.69476764,7509927.060728104,11085301.089116234,8018754.562606796,0.2766317758856576
3865,36682160.58025798,44186026.82460736,7503866.244349381,11089234.249410247,8075041.527484163,0.2718125214179137
3866,36237556.46801014,43759924.10810047,7522367.640090326,11036609.286201946,7986202.213805819,0.2763898760292049
3867,36202582.72974589,43741709.48137004,7539126.751624152,10982942.33927235,7962261.120501723,0.27503387757663084
3868,36156443.210286595,43712043.9964329,7555600.786146298,11028682.195388943,7982825.418241013,0.276175949509307
3869,36381997.82084103,43919164.723947436,7537166.903106414,10986449.268657224,8002919.708855033,0.27156449612103306
3870,36263030.223865606,43817588.79382309,7554558.569957491,10959223.744421205,7964422.583532245,0.27326763562186274
3871,36363516.58646045,43939164.59286419,7575648.006403746,11077691.675824383,8000314.050857274,0.2777995375772269
3872,36313975.01931079,43864392.883949764,7550417.864638982,11023255.513431106,7967038.005065225,0.27725180684073614
3873,36600483.34989676,44134516.67980763,7534033.3299108725,11186644.304228714,8033990.254983298,0.2818230349966225
3874,36464375.79021494,44007073.88877992,7542698.098564982,11087121.998709345,8041618.698340281,0.2746883547167238
3875,36574517.822267696,44118351.23883718,7543833.416569491,10949131.970971921,8014608.752133251,0.26801423406153185
3876,36606391.66312341,44182762.8402165,7576371.177093095,11057629.92961408,8065999.016053713,0.27054901752031935
3877,36434083.743420936,43973753.17052578,7539669.427104846,11064064.069014944,7999307.092918828,0.27700101490545487
3878,36348066.95018947,43876038.85705852,7527971.906869048,11114768.48307025,7975996.460404852,0.28239652741721977
3879,36414062.755707204,43934088.26438338,7520025.508676189,11060877.39967306,8005168.351469735,0.27626280789385177
3880,36255026.76584094,43790018.08875694,7534991.322916001,11161420.75671987,7996627.221513212,0.2835475522505731
3881,36655879.93256057,44160049.5996073,7504169.667046724,11020760.217481384,8038066.505027438,0.2706431909953661
3882,36090543.578950725,43661563.087659106,7571019.5087083755,11012171.959809974,7950102.766024532,0.27806223921682033
3883,36225498.18730554,43826276.38174716,7600778.194441624,11114226.084106574,7991277.073997094,0.28098663698908555
3884,36541054.39854924,44113717.40161682,7572663.003067585,11042085.453247633,8022431.785662143,0.2734676959683705
3885,36563941.079581216,44149991.16859268,7586050.089011466,11110736.741261901,8047678.883374518,0.27568449592654976
3886,36140238.98183416,43686175.19096445,7545936.20913029,11057058.881489445,7980345.470248989,0.27825784815084625
3887,36570838.07593879,44149765.29622707,7578927.220288278,11166408.694333527,8055613.171733842,0.27858513939027507
3888,36368489.63764471,43914612.85306405,7546123.215419351,11096234.467809448,7948336.609800449,0.2836906400221767
3889,36322922.538620725,43859166.97786704,7536244.43924631,11066449.139825474,7979078.118251355,0.278984792914596
3890,36716868.064139396,44251426.36408076,7534558.299941365,11082598.873234011,8091325.499223316,0.2699072129403716
3891,36338270.81815383,43883515.05520485,7545244.237051028,11054049.507395005,8015929.466898938,0.2748422682984735
3892,36598753.735441886,44159641.031182595,7560887.295740703,11147717.387392517,8016452.597858111,0.28088842591898694
3893,36611837.00006522,44141534.615640156,7529697.61557493,10967525.196084995,8036501.702415858,0.2672456585479653
3894,36370769.759941764,43926690.02041528,7555920.260473515,11088781.2457963,8055302.555409562,0.27356285809468145
3895,36681310.7322972,44220455.04707552,7539144.314778328,11065998.221300254,8063125.399021645,0.2713603203458469
3896,36461699.94844985,43999783.732667655,7538083.784217808,11092736.796233522,7997557.29158322,0.2790275800739501
3897,36223839.38316351,43790372.384498894,7566533.001335381,10979993.931422887,7984520.350254217,0.27281195234508565
3898,36281952.60240141,43817432.23764847,7535479.635247061,11048209.66063797,7965979.344997469,0.27898007100840255
3899,36474636.12995344,44037353.285220146,7562717.15526671,11011835.167469082,8012821.724835273,0.27234456355589376
3900,36445062.713981286,43994712.769825235,7549650.055843953,11044853.028916301,8008386.626593728,0.27492139500388674
3901,36263968.39436188,43822542.97878543,7558574.584423556,10985388.233760819,7983814.5675115865,0.27323328064315955
3902,36502513.89180318,44064395.30064447,7561881.408841286,11059825.286985422,8007592.615667604,0.27597476380657776
3903,36485043.14641508,44028851.3818487,7543808.235433628,11043257.842789132,7984259.84961573,0.27700140997530204
3904,36277780.38328231,43836400.755087055,7558620.371804746,10995586.302728904,7983553.868719258,0.27393104388277273
3905,36389444.676027834,43959002.90335974,7569558.227331908,10974029.24421624,8033218.66064501,0.2679791094160931
3906,36359530.05650901,43915242.37083989,7555712.314330882,11041678.726456631,7984714.676964571,0.2768568190783673
3907,36199590.550769076,43734288.76251129,7534698.211742222,11125124.598402206,8021116.143196732,0.27900887111424105
3908,36236455.99727427,43775266.31823318,7538810.320958905,11014245.558946468,8050933.248963356,0.26904360304334435
3909,36560693.12169571,44105914.5536201,7545221.431924386,11054215.437477933,8035733.173181775,0.27306164615377154
3910,36305459.129114725,43838876.95953943,7533417.830424705,11112080.751592387,8001408.17762607,0.27993610229304267
3911,36276570.65426753,43825897.8743869,7549327.220119376,11113339.220164195,7999760.133739993,0.28016593615489405
3912,36110810.70470461,43620584.812730715,7509774.108026103,10881123.387593642,7915594.933688194,0.27253881316029027
3913,36590633.62057928,44123284.45837838,7532650.837799105,11048155.126117101,8047703.160271303,0.2715794566237516
3914,36461288.658970036,43976960.68019187,7515672.021221839,11059393.576283634,7984014.961183681,0.2780784130600942
3915,36450118.69162675,43988641.64626302,7538522.954636266,11148456.7479012,8006032.530211978,0.2818707816470484
3916,36167354.743181355,43691096.64667883,7523741.903497477,11063154.557200635,7985157.476644058,0.27822056219518443
3917,36488422.02462187,44004862.507702,7516440.48308013,11006944.567089979,7985959.526383204,0.2744617293466995
3918,36342219.74343688,43886872.40995001,7544652.66651313,11085990.410350502,8006808.872154432,0.2777543028831391
3919,36115985.899099156,43704613.05690619,7588627.157807031,11024341.249893967,7951798.22106369,0.2787053629040945
3920,36463814.82591705,44015760.545323394,7551945.719406346,11086721.822243957,8026870.577603917,0.27599242532638246
3921,36383755.361526944,43877485.47931513,7493730.117788183,10979340.36087211,7986680.718316463,0.2725718981461592
3922,36658699.05189433,44181171.007714115,7522471.955819795,11145355.322605383,8042282.415438747,0.2784184817215185
3923,36814573.6085397,44355514.48197036,7540940.873430654,11060608.54049709,8085908.856508322,0.2689453905811116
3924,36296929.13436157,43831615.49205055,7534686.357688984,11005750.644610351,8017322.599465521,0.2715333230458296
3925,36477672.55257925,44000519.88675264,7522847.334173398,11052294.10003925,8012174.596393788,0.2750668301194288
3926,36337933.01965013,43859235.20296933,7521302.183319196,11027101.306366803,7994184.396838082,0.27504208270740943
3927,36124934.714663975,43688749.78964607,7563815.074982092,11015112.52502442,8004231.160007783,0.2733409539100429
3928,36481633.41913418,44004163.58503067,7522530.165896486,11085940.187262533,7985290.477143255,0.279692083643194
3929,36499130.48705935,43995245.33874985,7496114.851690503,10988817.009692568,8044495.088934595,0.26793802446259374
3930,36654054.2603749,44209567.48024765,7555513.219872742,11071561.274313442,8042563.936270037,0.27358357714831294
3931,36505778.73756829,44051900.71490382,7546121.977335521,11011744.398220807,8021415.0212085005,0.2715581899535791
3932,36080299.01146862,43602889.6230912,7522590.611622576,10971478.510819623,7967356.418252097,0.2738119652337635
3933,36053594.34196908,43603146.334169105,7549551.992200015,11053735.038721379,7966534.433846049,0.27929026650818256
3934,36505462.605938755,44028805.40094374,7523342.795004988,11018605.497396087,8000881.299757435,0.27387532826652156
3935,36547267.81217532,44030650.883236706,7483383.071061389,10972858.530795159,8002686.04431493,0.27068356692510753
3936,36354701.88725868,43916163.57618114,7561461.68892247,11004394.580962753,7958848.360587581,0.2767572716488982
3937,36360668.661621064,43955643.72096281,7594975.059341745,11065997.438192215,8023572.0892339805,0.274934579187401
3938,36514975.05340211,44033288.99680026,7518313.943398149,11181812.479864752,8024372.531504639,0.28237282229922556
3939,36129121.67593103,43646916.76352979,7517795.087598756,11012979.10329852,7971375.561686529,0.27618353881203633
3940,36351688.249539465,43842670.15470577,7490981.905166309,10939264.621527242,7968707.964767467,0.2715499404698606
3941,36379252.71114172,43897508.32971693,7518255.618575219,10993389.913315244,7991756.771787999,0.2730398143971636
3942,36187090.97886741,43750465.835295685,7563374.856428279,11003265.800407143,7985515.713426221,0.2742594918382558
3943,36387672.736431286,43903365.60670131,7515692.870270015,10908704.73801747,7967164.960580282,0.26965069163397104
3944,36346746.294474855,43882314.17975626,7535567.885281398,10923609.113610735,7987972.585295689,0.2687423632412171
3945,36454934.708592296,43989525.0625759,7534590.353983596,11002821.041924156,8040965.668666453,0.2691905432226987
3946,36440832.565518215,43992483.89218955,7551651.326671335,10980824.854102822,8033772.065930678,0.26838173154824724
3947,36499422.00021593,44038252.066653684,7538830.066437753,11062638.274240095,8019417.148643902,0.27508999663149847
3948,36583213.58384715,44093316.894500636,7510103.310653488,11085624.305073012,8072843.1784959445,0.2717736993123929
3949,36447554.15267592,43991183.9303161,7543629.777640173,11106629.4338538,8010478.41448115,0.27876603228837005
3950,36406221.095671415,43956730.17901126,7550509.083339841,11048121.604308592,7990906.51008158,0.27671808871426135
3951,36472387.53051263,43997359.767985076,7524972.2374724485,11110381.67684827,8033027.256911017,0.2769800812828799
3952,36145304.3639486,43706581.65275673,7561277.288808133,11021139.756661272,7999186.628596957,0.2741960627291583
3953,36500401.78449667,44055686.75079115,7555284.966294472,11081679.369342564,8061159.429293025,0.27256879028694864
3954,36239693.41701738,43776129.96566266,7536436.548645285,10983482.784230037,8023236.451646323,0.26951800177936297
3955,36197802.6743227,43732096.91276937,7534294.238446664,11052663.095891831,7997427.62292839,0.2764252783656314
3956,36223314.53111161,43763642.889080815,7540328.3579691965,11024531.799605334,7931417.4887472335,0.28056650088023066
3957,36790418.174560845,44329263.24503301,7538845.070472165,11117802.348334603,8055361.592083605,0.2754537866658277
3958,36089354.513621986,43626073.14420857,7536718.630586588,11047434.674237661,7997750.620055798,0.27605359471313723
3959,36401082.11171792,43919598.402317315,7518516.290599401,11044997.320592944,8026075.205253085,0.2733293660208683
3960,36487760.27725711,44063154.48888006,7575394.211622946,11024822.239551026,7955368.144604178,0.2784130236526923
3961,36358970.5316836,43912106.33758217,7553135.805898571,11039158.218609415,8022012.560597169,0.27331301882475517
3962,36151110.58768143,43681751.08051268,7530640.492831256,11008883.848936854,7913769.311389531,0.2811469881977384
3963,36371528.982721284,43905740.93486335,7534211.95214207,11048504.65675236,8039683.434218214,0.27232836623689943
3964,36518137.649154715,44098216.724828675,7580079.075673963,11048000.157223128,8021068.032290833,0.2739800943027052
3965,36161648.305187196,43724083.93882145,7562435.633634251,11002747.225009128,7920040.288806735,0.28017611176192736
3966,36300016.47923245,43862336.154783815,7562319.675551357,11122102.932106428,8018178.426349966,0.27907712459631107
3967,36239762.183771506,43844934.93593256,7605172.752161057,10987426.384740481,8008592.914825109,0.2711129399740439
3968,36228745.17242501,43777377.06437311,7548631.891948107,10965900.860664597,7943890.008581443,0.2755825436032624
3969,36583396.5164394,44101758.11083229,7518361.594392886,10929442.918144636,8013787.562443618,0.26677071992942664
3970,36436294.882437915,43968817.2937509,7532522.411312984,11150149.296780054,8054761.721589273,0.2776095182944921
3971,36132077.51703608,43727161.86391391,7595084.346877834,11038186.892859032,7999091.83847985,0.27532556604429964
3972,36370111.985671155,43884949.51321856,7514837.527547405,11156116.016317178,8063452.235630374,0.27721688947689377
3973,36466359.01440388,43998035.12860572,7531676.114201846,11015908.237834606,8008722.837061709,0.27298569812379075
3974,36349445.677838296,43909200.31983807,7559754.641999777,11096123.417092893,7975819.017109076,0.2812067136147009
3975,36506918.56419293,44009024.07097904,7502105.506786112,11023147.563401595,8041292.044670384,0.2705085368385516
3976,36287200.066627175,43839256.60094126,7552056.534314086,10967039.599826861,7997066.492980737,0.27080900728151025
3977,36507381.47883855,44068468.78735309,7561087.308514537,11132401.70396063,8061370.195154646,0.27586423760772005
3978,36573728.81017245,44101383.6485133,7527654.83834085,11014633.489554595,8057215.869412841,0.2684989584942916
3979,36264390.58076236,43792610.62219961,7528220.04143726,11061996.177823748,7980455.671443678,0.27857002089349014
3980,36573552.393218525,44128636.747583084,7555084.354364559,11039588.962863475,8006947.729309053,0.27470599165929527
3981,36165913.77149591,43697453.442891955,7531539.671396044,11056525.077136932,8003259.107468255,0.2761505941846346
3982,36442456.75527608,43977937.05321171,7535480.297935634,11045721.880256562,8025924.61518036,0.27339066634240294
3983,36323451.19889648,43816881.216812074,7493430.01791559,11109395.989131356,8011009.800769028,0.27889780789104723
3984,36495048.315468654,44061627.94195903,7566579.62649038,11077878.974073326,8032950.381228751,0.27486566697207365
3985,36546597.16455457,44076601.60291048,7530004.438355902,11206975.582207467,8080021.382384342,0.27901856097443206
3986,36436084.22908379,44005240.28135127,7569156.052267466,11058945.520097917,7982234.464125967,0.278210164828148
3987,36555353.197737336,44090795.4528948,7535442.255157461,11106724.234765457,8028986.2891094,0.2771058217167531
3988,36446771.28455229,43993842.25209612,7547070.967543835,11021902.259626191,8050082.052103051,0.2696286119691947
3989,36569218.89760421,44129976.60766868,7560757.710064471,11079362.449242603,7992821.490691086,0.27858470852377576
3990,36311912.92100752,43820786.7756419,7508873.854634375,10960107.737974914,7939423.999577344,0.2756071208982201
3991,36265107.32524799,43798578.820944406,7533471.495696421,11005817.701498892,7995011.852786718,0.27356493905056506
3992,36650876.644795254,44208462.44179816,7557585.7970029,11119100.472681068,8066285.506647589,0.2745559295497018
3993,36229485.989768654,43751454.09789312,7521968.1081244685,11066878.606974622,8006941.374110033,0.27649505714611716
3994,36296469.46762614,43854883.6965305,7558414.228904353,10913180.373471448,7980208.393344666,0.268755017305172
3995,36261384.17248414,43810987.60441288,7549603.431928746,10968761.1015675,7969448.280290155,0.27344134797946557
3996,36479838.26274062,44003459.37246683,7523621.109726209,11059735.318143586,8025476.057136006,0.2743518876107146
3997,36367294.47999107,43906996.53066921,7539702.050678138,11057564.071891105,7975442.045812529,0.2787342678767278
3998,36428215.589928605,43963640.97026953,7535425.380340922,11103126.93290852,7990012.757147905,0.28038175142658833
3999,36442180.34709794,43923191.48027113,7481011.133173195,11084703.133476399,8011291.591628898,0.2772660219077616
4000,36034667.837128766,43540711.611798234,7506043.774669476,11002263.928517526,7939040.492693415,0.27841755621625575
4001,36282310.967439555,43821395.12166672,7539084.154227169,11051880.732693216,8002330.524257954,0.2759304305025848
4002,36306453.760937795,43850360.916903615,7543907.155965821,11063028.065072883,8028042.137174597,0.27433591509001487
4003,36344224.14942327,43918433.409031466,7574209.259608192,11010034.81168245,7987766.033982176,0.27450129172102394
4004,36085623.570532255,43614737.72349316,7529114.152960909,11075819.852901751,7937985.4139683535,0.2833049363936086
4005,36636625.28068062,44220652.77173688,7584027.491056254,11082411.779367507,8061991.553738744,0.2725417793311
4006,36169530.25592662,43704926.8886895,7535396.632762885,11064566.975160949,7941739.095355116,0.2822367912649747
4007,36185035.12289088,43720500.66130572,7535465.538414835,10905167.303924765,7946930.085955346,0.27126931073352273
4008,36402773.81417593,43932301.3999527,7529527.585776776,11126278.327051815,8039451.911774935,0.27743566397864966
4009,36323211.22237091,43882108.84992475,7558897.627553838,11030624.420757629,7994375.276390539,0.27525632534939926
4010,36489190.95431039,43995357.61994629,7506166.665635909,11190754.683944436,8077003.994885126,0.278243137035848
4011,36244132.58062367,43806529.41139746,7562396.830773789,10997821.879022429,8018465.719925771,0.27090420192925385
4012,36437262.23175267,44036090.523400724,7598828.29164805,11079979.342532773,8031553.43639224,0.2751292048387242
4013,36373450.018141,43906759.00868524,7533308.990544233,10979739.659010772,7998197.5875001075,0.2715494323277323
4014,36232066.320347525,43807853.80901036,7575787.488662835,10983988.169553982,7980577.92747937,0.2734353129038894
4015,36317486.3085217,43854562.960348405,7537076.6518267,11051014.732886007,8015256.477840476,0.2747040274963721
4016,36589792.05380497,44128036.37124699,7538244.317442021,11074168.736916827,8039173.316898996,0.27406078886087193
4017,36661759.40088243,44224911.64451065,7563152.243628209,10968505.4174657,8018714.78808458,0.2689327777222976
4018,36403442.02365907,43962591.58552723,7559149.561868155,11006211.409401458,8011460.50600519,0.2720964364575229
4019,36561955.23792675,44108504.97717188,7546549.739245133,11096336.697072024,8066896.139148053,0.2730126744192383
4020,36473998.28180605,43990892.03091408,7516893.749108034,11096401.168267246,7991865.099941358,0.2797786436564708
4021,36111375.664838806,43688201.41435832,7576825.749519513,11001886.610005472,7925581.527953998,0.27961614140376456
4022,36656070.86673507,44218391.72732533,7562320.860590267,11073801.528389607,8040734.763660464,0.2738957129539798
4023,36254820.259784296,43791140.68111298,7536320.421328688,10954531.020862946,7969589.490144323,0.2724846481363548
4024,36359599.37991278,43895816.91957304,7536217.539660256,11031541.85032523,8022196.438459689,0.27279463312527075
4025,36196326.03743414,43733094.8514843,7536768.8140501715,11080695.10298544,8036317.23022025,0.27474610974043967
4026,36237391.78886211,43741242.04021708,7503850.251354973,10993262.782681432,7970172.037285974,0.2749948586836271
4027,36347640.51161689,43921037.47446546,7573396.962848563,10984114.374314373,8051529.678445406,0.2669841733191183
4028,35858567.55034028,43412180.92901709,7553613.378676819,10911387.553671146,7932980.501866547,0.2729631806362254
4029,36694787.98274493,44222481.35901923,7527693.376274301,11122430.08568075,8046812.958612218,0.2765238444634636
4030,36350228.14848705,43907779.88235621,7557551.733869169,10963168.269562516,8011019.916681798,0.26927875959697584
4031,36497238.26141073,44087132.82800401,7589894.566593281,10992855.394388137,8007321.166905362,0.2715886019029135
4032,36323245.670758545,43847843.89533103,7524598.2245724825,11117201.068835478,8069186.429295475,0.27417104545175613
4033,36036898.89704801,43599734.72345167,7562835.826403656,11071134.141643735,7973810.59639802,0.2797656956928402
4034,36277992.91509613,43840616.56883983,7562623.653743709,11048822.375610514,8041350.694858717,0.27219839169381305
4035,36610057.31101015,44182305.12291105,7572247.811900904,11049947.22846699,8032481.443816623,0.27307513079128015
4036,36359053.726813026,43947388.46072713,7588334.733914113,11058249.324007904,8035634.524719354,0.2733357433645787
4037,36604296.86757204,44185404.62479393,7581107.757221896,11093819.00220145,8094135.201693173,0.27039235090396024
4038,36344594.885839134,43912600.4464882,7568005.560649065,10989091.94553442,8019574.2546526315,0.2702241191173667
4039,36332112.89428736,43864195.67377174,7532082.779484385,10973369.978981411,7996347.552445049,0.2712951839078245
4040,36662357.544933006,44185572.2604015,7523214.715468502,11091641.139886001,8050170.691335245,0.2742128428239084
4041,36249240.21599898,43854207.81993213,7604967.60393316,11022131.945202865,7932054.890826965,0.28035202896666345
4042,36681696.128788136,44212924.62727791,7531228.498489769,11098136.22426413,8047237.216627021,0.27490192461026497
4043,36175278.06013332,43737275.08561947,7561997.025486147,11065484.084716039,7969149.34528952,0.2798191851094219
4044,36203379.27391833,43722932.43996068,7519553.166042342,10922302.59049671,7998778.162741179,0.26766557724735024
4045,36611345.76245856,44209281.473362744,7597935.710904187,11158438.847477663,8035472.042726763,0.2798748863920905
4046,36490655.72158268,44066606.07212224,7575950.350539555,10940460.944873635,7991583.995359486,0.26953863867096955
4047,36303986.450061396,43899172.437113665,7595185.987052261,11010640.516203038,7990411.771372857,0.27430091286566605
4048,36788937.477427006,44322234.76156492,7533297.284137914,11111128.836985396,8094851.46801861,0.2714645301318587
4049,36644843.092432715,44156527.017266944,7511683.924834227,10974668.495306198,7996893.979939248,0.2713316139472027
4050,36353934.37161672,43909434.49939796,7555500.127781248,10937222.935936244,7977494.672920348,0.2706105818956262
4051,36192421.05424987,43726379.50221693,7533958.447967065,11043124.050125165,7945676.739173488,0.28048650878974507
4052,36301489.03861346,43858795.070605665,7557306.031992202,11036161.719779173,7998631.901160499,0.27523426130796613
4053,36140054.8273132,43701544.926853724,7561490.099540525,11099098.867344974,8022193.25897389,0.2772212091401176
4054,36503168.70470889,44025280.14730526,7522111.442596374,11038404.503665602,7981919.47640123,0.27689554466403027
4055,36507088.258255295,44050559.36816447,7543471.10990918,11059301.523041667,8082625.012407335,0.26915592313244474
4056,36618936.0643891,44169080.119536445,7550144.05514735,10962656.347889675,8027003.270325929,0.267786655387484
4057,36399358.479074195,43964644.05826028,7565285.579186081,11046848.109957682,7981636.336774237,0.2774738769532323
4058,36226135.886589445,43761997.303477764,7535861.416888324,11020262.631640155,7993482.642446253,0.27465588528750184
4059,36380800.64861484,43935438.375252776,7554637.726637934,11068315.188081011,8040124.737624751,0.2735909123474535
4060,36571976.69971206,44107815.76019647,7535839.06048441,11064611.986659013,8056815.936011716,0.27183927048448703
4061,36131587.884785265,43740701.46582075,7609113.581035489,11122255.852006948,7969848.081315817,0.2834324090937268
4062,36333102.28871356,43861042.749910325,7527940.461196765,11047072.063641211,8041693.686480217,0.27205202970047393
4063,36456716.97242703,44002940.86803609,7546223.8956090575,11050354.233094014,8006275.808951994,0.27547337939859884
4064,36088551.68218416,43609013.06283861,7520461.380654458,11053896.830845872,7991736.475453066,0.2770208915690126
4065,36087346.2520653,43648028.44776574,7560682.195700435,11014470.221142285,7953719.354953933,0.27788452869146973
4066,36595683.581070304,44157514.36237872,7561830.7813084135,10959784.966747541,8024871.984699244,0.2677892851869767
4067,36284665.63273854,43815218.36041259,7530552.727674053,11131237.481651722,8000800.839147648,0.28122988550591593
4068,36639546.63257714,44192975.79949243,7553429.166915285,10951002.176899232,8053644.311625513,0.26457467713645394
4069,36143339.63536989,43693433.41114451,7550093.7757746205,11047827.096569419,7918007.4949459415,0.28329730129423836
4070,36700190.47568644,44236003.85901264,7535813.383326201,11093068.813987654,8066392.398914678,0.2728439231582634
4071,36241057.83008084,43780902.10578036,7539844.275699529,11023154.180520095,7990599.806345133,0.2751076801170062
4072,36280908.123781435,43819928.98488721,7539020.861105781,11039411.30946878,8022273.216879107,0.27330606750758507
4073,36534382.041244164,44091889.98055068,7557507.9393065125,11195596.86251119,8039504.710604781,0.2819047694075769
4074,36295882.05750354,43870072.62604398,7574190.568540453,11008173.935393803,7983601.403023512,0.27475697151237743
4075,36440457.7931131,43974784.69118682,7534326.898073725,10970789.712746628,8034611.95323221,0.2676359529617965
4076,36254368.358652174,43803228.96462634,7548860.605974177,11074385.573100165,7982341.486701192,0.2792068296691412
4077,36183672.155169636,43728595.921537735,7544923.766368105,11077510.491560943,7991346.2521617785,0.2785972752407017
4078,36068529.33571504,43621724.78897601,7553195.453260969,11012783.613327473,7968311.688730877,0.27644890079491174
4079,36001697.00368204,43585326.70352728,7583629.699845241,11024023.058885176,7969171.719385402,0.2771085767130735
4080,36019976.35598658,43536841.64663436,7516865.290647785,11026186.889696794,7942040.444043948,0.27971106208391644
4081,36036283.88288418,43564707.114627734,7528423.231743559,10974426.51947727,7929567.596756237,0.27745039044336917
4082,36352986.62752473,43915013.25097981,7562026.623455082,11027364.854089918,8045995.127701601,0.2703610305668414
4083,36383453.915435046,43918782.00091192,7535328.085476868,10958235.777580015,7996551.745275978,0.27027015045282105
4084,36267331.57932151,43823629.64924255,7556298.069921043,10982894.93204835,8012608.387396817,0.2704465956406599
4085,36227560.42101243,43798077.7761535,7570517.3551410725,11124648.457508227,7961449.995989786,0.2843414309765034
4086,36349774.34125719,43855221.433577724,7505447.092320534,10968331.3679624,7980430.163338946,0.27241164625558895
4087,36482332.23643012,44025864.552310534,7543532.315880403,11048557.972344786,8037179.681692515,0.27255849117956704
4088,36429414.89510821,43966592.26147704,7537177.366368831,11072842.051146245,8025572.591137799,0.27520210673401563
4089,36254108.299943574,43821931.641415715,7567823.341472143,11008516.532631954,8026035.535870522,0.27092487783623015
4090,36604396.386613265,44088696.780645415,7484300.39403215,11038465.697987681,8026257.8433274,0.27288283870913405
4091,36539707.6367625,44079446.94053132,7539739.303768824,11011865.31942495,8006409.096846063,0.2729288940064729
4092,36509946.67653955,44076987.05443652,7567040.377896968,11092248.638913153,8031502.609455071,0.27593557709485145
4093,36337783.76953205,43848041.440420076,7510257.670888038,10990896.336075716,7988360.409377807,0.27318390010126875
4094,36536898.11589059,44077445.232112825,7540547.11622224,10931212.092044242,8028436.600794954,0.2655492791473631
4095,36530300.48025243,44081691.34407187,7551390.863819443,11073173.29027819,8042402.624766446,0.27370389553757296
4096,36554131.615002945,44107686.35539683,7553554.740393888,11191801.342927583,8032132.567999357,0.2823199481578459
4097,36088030.44321047,43666740.965060875,7578710.521850408,11063418.655545792,7965329.5788806435,0.28002999553055513
4098,36407160.92105705,43974556.459059715,7567395.538002669,11179687.313135672,7992491.741104562,0.28508807829412963
4099,36027906.6126322,43637335.95569979,7609429.343067582,10956163.374552306,7948609.177186559,0.27450797277734484
4100,36218171.40788375,43781400.91518813,7563229.507304378,11110122.274550537,8025144.7276180135,0.27767269078569407
4101,36584401.57002486,44131217.857850656,7546816.287825789,11075887.848288408,8095670.9368753955,0.26907250707432495
4102,36600052.19037449,44123028.38903408,7522976.198659589,11024563.324212972,8045365.127976882,0.27023276193560897
4103,36029134.502372995,43581215.64663985,7552081.144266857,10951250.309855515,7940176.995160153,0.27495246930714057
4104,36320194.357227355,43843498.082382,7523303.725154653,11077403.347783735,8005242.46516037,0.2773358327913567
4105,36422322.425381124,43985515.41592756,7563192.990546433,11075847.36317552,8013247.912425835,0.27651152551380215
4106,36260852.58820065,43813489.96795305,7552637.3797524,11095175.309697585,8008432.461528857,0.27820586534318237
4107,36422853.59763436,43949154.95460275,7526301.356968391,10966243.447100492,7962343.927602354,0.27392238135041386
4108,36323130.96536557,43854147.2305784,7531016.265212837,11077877.450647099,8007678.957871324,0.27714681864407453
4109,36275657.736891724,43848441.78010005,7572784.043208322,11022144.599779038,7988289.174322218,0.2752509185478877
4110,36632014.86725862,44198989.52044414,7566974.653185513,11179235.556569263,8052734.453412364,0.27967038419900464
4111,36503533.49694046,44040832.73034241,7537299.233401954,11086948.295724312,8058459.931178268,0.2731579767278235
4112,36575494.029031396,44126221.08560357,7550727.056572175,11153124.368559973,8036664.069539099,0.27942486751120604
4113,36468996.10015595,44055608.4673982,7586612.367242245,11115120.310297202,8044665.656444283,0.27624124329166344
4114,36258106.85808684,43796977.45305346,7538870.59496662,11174613.715546,8013461.716014796,0.28288691493053086
4115,36336496.096223086,43900277.69328718,7563781.597064094,11137864.302317087,8025856.901863321,0.27940791124617614
4116,36320195.55475365,43863397.63015582,7543202.075402163,10984825.974221524,7957332.544938179,0.2756068631754449
4117,36372951.328079276,43944352.57889421,7571401.250814939,11126924.592177039,8014639.453696331,0.27970757891797426
4118,36556014.21802327,44099416.32705644,7543402.109033168,11013580.404959701,8016653.526557258,0.27211195344366385
4119,36500274.43096676,44030842.56578085,7530568.134814093,11055159.694340168,7998142.025879877,0.27652406233673593
4120,36666010.974104986,44226627.57315819,7560616.599053208,11064839.075259238,8100420.013658809,0.2679134365567785
4121,36323333.928407945,43885805.072329886,7562471.143921935,11000709.467127832,8020257.481342699,0.27093270617602233
4122,36140920.862229474,43694970.84429349,7554049.982064024,11061809.307031307,7991256.260248181,0.27758144816611197
4123,36387338.296873786,43914543.97327446,7527205.676400679,11131600.40133526,7988950.272147042,0.28231790720867506
4124,36509898.88435383,44073082.62778019,7563183.743426365,11086632.672439363,8034969.20444409,0.2752561177192699
4125,36341028.8295253,43876341.45111407,7535312.621588773,10970891.409433728,7990730.213522315,0.2716425753105906
4126,36125484.24107232,43658701.212683626,7533216.97161131,11014379.9250011,8023199.3282346055,0.2715704939482733
4127,36495341.34360365,44038073.48130277,7542732.137699114,10954807.177551512,7997212.527264838,0.2699814430643151
4128,36241642.22026905,43812593.38228316,7570951.162014112,11015062.816986788,7983589.0534974355,0.27521166368787203
4129,36576603.55626208,44098334.53412665,7521730.977864563,11095997.656706607,8046007.00078296,0.27487304434317195
4130,36386087.36694789,43961699.82622225,7575612.459274359,11118221.145327095,8044823.226753347,0.2764289249513151
4131,36221268.84972046,43764334.871541604,7543066.021821143,11013190.709642055,7979527.590404407,0.27545724025115387
4132,36304737.53910587,43806596.289470054,7501858.750364186,11070383.969470868,8013353.2444973625,0.27614495878408296
4133,36634713.20169698,44186365.18960318,7551651.987906202,11079046.370248094,8089289.308617633,0.26985689577572475
4134,36653414.18323327,44183911.68115751,7530497.49792424,11063205.434684953,8038475.077576166,0.2734045186963413
4135,36339680.33705246,43910489.99005677,7570809.653004311,11009267.108134497,7998885.318035801,0.27344070777194546
4136,36290160.740896225,43805240.88065103,7515080.139754802,10935717.24754224,7936512.976094015,0.2742576644547283
4137,36529340.16826165,44117412.67898067,7588072.510719023,11194187.024014197,8053770.621017613,0.2805399263260157
4138,36016640.263191886,43601370.91823145,7584730.655039565,10940987.058686899,7903719.762109145,0.2776045049944769
4139,36230777.0977849,43755386.37279787,7524609.275012972,10978089.545433862,7971522.243861567,0.2738698103280477
4140,36150337.93682916,43710590.390798844,7560252.453969686,10885855.512963455,7951182.527757449,0.269585884335066
4141,36504442.91669409,44105781.751692235,7601338.834998149,11070287.971478185,8020834.6709713945,0.27546287037550343
4142,36329352.311606735,43846064.09511235,7516711.783505635,11049348.641192,7984373.868211177,0.2773896337703192
4143,36597964.894158766,44196277.72953668,7598312.835377914,11221916.49283501,8083325.170264942,0.27968407397916406
4144,36653956.72434537,44198510.38540162,7544553.661056256,10936810.752232691,8055491.644489562,0.2634514917573136
4145,36387625.59867552,43948330.099793874,7560704.501118355,11031303.08701458,7992664.475526734,0.2754559989440194
4146,36213483.28768033,43757030.994358696,7543547.706678364,11052862.018997954,7976487.355306836,0.27833285699245713
4147,36554491.61722125,44119579.04176505,7565087.424543808,11011309.94233268,8025389.3897258025,0.2711685138502538
4148,36458493.442151874,44014003.49203788,7555510.049886002,11028095.604312677,8079612.123877574,0.2673610735911703
4149,36379965.21861588,43924278.74952496,7544313.530909086,11088931.293797826,8002540.199198183,0.27833079787642834
4150,36417675.37552966,43977507.212976135,7559831.837446474,11115521.477439322,7999124.4434232935,0.28036444716887465
4151,36205841.896646276,43732419.34658767,7526577.449941399,11020970.989671359,7976171.555211988,0.2762732464601257
4152,36389225.81341508,43933189.86454308,7543964.051127997,10985331.950235063,7991835.713981441,0.2724993882583191
4153,36362740.147823885,43912313.89528749,7549573.747463604,11156892.34307734,8059133.9968611635,0.2776542294179509
4154,36142409.05709046,43675660.83836126,7533251.7812708,11074865.860524993,7984493.60268159,0.2790437642101524
4155,36602843.88637042,44133737.69783355,7530893.811463127,11078330.991117826,8040117.247946896,0.27424832726218884
4156,36198341.335294515,43770807.553624205,7572466.218329692,10965140.253889814,7991837.566471472,0.2711595673720253
4157,36410772.35657269,43934087.42765757,7523315.07108487,11000621.820253778,7996018.24757099,0.27313033951870497
4158,36535523.03608778,44114099.38853075,7578576.352442966,11065250.861180384,8007801.538872846,0.27631089079361226
4159,36365803.35596901,43902936.793498084,7537133.437529077,11114900.2415414,8030474.159470381,0.2775037125878221
4160,36083731.004542105,43610129.1094044,7526398.104862303,10971753.230310643,7991496.547839043,0.2716299409868536
4161,36573078.999279685,44145609.33150685,7572530.332227168,11072387.598121276,8046539.725210296,0.27327871663600317
4162,36136636.81007826,43693125.40731546,7556488.597237196,10923533.164699804,7999276.032058328,0.26770249959888676
4163,36428250.26235795,43962032.38680969,7533782.124451737,11033646.1992935,8021509.757139523,0.2729955617343294
4164,36379995.85381135,43910226.65857091,7530230.80475955,11026098.166786712,7955765.2157208985,0.2784605129232753
4165,36634456.15392339,44201772.533828795,7567316.379905413,11054690.05832947,8028371.011030795,0.27375883279680097
4166,36416481.232742734,44004447.90279104,7587966.670048302,10984474.099672962,8009791.6884090025,0.27080790434496305
4167,36584258.30066616,44131827.78223759,7547569.481571426,11018687.58201578,8009371.193204422,0.2731102380761783
4168,36294072.53591532,43848605.98930704,7554533.453391716,11060562.609505992,7964677.524464964,0.2799030387821567
4169,36842473.55054996,44392387.12042847,7549913.569878511,11037991.361304121,8061501.430438428,0.2696586573985165
4170,36687461.71720783,44248344.33382644,7560882.616618614,11147047.168317027,8030492.8462601155,0.27958564048378803
4171,36058176.54873336,43598513.3877473,7540336.83901394,10964420.284372834,7932411.7000013115,0.2765315908851951
4172,36784248.59725918,44353225.98211158,7568977.384852395,11076651.01878462,8056855.472158952,0.27262712723407745
4173,36184781.512950525,43719696.25223541,7534914.739284882,11132839.12739156,8054730.369179435,0.276489107853778
4174,36593180.03370794,44117202.39048574,7524022.356777806,11019152.159754658,8084662.418943969,0.2663081240976371
4175,36137002.659065515,43669290.47361783,7532287.814552321,11069246.572759898,7969684.979770053,0.28001558846990526
4176,36123358.32038417,43654347.20262193,7530988.8822377715,10961459.819081608,7994399.992129729,0.2706810840821447
4177,36062589.31881579,43652136.7450131,7589547.426197311,10887410.678923845,7946661.338748423,0.27010548484849634
4178,36436883.41496318,44009158.931950726,7572275.516987548,11056582.574378688,8012470.798546815,0.275321217505847
4179,36449014.77011423,43987006.55042788,7537991.780313648,11052977.296245724,7981472.862834419,0.2778893280143241
4180,36523692.56254871,44071846.46762562,7548153.905076906,11053035.95052871,8038448.547503988,0.2727384056758199
4181,36380810.14868816,43914535.53823351,7533725.38954535,11010941.838213494,8038065.064027155,0.26999295953675506
4182,36465979.25194527,44003862.95052817,7537883.69858289,11090696.835797906,8028070.709331531,0.27614370600961774
4183,36538714.335018285,44096040.844653845,7557326.509635563,11117891.317330992,8002822.173101715,0.2801852487416736
4184,36344956.01785851,43903653.618096344,7558697.600237831,11095315.774780553,7992420.216401739,0.2796581567720351
4185,36623803.248046234,44173788.68149802,7549985.433451789,11200705.480207913,8054302.5506664775,0.2809111385975868
4186,36260830.10285661,43790323.14227261,7529493.039415994,10954277.988858772,7960239.968543494,0.2733213474553424
4187,36290031.39881116,43825045.60391687,7535014.205105703,11012611.92135602,7944791.687175553,0.27857335354124746
4188,36477645.7311384,43999263.915740475,7521618.184602084,11116554.830097448,8023195.78825236,0.2782659816034004
4189,36766317.14469715,44309014.38329281,7542697.238595657,11135543.54283794,8100570.891018754,0.2725482272278656
4190,36764361.720729224,44345980.31649559,7581618.595766355,11045835.09697458,8051950.540422068,0.27104193845628993
4191,36191890.31237467,43763743.3156846,7571853.003309924,11021543.311722632,8004797.125189399,0.27371358994022094
4192,36504093.33498386,44052530.90394397,7548437.568960117,11113650.676081317,8003907.03505919,0.27981297340169997
4193,36200304.827033624,43741691.06145318,7541386.234419549,10951991.16094189,8032197.25410468,0.26659936662933736
4194,36624772.48319491,44151779.13134939,7527006.648154474,11007291.294816187,8071406.550059383,0.2667218179407535
4195,36545855.5325584,44096320.262842566,7550464.730284173,11067315.070553334,7989923.157934487,0.27806129065637836
4196,36234299.53411753,43756625.29094292,7522325.756825384,10953513.796275891,7958844.866084499,0.273398015092614
4197,36472240.22107378,44032618.24474095,7560378.023667176,11073418.039662588,8017755.152728987,0.2759457717561893
4198,36440242.332997195,43994064.95191841,7553822.618921216,11070979.096474275,7966182.184862897,0.2804446548544337
4199,36634798.32302134,44131186.853050664,7496388.530029324,11066499.79321289,8031231.990914631,0.2742753227321069
4200,36680781.89033181,44225712.60878486,7544930.71845305,11145578.803402005,8083540.444344218,0.2747312107400963
4201,36545085.97576111,44094415.21488606,7549329.239124957,11149778.463054927,8018570.055612077,0.280831445917799
4202,36288548.390837364,43827281.695728816,7538733.30489145,10898646.738821035,8004288.7060114965,0.2655704054063722
4203,36402401.02110937,43945788.17767909,7543387.156569715,11075814.953532541,7985999.112723511,0.2789696156690988
4204,35980149.36741615,43561519.373168364,7581370.005752209,10967020.29079543,7938182.234355284,0.2761769355877126
4205,36569110.35993453,44102895.969728194,7533785.609793661,11128522.256789882,8015258.481777873,0.2797553622281254
4206,36359496.316025704,43919581.15410654,7560084.838080836,10999725.193798872,7997451.464149092,0.272940794133868
4207,36274085.69453537,43845005.377768435,7570919.68323306,11018067.42629,7978667.896854144,0.2758559565703513
4208,36193384.747280926,43729408.01735532,7536023.2700743945,10997541.13670708,8005509.4888863135,0.2720636922951898
4209,36423073.56648128,43985766.083559275,7562692.517078006,10956915.582386324,8017725.130811989,0.2682498034665157
4210,36429328.41991116,43972369.60017375,7543041.180262595,11095940.209938923,8026057.422479523,0.2766672070483604
4211,36395961.21312028,43930043.23375119,7534082.020630914,11037756.35521439,8007117.446926147,0.27457019440880553
4212,36595128.828389674,44140732.96595365,7545604.137563977,11072949.801685777,8058600.650020744,0.2722263900452362
4213,36439042.96360727,44008038.05990186,7568995.096294599,11023391.15576196,7977656.856213904,0.276297398551084
4214,36720363.6460134,44291600.37912521,7571236.733111806,11117935.89893414,8086736.415319682,0.27264048931106494
4215,36145647.542218335,43686357.30985261,7540709.767634276,10957697.027644686,7958217.7744695805,0.27373263246901725
4216,36541350.79745974,44089384.365702614,7548033.568242871,11051920.058207702,8028460.1900946,0.2735687420999513
4217,36083485.26350442,43627492.931153335,7544007.667648921,11144820.898037942,7998017.408624234,0.2823556805625927
4218,36638318.40809434,44222622.327550985,7584303.919456644,11110773.92965582,8068639.316256085,0.2738004240442656
4219,36347877.861966155,43886436.537569575,7538558.675603418,11035987.5307042,8000430.645951797,0.27505983277952345
4220,36301680.95811399,43841796.89372644,7540115.935612446,11007320.91126127,7969563.5374013055,0.2759760888548387
4221,36103597.18247932,43654826.09422848,7551228.911749156,10998702.624198709,7961036.868743768,0.2761840063546808
4222,36708178.67544812,44235566.43651721,7527387.76106908,11129889.153369684,8041151.948177675,0.2775173375609822
4223,35922159.5156729,43522632.68955248,7600473.173879575,10991622.390612869,7905978.031590399,0.2807269254134576
4224,36327999.952208035,43853428.64080561,7525428.688597569,11112217.467121921,8020866.5397188375,0.27819388313354776
4225,36484611.96578161,44053955.09832521,7569343.132543598,11074992.6168759,8034237.896182837,0.2745604286958719
4226,36034127.15156004,43612083.823118776,7577956.671558732,11097217.092512717,7980439.111041584,0.2808612245293481
4227,36272551.94975347,43819504.83434786,7546952.884594394,11031662.543949282,7982900.394226579,0.2763647036497602
4228,36070460.71543013,43623115.06202821,7552654.346598079,11092445.062736133,8005122.98686431,0.2783265599613693
4229,36259525.308140785,43800395.80880761,7540870.500666826,11006663.86611571,7994581.596931061,0.27365987603722686
4230,36328547.80300368,43902233.523918085,7573685.72091441,11002902.634232264,7990667.339435017,0.27376733166987877
4231,36621038.30033252,44137733.57641718,7516695.276084658,11101795.561059041,8006643.31197378,0.2787974460583566
4232,36477093.647495285,43989324.65834384,7512231.010848547,10996167.189316977,8005939.202454768,0.27193365973621086
4233,36617159.070234574,44144453.9663291,7527294.8960945215,11150870.078079639,8008215.943822881,0.2818303963952178
4234,36371047.54067263,43871560.85728356,7500513.316610925,10985810.076992158,7997273.398690398,0.27203607720842754
4235,36316171.931271106,43899939.82104916,7583767.889778057,11162549.57199271,8010191.459660036,0.28240484774572194
4236,36246999.93760695,43828010.53296985,7581010.595362904,11060112.004360013,7978466.480597347,0.2786269725431215
4237,36730106.726540394,44260447.6173849,7530340.890844508,11145197.539681593,8064009.043961256,0.2764588500787007
4238,36438450.77052427,43979101.89394963,7540651.123425358,11007171.444391064,7971911.978830416,0.27575290172366024
4239,36319267.454218194,43879654.90901801,7560387.454799822,11000156.686577845,7946626.728529462,0.2775896784974195
4240,36256665.29922405,43825195.05451639,7568529.7552923355,10985516.887671582,7967983.284066606,0.2746828969869758
4241,36145898.71854016,43671222.55539974,7525323.836859581,11136628.62934034,8012576.5911553,0.2805204467314708
4242,36547853.20816035,44097237.41203006,7549384.203869712,11063429.535120668,8039991.026365791,0.27328221318326495
4243,36425287.171303645,43957875.36821289,7532588.196909252,11095075.27146134,8004675.778244893,0.2785379474770709
4244,36651319.29310272,44209580.03267331,7558260.739570592,11170781.290496305,8055140.663587261,0.2789098224991405
4245,36329448.47978431,43862806.499834694,7533358.020050388,11144667.964122474,8086907.342009744,0.27436982707393714
4246,36175249.81797895,43683007.75735406,7507757.939375105,10950215.666598862,7961047.041824467,0.27297805959129856
4247,36217389.86142819,43766171.87098517,7548782.009556989,11083308.435392654,8060878.138763349,0.27270109049547786
4248,36210707.94214481,43783217.15012592,7572509.207981113,11045799.36260404,7980205.603788769,0.2775348037910187
4249,36168399.394742444,43736791.49697132,7568392.1022288725,11074006.917091683,8001156.608803257,0.27748314871880486
4250,36649173.40422488,44163292.010583706,7514118.6063588215,11066756.12794826,7975947.976202076,0.27928763551051605
4251,36395383.12863387,43939965.36931739,7544582.240683523,10978581.283545984,7965262.817509605,0.2744724831206154
4252,36150309.277001046,43732422.95446765,7582113.6774666,10934934.107833995,7983775.568728102,0.26988352284552186
4253,36413196.45616482,43952665.44579748,7539468.989632658,11048570.629329676,8011356.919040888,0.2748965284456038
4254,36724170.5806865,44260090.99212454,7535920.411438045,11128373.199727017,8053189.328522893,0.27633723420414763
4255,36240616.81206708,43814955.02397026,7574338.211903188,11070599.38315629,8011885.938545693,0.2762915844705186
4256,36914992.93912213,44438642.94540548,7523650.00628336,11090571.352512559,8058372.498684454,0.2734033042527753
4257,36215937.41993825,43749065.48829487,7533128.068356624,10961780.109313188,7957562.146198175,0.27406296542681174
4258,36136456.312344015,43654635.04221484,7518178.729870825,11026409.501291934,7963192.884457204,0.2778072605117579
4259,36358772.49506446,43933069.53276585,7574297.037701387,10965085.970806805,7991453.895141021,0.2711909494902926
4260,36367136.38101232,43947846.26029192,7580709.8792796,11087935.108540611,8029555.575790243,0.2758294942035344
4261,36388193.04500735,43916320.42762783,7528127.38262049,11023510.592310056,8022473.592742699,0.27223968031208357
4262,36473432.19955929,43969136.50987561,7495704.3103163205,11034131.65226207,8011429.623624593,0.27394108788051325
4263,36663327.4215836,44207840.93758068,7544513.515997083,11077451.13086981,8045274.633159464,0.2737251071467608
4264,36638408.208258525,44193662.288323864,7555254.080065346,11063948.855064811,8056432.146829051,0.27183031552599696
4265,36282724.10604475,43813855.89022198,7531131.784177226,11040393.937288588,8013391.749854542,0.2741751974275519
4266,36326772.96592815,43869566.461925134,7542793.495996991,11077655.837005794,8001455.633893457,0.27769414832658407
4267,36316421.96910503,43897748.57183854,7581326.602733508,11132090.202137731,8029248.671680664,0.27872946357021244
4268,36320072.936758146,43885238.94147332,7565166.004715175,11109746.742569337,7998171.589280916,0.2800761552345531
4269,36428744.707014665,43962399.83992796,7533655.1329132905,11031517.790183417,7991213.26090225,0.2756016522029846
4270,36529229.352567755,44095310.534379624,7566081.181811865,11030475.085375782,8051467.947200325,0.27007061029719637
4271,36589487.01700462,44159213.61842256,7569726.601417944,11099605.31471051,8063000.715953962,0.27357770953639954
4272,36531628.43893196,44027688.79840372,7496060.359471755,11000381.009751465,8023838.37990463,0.27058541219692583
4273,36253763.37147393,43824689.866007805,7570926.494533871,11005812.066977467,7985438.45418901,0.2744344165071632
4274,36665393.77270046,44182866.59229383,7517472.819593368,11200802.699251879,8099009.155910128,0.27692600491471253
4275,36401576.30486582,43919160.29830701,7517583.993441189,11015588.305765484,7983826.577232081,0.2752246765564576
4276,36321457.15030888,43882130.26244605,7560673.112137183,10999743.794902401,8020612.114735272,0.270836460895366
4277,36398238.47969114,43915129.228057444,7516890.748366304,11064988.184253313,8028102.89144334,0.27445897295505406
4278,36302967.060016535,43830343.52618646,7527376.466169927,10954046.965034591,8052839.9102857895,0.2648525302118458
4279,36131660.17446564,43646842.496704526,7515182.322238883,11016916.739694385,7976770.125688317,0.2759525814561437
4280,36345190.773306355,43865087.207548216,7519896.434241861,11087091.050937975,8016046.678746166,0.27699279802811727
4281,36259992.25788859,43790266.855560854,7530274.597672253,11103501.036565512,7982520.322421299,0.28108077838389445
4282,36642750.89354934,44162456.17159769,7519705.278048354,11012172.684254527,8032768.728116571,0.27055550630784975
4283,36487188.631200865,44084771.43155273,7597582.800351871,10996698.188723097,8034491.368068604,0.2693723852212457
4284,36858884.7715834,44407397.67870855,7548512.907125154,11095897.719259787,8054745.511480908,0.2740789690680166
4285,36553621.797000125,44126832.50539214,7573210.708392024,11073554.47599268,8044001.059692821,0.2735845498270578
4286,36381140.228219226,43945747.22746887,7564606.999249635,11064946.539163565,8021314.171898995,0.2750697761161211
4287,36597651.35821051,44150800.54202414,7553149.183813631,11034559.525403766,7992458.7420124505,0.27568846553301835
4288,36466046.22876449,43993696.86486401,7527650.6360995155,10982440.630240403,8013825.733297398,0.27030557203913813
4289,36409672.90211325,43973570.41260785,7563897.510494602,11091298.474138066,8013572.489521085,0.27749014164512953
4290,36246096.56833345,43802502.2983619,7556405.730028454,11006260.872996803,7975302.480706727,0.2753849311101057
4291,36627700.57848324,44183110.77973401,7555410.201250767,11134731.968006289,8046346.749107907,0.2773650257385915
4292,36464306.57357795,43983847.16382752,7519540.590249576,11054318.348850176,8032146.478848791,0.2733928745878518
4293,36508761.54689458,44055561.85783368,7546800.3109391015,11121013.347698389,8019108.609424031,0.2789228500401296
4294,36388882.60335133,43910319.627612285,7521437.024260951,11105451.645207107,8002206.168343783,0.27943442338093677
4295,36501715.618391596,44078491.25498964,7576775.636598041,11251798.661978334,8060670.397344994,0.2836105017961869
4296,36441616.28642493,43991846.33486252,7550230.048437587,11099735.298407106,8021085.997007008,0.2773624071775754
4297,36642594.87773865,44186960.47343726,7544365.595698601,11007918.94523477,8094685.584542764,0.26464887461340897
4298,36044609.20510769,43584353.063552424,7539743.858444731,10975818.739992889,7981791.1069537,0.2727839903304679
4299,36594587.52068528,44131796.46434703,7537208.943661749,11058178.39815392,8023582.790776569,0.2744209306556271
4300,36515875.484929495,44028955.3392691,7513079.854339607,11039273.672540016,8012918.478182133,0.2741444124069398
4301,36325829.41218953,43889585.39700395,7563755.984814425,10965141.944700245,7977263.632645833,0.2724887946843712
4302,36530504.43549641,44071521.16780972,7541016.732313307,11000316.046721773,8010869.193321142,0.27176008768325544
4303,36536752.91757037,44061641.30401948,7524888.386449117,11005177.912076132,8024986.513525891,0.2707990204574554
4304,36369200.01038918,43911690.01216133,7542490.001772152,11077266.078201046,8011775.331284545,0.2767371231561441
4305,36538669.5606454,44109573.420807816,7570903.860162424,10990580.938181367,8063127.085496093,0.26636024693792804
4306,36299488.049073316,43844574.85994132,7545086.810867997,10969029.887402995,7984681.094822353,0.27207044043228606
4307,36503953.59857705,44022482.772786744,7518529.174209683,10940559.783833118,8033958.502737516,0.265672080636193
4308,36269361.30110556,43807992.85984402,7538631.558738465,11050501.829526309,7957218.124293141,0.279922464423117
4309,36299483.5631846,43828551.37593774,7529067.8127531465,11044080.289652128,8012957.07396448,0.2744568253933912
4310,36298406.32254563,43853748.05190989,7555341.729364251,10961423.998114584,7974122.558714172,0.27252859116792144
4311,36429351.33168298,43993771.607736714,7564420.2760537295,11093608.583192166,8012848.883695762,0.2777058228072007
4312,36379556.66719416,43899961.10545201,7520404.438257851,11095965.828591706,8045464.346876459,0.2749198698733209
4313,36430268.19468879,43952853.86155869,7522585.66686989,11034870.926937625,8016162.8208192205,0.27356079886256995
4314,36201094.27337825,43786524.68746607,7585430.414087821,11118522.187152872,8017471.992033744,0.2789084864805415
4315,36473320.64144194,44031754.688659124,7558434.047217186,11065082.094591156,8042425.4906741185,0.27317073457544205
4316,36342641.89133695,43911772.566777535,7569130.675440591,11032588.105724238,8016562.700582834,0.2733742414961132
4317,36346139.02784857,43860409.10070647,7514270.072857901,11049175.090518706,7995794.590362449,0.27634465696686816
4318,36462961.446794055,43995114.09467271,7532152.647878647,11010461.021925442,8018289.732045849,0.2717571302347102
4319,36594911.42886158,44151171.04776788,7556259.6189063005,10983007.75974463,7993377.864915093,0.2722050243638405
4320,36370084.55016183,43922115.70611208,7552031.15595025,10943633.000137871,8010321.87820477,0.26803814801685566
4321,36410790.15363326,43939705.1008556,7528914.94722234,11043906.185932897,8000203.5734523125,0.27560018721976115
4322,36547799.61521396,44090324.13135179,7542524.516137829,11090037.397217562,8036866.740005526,0.2753075168148723
4323,36295118.5204657,43829773.07415264,7534654.5536869485,10966849.330676522,8008241.964472482,0.2697773332153119
4324,36280068.566257715,43848089.14591591,7568020.579658197,11085366.541399183,8011349.067990294,0.27730408930807354
4325,36255003.56846721,43805000.33390401,7549996.765436807,11117412.700196028,8001447.223698417,0.2802779352108309
4326,36377005.30715111,43916674.323779866,7539669.0166287655,11128099.940482141,8003847.04078102,0.2807534903901805
4327,36614907.55593821,44186746.53865419,7571838.982715988,11277869.492389787,8106722.1764035085,0.28118318961982514
4328,36429259.369403005,44000819.288151056,7571559.918748045,10967047.385944167,8031677.016591936,0.2676536597365601
4329,36287553.89211049,43900552.94342497,7612999.051314485,11022808.837828869,8009729.923203176,0.27334946645225233
4330,36492239.27330016,43998891.787404485,7506652.514104319,11040943.204858117,8017039.3426881265,0.2738809362627139
4331,36618841.02398148,44193537.0123943,7574695.98841282,11118925.86577782,8070358.309594172,0.2741782428432791
4332,36474613.48581092,43995523.052708335,7520909.566897409,11030880.103488527,8035686.36847182,0.2715280836086211
4333,36090521.80300009,43656636.41328945,7566114.610289357,11018160.921082236,7970763.759401468,0.2765794748785938
4334,36845613.64435359,44367935.52536559,7522321.881012002,11148477.24559013,8096667.982437089,0.2737422516030347
4335,36419142.2858371,43999673.16076908,7580530.874931988,11166053.287655441,8010259.533566092,0.28262392026896527
4336,36459018.96901657,44020444.34409518,7561425.375078614,11078669.673667844,7989503.679498163,0.27883907410942266
4337,36551727.38541006,44097060.56692364,7545333.181513581,11159188.961043246,8041078.676550929,0.27942086968664537
4338,36205700.0602839,43757090.537726015,7551390.477442128,10953049.300884219,7977015.570847923,0.27170823834382324
4339,36558527.263383456,44119581.56098487,7561054.2976014195,11130220.029920446,8049636.779642369,0.27677649156951084
4340,36334024.133099556,43873159.27764362,7539135.144544069,10915787.075649835,8006787.725566298,0.2664946952449015
4341,36314813.67590387,43845722.170845285,7530908.494941415,11039889.179954397,7995871.152489891,0.27572903838488344
4342,36532524.705216,44094215.54084586,7561690.835629873,11111474.355699064,8019113.825383623,0.27830334943169555
4343,36389295.10570869,43945533.58630215,7556238.480593454,10976614.68706739,8000537.032828372,0.27112891716472676
4344,36491883.374586485,44018521.41555495,7526638.040968474,11101002.734040543,8016899.526331406,0.2778220383868499
4345,36627497.355056845,44127067.37621012,7499570.021153279,11033080.802206177,8049478.9906018,0.270423272075355
4346,36334048.21460392,43900348.332710475,7566300.118106551,11174993.08880698,8050944.263568675,0.2795571147482313
4347,36442612.44780569,43990343.30117929,7547730.853373602,10955287.245674025,8018206.1608685795,0.2680971314526899
4348,36194729.76501994,43768122.20358735,7573392.438567422,10962548.252192974,8012737.336398507,0.26908076917284085
4349,36225882.428769566,43742502.36970824,7516619.940938676,10985056.862395786,7995490.456969664,0.27214846885864113
4350,36464292.23386944,44004405.32378738,7540113.089917935,11005445.873218976,7999302.419486667,0.27315053732148736
4351,36591753.89430658,44154198.112677,7562444.218370426,11078094.11855549,8069345.114702567,0.2715944612542472
4352,36350259.56287662,43906066.95658463,7555807.393708013,11079406.192242052,8031915.7207646975,0.2750590075496328
4353,36366218.06547643,43942680.79700795,7576462.731531516,11134674.21883127,8025540.196022551,0.279229904863356
4354,36344439.71081239,43890902.52811225,7546462.817299855,11121816.761347031,7994296.516937522,0.28120587773743505
4355,36707447.35606706,44246316.56923741,7538869.213170345,11052998.46099363,8032309.443877798,0.273291363223829
4356,35992307.12150512,43548115.24221086,7555808.120705734,10946483.679597886,7917874.154675517,0.27667419178334934
4357,36620239.923214406,44175423.19011009,7555183.266895679,11122771.885089934,8023719.998695206,0.2786222641632168
4358,36320747.13297792,43876171.4246322,7555424.291654285,11074703.344291717,8035959.187569756,0.2743860546195338
4359,36308135.28462458,43907939.41256499,7599804.12794042,11007510.274387205,8019869.024125731,0.2714184384831563
4360,36662813.360970676,44219239.63370013,7556426.272729462,10956270.689231917,8018227.113519563,0.26816091524645636
4361,36353600.53750642,43925477.31697197,7571876.779465555,11098410.234200796,7976027.730018404,0.281336014644735
4362,36344309.09489523,43848841.13599278,7504532.041097554,11118338.27836526,8035146.780363203,0.277306861943706
4363,36693314.40372232,44238047.3550879,7544732.951365574,11192478.064741213,8070494.367880465,0.27893587807830406
4364,36801122.24272194,44317956.760508165,7516834.517786228,11140836.813064167,8091026.744744715,0.27375053772829067
4365,36503735.8853434,44024655.44588272,7520919.56053932,11053921.703372741,8015447.554642726,0.27487748061422623
4366,36354735.12767595,43861472.192283645,7506737.06460769,10971399.322645945,7973884.967862694,0.2732116721516202
4367,36618783.27402018,44205788.93052774,7587005.656507548,11117287.9451387,8056622.786929667,0.27530681703242044
4368,36652195.97695001,44220781.60416377,7568585.627213763,11115515.668343157,8077215.678390943,0.27333864488223897
4369,36286884.89823483,43858793.54768932,7571908.649454486,11002809.657167649,7991105.276934028,0.2737213924510348
4370,36259167.192342,43805520.06697961,7546352.874637601,11103069.985864444,8001211.111564964,0.27936947873412693
4371,36462225.7844546,44009963.193365864,7547737.408911271,11138186.224736009,8055221.089347125,0.27679238550906476
4372,36593584.911843345,44179668.257946655,7586083.346103314,11068775.372862957,8060000.275436057,0.2718254726537716
4373,36361295.444950774,43941625.75435584,7580330.309405064,10929950.847306274,7969034.229069229,0.270899353492223
4374,36699353.7824594,44252578.99643861,7553225.2139792135,11124013.222451275,8057667.323804671,0.2756510476325115
4375,36149478.960552774,43702545.954747796,7553066.994195022,10958561.913864868,7956957.001654781,0.2739050010213867
4376,36088574.96675247,43655202.30010512,7566627.33335265,11052676.224637626,7963955.686198873,0.2794545389426731
4377,36186599.370321,43697744.718966715,7511145.348645722,11025405.791009687,7992028.296968663,0.27512615422413694
4378,36332414.68413053,43835481.64732581,7503066.963195281,11045423.015288394,7948729.400587532,0.2803598929995356
4379,36222082.05156809,43764808.25026573,7542726.198697631,11032521.545438875,8013499.318482421,0.2736475260458108
4380,36433404.43616356,43950392.355518,7516987.919354444,11086853.814665653,8053361.4217878,0.27361165246583835
4381,36680254.03315212,44213086.07474064,7532832.041588519,11041986.800110176,8024332.649423718,0.2732890561557588
4382,36596303.16242879,44110252.81722326,7513949.654794467,11043396.89107849,8003832.432534281,0.2752381797488189
4383,36298199.54904869,43895523.265789025,7597323.716740325,11111735.972488873,8022966.588845608,0.27797361198021914
4384,36149059.65050856,43698253.484712645,7549193.834204092,10942710.964455048,7931909.956142871,0.2751421487867213
4385,36257656.779133074,43816764.19706967,7559107.4179365905,10955821.11412235,7965123.668613425,0.27297793696666284
4386,36721690.31881163,44242377.25941824,7520686.940606604,11071724.93953731,8062160.968813596,0.2718243080603015
4387,36489065.73397579,44040991.988768876,7551926.254793091,11193517.357226374,8047283.566922344,0.28107642038656117
4388,36445997.125852495,43989490.835535094,7543493.709682598,11063047.411705606,8000403.549594947,0.2768354638768096
4389,36376149.88660199,43904468.20026251,7528318.313660512,11003597.37419966,7983787.400383823,0.27443842873571894
4390,36341624.3934179,43898120.32493345,7556495.931515538,11075340.52599866,8016129.7515656,0.27621821353950754
4391,36321021.95424938,43831288.94068526,7510266.986435876,11073876.861722168,8033178.959803855,0.27458296131400495
4392,36461813.621661015,44007630.33518646,7545816.713525449,11109281.706666596,8027277.135819873,0.27742608858295814
4393,36432319.57392294,43983899.284061685,7551579.710138747,11040235.414427517,8022172.614466287,0.27336942435278033
4394,36241632.10902014,43779045.932478055,7537413.823457919,11079065.672366517,8031795.356550081,0.2750475902870545
4395,36106204.9943368,43639871.88169127,7533666.887354472,11029560.853210092,7932407.523591434,0.28080477281352945
4396,36489691.797338784,44035778.14936743,7546086.35202865,10971237.307955993,8023778.813444082,0.268653244094402
4397,36360171.383603275,43900777.64035701,7540606.256753739,11056320.615370112,7981960.922194667,0.2780635439335557
4398,36204770.545643285,43743763.76263211,7538993.216988826,10955022.991939086,7950926.214945608,0.2742209467934435
4399,36353843.96847599,43883945.956548154,7530101.98807217,11048419.78496155,8005138.469109332,0.2754494647274853
4400,36315359.883410215,43898932.28977128,7583572.406361065,10994426.80429653,7974358.341652217,0.27469085168351803
4401,36447081.144623496,43974621.56469601,7527540.4200725155,11035165.26770591,8041595.774233574,0.27127545631173555
4402,36435465.98779499,43952949.15259652,7517483.16480153,11043225.9271692,8066388.249728524,0.26956232690276516
4403,36695914.547114976,44266391.78939759,7570477.242282614,11065092.645353785,8086894.430284771,0.2691525783400968
4404,36135238.313732706,43702306.70153235,7567068.387799647,10984238.228804667,7931372.037117938,0.27793153499539036
4405,36056185.62168155,43599591.37669577,7543405.755014213,11086863.94621375,7947325.972663236,0.28317637780904586
4406,36739910.999785595,44249951.397202685,7510040.397417088,11068286.273121871,8093317.613987273,0.2687831327925612
4407,36255871.185835786,43811792.58086236,7555921.395026577,10992145.249707732,7991089.034685815,0.2730182459244443
4408,36136500.832678914,43678241.166021064,7541740.333342145,11005407.391113605,7964101.166440134,0.276346537351193
4409,36237274.87470896,43843327.44610514,7606052.571396178,11115170.500368694,8002179.542523844,0.2800668651678884
4410,36288096.84038536,43833229.63345838,7545132.793073025,10951927.187181396,8004557.327202974,0.2691188326587991
4411,36183211.1426922,43727550.39234251,7544339.249650314,11085942.386641169,7976659.577440875,0.2804707710683267
4412,35974327.933201455,43532266.10785977,7557938.174658313,11053682.43353588,7938886.57808052,0.2817880714580101
4413,36271915.299202986,43856512.541210264,7584597.2420072835,10989757.19813471,8006280.117014618,0.2714779796615049
4414,36541414.77908516,44098240.545875214,7556825.766790053,11029775.075526332,8012413.838204655,0.2735650742340901
4415,36367207.332186975,43914195.963920936,7546988.631733953,11051426.867452208,7935501.826700732,0.2819477591557207
4416,36499048.22658015,44052553.58470675,7553505.358126605,11064317.339885766,8047303.437103287,0.27267962496939985
4417,36432406.84264344,43980436.01804069,7548029.175397234,11136254.903975135,8038267.264077213,0.27818936137965755
4418,36184963.15086023,43722647.09987329,7537683.94901306,10997457.434948277,7966374.4081956055,0.27561670910590136
4419,36405903.32994415,43974136.947286755,7568233.617342606,11057943.599195948,8018099.144764185,0.27490142513050964
4420,36342520.3045468,43916956.176606625,7574435.872059816,11000243.613379974,8032668.892923426,0.2697735454555738
4421,36648858.689242214,44182976.0674949,7534117.378252683,11007049.432807129,8071071.863771213,0.2667361118852678
4422,36405507.88508124,43953151.54684841,7547643.66176717,11079081.489647787,8075907.26439834,0.271067076097923
4423,36157460.49634129,43683043.24118969,7525582.744848397,10979176.917029714,8017481.055964757,0.26975572790625996
4424,36494183.207015924,44012599.2451741,7518416.038158182,11057876.682830755,8000230.971442478,0.2765129146480531
4425,36353966.20407577,43951967.05875268,7598000.854676909,11060372.183611434,7983693.67094155,0.27817133651512316
4426,36273984.20126454,43828107.98232748,7554123.781062946,11061632.595146272,8027944.890042692,0.2742531610057931
4427,36338823.38024923,43891458.8811498,7552635.500900567,11000045.828245467,7986256.939350888,0.2739796666261058
4428,36470556.36581907,44008250.84801696,7537694.482197906,11034637.647882322,7984133.033726826,0.2764481002002747
4429,36388732.21901299,43964944.91036788,7576212.691354878,10988657.915213073,7980631.345162999,0.273739213037623
4430,36299609.48416875,43861366.782450736,7561757.298281981,10922381.781806612,7976675.310974812,0.26969451623989715
4431,36728051.48766765,44278817.18836023,7550765.700692576,11129403.531648576,8082515.72053743,0.2737691918930553
4432,36458936.06503954,43996899.87518044,7537963.810140901,11089212.420406967,8036534.233173456,0.2752835883651943
4433,36523359.77495083,44086415.9356359,7563056.16068507,11168062.81165678,8041150.364384848,0.2799870040136402
4434,36499561.62561891,44024352.29329136,7524790.6676724525,11049996.161092157,8022013.121807258,0.2740257096148728
4435,36375931.0479693,43966323.54604524,7590392.498075935,11164850.603100909,8056308.205366405,0.27842221165692466
4436,36228655.949581504,43762374.24501398,7533718.295432479,11003188.22732069,7985166.022235129,0.2742861562244181
4437,36322388.42096549,43871294.18322011,7548905.76225462,10934398.985203233,8028828.059192521,0.26572753838072133
4438,36674181.017448574,44228092.611367255,7553911.593918683,11024130.421048198,8064390.593077393,0.26847830304327863
4439,36477211.38574071,44024209.190375134,7546997.804634413,11133392.196840584,8008446.00649424,0.2806823055450374
4440,36164731.56022354,43726780.798173316,7562049.237949774,10888043.649588954,7965857.578055787,0.2683848600885693
4441,36404267.853663936,43989211.74720258,7584943.893538647,11104819.583207473,8021109.006991794,0.2776911910283365
4442,36385292.01005102,43967041.89125317,7581749.881202155,11032094.51498744,8019351.099080366,0.27308897796462583
4443,36245519.23891254,43771297.62468406,7525778.38577152,11008233.09026736,8005957.122775482,0.27273005057880373
4444,36285784.509509474,43806081.52558075,7520297.016071275,11135875.56540827,8040548.764276199,0.27795989484178374
4445,36232119.40950619,43796470.97747182,7564351.567965637,11138037.895473113,8010799.919703883,0.2807709944172706
4446,36407857.73482579,43956459.88329673,7548602.148470941,11026757.045097463,8059781.814233619,0.26907051807974425
4447,36595621.690266855,44125573.36957602,7529951.679309163,11027586.949971624,7989703.727756245,0.2754803236643893
4448,36234306.36769813,43791964.91449391,7557658.546795776,11039446.42668071,7997411.403158608,0.27556046797509276
4449,36794395.250435315,44332175.36982359,7537780.119388278,11114643.087959029,8074917.042848762,0.2734884081346105
4450,36454065.99123677,44021075.836232826,7567009.844996064,11076229.92910446,8045308.822516813,0.27364194549839077
4451,36753612.03143085,44288658.00341587,7535045.971985023,11050254.766894747,8020216.586219923,0.27420527803145855
4452,36766974.75543526,44308902.008517146,7541927.253081885,11060354.498595182,8084308.161602445,0.26907332286417546
4453,36125603.9679819,43635439.08977993,7509835.12179804,10943422.87586121,8008015.260675517,0.2682348702489199
4454,36328621.651883155,43901218.89092866,7572597.239045509,11177030.974313421,8049412.518451391,0.2798255156534674
4455,36313551.70686657,43883768.10887967,7570216.402013105,10993786.899787694,7992071.585442392,0.2730374293868903
4456,36161268.60677441,43712119.033685416,7550850.426911005,10992164.749094611,7978585.9918719465,0.27415698599958516
4457,36130288.65962288,43671799.63479224,7541510.9751693625,10896427.476162657,7950459.772927949,0.2703608783410336
4458,36042682.52771778,43598502.72592934,7555820.198211564,10975857.068602664,7954157.468114555,0.2753042046376431
4459,36591575.103512734,44149412.831810236,7557837.728297504,11113962.514761068,8041582.302123028,0.2764432765143343
4460,36123834.71012901,43624144.43990756,7500309.729778545,10973072.537100947,7944673.940126264,0.27598456008883515
4461,36325391.38605896,43900730.18993483,7575338.803875869,11098986.017833848,8010237.406622084,0.2782910624672167
4462,36472560.474066,44030480.7284745,7557920.2544084955,11028878.854226714,8046167.635303024,0.27044555102539675
4463,36224460.97383177,43754450.36252,7529989.388688227,11085510.557047836,7984365.412143054,0.27974761549734545
4464,36458717.971700504,44017827.65784238,7559109.686141882,11135281.79938287,8041170.076162451,0.27786559684478734
4465,36672369.839340046,44236791.88857545,7564422.049235405,11149408.63469152,8081580.546328725,0.2751561261121249
4466,36689826.21793354,44271066.01608192,7581239.798148378,11051743.871635769,8024157.104374508,0.2739465194295303
4467,36455604.98247377,44016506.05636967,7560901.073895898,10952776.721174655,8022424.878472682,0.2675441960792296
4468,36322797.110984966,43884070.065105624,7561272.954120657,11009765.485264694,7985611.015544308,0.27467928120429713
4469,36584877.31825946,44100237.56659003,7515360.248330571,11021911.029803941,8029852.034439804,0.2714646296158099
4470,36521474.19821929,44054948.397074685,7533474.198855391,11076902.762570735,8082881.284440287,0.2702941013662553
4471,36355221.1142313,43936565.19745943,7581344.083228126,11143195.0953255,8062801.971085252,0.27643715270967956
4472,36524116.87902728,44006010.993113354,7481894.114086075,10976029.935208507,7993136.367033877,0.2717643433721161
4473,36471215.44984521,44005133.57354748,7533918.123702269,11132266.287314361,8072894.654431534,0.27482019868399093
4474,36384280.343014486,43953917.70007679,7569637.3570623025,10959149.332750002,7988874.329739717,0.2710315292569289
4475,35865623.82419315,43407751.04808253,7542127.22388939,10906193.016790051,7918753.763214284,0.2739213627501928
4476,36667969.99708155,44239980.73765282,7572010.74057127,11109986.881668454,8038966.248741698,0.2764198253009604
4477,36206707.34599064,43779916.429540545,7573209.083549902,10871321.110872949,7991902.491333656,0.26486372632848115
4478,36325529.01251742,43913694.43727229,7588165.424754866,11048072.12302566,7983978.253262813,0.2773419503097617
4479,36179222.438093156,43694563.8656376,7515341.427544447,10930490.558538288,7970069.805087616,0.27084061210209426
4480,36703152.97780934,44264292.58899003,7561139.611180697,11027796.946310034,8049579.126311795,0.27006462256223973
4481,36070619.07224213,43606012.860573314,7535393.78833119,10984948.934193362,7988677.254473432,0.2727615483394097
4482,36131961.22931865,43703399.1266092,7571437.897290555,10950859.067532951,7995671.3936539935,0.2698589814419658
4483,36417314.993185595,43973897.03633089,7556582.043145289,11035050.60001719,8026451.629238803,0.2726402514886248
4484,36594517.690749064,44109484.62099023,7514966.930241173,11092248.68673554,8047432.858960959,0.2744994197087979
4485,36047510.6390873,43598679.86959193,7551169.230504634,10979051.847483855,7975781.603356011,0.27354550154675916
4486,36365488.50265789,43916136.36414178,7550647.861483891,11067722.649821592,8027709.391982852,0.27467378376054125
4487,36273505.19295953,43851024.743971385,7577519.551011858,11060932.64022205,7945563.969167708,0.28165515263383795
4488,36066174.29763031,43611051.80633385,7544877.508703529,10905090.485369433,7960483.32953091,0.27002134093147495
4489,36234639.37303996,43796685.946629114,7562046.573589155,11014281.676808743,8021390.853271495,0.2717281899407899
4490,36319052.77889468,43830958.70495052,7511905.926055842,10995580.803143926,8010501.666862976,0.2714798963077455
4491,36355719.67605504,43918677.860530525,7562958.184475495,11032157.331052955,7984761.370147132,0.2762284718627165
4492,36465133.46980414,43998983.792098336,7533850.322294201,11100384.817533594,8063042.409914192,0.2736249650392095
4493,36286586.89135552,43805124.89188868,7518538.00053316,11120314.726876546,8023833.917638835,0.2784526234454378
4494,36193648.73300621,43725077.638125196,7531428.905118985,11009057.647938658,7984598.423921051,0.27472462409931225
4495,36460993.857925534,43969389.94656848,7508396.088642944,11009896.278506739,8008205.104911452,0.27263573585657824
4496,36312863.07581289,43865028.70605926,7552165.630246368,10940656.295481656,8004936.91070807,0.2683311956327518
4497,36442307.40411657,43980660.11840686,7538352.714290293,11056892.022029255,7990060.924830923,0.27736827773013567
4498,36061918.89612718,43641283.80708303,7579364.910955852,10972887.648244558,7978417.300154395,0.27289720300464554
4499,36555892.21469938,44097376.34670052,7541484.132001135,10999004.477830347,8023630.869834443,0.2705129917887645
4500,36298435.69631603,43858579.10256866,7560143.406252628,11096887.535451172,8048978.16127215,0.2746634463440204
4501,36631333.27354089,44165885.539702594,7534552.266161705,11127293.325126864,8030159.798344841,0.2783366481216322
4502,36495710.58972623,44023919.22281241,7528208.633086171,11093868.511343334,8021899.613093822,0.2769069144012717
4503,36258920.485905245,43804045.188195005,7545124.702289764,10970045.734429384,7957818.278498051,0.27458659050777573
4504,36595621.644203246,44123791.4427444,7528169.798541155,11130396.792626504,8013578.6216638945,0.28002758832707486
4505,35919064.388848126,43517828.927615575,7598764.53876745,10988278.396955958,7940187.559979862,0.27739475892970616
4506,36345679.03163043,43888523.72791471,7542844.696284294,10994936.180097878,7976683.896638183,0.2745129425055768
4507,36457511.411898285,43993572.1772529,7536060.765354609,11005597.627980765,7988918.054048376,0.2741041128255267
4508,36160667.43243204,43631352.44990157,7470685.017469537,10999658.388395756,7955727.096600422,0.27672962053135874
4509,36480795.08600096,44023437.229536265,7542642.143535305,11092249.944903381,8040708.097559769,0.2751057596521003
4510,36177794.63672785,43722460.3743305,7544665.737602654,10978254.68040178,7991246.9682177175,0.2720840242043596
4511,36356480.24350799,43934644.322990134,7578164.0794821475,11103777.473983202,7993525.932100359,0.2801075173894959
4512,36266003.28479496,43795350.0267149,7529346.741919946,11113183.13152231,8007054.6902136775,0.27949943814910827
4513,36085824.15246041,43686290.52689885,7600466.374438433,10992007.888385873,7972293.445816479,0.27471909347518
4514,36681702.15454882,44249595.69283453,7567893.538285708,11069075.053077511,8005888.36516077,0.2767337535637262
4515,36447724.77949068,43975421.204188175,7527696.424697492,11107484.9271064,8089691.204281011,0.27169010290176926
4516,36329860.028353706,43874031.75859371,7544171.73023999,10973449.784117203,7988266.002353092,0.2720369474041626
4517,36412665.52059768,44001123.32740786,7588457.806810181,11096063.326359682,7998490.896778647,0.27915958466301083
4518,36795800.82995272,44303563.22753161,7507762.397578895,11060588.120534096,8041536.53654117,0.27295579141836274
4519,36251355.21804083,43822583.60936926,7571228.391328425,10959613.668023713,7956625.533050826,0.27400492626255135
4520,36559079.09665405,44101247.47223167,7542168.375577611,11093252.104801774,8013521.569283972,0.27762197292755336
4521,36470120.72986244,44038542.913172595,7568422.183310164,11066715.3170495,8022488.198576365,0.27507955443501525
4522,36591428.96901594,44144516.09529803,7553087.12628209,11066072.221175443,8015636.3150301045,0.27565660562997124
4523,36290651.80235842,43848432.18268756,7557780.3803291395,11136571.237353858,8021051.8967835335,0.2797557052497783
4524,36260877.31702455,43823273.63869277,7562396.321668222,11067485.713201458,8014782.089610267,0.2758262990075407
4525,36666854.97824873,44185546.09548019,7518691.117231464,11100772.130454741,8073449.161316896,0.2727128287619243
4526,36429155.40978975,43999263.85605348,7570108.4462637305,11128895.707410505,8032084.404561725,0.2782676183034653
4527,36233341.769632176,43723319.24399548,7489977.4743633075,11105724.785031797,7975229.855615056,0.28188119100844244
4528,36265718.54781039,43834746.49651177,7569027.9487013845,10973809.690354602,7988307.037488341,0.27205708291901215
4529,36488066.5836049,44062919.683859564,7574853.100254667,11055483.32023623,8016987.520054424,0.2748406118636232
4530,36577564.608055584,44089981.11009127,7512416.50203568,11011044.847953634,8065934.374989698,0.2674687564742119
4531,36531092.852156945,44078631.04304613,7547538.190889195,11030326.911559042,8028097.800809095,0.2721795224041649
4532,36426283.45367296,44029281.82997225,7602998.37629929,11082067.906982228,8048151.844780088,0.27376804470676713
4533,36313194.33198177,43879080.66518703,7565886.333205261,11091283.05868334,7970450.309323728,0.2813770717821793
4534,36830798.505568355,44399432.18663852,7568633.681070162,11070440.199952727,8066657.18043705,0.2713336565901421
4535,36323318.003747575,43886254.55560846,7562936.551860875,11106634.787770716,7994892.391221959,0.2801696873993761
4536,36336979.990327805,43879679.94503016,7542699.954702354,11120034.59703217,7994694.042603171,0.28105493082396726
4537,36390321.97560085,43933836.633660495,7543514.658059645,11073061.666784965,7959492.436469943,0.2811841317252447
4538,36547898.75093983,44096831.30328769,7548932.552347856,11055490.506394442,8039225.562304512,0.27282959017922703
4539,36202069.057280324,43774267.79485029,7572198.737569968,11046041.833967762,7975563.171963264,0.2779709427283216
4540,36332160.241399094,43847676.8195797,7515516.578180599,11022265.463722227,8032464.022732915,0.27125108271341286
4541,36279724.9167202,43815971.19435197,7536246.277631763,11035103.900949523,8018116.696403203,0.27339907549821274
4542,36485014.56092778,44022586.783015914,7537572.222088142,11169531.519707702,8031810.670809003,0.2809178561663445
4543,36265277.60583235,43833656.397080824,7568378.791248467,11004659.872858321,7993142.068862231,0.2736584173240682
4544,36834362.37042083,44380973.24089766,7546610.870476828,11116660.24800143,8060962.7555202115,0.27487549536566763
4545,36151699.5479137,43688929.61680563,7537230.068891924,11021782.051136218,8003037.686380629,0.27388895468536245
4546,35978955.19243444,43516176.175759524,7537220.983325079,10903742.34963796,7961854.682910342,0.2698053175133305
4547,36361772.89543505,43865495.43001664,7503722.534581579,11052381.909928577,8010045.114117088,0.2752652614255482
4548,36183451.59641621,43706810.37367392,7523358.777257708,11040456.66902679,7943495.826153064,0.28051021218732985
4549,36888330.495645545,44422614.44713541,7534283.951489861,11177556.341492955,8052416.960914026,0.2795905728497999
4550,36621149.596542016,44159577.936617225,7538428.340075209,11133956.765711954,8106244.759694965,0.2719349526613133
4551,35928811.57501017,43440292.01509211,7511480.440081936,10934378.568674056,7877694.691091994,0.2795480198883152
4552,36432081.8800385,43974687.56634769,7542605.686309186,11023469.014503295,8016214.88219328,0.2728046977184267
4553,36298955.12225742,43825873.43669463,7526918.314437204,11027413.274894845,7961401.385507024,0.27803545699769355
4554,36306421.787718646,43868263.02977796,7561841.242059312,11029993.197398447,8015417.074658358,0.27330716064730776
4555,36401903.73529047,43941823.54993188,7539919.814641399,11094974.478878548,8019874.148736671,0.2771615505737243
4556,36435936.845833294,44005571.51516724,7569634.669333947,10943519.80974011,8010318.712253012,0.2680308665294732
4557,36211197.82999906,43756879.13891502,7545681.30891596,11013107.21117545,7997311.6179313,0.273836941329682
4558,36474692.82376965,44039128.92934258,7564436.105572931,11075918.98186934,8025769.558007684,0.2753856748911382
4559,36371282.710084915,43949039.98267383,7577757.272588909,11130595.322198061,8057179.832266147,0.27612319026660814
4560,36260673.32509023,43801150.68867223,7540477.363582,11022230.746907545,7993332.2195892725,0.2747990490190088
4561,36283867.290887564,43827047.53900911,7543180.24812155,11050039.45304833,8029908.065083365,0.27331408189061385
4562,36549175.50235633,44082079.93856598,7532904.436209651,11160938.331823597,8047258.920399637,0.2789800748693155
4563,36523779.120354936,44077380.44646825,7553601.326113322,11013792.118107092,8015612.2619542405,0.2722204871856742
4564,36317240.88411036,43888787.711058535,7571546.826948173,11117394.64266715,8031399.739931038,0.2775825633545881
4565,36228833.2813776,43781561.94714108,7552728.665763485,11077114.492809093,7968987.300979516,0.2805899671658421
4566,36378837.286522724,43929032.90967618,7550195.623153452,11030306.022994975,8027402.721333331,0.2722411595291613
4567,36853502.654586405,44409822.185993195,7556319.531406792,11120685.228324728,8052879.4854402,0.27586481227530224
4568,36486327.73159414,44056835.86617867,7570508.134584532,11076169.323061133,8004327.6694090245,0.2773379102517313
4569,36573903.68743391,44124961.87836595,7551058.190932028,11107913.257163439,7985452.955639456,0.2811023303148612
4570,35947480.80146897,43513224.73201733,7565743.930548362,11032939.812727967,7962968.977513128,0.2782550151930693
4571,35868700.51681108,43404640.86992203,7535940.35311094,11007763.464757163,7920370.75381148,0.28047411454928034
4572,36589923.45343582,44145125.364330836,7555201.910895016,11099559.856353648,8065637.649772773,0.27333716344114195
4573,36306852.468984306,43884220.49648186,7577368.027497543,10985624.219198283,8018749.548796861,0.27006882915370106
4574,36390380.409316495,43934028.24517062,7543647.835854126,11048896.322396059,8051742.770869177,0.2712627093306746
4575,36634211.2239416,44236149.2770313,7601938.053089705,11097522.976059996,8072783.497696295,0.2725598752882769
4576,36244719.90545932,43810333.91388282,7565614.008423496,11124563.4165401,8024258.48550437,0.2786900316848541
4577,36280664.643083796,43819286.92694127,7538622.283857465,11011020.815440027,8003771.920461962,0.27311263373157907
4578,36396958.20931567,43962664.501033895,7565706.291718227,11048298.23688758,7978553.780477603,0.27784771831745514
4579,36766553.613527656,44272780.95636222,7506227.342834565,11116349.246729258,8042426.4289632365,0.2765226918963936
4580,36229494.61487498,43788140.275990285,7558645.661115303,11089296.081704844,7995790.162202725,0.27896323596281236
4581,36382516.945614055,43925795.800982594,7543278.855368534,11121770.647243448,7977966.697956478,0.2826711725138989
4582,36537696.29895373,44074734.59270331,7537038.29374958,11037428.590501158,8031997.696720152,0.27229448137653073
4583,36374046.015119106,43926801.41068823,7552755.395569122,11137062.789627232,8004024.272730134,0.2813164095487661
4584,36303233.62811977,43877189.68556719,7573956.05744743,11055322.333023805,8026434.442228826,0.27397553861883017
4585,36163991.9250889,43694946.298458956,7530954.373370066,11033956.813928504,7982973.018638333,0.276508585880889
4586,36379280.62109668,43925067.733080894,7545787.111984225,11068846.210415386,8005469.315355405,0.27675665889886997
4587,36308105.87285116,43892821.240776405,7584715.367925243,10943950.976143012,7985159.462750689,0.2703586227535435
4588,36343507.68598025,43893203.06874727,7549695.382767014,11155942.81395442,7981144.991598381,0.2845835511441347
4589,36695575.32908695,44235426.437432185,7539851.108345232,11094796.474890415,8056547.760795187,0.2738444748374924
4590,36457285.621027015,44010379.65342151,7553094.032394487,11025913.095103934,7967940.026685603,0.27734420197600024
4591,36504952.849915914,44057158.97367235,7552206.123756447,11081985.895259159,8054528.4014717275,0.2731872718844164
4592,35952758.034461744,43479296.84971644,7526538.815254698,11038074.388796533,7970633.768195836,0.277896353345299
4593,36148003.07952788,43687081.69166643,7539078.612138545,11013938.515352957,7962545.858309161,0.27704827412921235
4594,36631188.64784265,44180268.57670279,7549079.928860132,11074088.493340755,8045313.845797258,0.2735010334588537
4595,36498358.32001378,44059084.67365193,7560726.3536381535,11043991.071396768,8017756.358537343,0.27401640342658184
4596,36238629.363239504,43807228.953842424,7568599.590602921,11125073.955337696,7979243.703126468,0.28276937886798414
4597,36722978.86744592,44278775.24373293,7555796.376287004,10962356.088154089,8058771.159598734,0.2648686929348122
4598,36334335.73001813,43870579.45871526,7536243.728697136,11197357.235489812,8002695.672965798,0.28530496038820613
4599,36318690.01757055,43843512.51945546,7524822.501884917,11047968.777696233,7975353.594434495,0.2781158460064414
4600,36067482.448103435,43632705.18286892,7565222.734765486,10957440.317087417,7964586.958463243,0.2731343518209279
4601,36625684.76144447,44170116.51001146,7544431.748566985,11086176.582353884,8067894.793080318,0.27225633353863704
4602,36514570.546401665,44059293.558802724,7544723.012401059,11054625.547604287,8038038.431727175,0.27288008109246675
4603,36319921.31092624,43868793.13121971,7548871.820293464,10977303.822945807,8003482.271759662,0.27090637183330757
4604,36365029.877627574,43881402.02384814,7516372.146220565,11113990.597811375,8021880.75538251,0.2782177846216443
4605,36699794.65658242,44213725.65073308,7513930.99415067,11162995.86851149,8057023.303989887,0.2782382615837843
4606,36221616.61401994,43796864.29167168,7575247.677651733,10991780.281538028,7960318.00743,0.2757935654153969
4607,36118836.7407863,43664277.56850823,7545440.827721925,11037553.393784447,8012358.581630383,0.2740820093208007
4608,36222815.04936151,43745781.09012656,7522966.0407650545,10885094.937942587,7965534.56270613,0.2682163446328461
4609,36206156.4662258,43726418.92193473,7520262.45570893,11031543.465032931,7953758.051912437,0.27899862089799654
4610,36389045.54564824,43936427.67254112,7547382.1268928815,11011468.943228047,8046372.371890416,0.2692734808248393
4611,36149251.53038924,43698127.38241475,7548875.852025499,11051568.615578879,7961278.397379641,0.2796245787084921
4612,36373817.333614565,43930700.7294559,7556883.395841345,11112349.642570622,8023372.5027395915,0.27797695709621834
4613,36570767.424615905,44115717.93885603,7544950.514240123,11084634.971710531,8070804.867458048,0.27189258933146465
4614,36536994.656516634,44053278.87690601,7516284.22038937,11014114.019819604,7999043.643259153,0.27374606537892315
4615,36413763.80131277,43941422.26995118,7527658.468638407,11047745.224218987,8031689.892834545,0.27300189044662365
4616,36331451.60182392,43861192.06982904,7529740.468005122,10985541.228263902,7981842.056243679,0.27342295746815126
4617,36095332.27346323,43625064.34890775,7529732.075444522,11066075.489639468,7982609.645523356,0.2786413166079505
4618,36451349.823789306,43992160.097421214,7540810.273631907,11056449.017102137,8031496.959967537,0.27359164343412595
4619,36416571.99056018,43981143.58440019,7564571.593840006,11013106.514506781,8038118.814301572,0.27013156517522735
4620,36471535.67393776,43965528.462056905,7493992.788119146,11116136.660419498,8002442.5183750335,0.28010578109669987
4621,36315218.4935597,43883262.06814779,7568043.574588096,10960917.8639621,8009611.860255238,0.26925719545899773
4622,36364322.63480968,43908339.217029475,7544016.5822197925,11011013.258596396,8039062.684900947,0.2699070924626506
4623,36106924.557982035,43623496.07151754,7516571.513535512,10961141.058084358,7948466.789023487,0.274850424157153
4624,36507952.39919343,44001817.51879069,7493865.1195972655,11057693.112639073,8031265.039980907,0.2736943449080644
4625,36119076.951646656,43641614.49239785,7522537.5407512,11014921.31811337,7939982.96185244,0.2791611730538992
4626,35925186.64923086,43471503.17460948,7546316.525378625,10988555.846477518,7928967.3406162,0.27843408620816146
4627,36088810.37527679,43611761.13440257,7522950.759125789,11044902.083945088,8018973.24595443,0.27396610807343963
4628,36331118.978346474,43892605.70915828,7561486.730811814,10937438.700531725,7968122.018653536,0.2714819038696724
4629,36639669.680758275,44167368.728706755,7527699.047948484,11097758.939128254,8019008.684091626,0.2774208983925243
4630,36028203.430858195,43579076.48036061,7550873.049502414,10989388.378043016,7970287.311693771,0.27472876219221265
4631,36531541.28970846,44069998.98595904,7538457.696250586,11112373.764246667,8059340.919288551,0.2747417347300761
4632,36446277.504447006,43971991.174672455,7525713.670225445,11032240.97764182,8045184.68589844,0.2707569838074616
4633,36435492.22871486,43976438.247312985,7540946.01859812,11058606.59796922,8022514.113922433,0.2745456633392066
4634,36715326.37911597,44263421.836942784,7548095.457826801,11062123.903217867,8027228.959278484,0.2743501130968675
4635,36544137.58670406,44121042.02934203,7576904.442637967,11052044.78380183,8063865.899061535,0.2703733963438014
4636,36024444.7691037,43566432.39041415,7541987.62131045,11001971.362895045,7984584.571106116,0.2742587389352137
4637,36245784.75963663,43770192.310727306,7524407.551090678,11073055.513819182,7991482.218670769,0.2782947571519539
4638,36107584.674092144,43685571.12668574,7577986.452593602,11034639.186565168,7981453.4351950325,0.276691036267632
4639,36367884.022378474,43914960.60068815,7547076.578309678,11203662.006440822,8051838.371517129,0.28132084251664813
4640,36276183.63771315,43816398.91027374,7540215.272560592,11007212.644343894,7973909.735149685,0.2755741173722927
4641,36419037.447536126,43988446.47542327,7569409.027887144,11088481.81799431,8024991.799896872,0.2762767769638246
4642,36428485.77971489,43957436.84876477,7528951.069049877,11041291.949846618,8027087.430529232,0.27299382472711975
4643,36864290.77033629,44413087.88441417,7548797.1140778735,11156042.508632096,8123609.0561145395,0.2718198187369026
4644,36375795.63748174,43934959.86910344,7559164.231621708,11037383.690651579,8017709.684923947,0.27358603183154984
4645,36100735.10473397,43642232.35690288,7541497.252168921,10981022.014403287,7956722.993935296,0.27541143406334684
4646,36373040.03467906,43911707.98923665,7538667.954557584,10994699.477539036,7984474.258766988,0.27378876748033065
4647,36597924.22489099,44123845.0154938,7525920.790602809,11041070.948326057,8049568.739110501,0.27094311984917546
4648,36168058.61324559,43697847.19353149,7529788.580285907,10949755.456277382,8037520.292248257,0.265963488925186
4649,36022483.88492659,43602043.671772815,7579559.786846232,10952586.426235083,7927176.41007586,0.2762279062151348
4650,36044964.50663244,43595466.44085476,7550501.934222321,10972713.72043574,7972827.188451666,0.27339513345700817
4651,36473989.1152709,44067499.68672222,7593510.571451324,11086448.928867895,8075307.270705948,0.27160560405607115
4652,36419325.54507017,43964397.43712592,7545071.892055757,11074915.404054506,8049246.8122105375,0.2732001538121254
4653,36442819.65913406,44015469.42881591,7572649.769681845,11074938.329344967,8047456.554888338,0.2733633077156549
4654,36364083.05646954,43908207.66684418,7544124.610374644,11072834.564095352,7991524.331708584,0.27827655281495756
4655,36469072.21280576,43979641.88922475,7510569.676418997,11048180.17222435,8017497.456262136,0.27431510608249265
4656,36473083.0261201,44003101.10621743,7530018.080097328,11023956.52109289,7983528.3233317975,0.2758019039664782
4657,36580301.51887716,44140747.48058155,7560445.961704391,11038094.95741416,8052221.508800583,0.2705062295743343
4658,36263470.451790646,43787672.305180795,7524201.853390155,11054617.407245304,8031180.960428438,0.2734998720837934
4659,36196142.756822616,43763108.322990164,7566965.566167549,10960549.439582804,7979943.529160094,0.27193946132468355
4660,36214273.58123909,43750199.8669422,7535926.285703102,10987547.8701419,7994558.484755652,0.2723983022198741
4661,36572923.17841496,44145201.1503073,7572277.971892341,11032381.146340512,8017779.407283312,0.2732503254800217
4662,36382669.94188804,43945098.14020259,7562428.198314545,11033024.721054591,7983693.443261034,0.2763821667121296
4663,36680456.65980695,44238642.74219943,7558186.082392467,11020653.553426461,8044228.977538732,0.27007695700245665
4664,36506981.782661945,44042835.36617835,7535853.583516402,11090653.7059568,8025735.336271728,0.27635146231631963
4665,36267274.192611165,43799355.832956806,7532081.6403456405,10916458.674264453,7963891.773925191,0.27046929672348213
4666,36376516.807117045,43891927.37615758,7515410.569040531,11121500.868789142,8020969.401393187,0.2787871442870756
4667,36346436.94288519,43868132.50463501,7521695.561749833,11102051.909356695,8008816.8885492785,0.27861831723201275
4668,36495924.295791335,44046852.606326446,7550928.310535111,11070952.42699202,8016879.49145058,0.2758636129711229
4669,36404650.91309844,43936643.099187106,7531992.186088668,10954998.194556547,7979498.119478706,0.2716111880836588
4670,36425417.346099,43955881.85322881,7530464.507129818,10883071.739156043,7987322.504447927,0.2660783006960749
4671,36462671.13869916,44051901.9465317,7589230.807832539,11121569.787210645,7982621.178954186,0.282239707911209
4672,36568731.787077606,44123905.65862814,7555173.871550536,11190698.035632465,8058597.840566555,0.2798842561110079
4673,36411172.98773113,43984521.091346785,7573348.103615657,11073617.896485724,8034680.992610357,0.27443035621084516
4674,36152686.31151115,43720092.43326763,7567406.121756477,10988895.755648188,8017089.468751192,0.27043720797601667
4675,36200248.39112154,43773096.39173914,7572848.000617601,10995075.369289115,7978203.644491488,0.27438390583698946
4676,36106309.21669037,43642560.61788413,7536251.40119377,10963856.167180369,7924814.428344815,0.27718730458474444
4677,36273493.56624714,43801418.27566919,7527924.709422036,11083648.895921325,7973513.362873839,0.28060574295095053
4678,36084452.343624406,43599451.03942074,7514998.695796325,10972400.975075597,7985519.981655557,0.27221763041698005
4679,36629416.025638424,44170664.97459032,7541248.948951891,10952985.557162357,8053616.022971123,0.26471043160421986
4680,36167908.99981732,43727309.67787049,7559400.67805317,10970556.760381192,7995333.685267067,0.27120073667170436
4681,36570113.457992256,44095239.12644623,7525125.6684539765,11110582.927564017,8086981.8252912015,0.2721370356519842
4682,36417862.25308444,43960576.31169659,7542714.0586121455,10968788.761082366,7992992.518322957,0.2712967044563421
4683,36264412.7458763,43784791.48946801,7520378.743591709,10974153.043582808,7968743.891989732,0.27386251491640207
4684,36369338.385103084,43898649.22089926,7529310.8357961755,11086249.453077614,8033416.469486875,0.27537112496988353
4685,36472100.65705016,44039919.71122667,7567819.054176511,10989557.750578655,8020670.296865675,0.2701553166283378
4686,36405638.77991481,43958721.68586693,7553082.9059521165,10919035.052939469,7961452.8450522795,0.27086479652714285
4687,36541748.42490012,44059665.27018038,7517916.845280258,10985011.874550886,8028269.074247827,0.26916154794087954
4688,36233201.54685375,43752124.714903146,7518923.168049406,11062260.340474626,7973173.018288682,0.2792455815637952
4689,36539170.39908028,44053912.64525423,7514742.246173961,11019989.062727585,8013825.174177343,0.27279191217329385
4690,36121604.37928642,43650021.858426176,7528417.479139756,11046569.365945568,7965105.126709048,0.27895214678469116
4691,36737253.91555886,44267298.9271215,7530045.011562642,11067630.687300943,8038002.35489436,0.2737377509246667
4692,36016663.68994856,43593774.33732689,7577110.647378335,10970602.721771237,7962753.380358353,0.2741735725644121
4693,36287987.39223383,43845961.80377648,7557974.411542648,11060862.247244844,7993772.803189414,0.27729207502059017
4694,36173156.57543125,43721896.080161855,7548739.504730604,10983260.814719016,7954268.687589887,0.27578259118365656
4695,36699834.69382198,44266117.366386056,7566282.672564075,11238146.095447449,8039740.498210503,0.2846025999370674
4696,36416099.82301693,43943550.37312862,7527450.550111692,10978784.430042487,7997376.547508486,0.27156083640513407
4697,36402722.65136174,43945075.993325286,7542353.341963549,11040354.69524332,8020074.502856702,0.27356731515952926
4698,36311913.00994886,43859498.60827769,7547585.598328838,10973336.920034816,7981825.492742605,0.2726163836116608
4699,36681476.56886089,44237110.342091314,7555633.773230423,11113803.58672085,8055413.012340997,0.2751884672529324
4700,36502572.81089961,44053879.85666171,7551307.045762099,11111309.731227014,8053354.962259072,0.27521100958727884
4701,36449362.46713013,43972086.95850451,7522724.491374388,11035384.640951946,8004641.551338402,0.2746386454321273
4702,36962592.66440524,44468833.957440354,7506241.293035097,11162134.392163081,8107544.53577693,0.2736564306671289
4703,36457001.60083113,44034491.70457336,7577490.103742231,11092747.304030215,8065115.596090873,0.2729379499016753
4704,36605942.62684117,44145234.63760391,7539292.010762742,10947941.487775402,7977239.694888578,0.27134797863177695
4705,36594418.48725934,44184794.09472611,7590375.607466758,11142740.127932776,8043710.84031296,0.2781209336338309
4706,36274257.20421424,43824311.7746976,7550054.570483359,10923563.849514794,7962544.487014489,0.2710671538420886
4707,36683814.93631414,44225317.852117635,7541502.915803485,11038136.557625838,8048537.542744577,0.27084272778052
4708,36187478.91726032,43748452.73570486,7560973.818444546,11068657.294108678,7974884.748590413,0.27950748345645626
4709,36466547.282905795,44012620.17981642,7546072.896910623,11015514.175944125,7994086.53975732,0.27428838889654855
4710,36441773.01119034,44002580.13078476,7560807.119594419,10955803.210029978,7984356.4074027,0.27122126471812996
4711,36663178.494712375,44233459.40497793,7570280.910265565,11119889.094732476,8064946.729304398,0.27472777285838335
4712,36106649.02424124,43663765.91571851,7557116.891477268,11054761.492677622,7987437.7676730845,0.2774662960423208
4713,36620287.09018529,44144867.25649583,7524580.166310539,11037002.133166583,8041786.7416989915,0.2713794339557898
4714,36242801.85736072,43780539.3622149,7537737.504854181,11093113.55472864,8042848.466687931,0.27496924763205716
4715,36265337.41168904,43786953.027811326,7521615.616122289,10982224.593923368,7987194.904154422,0.2727161208691854
4716,36637877.86035401,44155041.1734237,7517163.313069699,11066214.20421216,8011920.756674316,0.27600165613776767
4717,36392523.53493083,43921134.39957282,7528610.864641984,11104889.432898073,8005911.426581389,0.2790642829037096
4718,36176281.24817132,43707981.86916721,7531700.620995885,11032638.158109816,7948721.828750116,0.279526644956881
4719,36257956.675888106,43786913.739381954,7528957.063493849,10967847.000626963,7983328.434609264,0.2721152625348523
4720,36144900.633275494,43671853.657356694,7526953.024081195,11079876.114678215,7993473.320634901,0.2785593234164921
4721,36084212.2853313,43624865.556437716,7540653.271106422,10952732.725589635,7964618.809173599,0.27281902985130796
4722,36503016.0097825,44040306.59575303,7537290.585970537,11146509.798216721,7990447.914894524,0.2831435077397161
4723,36336001.98794851,43902283.73221488,7566281.744266368,11096149.729171054,7995662.141380406,0.2794201289154984
4724,36212743.376727045,43744884.028132774,7532140.651405732,11007420.84154084,8004103.470222261,0.2728447848549932
4725,36311324.62390835,43811957.05354535,7500632.429636996,10995160.820406798,7988947.4723625,0.2734124036153093
4726,36460267.92741754,44012017.448752426,7551749.5213348875,11059269.765202602,8084798.94057905,0.26895725375852253
4727,36361279.03837309,43898952.2202687,7537673.181895596,11084635.090412222,8044374.7613375485,0.27427698830648745
4728,36302200.812660605,43831972.322407305,7529771.509746693,10994510.41648986,7998784.333260538,0.2724747141751989
4729,36408491.07901783,43953507.30816864,7545016.229150818,11008248.623098295,8027272.71727871,0.2707947474555297
4730,36095484.10209111,43628876.65556812,7533392.55347701,11010643.292058894,7926836.489755356,0.2800750801297545
4731,36128125.62699841,43703995.94114499,7575870.314146575,11160562.603075687,7984291.712633959,0.2845977396844129
4732,36186010.38522421,43723755.66918769,7537745.283963486,10949093.95111647,7967767.334961518,0.27228980128085845
4733,36815595.08443992,44360651.93134954,7545056.846909612,11039212.487012435,8090721.990158032,0.2670924669964713
4734,36332108.30901447,43860821.529124945,7528713.220110478,11006725.344163213,8006797.8105083965,0.27255404671705163
4735,36332503.88114892,43906777.94062199,7574274.059473066,11045953.858162388,8013934.640864536,0.2744913889946541
4736,36451207.55317469,44016672.697151095,7565465.143976409,11049796.850920469,8033460.84678533,0.27297660263173723
4737,36658716.68232148,44189538.014991805,7530821.332670324,11054780.413315836,8014844.36122206,0.27498837050006675
4738,36323178.79666247,43868304.82490869,7545126.028246228,11123744.598994637,8045832.028469163,0.27669752241557716
4739,36272673.06372545,43817420.79332327,7544747.729597824,11063928.313173443,7990346.125592514,0.27780206998641876
4740,36190892.11423087,43704894.12843928,7514002.014208408,11122303.868842475,7977836.042893003,0.28271730956373564
4741,36633793.29260669,44198558.53793759,7564765.245330907,11121594.028812602,8073506.273181305,0.2740693238518369
4742,36319612.97778572,43885145.747682825,7565532.769897103,10992568.492994577,8021062.884693466,0.2703194990501822
4743,36682149.33027317,44252123.07454988,7569973.744276721,11131313.287304865,8034767.617008361,0.27818331856925443
4744,36600180.1953654,44139362.148110256,7539181.952744857,11013136.546290101,8010287.021814011,0.2726607004148726
4745,36311249.07461054,43871561.486026436,7560312.411415897,11011096.935610084,7997291.508411857,0.2737061933812903
4746,36029244.31915094,43555187.26808195,7525942.94893101,10987077.292749975,7993811.63035716,0.2724351146931474
4747,36418856.540319756,43916404.08990503,7497547.549585267,10927253.521467378,7968056.1555544855,0.27080888716449525
4748,36293401.95419016,43851575.01866018,7558173.064470024,10988879.678693041,7993948.700892601,0.27254197564902644
4749,36111286.644427374,43661544.148829,7550257.504401622,11039294.767094566,7982425.731654376,0.27690800000666416
4750,36203685.36442607,43722309.744775094,7518624.380349023,10866897.027064722,7951644.210938731,0.26826911204416143
4751,36583996.65120752,44140337.82354496,7556341.172337429,11068877.64460518,8018644.571838628,0.275568415398755
4752,35970330.34498291,43518036.66005248,7547706.315069581,10973206.977560457,7970028.537037311,0.2736828391795091
4753,36691075.90690833,44234715.04825966,7543639.141351329,11171221.898074811,8086595.408259604,0.2761225690402583
4754,36585515.68803238,44056140.76086538,7470625.072833004,11092736.78419838,8028376.176560222,0.27624928520825837
4755,36475003.460713655,44050167.295309715,7575163.834596063,11008882.903596038,8007840.214480588,0.27260192658922394
4756,36345923.70365203,43917867.35035768,7571943.646705648,11175615.276101595,8049133.658252277,0.27975923836024646
4757,36389930.41723642,43934036.22755663,7544105.81032021,10999394.08120257,7994369.0964874085,0.2731991382916813
4758,36167539.89046996,43679938.09135932,7512398.200889345,11010725.146005418,7967629.608094025,0.2763755790430749
4759,36482883.16928883,44042676.49340574,7559793.32411691,11126523.281402338,8052039.550189145,0.2763202532773291
4760,36180849.70392522,43725990.41285705,7545140.70893182,11111034.230162207,8079352.255586298,0.27285326566144963
4761,36470321.03349371,43986836.52647209,7516515.492978373,11073557.669989403,8001863.539971454,0.2773899971047777
4762,36799613.316996254,44364544.752891876,7564931.435895619,11118015.079506706,8104824.68898773,0.27101873571596813
4763,36204353.59420896,43721836.39822901,7517482.804020047,10950463.254356708,7964397.746099163,0.2726885099650484
4764,36436500.44385344,43977377.335877195,7540876.892023755,11027801.744747803,8023016.033022587,0.2724736789139595
4765,36170145.25082529,43720322.39744594,7550177.1466206405,11027719.19179745,7973726.957482709,0.2769377947695964
4766,36424959.426666036,43950779.29965937,7525819.872993343,11173089.602272335,8011574.423911341,0.28295800811603794
4767,36031351.13433155,43584028.203222655,7552677.068891106,10943587.383321825,7937950.547365926,0.27464822372017883
4768,36255718.965782136,43788506.454113655,7532787.488331517,10937540.839205435,7941108.551987806,0.27395850047727055
4769,36367291.10300333,43900938.22029557,7533647.117292246,11059583.73828891,8025203.299383227,0.27436660463092155
4770,36304553.42179834,43902363.22692655,7597809.805128209,11120773.952625258,8072988.387646561,0.27406236094379144
4771,36422336.573321074,43987666.4975765,7565329.924255431,10949164.250602953,8017626.906096144,0.2677407405177408
4772,36601985.479786046,44105888.069913775,7503902.590127729,11148596.568897003,8045853.880603831,0.27830791697579066
4773,36441114.02951047,44000676.58580595,7559562.556295484,11046476.492699612,7993899.095565182,0.27633946436692414
4774,36805155.713985786,44360679.32635993,7555523.612374147,10959453.572416326,8069632.912756113,0.2636829145326694
4775,36420847.49428144,43957090.45211223,7536242.957830789,10928560.615406107,7995139.887439199,0.2684178485345668
4776,36389252.80908367,43947769.36173837,7558516.552654693,11090893.582200296,7965244.949798239,0.28182117240926285
4777,36067477.897826105,43609754.719295084,7542276.821468978,10929416.670708416,7918091.957061588,0.2755247424793845
4778,36265659.09032707,43798773.30004231,7533114.209715234,11176062.764710976,8014497.214642946,0.28288724004403815
4779,36506292.3446495,44003675.13028686,7497382.785637355,11092642.423379434,8029779.458753729,0.2761166228679881
4780,36446785.392430015,44010282.128523864,7563496.736093849,11073770.228869446,8033487.986967004,0.27454806981423463
4781,36576226.44349633,44090608.49069751,7514382.047201174,11035104.58318687,7975755.70428139,0.2772378690063995
4782,36464341.879650794,44024040.111322224,7559698.231671432,11183260.11516846,8031220.494889146,0.28185337619072565
4783,36235180.52830129,43781327.281701066,7546146.753399775,10992790.72224408,8044016.879196431,0.2682461549168548
4784,36397126.416151606,43950040.94599305,7552914.529841443,11020603.416452838,7974969.347061089,0.276358195127943
4785,36009167.903319545,43509558.50064332,7500390.597323775,10966507.296051541,7921359.724032077,0.27767706616270255
4786,36506109.46152429,44067894.945065476,7561785.483541183,11104424.926080158,7992182.886178138,0.280270438191943
4787,36467138.71044706,44015005.275262296,7547866.564815247,11013941.7654838,8010302.195684899,0.27271249782815277
4788,36550719.33365231,44062865.99207903,7512146.658426724,11079826.526209036,8005157.357414294,0.2775015620977182
4789,36298641.712854296,43864636.2620111,7565994.5491568055,11060430.44706089,8050171.084332129,0.27216475680010116
4790,36151324.43232907,43649229.24273297,7497904.810403906,11008004.03784274,7994742.081671059,0.2737337255521388
4791,36519810.38794482,44042796.32827993,7522985.940335108,10963966.243287146,7991009.053464899,0.271157090769272
4792,35999527.69584926,43550451.19313129,7550923.497282026,11025440.79823738,7940866.433694389,0.2797688020814657
4793,36120193.77005581,43690587.560059376,7570393.790003568,10935736.874851033,7980571.584493369,0.27023010192881214
4794,36292445.12214448,43831174.665869266,7538729.543724777,10938649.335710827,7977836.019789975,0.2706744886916561
4795,36340385.90197169,43915309.280795716,7574923.378824027,11117244.799093276,8034763.767478392,0.2772702308279018
4796,36226994.24355307,43756874.42696608,7529880.183413005,11061259.236212634,7977941.492094699,0.2787492525284725
4797,36859481.263653755,44423653.74922693,7564172.485573168,11153286.600447048,8058853.203372361,0.2774458783252871
4798,36452275.66486689,43997393.857954025,7545118.193087141,11125704.403341252,8045310.196973544,0.27687183612775207
4799,36337234.94302742,43915281.78689014,7578046.84386272,11130049.097712627,8035357.683577014,0.27804831649589157
4800,36196802.71645786,43697883.44563911,7501080.729181258,11057718.341898328,7982784.370678788,0.2780803305116245
4801,36434054.631518364,43951337.50490696,7517282.873388592,10968995.04620005,7987060.742733073,0.2718511851730663
4802,36434467.85481649,43957860.48235559,7523392.627539094,11053468.940741582,7989874.213071177,0.27716138201451057
4803,36004891.94151063,43533347.56054657,7528455.619035943,11116204.449889462,8001017.467774745,0.2802383669855671
4804,36549678.22012125,44074022.66592601,7524344.445804752,11107136.172487402,8005713.741407204,0.27922791103997474
4805,36233851.0348416,43745185.27491149,7511334.240069902,11093896.74182134,7997669.418081159,0.27909285581036136
4806,36437929.25015448,43997176.85772477,7559247.607570284,11176363.143535178,8008231.376589652,0.28346714635682635
4807,36313596.77062266,43842973.92120578,7529377.150583116,11050091.009440035,8017522.366921695,0.27443834081797447
4808,36145049.42008546,43725078.35581066,7580028.9357251935,11092860.189621674,7977448.208030647,0.2808483951240784
4809,36387303.73351999,43941085.3923877,7553781.6588677075,11075062.669874657,8043636.281063072,0.2737164094842899
4810,36467190.64851979,44016228.586084686,7549037.937564896,11119368.908348829,8043468.063411562,0.27662548749756544
4811,36351374.538884446,43914019.81787182,7562645.278987367,10998349.672176205,7998531.269157896,0.2727516847920644
4812,36287638.135509,43829635.672264755,7541997.536755764,11020819.69836256,7973267.366121784,0.27652682973241743
4813,36335625.0828059,43899889.44950464,7564264.366698736,11095883.285265965,7994569.475420554,0.2795013006277376
4814,36484290.41108943,44027080.80272069,7542790.391631263,11020705.21250905,8101346.761292035,0.26489760817696106
4815,36324945.21488111,43921499.093979895,7596553.879098787,11077493.229513802,8018065.114045803,0.2761841557543681
4816,36263273.745592386,43779498.184154995,7516224.438562607,11073351.893230002,8026011.115135664,0.2751958763233573
4817,35967956.49815659,43518332.848241806,7550376.350085217,11019248.505436208,7947764.443114075,0.2787380700967816
4818,36760758.42368534,44309239.75979803,7548481.336112693,11017477.596439125,8079934.487147111,0.266625739292761
4819,36139360.76166191,43689000.50723144,7549639.745569531,11007032.020991331,7979180.884344659,0.2750833404383949
4820,36274104.96530469,43810830.017387286,7536725.052082591,11079315.822712025,7998558.462286676,0.2780638633037209
4821,36227287.0216354,43789106.6911449,7561819.669509491,11067380.846654821,7990416.775520004,0.27802098019106725
4822,36263550.20449513,43819639.134444684,7556088.929949552,11111843.348928196,8029980.796110586,0.27734935204201505
4823,36437010.59775619,43982972.55339508,7545961.955638884,11073483.446163824,8029589.813143932,0.2748813097358614
4824,36547458.44231321,44096093.319995806,7548634.877682592,11071533.232233228,7979029.301162321,0.2793202952295272
4825,36281987.86568277,43851536.56339873,7569548.697715964,11093969.967717482,8037326.347778464,0.2755229758899288
4826,36448020.0924777,43990154.10650994,7542134.0140322335,11032072.137800228,8006059.258096957,0.2742923398166477
4827,36273643.405435406,43818716.13991715,7545072.7344817445,11130833.216483591,8043043.208057663,0.2774087032274669
4828,36466094.35333587,44020257.32825412,7554162.974918244,11169637.962694667,7992095.17357446,0.2844803743624317
4829,36610613.44794518,44160737.17800073,7550123.730055546,11074092.876146141,8005031.824581343,0.27713882174273874
4830,35959581.68407494,43506735.0782049,7547153.394129971,10946298.853623223,7936911.906044407,0.2749227832915149
4831,36814585.08278686,44378086.46778923,7563501.38500238,11145630.652336765,8088385.36104963,0.27429989263516114
4832,36393070.80666602,43954324.905614465,7561254.098948451,11104564.827253686,7982415.386743484,0.2811590989002631
4833,36596340.87654297,44178120.32210697,7581779.445563992,11078680.771950154,8083108.885730124,0.2703906672538527
4834,36623271.63412254,44151750.362801194,7528478.728678648,11098493.851051312,8035506.52242213,0.2759822521628949
4835,36408246.07328993,43926824.3719778,7518578.298687862,11043901.008696372,7992875.746423093,0.2762633656233237
4836,36532584.54021685,44099604.52606248,7567019.985845629,11031749.136406269,8027478.519706263,0.2723294900520811
4837,36565702.268504076,44113781.07735537,7548078.808851291,10954901.993449086,7973708.798254304,0.272133260249841
4838,36169267.61270613,43708290.157805674,7539022.545099549,11105656.772367848,8001067.133206268,0.27955029610550874
4839,36090582.764169395,43665621.30224469,7575038.538075301,10978539.9954746,7940070.5511627365,0.27676443730808764
4840,36470774.359636165,44020361.73846954,7549587.378833381,11055147.37541107,8013862.004067835,0.2751012960811071
4841,36380321.04089655,43903457.0213316,7523135.980435056,10929268.839249395,7986047.981757116,0.26929714153636053
4842,36703430.98048554,44243043.02172911,7539612.041243577,11149249.012459256,8075174.424413788,0.2757203274059264
4843,36180519.51597558,43703108.06134349,7522588.545367908,10995698.813843511,7999420.5194818545,0.27249548619769054
4844,36245593.592558905,43802796.15337604,7557202.56081713,11023385.692849118,8015553.734591299,0.27285917793922454
4845,36412530.42742948,43942470.8240369,7529940.396607416,11121869.77484239,8021131.871204311,0.27879645836637396
4846,36060710.52720356,43626747.06332764,7566036.536124078,11045726.71476037,7956124.683364807,0.27971016404624044
4847,36013575.002178125,43576565.46961005,7562990.4674319215,11031905.141398702,7981687.016324024,0.2764906048392608
4848,36259414.94636546,43832353.77870262,7572938.83233716,11035609.045405786,8002158.279958149,0.27487841884997616
4849,36687900.56111199,44229033.708652526,7541133.147540541,11068670.855721654,8095175.049067983,0.26864072890166407
4850,36574843.399666466,44157288.50190648,7582445.102240007,11077229.075055515,8092114.9041553475,0.269482029366194
4851,36291667.59378227,43825611.703493886,7533944.109711616,10979667.105141003,7975885.998229781,0.2735767012011469
4852,36195565.873317644,43727416.45204345,7531850.578725798,10975267.776242912,7998596.232638704,0.2712163023527788
4853,36452643.9517917,43961865.861442074,7509221.909650359,10985036.355738873,7994783.492494634,0.27221146716387984
4854,36439918.62867822,44026659.65535572,7586741.026677506,10929280.913118878,8036786.067876641,0.2646555494579935
4855,36617024.75470033,44139607.50849907,7522582.753798729,10973239.251918778,7992608.054725651,0.27162728605155806
4856,36262751.90943577,43803925.9618569,7541174.05242112,11104242.22609441,8000369.34408849,0.2795213593874938
4857,36327456.66034513,43856448.43995323,7528991.779608094,10969338.54566085,7967220.101008581,0.27368272317931325
4858,36578732.18055522,44090836.22234698,7512104.041791757,11001201.485300539,8048402.216284789,0.2684069801795002
4859,36060537.60899555,43636640.85270976,7576103.243714206,11096652.591925835,7976912.8017114345,0.28114242239902065
4860,36214833.896713205,43694101.94501651,7479268.048303302,11083262.806957023,7991224.655528484,0.27898266108854247
4861,36234694.05887305,43739388.0798852,7504694.021012149,10946506.947595935,7969700.129236567,0.2719412532792603
4862,36685985.799728446,44210617.8190881,7524632.019359652,11029850.024788523,8059199.444893007,0.26932828399472936
4863,36412916.17483147,43951328.718628705,7538412.543797236,10986644.582913708,7999075.794429652,0.27192731738407966
4864,36591795.42965788,44129059.91891671,7537264.489258828,11165436.462551119,8101011.6817533225,0.27445633595031227
4865,36388759.10721556,43942759.29471335,7554000.187497782,11039062.630961463,8020839.117507292,0.2734130255760035
4866,36568419.81227548,44093145.79309532,7524725.980819847,11111506.66607536,8062725.749636853,0.2743805145477496
4867,36252354.129350096,43780682.08570105,7528327.956350947,11070957.719587391,7961517.284816087,0.2808646291973366
4868,36481364.92022865,44012289.34988813,7530924.429659475,11062597.231241534,8048276.731213728,0.2724785542688979
4869,36425730.040382005,43940767.19855962,7515037.1581776235,10991673.8673414,8032942.428740628,0.2691793328577362
4870,36452932.605738685,44018507.24266265,7565574.636923973,11035294.047698319,7995148.909668509,0.2754928980495909
4871,36359873.51090109,43877692.7426567,7517819.231755616,11036253.117216405,7981658.592990852,0.27677822280647285
4872,36652739.76070388,44211941.16600061,7559201.405296731,11153591.216854736,8064664.183284989,0.27694461573075396
4873,36569699.40830185,44116273.85122338,7546574.442921525,10986543.63197797,8058667.559106388,0.266496558967787
4874,36422570.03716487,43947565.396068074,7524995.358903205,11036286.517493263,7966044.41270963,0.2781952153849115
4875,36391145.01582212,43955055.68151639,7563910.665694264,11075654.376902679,8075743.40427419,0.2708563187818992
4876,36583451.2108934,44116552.842055306,7533101.631161907,11065607.756776944,8046279.055292408,0.27285701498278747
4877,36560020.38970157,44100196.69436428,7540176.304662716,11036585.076744443,8052160.364541459,0.2704119699572257
4878,36497064.472897485,44021492.48569473,7524428.012797243,11161388.45974493,8022593.376270871,0.2812190521631383
4879,36407985.65813529,43920039.24354154,7512053.585406248,11075523.77974572,8040108.720184046,0.27406514761068607
4880,36452450.45889814,44005333.23068237,7552882.7717842385,11021995.317492267,8040554.428446207,0.2704991975740015
4881,36229849.921991795,43753897.96982169,7524048.047829892,11083079.320043372,8034896.358308579,0.27503032990319376
4882,36035713.683055475,43592745.115935795,7557031.432880314,11037360.620957805,7955408.73391501,0.27922906507111556
4883,36559902.05832805,44104669.38093787,7544767.322609823,11038814.96797889,8027056.909922457,0.2728334578297455
4884,36608389.19997652,44092248.2861344,7483859.086157888,11115212.8977547,8052956.1061079195,0.2755014069289995
4885,36401712.25176672,43958219.038783744,7556506.787017021,11081420.729822528,8005640.369523663,0.27756191514516426
4886,36482904.13086878,44061563.2935745,7578659.162705717,11228433.212460747,8047697.689937291,0.28327509834530046
4887,36693910.25571954,44210794.263798036,7516884.008078494,11222352.304301063,8091871.928016805,0.2789504634500268
4888,36121442.2711173,43655770.50166913,7534328.230551825,11000415.402656881,7996687.176307886,0.27305589074604564
4889,36476480.26430245,43998813.73688997,7522333.472587533,11141138.419087445,8020519.190450242,0.280098775479787
4890,36601928.010875665,44144757.44615226,7542829.435276598,10981701.624093419,8054390.78353757,0.26656259118654657
4891,36333739.95183563,43880521.650065534,7546781.698229903,11008857.481704291,8047748.044048979,0.2689751813552318
4892,36265746.98914343,43788877.25632496,7523130.267181538,11030330.927659841,8008141.902687378,0.27398897139105516
4893,36334493.09590181,43865290.113510914,7530797.017609108,11072078.820639465,7994305.825158712,0.2779760734491408
4894,36650738.49980178,44172688.515433125,7521950.015631357,11026917.833336875,8016195.540371104,0.2730338920150175
4895,36089966.81318125,43621644.92451792,7531678.111336664,11088415.262697103,8011152.915182944,0.27752048192733875
4896,36212428.52318487,43750697.465585865,7538268.942400983,11016566.9978708,8018357.3477505185,0.2721546240947613
4897,36382985.16308886,43945629.62935418,7562644.46626533,10988532.97392082,8001042.175247265,0.27187348900565644
4898,36784714.5485853,44308168.04955192,7523453.500966618,11121849.87120121,8063595.131429329,0.2749771643376423
4899,36541693.39666585,44072684.38154696,7530990.984881111,11289016.496671362,8071016.141245684,0.2850558643770718
4900,36604159.424774975,44185535.092682764,7581375.667907797,11121581.261189893,8110098.000466817,0.27077833538221874
4901,36368164.57187514,43901547.581965625,7533383.010090484,11043317.325824812,7953981.628833055,0.27974707289876943
4902,36601325.97193317,44144813.99942887,7543488.027495695,11129956.596985226,8008968.095076323,0.28041335783414345
4903,36175120.641613364,43734315.54311843,7559194.901505071,11017048.550346222,7969101.721913111,0.27665729296775454
4904,36359413.53171632,43916105.68664239,7556692.154926082,11010566.309472926,8009766.0463025095,0.2725382308981403
4905,36326209.34519306,43896333.09330184,7570123.748108787,11005467.736756228,8011978.39243253,0.27200019262479835
4906,36515118.62412353,44053754.795434095,7538636.171310563,11109025.96056747,8040457.210979605,0.27622302445597285
4907,35788450.19056617,43334782.69583415,7546332.505267981,10880875.937220143,7943724.257139986,0.26993706177947135
4908,36269878.855150074,43835799.46988609,7565920.614736015,10974157.776276017,7956574.677407049,0.27497172542866044
4909,36592037.86938661,44129911.14762068,7537873.278234068,11117583.241237357,8036892.415123481,0.2771007654511614
4910,36140925.71382843,43693593.003474005,7552667.289645587,11041775.571696226,7982836.703405862,0.2770332405715119
4911,36239459.75428745,43794191.02806618,7554731.273778725,11082596.90982103,8019042.145941189,0.27642932327214936
4912,36478295.79168467,44028511.61889808,7550215.8272134075,10999957.583206229,7981186.091038566,0.27443483025575105
4913,36047286.63088231,43603119.75244521,7555833.121562894,11019642.3379509,7952785.207220096,0.27830822786042303
4914,36570363.29226675,44075476.98247085,7505113.690204112,11104241.649794139,8047128.5284280265,0.2753103919908649
4915,36370568.354964495,43914244.66855731,7543676.313592816,10902783.984358834,7998664.947968567,0.2663649064822824
4916,36244375.21472134,43796926.9343715,7552551.719650167,10967930.68544289,7988219.120881254,0.27167490842337627
4917,36472411.08111115,44030229.84829512,7557818.7671839725,11195645.020538997,8044074.252893852,0.28149970473906805
4918,36352060.87810293,43887656.85478875,7535595.976685833,11004417.142605878,7992490.946061678,0.27370156524536904
4919,36328933.60995436,43865274.95316176,7536341.343207409,11079853.61529965,8021983.173888685,0.2759847329741338
4920,36426257.274915546,43978798.49256901,7552541.217653461,11163427.687143726,8036909.904937669,0.2800679029619807
4921,36417543.17819528,43937148.41547043,7519605.237275147,11033357.025693217,8039825.5789929,0.2713164669401456
4922,36282009.9537237,43832228.85156909,7550218.897845389,11096010.637979642,8029498.971740693,0.2763616371944375
4923,36533797.26623392,44077277.35194016,7543480.0857062405,11042858.758670688,8055221.469870107,0.27054926211518665
4924,36153714.62038124,43706718.14614385,7553003.525762608,11053292.022063863,7941334.465216556,0.2815412413456027
4925,36607343.01871469,44115168.45580751,7507825.437092823,11104383.106956128,8013148.401256891,0.2783796880857607
4926,36430865.018484116,43961551.711858064,7530686.693373958,11150515.708162777,8012217.940628542,0.28144866566456944
4927,36141722.80178749,43668215.736170135,7526492.9343826445,10952064.312025132,7968647.456926711,0.2724068057035324
4928,36027560.26769462,43559703.864175335,7532143.596480718,10904755.353995634,7951222.481370344,0.27084815539149903
4929,36462377.058120795,43993909.235855475,7531532.177734675,11094123.765167924,8040078.6899362635,0.27528492920012354
4930,36475125.13398988,44009710.6863465,7534585.552356631,11014454.957073253,8016894.220265281,0.27214789551461194
4931,36438681.369584456,43950900.568727806,7512219.199143348,10992274.7986827,7991693.882959707,0.2729717888860074
4932,36389957.194869645,43946206.631554455,7556249.436684809,11038874.445707599,8023465.701966212,0.2731626995643483
4933,36789465.037764624,44332910.294114254,7543445.256349624,11059572.974568535,8074256.193438591,0.26993056494990114
4934,36513510.46230163,44028096.385434926,7514585.9231333025,11024629.089395521,7976396.4706381885,0.2764929862075266
4935,36581515.824737474,44160499.40318489,7578983.578447414,11031592.420272911,8041015.362943456,0.27109205483640153
4936,36626841.98893015,44157256.48869728,7530414.499767137,11097951.254692502,7977777.55875743,0.28114862142828223
4937,36651479.07554778,44195627.4909913,7544148.415443517,11066708.364745824,8070498.06149605,0.27074087474777236
4938,36242828.05229008,43849809.26546923,7606981.2131791515,10947983.01953173,7990095.624081822,0.2701764690512302
4939,36549074.99196071,44087468.804170914,7538393.812210198,11066634.67298013,8030452.055225508,0.27435464416003974
4940,36151117.70298348,43665167.22630916,7514049.523325672,11104367.569209304,7994751.102914987,0.2800354407320596
4941,36417722.76379018,43969374.33028975,7551651.566499563,11142106.652301604,8093636.483286807,0.2735990835615525
4942,36426545.48718695,43973471.54711876,7546926.059931814,11059381.101186035,8021342.126608804,0.27470244010774025
4943,36351563.43186653,43906335.012586266,7554771.580719739,10873138.167973958,7976455.699570589,0.2664072159898913
4944,36660099.59290614,44223580.78606791,7563481.193161768,11027791.728897592,8056481.044113223,0.26943841140908087
4945,36327652.506692395,43882570.26116861,7554917.75447621,10999219.48379716,8030629.892022003,0.26989093145637805
4946,35977937.82412857,43516869.63759771,7538931.813469144,10953438.154009338,7929120.322157825,0.2761067154740366
4947,36337456.439210385,43895904.50068988,7558448.061479507,11025639.77265746,8026821.971118903,0.27198583151386285
4948,36208977.46126497,43780020.904076494,7571043.442811532,11078108.155560674,7991669.833187064,0.27860698587099164
4949,36130232.92680399,43679332.45070496,7549099.523900973,11073866.231249152,8015027.620878242,0.276221379822995
4950,36106437.92701933,43700578.9889862,7594141.0619668765,11097616.805894213,7999688.428473275,0.27915258127993325
4951,36320797.464973934,43854623.52151075,7533826.056536818,11046338.91476572,8030879.779136491,0.27298267406936455
4952,36433199.74496336,43968981.891959265,7535782.1469959,11075633.346846215,7951237.063012401,0.28209639900398886
4953,36426744.6431203,43970017.79875435,7543273.155634057,11110436.608936336,8043348.166647284,0.2760547177616885
4954,35773286.02068652,43310840.37128904,7537554.350602514,11037243.811626323,7886078.362088187,0.28550293019882256
4955,36562624.335315436,44114631.36109125,7552007.025775808,11060445.144097613,8056896.146694401,0.2715576957592932
4956,36878009.73070892,44440574.997939624,7562565.267230712,11123387.134402905,8102512.080980831,0.27157870322421646
4957,36209133.106077194,43737206.907311164,7528073.8012339715,11108676.271544661,7949421.656408754,0.2843952364719161
4958,36074787.37212655,43596113.566709116,7521326.194582569,10999367.229852896,7930361.998535272,0.2790165258768862
4959,36524383.169916704,44060228.90744102,7535845.737524312,11069489.791020289,8053209.062802631,0.2724859758816077
4960,36274590.63184042,43837951.4361294,7563360.804288974,11086591.688596716,7995906.138404931,0.2787768898687554
4961,36522136.18680863,44054689.62951645,7532553.442707822,11096899.94726348,8009255.572617153,0.27824386894717806
4962,36118109.7723117,43669980.40904408,7551870.636732384,11055383.26665156,7995822.825052198,0.276748473373012
4963,36528891.68902416,44056934.63190397,7528042.942879818,11054501.95388045,8048602.381319962,0.27191632740227883
4964,36463814.43650955,44026495.339217894,7562680.902708339,11101185.89580114,8035206.749570394,0.27618483061259314
4965,36457223.57503723,44010985.029034615,7553761.45399739,10938630.281553842,8006422.947514953,0.26805982637365144
4966,36197578.180044845,43733790.3354317,7536212.155386867,11113731.725932192,7971387.823977182,0.28274426443305556
4967,36093858.57565686,43645175.19778502,7551316.622128161,10995701.851088937,7951067.502852727,0.27689313419631245
4968,36472458.507865205,44044209.0776801,7571750.569814902,11162678.470798302,8039579.006916671,0.27978047312315735
4969,36295312.74315297,43869941.59602882,7574628.852875848,11021752.28042821,7995157.618388603,0.2746019494027332
4970,36312961.26649199,43844242.86777607,7531281.601284076,10992070.26832086,7982632.664990969,0.27378260235499846
4971,36213999.344668105,43764930.214965194,7550930.870297093,11022117.781147784,8010545.353538549,0.2732299261726476
4972,36218657.84523609,43764403.4181904,7545745.572954309,11027859.811164645,7964702.254442935,0.2777653696341478
4973,36356377.65240328,43848079.443252474,7491701.790849192,11027335.201303229,7994857.645464779,0.27499640670033015
4974,36103649.44458948,43651357.71214606,7547708.267556583,10916950.83501407,7929982.987727502,0.27360825311280407
4975,36522816.15914759,44048578.686788104,7525762.527640513,10961682.976359585,8031924.861696754,0.26727265521008664
4976,36335355.3324477,43909765.168437965,7574409.835990269,11033091.2193611,7992807.615851987,0.27556045201311846
4977,36610797.13526634,44169907.08798487,7559109.952718531,11071697.27570719,8027428.365870567,0.27495955082841395
4978,36341433.61467287,43854976.07975966,7513542.465086788,11201130.967510602,8021416.7756690085,0.28387438742252913
4979,36405573.4976733,43912255.743787006,7506682.246113708,11172700.445823122,8041797.710863162,0.28022793147832387
4980,36518748.36960096,44054693.16808006,7535944.7984791035,11081502.922658935,7983526.168588279,0.27956286937722674
4981,36221533.38260876,43798950.49054353,7577417.107934774,11159629.314002192,7992512.167720226,0.2838012856133246
4982,36278115.31061818,43805017.64389661,7526902.333278428,11081485.952819798,7994778.23405965,0.27854637292345286
4983,36599473.66639444,44138063.41945904,7538589.753064611,11005592.998421669,7970541.580224169,0.2757735470167543
4984,36605882.6324465,44169676.09445848,7563793.462011982,11191446.536691882,8115262.83169942,0.27486917753723744
4985,36407540.93799679,43967276.488725334,7559735.55072854,11134340.098830745,8037772.242718928,0.27810968846164474
4986,36074994.021208234,43594876.89778482,7519882.876576593,11033800.632502748,7983602.053268777,0.2764413352049218
4987,36578166.16843103,44141805.134645484,7563638.966214461,11108793.055580555,8072329.996356672,0.27333870061595045
4988,36162566.87362753,43667481.74450864,7504914.870881119,11106296.012718432,7963026.734917696,0.28301688287447097
4989,36506092.95287719,44064390.57045793,7558297.617580738,11110842.439131651,7990421.821893358,0.28084464650928526
4990,36169408.01829996,43689469.685019866,7520061.666719903,10963906.45819895,7956488.15681825,0.27430171105953877
4991,36263533.00117631,43828896.58065378,7565363.579477477,11107045.692408824,8026629.059719475,0.2773389718559165
4992,36200735.25808655,43726389.8818387,7525654.623752158,11062927.745990153,7985682.698069811,0.2781582885268065
4993,36057711.172109485,43596559.42594807,7538848.253838579,10886744.180066656,7925273.187691329,0.27202540478517934
4994,36309957.16478222,43841628.154826574,7531670.990044363,11150808.20727449,8021630.160274759,0.28062343005400614
4995,36558971.72144399,44064349.95572832,7505378.234284345,10907594.784711387,8003406.4562386675,0.2662537787472056
4996,36118181.78342411,43698051.355110005,7579869.571685898,11090092.53999542,7991733.149240275,0.2793808419164395
4997,36105357.02651375,43668053.03164237,7562696.005128623,10926977.802933548,7991812.234316727,0.2686164117427622
4998,36137901.20771632,43666739.48969297,7528838.281976652,10939797.345192444,7947404.59580184,0.2735327405955676
4999,36775457.35001913,44300986.71939285,7525529.369373729,11048072.221929593,8025630.323890681,0.273571880896976
5000,36420073.76481919,43999888.19711506,7579814.432295867,10921611.374369737,7990518.728474867,0.26837547550660923
