测试情景编号,2024年利润/元,2025年利润/元,2026年利润/元,2027年利润/元,2028年利润/元,2029年利润/元,2030年利润/元
1,4881361.844414886,4968050.155442223,5254651.946746934,4855575.010277631,5537114.745594421,5379238.047207841,5495460.436453271
2,4902642.165185584,4813175.1416311,5287817.361560535,4959878.655788248,5459047.845123896,5218176.236874428,5594824.244423844
3,4895387.287380301,4912703.698686195,5309409.960495578,4984827.435965916,5396664.008399205,5157532.963389035,5552751.533160115
4,4871470.955463542,4979682.355931969,5221960.020066336,5092028.256293261,5333462.222245736,5314044.139673272,5504431.271353002
5,4933721.360418557,4994601.750936187,5237751.065119709,4931906.782637973,5458265.7920204485,5185081.062721526,5490133.9025688395
6,4909919.5847637355,4929953.53161812,5245972.1503343675,4913034.730863917,5397682.096674355,5387625.556641884,5428341.260529875
7,4910083.389047556,4838014.367094356,5195459.128775054,4953945.150380995,5387913.951229742,5254900.495895816,5509374.845043551
8,4999685.481197532,4956928.024705051,5314633.943225856,4843523.420375649,5460219.919302068,5366941.039778927,5483305.320113736
9,4914125.524353641,4922216.095410614,5281555.100412015,4913334.462150433,5581023.569831827,5332995.762821987,5597573.015225639
10,4964496.261676532,4910677.628613632,5264002.789755075,5063999.752145776,5412779.804722281,5273071.724551393,5501740.662111463
11,4887484.678979795,4890323.095361419,5322772.759992509,4958523.952406075,5491032.197536023,5278852.6012863675,5538194.740387735
12,4851772.445860228,5004460.381384462,5382447.545111646,5027333.536326156,5501031.815902883,5384093.539575328,5511694.97781677
13,4883479.333120943,4807866.82382598,5290260.547562443,4887137.955788532,5366409.640173629,5388894.485289194,5543103.288632244
14,5057131.340124247,4880484.35242732,5324690.1796960095,4928577.125241352,5448302.27802307,5420192.372716036,5535675.649395821
15,4974809.821408546,5014418.685171768,5173155.973756333,5072283.795214567,5370902.288864587,5374792.824803849,5571510.593287677
16,4895778.958213205,4968741.340414579,5400766.304051403,5115248.392929213,5515984.296229047,5370791.424232115,5620025.400241071
17,4964119.288131863,5016166.744926368,5269822.443447158,4837472.546171246,5431036.608716995,5176703.030104476,5439125.391293629
18,5054937.919173587,4880303.775595566,5264002.485966312,4958618.208058065,5401022.048648026,5320125.094947418,5587648.407172392
19,4929748.334449109,4918647.829970133,5237471.498520248,4964649.101752985,5421020.350074681,5291864.1639280245,5444400.443902435
20,4947638.461442545,4973808.13794939,5249998.443266754,4937790.495270127,5361828.219207045,5319497.222020883,5523535.836695775
21,4917546.6117422795,4932988.605433848,5193189.549242765,5054936.34637698,5408653.474751398,5360152.360180786,5608031.445900995
22,4880324.645219511,4888770.483981498,5292210.142778221,4911491.33615797,5382048.555857111,5374549.496517389,5416204.816043762
23,4944905.2029088205,4965794.277225606,5137952.188436434,4955394.529326711,5526503.215109621,5348654.4354067575,5588265.959014058
24,4873221.161916913,4989058.806163543,5276445.875828262,4882779.182691937,5425604.779672766,5230495.2925001485,5593247.682419399
25,4965331.42872858,4815518.95061865,5222846.776361524,5026059.771571568,5356734.610714557,5240196.027995967,5447594.4731786
26,4905122.816411962,4887180.345708272,5080735.529034799,4918134.098901366,5383781.449915052,5168498.560413364,5509969.602524105
27,4867259.43971583,4873569.4362435425,5328034.737969398,4903009.363574133,5380380.048003728,5274105.625920931,5541218.804083303
28,4976521.218200908,4907824.206827469,5310436.790917983,4847567.340079434,5440850.173612605,5130645.847086871,5650789.889874314
29,4949598.54037797,4999712.436505375,5220579.394553297,4977113.188701003,5507485.543522194,5333075.394316682,5526279.804020435
30,5025591.304108096,4878194.885769303,5258230.790411457,5068632.348208977,5389902.564426213,5262816.98704021,5512878.843460247
31,4870238.384329193,4814271.735136265,5230093.620752743,4900532.719175976,5354906.582265703,5239045.873530844,5483040.045214961
32,4906013.805972912,4835798.610896893,5205264.994457826,4926932.217101916,5483349.63522798,5410187.055796762,5586976.308223842
33,4938332.080885616,5012851.008067557,5248872.665401249,5048871.544085001,5475478.648266328,5403132.001121489,5535835.175480805
34,4977361.402207313,4911900.487079226,5326831.354270965,4987127.481109638,5455438.474760268,5418951.252952023,5453634.4096334735
35,4910383.22517309,5041399.858977488,5233236.561714734,4897462.47156348,5437661.530867422,5210007.087844728,5526583.769599267
36,4890706.450204442,4803841.312356977,5265852.733642501,5001864.762060438,5346878.443757603,5411814.245848622,5600111.939217086
37,4945775.456028082,4929749.195022627,5144334.773175295,4990095.560406696,5451040.643699766,5348976.49630611,5619171.543908619
38,4869211.377359408,4963619.444527157,5263350.664154671,4985243.6782238325,5397171.40757468,5429717.790319619,5542363.765991585
39,4973006.890437377,4844873.645650795,5346500.464347759,4959693.59886895,5493540.378438282,5364582.557784269,5549919.535956607
40,4972820.9861097345,4976410.608611682,5236593.497265254,5037924.614274626,5346415.4416612135,5298734.246203141,5542257.269507539
41,4951481.263255342,4942055.200291308,5226618.550578452,4923259.953203325,5389131.883170792,5413075.011014324,5495305.343170202
42,5016165.575879505,4870221.167758837,5332644.421374192,4925693.527684321,5430236.797729574,5328847.294082814,5452967.249496788
43,4871782.910126655,4870983.79265165,5259050.671215879,4925880.393634587,5502523.483290446,5252019.846885992,5275245.200337749
44,4966230.69374091,4888243.91458719,5144273.810482807,4952850.390307036,5377591.610287368,5282582.737709312,5529810.289376837
45,4908977.579267343,4936387.290275141,5326830.281076654,4954091.4812284745,5468817.524067608,5303633.406599471,5699271.558281406
46,4903424.9117740905,4973654.566997194,5278001.725575616,4953975.85203318,5341729.387277979,5369098.109500308,5572489.700667073
47,4955444.776834278,4949815.101127086,5223560.096360137,5032977.839494868,5426969.399171106,5347940.915173735,5617219.898665358
48,4943838.992324162,4825910.902276034,5182875.726572082,5029104.254244787,5407226.314935936,5416836.074791841,5668415.4341273485
49,4909604.974617268,4906753.406326731,5256949.948283599,4999727.342314889,5465641.7600257555,5380821.216027908,5603550.423319758
50,4889842.018826041,5000616.084177855,5334245.538153962,4945439.04699456,5596472.12073555,5262441.320924143,5538713.620346203
51,4876839.813066332,4952432.837694588,5314208.162096728,4999020.145676699,5484816.610751106,5305158.981631899,5562622.966945708
52,4912076.228528683,4981183.358982133,5216774.546208582,4916380.519570431,5525412.987808647,5297116.236425083,5469296.642876726
53,4886986.998281652,4948357.203731718,5285623.923938014,5041598.174265013,5352193.6192955235,5254468.307694927,5502133.4716463145
54,4952829.458834923,4915975.501638018,5341200.30997371,4974225.403111789,5383312.136517482,5468488.889918752,5725233.169108038
55,4938279.7371447785,4945298.403655618,5229882.557575749,4982008.820387052,5526870.95079657,5202090.801613081,5616776.53313493
56,4939993.631223787,4948900.735778988,5257500.51498753,4900671.463727848,5445757.751676539,5320441.847499957,5523280.485051735
57,4877356.503049167,4953019.656948268,5160499.777423066,4890138.274542888,5450779.4959819345,5266385.997967746,5442294.094730437
58,4935803.972575378,4978178.879720858,5205825.874876402,5001927.663815188,5442286.69846203,5357306.476965902,5526782.416998453
59,4873154.961255692,4983656.740219489,5260457.376476115,4899299.934845246,5422419.303952821,5312055.961014466,5416584.891470593
60,4922473.079593205,5022305.0447074445,5364460.037174385,4880652.978271465,5406197.617849171,5313743.107516071,5641423.886104914
61,4906347.646351748,4840807.794586253,5215955.948772514,4874984.37853508,5396712.37478903,5244651.357353691,5540092.182455327
62,4987750.091485116,4982357.099486644,5254724.2469776645,4944464.4451722745,5388389.960623418,5318406.3250434315,5561367.364408779
63,4993840.726167183,4861474.322737962,5216317.615839619,4931163.392892009,5486058.891895132,5363538.9658539165,5548317.526282305
64,4969085.298919164,4972019.605301024,5248421.361552956,4916707.683887559,5508497.79600499,5506069.399617006,5484747.937458527
65,4953396.346357685,5033882.752829273,5365417.11620471,4996615.463101182,5409151.435546502,5375478.540864463,5559299.694485465
66,4859272.835405396,4916694.230663277,5267144.716685187,4913788.0728954505,5483513.111969205,5421420.003608058,5601692.761841465
67,4927746.214542538,5036471.895183844,5216318.769701421,4987586.576190608,5506203.2047894765,5361078.047515886,5573682.034262706
68,4903378.049352841,4929657.163423472,5277908.8839364955,5040815.452314646,5426233.912260495,5366409.177210532,5624367.683446705
69,4972161.60062547,4901740.811223623,5256190.186145322,5032133.070298246,5533702.620566244,5376147.964936935,5542229.044632208
70,5000758.153180563,4930332.520235067,5263229.983615196,4977973.801930824,5406918.143122149,5266551.288834181,5403583.6375196455
71,4955170.322387053,4882904.789737744,5243646.299539837,4970019.059730629,5391641.053193308,5372346.250653498,5537785.355683675
72,4992577.9564864095,4930265.64301973,5268939.413018446,4984530.1000742,5479093.574208673,5397227.277750784,5690478.00105645
73,4986701.61939542,4893472.620336793,5221511.188994869,4937848.405360132,5497244.669691841,5293749.261657754,5513221.078823813
74,4928469.952943691,4932845.5056458255,5348405.677927119,4961239.472451581,5346564.545607598,5294831.385499468,5548041.796103228
75,4882193.451193964,4862075.48126301,5137234.14646313,5010649.906231772,5436819.577543335,5306560.309587687,5667060.938729305
76,4937298.824900131,4894826.642595202,5395393.546487741,4922951.250641235,5464520.409847034,5288835.911362784,5555758.293180433
77,4917224.381088744,4969609.633486263,5319243.057160639,5010184.864368193,5450331.4989767205,5424108.5823051045,5624893.635774905
78,4849812.267544702,4970139.328040145,5222665.576878973,4919777.346112762,5348176.9035157915,5410849.298264372,5711720.487843843
79,4969222.838477444,4879529.527003045,5192141.164995107,4948399.441453605,5516960.546254228,5460342.967894613,5710419.697764102
80,4996176.177702254,4972138.555835398,5375877.4770993795,4976532.941312627,5452722.559219742,5370185.833250766,5469817.307151608
81,4930759.025921166,4958005.838595454,5221885.073940359,5055746.867225974,5344511.919305826,5225291.874419535,5439088.327822469
82,4957725.936522858,4920491.536504076,5330309.008903775,4956036.94593602,5525939.756993994,5358483.988172082,5561376.047756111
83,4863675.450799711,4934746.250885671,5324524.538057597,5021392.523846852,5386555.335824056,5337236.265015989,5593717.605110382
84,4883995.790678863,4942558.868483208,5280910.436889042,4985935.557325346,5496988.137228271,5365990.082282059,5515992.743467487
85,4914075.871709352,4929479.609635209,5129370.771432562,4996368.286891607,5446064.319246033,5279575.7360748025,5510824.365924345
86,4904569.858350328,4867395.86933832,5246675.240086554,4930215.227175022,5392027.779986579,5299354.08463881,5548744.471279352
87,4914459.227753987,4996072.278934079,5400544.227923763,4869418.736067836,5464633.370696861,5293445.0158268325,5628633.546528759
88,4876356.909487756,4947141.274379682,5203808.831271523,4976975.232750994,5367824.172318957,5319927.605899245,5484976.450047219
89,4941440.150443099,4940300.664067881,5256926.543739019,5031028.827393847,5378638.663159694,5363822.010147257,5714854.036872815
90,4985277.433442965,4978359.684117854,5267526.604141707,4930318.236279118,5454790.519642169,5388491.907570675,5531440.9413206335
91,4905452.119043233,4901136.916774384,5220368.9117423305,5069413.446809438,5443352.634499055,5376494.46183946,5565316.753967229
92,4899420.371113268,5006909.778401011,5346686.779980291,5033157.913193892,5526092.22697163,5343775.49758988,5564542.778176695
93,4870972.321744516,4933541.678714417,5238324.882642421,5041924.881045009,5437712.332481582,5251190.379167399,5505616.9070027
94,4884008.890485576,4883585.846179726,5212475.431298902,4956213.499296921,5472064.476922888,5211033.730921104,5553524.766465502
95,4997421.204538388,4927305.931115091,5166621.823656628,5040815.87047175,5491219.740091039,5313313.230880964,5634168.246387171
96,4891079.43300063,4979041.283277721,5257605.726110958,4963310.523783881,5451289.217497881,5305493.5746423295,5669823.949693943
97,4866567.770615004,4847651.146221114,5195879.774215415,4998020.85196957,5429889.354723582,5397895.933181025,5416452.22978201
98,4924866.451451992,4803179.884583875,5208335.947727218,4886713.013716605,5436307.048583607,5453510.65825169,5421917.406107619
99,4946281.30375678,4920601.632718153,5251070.217320683,4956809.639548847,5432087.856998297,5307302.861760609,5630873.91090755
100,4992761.955403306,4865715.050908161,5262355.385585621,4905676.629332682,5544927.676152858,5386817.193162877,5666012.466188709
101,4897843.953848361,4992017.785031492,5157941.527704917,4932014.713798394,5503530.628296724,5376351.354373645,5611050.831336135
102,4945747.121670168,4980881.534331766,5367917.780307749,5066665.714847128,5543708.488668818,5330982.856553551,5540708.260125467
103,4942391.015628699,4872290.516983106,5380898.231489864,4985372.0548613025,5494653.229700668,5343393.322687219,5513817.847502673
104,4862322.559755565,4878095.351140838,5245371.775629121,4989714.720814743,5541227.86444265,5231210.286578278,5504924.985524223
105,5028997.311467303,4966855.036573655,5210597.717908107,4934940.092376779,5419791.026087878,5310039.203239834,5515952.705246426
106,4879833.442584385,4835164.901942644,5241197.30681621,4968470.79753079,5526264.243896174,5203962.377084579,5536981.139676977
107,4906970.673905309,4798923.876293607,5281753.52169277,4795721.919169041,5404395.008336524,5379149.979982492,5621708.67190236
108,4983228.933024198,5046214.789802361,5255541.266008877,5072065.303874641,5354889.81863653,5273886.378762811,5614982.279161416
109,4911748.608059847,4886862.535485066,5268770.09763017,4961185.348567404,5550063.007687872,5402005.185682394,5603957.074428336
110,4911861.904450777,4914229.16786576,5256147.971015647,5004074.317768605,5419024.000170577,5185864.020473634,5494425.262241056
111,4926876.205990875,5038364.118383369,5308601.153956247,5023169.209547693,5385568.7402580865,5323752.5479284,5466756.5796602685
112,4815651.375999276,4953077.647730577,5300598.337260237,4928470.972496992,5460789.39751395,5383941.568033074,5612762.372312466
113,4879208.6573726535,4783732.5795161575,5179459.030752127,4984233.871692123,5514377.225735377,5405214.395503607,5561625.092711916
114,4985061.233524566,5076427.511158079,5281260.210777481,4958873.052165161,5449008.542906832,5275381.130996904,5497557.655985786
115,4948434.291392237,4908259.157986845,5270928.81349164,4982486.187770718,5454577.787582898,5325078.226560639,5515610.009830697
116,4957046.443908801,4895532.779103696,5317370.429677915,4967220.552496346,5422662.700752511,5384543.46782642,5489222.592546957
117,4867779.25789978,4920360.325886431,5218993.865965402,4971796.930205134,5372734.775206446,5179498.163024164,5521569.154627526
118,4992862.3433458,4912623.214980326,5234104.713738554,4901782.991611928,5432844.2600340275,5311186.70298742,5581977.809304072
119,4945327.462826072,4873660.178697962,5317807.944927597,4870302.512230474,5455340.455081293,5311431.357321033,5576250.491774503
120,4945401.971495588,4836380.70409825,5312290.13245809,4970022.2836412415,5370904.202702038,5331998.936843138,5484814.937373792
121,4846201.809801245,4810418.3028967045,5276623.121655969,4970676.739243251,5530088.546581381,5313473.693654155,5528696.157637116
122,4936531.57482354,5026541.354082903,5249227.271419772,4858110.26908119,5544126.082142932,5283523.023408777,5558615.250841072
123,4931107.189454251,4875600.30369575,5252033.3453720845,5022309.67438602,5411884.684718927,5305121.845927937,5501522.069282433
124,4965460.841495158,5002786.174010144,5363945.340783071,4979443.759694157,5403214.757168512,5242385.88406464,5570750.346919632
125,4997796.006875978,4843740.147350743,5280336.150649619,5146532.178611403,5489160.881748013,5316980.954052086,5471060.650981319
126,5006225.236720229,4978373.399530708,5207222.336566822,4940355.1843193425,5479071.0973283285,5278451.836927219,5514960.163272224
127,4903749.383055616,4960927.944596971,5298794.938797992,4915904.364176361,5416317.6423828155,5375683.875485152,5571726.75777631
128,4934773.75278273,4832653.316070857,5332470.872157692,4959233.806089576,5364531.522746209,5274533.028616799,5507781.143908044
129,4933779.7824061345,4973848.699529364,5203016.550693085,4939773.638920441,5424064.463885112,5263697.9388324395,5552774.466363496
130,4761551.987449327,5003430.202860005,5244770.742808277,4888317.7796832025,5488381.534623122,5228629.42284806,5602683.928624673
131,4872741.879265487,4893437.858261016,5369744.832761512,4937751.389162992,5412301.347117809,5322675.920828506,5670981.053906664
132,4903114.349700171,4885198.59347666,5280584.486808636,4913398.62715832,5313260.419360036,5257352.627938507,5560895.449173912
133,4944614.299977736,5003074.536372848,5381586.442883996,4853351.715644009,5366355.026517797,5424106.619961994,5550664.668925956
134,4920995.167585815,4832367.652903371,5275315.785073341,4976365.14017754,5353018.401484623,5283351.020313721,5504488.017471006
135,4910066.685088068,4823734.369563829,5256176.804852035,5002264.037702077,5475804.439048747,5259919.840291955,5521827.518098647
136,4985220.175212627,4892719.241323581,5284944.067298725,5011181.052007629,5481382.019902408,5237167.881095594,5402142.600952283
137,4897751.7576095415,4877210.2299122475,5215353.558687292,4969471.057063409,5506618.438840875,5282501.721937574,5633561.1019611545
138,4815674.557969124,4850963.6518020155,5188983.116970667,4962667.413249156,5297466.004405179,5276960.432652791,5476413.794828913
139,4900973.659586135,4788028.404990013,5299848.891662657,4956964.702747162,5491966.645903501,5245661.289518625,5587205.74893196
140,4936951.886902675,4922819.974006323,5294633.266851594,4975946.092591327,5503514.386236206,5272794.12297924,5539123.083016375
141,4881595.655194816,4921760.558234473,5329699.777503993,4964291.829963062,5404121.1152734505,5256763.396315808,5498981.299865285
142,4826982.794576596,4911138.452942908,5315337.583363304,4996009.2129073655,5451856.006826612,5354176.022463457,5632577.025469255
143,4970798.467913802,4831577.558758574,5201029.30375746,5009093.824625524,5369804.297811919,5350758.389347569,5573278.526333543
144,4981078.9091935605,5021267.7395232795,5351848.104203666,5037683.232270182,5373233.390125677,5267498.411974985,5556174.15228115
145,4984078.873266091,4948326.048956949,5214163.903837625,4955618.482649018,5540188.3907898,5250587.335247827,5514021.936896924
146,4849643.459301685,4807435.255652099,5201717.084813925,4972356.064464918,5466118.018053446,5335201.537995593,5493757.132142212
147,4952365.187301777,5004683.327491064,5396853.295868311,5007601.291290231,5430463.500844939,5431868.760904663,5502211.085100878
148,4899606.985428636,4946721.539342402,5309523.495319353,5026164.862556483,5537618.450342755,5318959.093372884,5576258.168371759
149,4989399.603881543,4863525.07645204,5183511.019201672,4941394.049425495,5339023.592355622,5454321.047587358,5621694.028678265
150,5029530.384284286,4885965.398146289,5184352.923648488,4928693.019157114,5451920.024689488,5356392.568531253,5507289.390293919
151,4986451.449180124,4931819.998167458,5243468.383955981,5028707.789981991,5373161.767231987,5351228.628096525,5553411.877172907
152,5012202.45094231,4947655.850684056,5324627.442314263,4978809.705122611,5468714.387231692,5401315.560783677,5619730.148323419
153,4935449.966926807,4935277.981357646,5188278.368317193,4920271.587457282,5303330.832529826,5164704.370687323,5548352.036637665
154,4931056.550823638,4874539.4177253805,5288203.727361855,5014273.969569566,5341180.378000084,5333730.237880785,5471186.945876226
155,4926651.872395972,4931215.683572428,5270744.9128965,5021707.015472738,5390550.230925822,5336355.724495649,5539778.576999412
156,4727042.124376387,4993903.590918131,5199255.108011828,4903887.401934324,5452490.292518474,5363486.591191476,5609757.740834986
157,4950439.093189043,5014206.767095102,5351459.695210185,4970762.354184759,5470489.454949355,5234960.036074609,5572907.062122587
158,4948062.7754298095,4987749.326833462,5212551.407533571,4914282.640048388,5313107.8881339785,5341050.338042484,5582112.634969577
159,4927606.732502369,4933211.654386746,5256896.981755351,4953102.369360405,5400181.848383994,5454640.86047826,5604584.94018401
160,4985353.720445364,4887858.164902521,5302561.901409255,4895693.232773286,5474326.607874801,5436182.860153394,5509893.343133531
161,4952912.053266139,4996151.483791076,5246081.951314022,4878952.189871418,5381145.452477259,5400186.270780021,5537355.121200315
162,5002524.066313465,4937842.55546861,5216074.55171961,4968939.432196177,5467170.341074725,5246993.730059284,5628945.4265858475
163,4928536.956996741,4904158.722522816,5305909.632897807,4963043.811181866,5511557.615155312,5285432.986560497,5604690.233267572
164,4949576.153456831,4899747.2080194615,5259055.40303692,5002491.451754944,5338436.968473737,5348096.797717079,5619834.651347144
165,4850317.111681757,4821301.102567835,5301415.826918638,5036167.630180916,5551564.290118928,5279372.371145203,5581758.824072482
166,4883961.890053775,4958449.435155278,5219345.97575261,5059009.867472475,5381052.064701403,5356734.288492808,5503627.849378575
167,4932074.676987586,4930650.9210190335,5196003.252492051,4881669.267892673,5420303.0470564235,5305290.769969208,5521433.590202266
168,4864903.971108464,4981217.46537342,5154613.000490114,5033672.10521213,5532886.031399453,5308878.181126299,5501234.066852012
169,4891678.002182565,4956415.467593759,5214912.1310415035,4994902.071972366,5432866.458395178,5317817.335724553,5473459.211192473
170,4960966.628833419,4944977.006629085,5225450.029071598,4935749.279835462,5364148.045832997,5359145.947336648,5598596.25445126
171,4972446.908967873,4954383.791588839,5263766.610469588,4966623.358934028,5455310.720883738,5360052.359358735,5531553.916938119
172,5065736.920226153,4929644.489466476,5259855.52753514,4917078.856933111,5450894.715305671,5255212.007458562,5432366.966993505
173,4944312.562648662,4961845.256683331,5297519.984347684,4953854.389072828,5406431.528143554,5315872.659435549,5633030.257678194
174,4949649.59295159,4896558.524209022,5275287.155819813,5039224.779557396,5391601.717265784,5509277.176314208,5603517.984741714
175,5046769.5844796095,4901001.70614017,5218115.842623956,5029033.183857408,5567665.046769237,5380667.215955572,5583234.611808126
176,4995357.472466782,4917195.19352582,5355086.31511982,5062358.246721772,5411496.564615086,5302782.621265508,5480658.019935584
177,4965614.802886261,4972917.253957531,5362530.328111156,5007305.000359787,5458585.661553506,5224732.812737683,5537642.504299913
178,4952714.528045798,4983449.412186857,5311050.253674846,4917616.607322101,5456589.733376201,5261266.526995576,5633619.302332483
179,5013165.851906302,4899449.231707177,5257727.694124696,4985434.214348792,5487336.90531157,5490269.406838988,5528205.722100762
180,4903582.687910316,4902244.074142066,5216221.922681911,4940918.472469113,5403963.913511971,5307652.175927687,5600607.024344875
181,4954945.569166978,4875530.033947372,5210200.513624703,4881351.113180373,5418636.438842634,5316383.177079098,5541943.14986271
182,4927144.834689007,4942347.953593725,5165494.6689407285,4969160.703974987,5454082.271833455,5257929.544089343,5560042.139076138
183,4871754.350433545,4879207.683698159,5330308.157012862,4867094.611874723,5505799.312851679,5309499.759361204,5430860.37246301
184,4873621.652147774,4895950.733809679,5161006.860816404,4999284.03192834,5467262.836152866,5353021.096025106,5640837.584261894
185,5003424.5080905035,4993897.72333024,5376083.291974358,5023420.784571638,5413377.677179311,5287989.079689971,5584976.639688622
186,4847157.038133167,4902710.316562641,5321505.541205936,4817051.769054591,5527756.430015426,5408808.286533344,5457177.168509129
187,4902228.22364608,4875157.72092541,5262985.813320824,4954236.327902216,5401558.0658511855,5285973.123724272,5485549.331719806
188,4911758.204817336,4926001.639161171,5159831.860056893,4857673.798921888,5427086.503791561,5276502.448089966,5519594.315435721
189,4938771.028243769,4871394.390121884,5377607.602635562,4975616.480738673,5492303.573184009,5317397.001953868,5558121.199832781
190,4930805.293739951,4921326.415060947,5226651.217588442,4857670.063159033,5471715.2698638905,5287107.977931684,5447046.590481925
191,4852428.530173344,4803880.899385307,5241946.113763868,5047724.512236817,5477069.4735262925,5364680.744487049,5532844.149085477
192,4930575.740969877,4957103.569366155,5320866.347863614,5087425.317165984,5470815.643053474,5424354.024211696,5627282.194351561
193,4949318.138119248,4879793.670856358,5342500.500208915,5032195.862068836,5459959.15742628,5303960.499104219,5673936.8249219125
194,4938861.699640275,4881980.673560151,5266961.073615662,4960408.964095243,5511132.593849973,5365162.894146646,5596293.2115571
195,4906767.552351552,4978832.043789861,5349501.027544288,5009080.877130675,5478309.555830316,5430794.317059302,5533355.924061482
196,4943163.410443351,4991309.246553203,5358707.6438103095,4960641.197369325,5457049.165483993,5365188.903909381,5548486.626430454
197,4877778.904862713,4817984.352173103,5198180.362062665,4922744.0223356355,5463193.456834761,5339515.460913848,5583385.272871666
198,4826210.633759677,4979206.760658844,5233578.150456906,5024820.560837047,5393167.559543326,5264021.5997001305,5669073.454804972
199,4880318.370155749,4971588.0936892005,5269693.59597473,4954069.655325941,5409361.175532185,5330534.742615103,5562780.289491659
200,4882062.158216222,4875710.4419409055,5226443.780357946,4952690.403958022,5447864.678454367,5341450.569957386,5560632.290770509
201,4928242.455935999,4956744.439696165,5340192.654785052,4962069.324862992,5363355.065640441,5421086.124559953,5695052.655679994
202,4875447.272470553,4905049.00876456,5416016.3312448645,4867791.98003949,5445732.60220241,5326499.935886491,5534614.077566698
203,4930981.8188045975,5034367.010772536,5268915.290440451,4922888.523734012,5425583.623852524,5318023.899224104,5441754.9360350855
204,4969605.370719468,4942814.384166085,5313524.098981124,5059292.496913946,5426091.154064792,5331271.739991751,5472429.18734923
205,5009539.528340811,4929279.379774038,5250243.563444031,4948227.197304379,5450208.6663399665,5410642.558897372,5419266.03812146
206,4891735.960958769,4860914.643992345,5301711.793954123,5009346.601777401,5486420.379537404,5251065.826873591,5598362.788991246
207,4889007.363501747,4936573.519470384,5287669.609334397,4898229.509832681,5372066.858096969,5413114.836259087,5566677.928091735
208,5001974.374585882,4882826.452802568,5219223.710023594,4915890.917480858,5415980.700572224,5488137.486614915,5486852.110137457
209,4968645.587835829,4992247.251213661,5218052.689063584,5003366.658764716,5474258.528456154,5240926.511287788,5578110.7348148
210,4890259.5824285615,4918773.320452625,5342778.053299383,5094190.474225298,5482976.8569067335,5343998.102978559,5555042.190000362
211,4908126.609762618,4878283.1912087295,5265177.955324814,4945752.672096699,5451361.239264747,5309380.466144723,5563120.892416157
212,4811635.75482705,5001544.884218727,5335511.530398238,4920823.435917888,5424285.807760675,5354852.147448005,5560697.137632895
213,4932646.1724680215,4820801.717320985,5187361.881883251,4837228.590718168,5365616.8783122515,5300455.292484039,5542860.0750765065
214,4948510.389174892,4905190.217426605,5282789.329361231,4876772.349018251,5462745.334281977,5314558.0975482995,5531498.975474056
215,5045220.115655848,4917713.551130123,5182482.576888744,4972180.252689057,5311098.188512089,5169653.171966897,5421928.503195131
216,5013607.354208652,4905086.1660419535,5266522.232755658,4853885.079297724,5321718.100954397,5333563.771825151,5505862.409680285
217,4889510.696128515,4906881.626048467,5161729.200256605,4844400.206964903,5269062.578193426,5272496.90344795,5474487.1281859
218,4930674.394035158,4896151.889277296,5367757.943862523,4922611.554677409,5450970.962291377,5345135.342268236,5590042.162823586
219,4976972.443660578,4792651.295209574,5377843.4126246525,4927063.726215422,5406089.3551516235,5302435.50966453,5515864.80264859
220,4871019.252267441,4844629.490370367,5335582.331560793,5010539.1070004795,5498043.661126958,5380120.443168306,5594794.376327758
221,4914421.219920285,4935044.536501729,5236315.392645896,4975708.293406662,5408911.127974069,5183624.26024572,5569915.691908231
222,4973889.105106684,4988387.841996869,5298211.710314934,4981395.63888913,5477669.606806522,5456419.15032674,5527111.960985526
223,4888752.394363522,4910287.78792412,5180451.055153936,5005243.324671855,5428087.991084802,5312318.902912227,5493107.510634206
224,4925721.3765152665,4887802.347773906,5178003.597500389,4951022.243681185,5465129.745012597,5489416.396695065,5545187.442905889
225,4856995.395677068,4887917.3641376365,5196049.071862771,4956909.908281102,5346278.617557742,5336950.147403457,5555538.614609587
226,4941177.933373665,4966987.982363816,5333879.640580058,4857397.13823762,5410049.273617888,5189543.200120743,5621286.157174419
227,5011089.244851299,4931573.229407329,5343190.165709486,5003616.72682211,5416050.344414555,5387382.249020542,5748519.828247665
228,4858864.2470593145,4981879.040763932,5246139.318485016,5008178.547113181,5485790.392509466,5338944.590230729,5554318.513629768
229,4882399.701380147,4900225.596949576,5307791.0958328815,4993260.109233927,5509694.409369487,5465372.729483277,5634953.081411127
230,4895009.811497557,5012899.843881721,5256776.872932798,4893960.366031568,5432105.825148374,5254027.437689327,5443624.157533905
231,4819181.744909111,4959736.13817395,5191795.852146024,4907363.674243265,5490801.151117948,5407714.963674359,5478692.923801377
232,4977833.365771517,4890985.365083317,5173829.889517424,4908397.822249108,5460861.244088407,5360917.011447069,5441707.983567408
233,4955532.178307684,5044976.139090346,5330200.872912982,5023239.856061443,5497240.867165073,5287353.710009886,5600225.588773232
234,4938329.285968001,4855414.580139263,5162163.228303723,5024845.416745729,5448338.543295483,5319744.361485962,5519635.717378346
235,4970569.292509351,4876128.4075716855,5275931.184853475,4921609.781433508,5350577.818918802,5467844.469268421,5577053.627810971
236,4900344.490814738,4943076.58178034,5248916.599085274,4920354.724910305,5469873.780739529,5195802.680000173,5708822.0756865535
237,5061585.128297591,4947422.635096745,5264341.265072128,4921766.308782482,5447890.285767482,5259219.518067049,5680465.075392137
238,4998635.006947259,4935089.511761483,5172374.774513785,4883567.322028392,5392921.840517726,5264595.806425594,5517147.786097968
239,4955615.3400681,4827002.529123262,5255992.070609126,5067063.500733858,5428903.90769095,5468677.962455403,5530896.719251425
240,4935186.50696327,4975570.12221908,5275511.667864449,5022269.445234405,5489944.328374809,5362004.97415716,5600757.543078797
241,4928845.671360811,4929350.833899985,5228447.479590452,4964713.449002337,5362597.103024904,5283734.946593374,5577638.693944772
242,4909593.5951146195,4888320.236062553,5286277.522873946,4993243.9399324665,5342879.421319841,5266454.156594384,5515786.448456507
243,4888139.016993616,4947331.940118893,5310075.114128142,4889703.353407073,5370006.848991358,5180357.579244645,5514851.695637298
244,4962254.5431681005,4978330.493306978,5331254.026739376,5011660.870203954,5425103.233138919,5305108.035356639,5484220.350584563
245,4988248.390956765,4924404.283847036,5220809.215427088,5046953.273759006,5423813.363899499,5278821.735668601,5574234.8435910875
246,4998176.191462304,4876139.718572082,5220090.342381079,5033044.729477223,5361180.246695071,5251058.305372096,5552723.852853509
247,4933051.164333309,4899960.505062387,5343473.355222173,5009482.568153465,5443999.064016331,5416838.519607108,5583632.965413504
248,4904671.251345409,4857368.907030896,5322664.63181522,4928039.954090897,5362155.482980992,5254734.872665662,5558747.195125634
249,4869711.136215812,4900257.743756392,5248294.224004492,5056242.840252405,5471473.634779787,5357130.915620179,5525349.688369805
250,4926139.547103652,4904053.041908776,5152544.02083632,4955655.575971133,5389620.560163258,5347613.569781428,5502609.303723855
251,4993761.289981053,4878429.931528446,5334658.840787289,5008550.407938473,5458612.786991422,5327387.298988755,5617494.229945935
252,4838433.394784889,5048559.210726656,5309524.276918154,5026616.39040348,5506641.247837497,5345168.779452697,5501570.8790948
253,4960753.55188272,4857577.198406555,5191146.05807067,4922728.392252354,5516144.9070505295,5420872.117494037,5575201.467499002
254,4811828.666077031,4920800.408575047,5248254.654087575,4953456.201091309,5366539.259065841,5257718.414638457,5493145.173098994
255,4826819.407798318,4885179.511048279,5336142.511820935,4887891.382658295,5358632.014883603,5342752.941277092,5569057.721541206
256,4940063.503107548,4893351.856840774,5215410.042538006,4973301.013623263,5429821.236713145,5385628.934096886,5527649.008562287
257,4959486.92702007,4865052.449228882,5283785.00650765,4863567.657072437,5574266.429716883,5291573.606785178,5522128.667959076
258,4933104.324590303,4936458.99265499,5353654.644095677,5032979.960895255,5512681.978629166,5225908.459072707,5718735.246164432
259,4862343.356096006,4897934.666349225,5322188.518752962,4910504.994317338,5368799.772828516,5356408.369596167,5386018.688388343
260,4909855.130388136,4855727.63899481,5199586.763794052,4953720.340924569,5422175.2362433635,5278176.279338388,5524684.331857986
261,4953694.174780821,4851357.627891826,5193593.600745695,4973927.189764536,5447260.785717681,5381950.550008915,5397678.097634587
262,4959851.91304468,4943285.754323961,5271559.207609263,4953854.267455088,5429807.180454367,5450543.876323734,5603435.93017479
263,4895681.360398531,4894790.172747385,5301130.442443153,4993453.172189178,5416203.520233352,5467612.069665057,5518228.1713747
264,4969693.958974596,4857745.066955088,5269512.007066114,4925853.635120646,5492485.157401049,5249757.122225435,5503976.198260935
265,4939733.061406824,4900484.019105615,5224025.648495874,4889805.964732822,5419841.595837069,5267797.123252185,5458901.332707462
266,4865037.491288393,4901728.259873128,5215150.258520753,4979764.72661416,5448582.47069433,5470156.877054908,5760612.963638765
267,4887098.889132084,4952123.863176795,5213866.1386242835,4927874.806362038,5471871.1253626235,5365339.810691497,5623021.081047649
268,5002151.467251064,4912507.790304773,5363895.118340753,4974301.592403575,5510568.0754808225,5439802.1084575225,5574032.3259030655
269,4929114.902779611,4972974.870876493,5148784.568743334,5058097.590709462,5436738.992651703,5236697.514211499,5596382.792793216
270,4931925.443482843,4849212.275534495,5121599.03715425,4844849.964737561,5441401.8275561035,5220978.854052476,5614974.147715148
271,4908591.202947545,4937235.069391116,5289530.513122677,4902014.642039224,5511067.86242436,5322278.560661139,5433150.794369186
272,4908528.689570093,4835519.482115669,5318389.409040891,4964934.128714637,5367336.710688603,5364187.777942272,5570304.412203137
273,4962020.858868114,4957873.705021215,5298796.057737851,4958964.065383601,5402540.573371867,5267805.203292688,5399660.0361728445
274,4957978.5579311345,4815143.992006995,5258826.801037462,4926523.433605993,5508422.52028437,5358894.8789840415,5608894.866665138
275,4902124.252292194,4946170.27379308,5218317.481297899,4925162.146744744,5468954.83673818,5276249.998418812,5449677.35750692
276,5029214.4189100275,4953783.076328856,5369457.888253866,4965728.284337919,5372993.294401137,5256149.21064884,5511558.088533418
277,4940206.016619922,4966360.554537227,5280729.785719464,5038378.797127643,5496659.1058344785,5242105.451625774,5645520.468491897
278,4950893.807610411,4828346.280313717,5296322.304726147,4987676.040329967,5332162.784243567,5364731.386885184,5610601.944218395
279,4963358.497870061,4951175.832148923,5262544.491540799,4962921.036626092,5415957.136208603,5331336.395114668,5581669.116796105
280,4956668.208583982,4922048.722829957,5324289.549126864,4956271.690235032,5388634.0843488155,5366492.217202875,5603695.437202245
281,4894738.65338213,4832920.762610409,5236898.920330015,5039489.150259386,5447514.986352759,5208420.712829376,5470172.365947022
282,4881292.57661953,4864621.5220599715,5216221.8635303695,4942999.899709992,5438817.674451304,5402191.629144213,5525307.90127151
283,4934579.831634471,4957283.26529446,5332759.033904174,4992827.224613709,5415286.526413571,5365295.1915355185,5571225.926454814
284,4926463.086337833,4938608.659822936,5350063.80867687,5076893.580979303,5442622.944658858,5446608.1629399825,5563170.644531168
285,4905491.979454843,4884086.255455701,5255178.480844149,4944573.471855984,5418502.681941398,5252106.175154042,5580647.258204377
286,4787324.147663916,4883582.651341447,5213272.363642366,4913412.449740283,5391351.974447783,5309599.310486138,5602366.650711662
287,4891032.878363111,4837154.65970648,5161810.766448633,4873193.557447872,5460221.471303111,5318562.987272018,5562909.15226578
288,4990416.703776153,4916807.872800715,5163646.328249337,5013611.019168615,5333257.055610916,5343411.310376927,5498370.4660137985
289,4967029.291751844,4890311.594528471,5320047.747178209,5082486.689049275,5440689.763298333,5287798.381284387,5520759.11426768
290,4908279.751568934,4937259.551088932,5207828.976809714,4992644.240015602,5443896.798782969,5269344.385741785,5563421.772101849
291,4868889.425463189,4959200.988859388,5222048.448592844,4972234.308519737,5370725.777476222,5214501.822053591,5536635.774432806
292,4860225.752808398,4940660.537669441,5309956.862153572,5087840.787023233,5502446.383276636,5355474.119806618,5639432.097174778
293,4921162.894004051,4818327.771387203,5320119.42957718,4955015.772994784,5461788.334809599,5301696.02659566,5531196.367894952
294,4904556.740485374,4977181.025693666,5326733.7478581425,4883969.142535442,5605143.857673662,5298273.888214573,5542844.437098993
295,4862854.025844148,4936275.933120694,5283040.791956842,5104661.249669227,5389226.954919045,5287824.833121508,5496146.336760509
296,4892726.378639668,4934275.553986546,5270864.170753972,4960064.008404924,5459599.482980196,5425202.455101639,5707654.46937497
297,4897170.730884114,4950720.081255105,5374048.062011497,4992105.043391587,5462452.059172633,5298984.205898507,5479700.24123689
298,4906869.0328242555,4924903.502812126,5360626.696086725,4942802.413523427,5490250.844070049,5370021.705878058,5696144.818220306
299,4982018.779433409,4921555.03927071,5270421.357438539,5002335.535457395,5426985.140491627,5316635.628360629,5612487.586138598
300,4928512.572727709,4865690.930622346,5171783.212980241,4918912.768849768,5373924.371163952,5357504.941576065,5576291.49482577
301,4949613.373366137,5007079.46758271,5204983.698523469,4847433.780371051,5417637.045301408,5355000.454184204,5499351.07699152
302,4921931.857056117,4962554.196965903,5146578.5250949375,4765803.968010355,5307094.76436036,5196560.406984156,5476454.12947957
303,4926817.877394811,4849323.831179592,5245038.092457764,5035831.95411725,5450342.830247696,5341817.480782179,5626252.773479693
304,4938938.126867143,4992659.902228354,5233606.069608127,5006721.501942542,5434278.796999037,5469906.279813096,5647189.188022837
305,4969192.627541473,5003833.965226387,5289337.096366243,4966640.642966288,5506443.232819425,5406939.416794629,5461076.014644004
306,4943172.734147559,4885756.8537069205,5172085.680542195,4870955.889655671,5462546.202964768,5326178.4708732795,5487009.652749071
307,4856360.840501413,4938032.450771145,5173057.84916979,4982038.974883185,5592699.556144292,5270593.661276698,5588835.667276514
308,4987497.167382654,4977714.302919983,5253684.583678181,5075845.395623369,5437209.769534449,5285810.703982832,5477731.465066906
309,4889776.22678093,4931155.4866788685,5318321.456703661,4931942.8812917285,5430336.987242145,5227744.727939722,5624995.586113082
310,4887262.289154069,5045473.835404985,5273803.557810872,4960790.085287451,5446020.527860674,5302939.762089239,5747684.389399031
311,4919214.610835879,4995527.618009529,5210049.633407813,4929400.302847908,5502711.661839515,5192146.608361449,5515312.937799906
312,4927018.421599161,4872636.915538681,5375530.473065115,4958745.676271908,5462946.088539466,5318845.39699277,5442357.811600597
313,4968567.249125402,4974430.290834888,5332493.018894943,5028437.02422223,5381023.141527394,5296914.266194498,5437937.920635223
314,4924151.041098986,4907459.479217135,5339024.384762854,4952417.8404914895,5482650.744370931,5363102.122380775,5592860.223128664
315,4924112.622361171,4922726.626083724,5346301.443300071,4961251.387132741,5343187.447560704,5245254.307227713,5479743.873557729
316,4977851.501414693,5003717.233611116,5234373.833966016,4932256.187735087,5498056.85482173,5213676.537019778,5706131.23808199
317,4929552.364780597,4897059.6716920715,5214118.5637242785,4874963.670510352,5423465.0553498445,5410558.111753227,5439357.639257028
318,4839556.863885851,4911865.055518683,5186047.494095985,4949785.083474765,5322207.317002973,5338261.5260357745,5513152.641526755
319,4875316.593029024,4972227.186636534,5297111.624712918,4975649.463658741,5519300.597605232,5291119.675310332,5606961.5981805585
320,4916341.48445828,4893818.537555314,5358053.853517402,4858498.738907288,5314388.726142228,5329562.91857455,5371662.0737153245
321,4981878.932724984,4889120.660098005,5309852.405380467,4931504.15617722,5474398.145903323,5266798.496497393,5476452.968562261
322,4898705.233233734,4996635.725746278,5384082.489425613,5117168.210082583,5474016.150686948,5339845.558377975,5564500.271545932
323,4942965.380913299,4875126.986958816,5193619.857965475,5026378.310169542,5429510.868340545,5226809.348787439,5607452.54624678
324,4846822.800271439,4856437.67328516,5247528.86518218,4999137.590721548,5390275.608118761,5242140.575864358,5621071.398235262
325,4891404.004768025,4861219.149146549,5295202.817005352,4908867.792469174,5349259.214970846,5412142.677980021,5451308.952716845
326,4930543.62394609,4876823.170248464,5287029.941933879,4917856.830865512,5300001.211094169,5285360.007891208,5519821.990184425
327,4927365.690251073,4915420.052512042,5359350.397699958,5067880.018064821,5444390.302083708,5291279.586736576,5547833.074792722
328,4960373.32761565,4985989.598051217,5181352.443466842,4910961.878407596,5432336.383130173,5405814.612172448,5512411.546591204
329,4866500.212978328,4899586.464074145,5315128.431098042,5037454.280429221,5447172.069300879,5377991.131247647,5576861.79850987
330,4903743.317277426,4904609.533555234,5320280.692517944,4982428.261800349,5439531.049367463,5340711.548162479,5581516.4109347705
331,4890327.716993017,4960251.646839485,5288133.867863755,5008471.830227413,5431034.873674339,5391739.470970543,5665974.573809106
332,4966970.688509488,5001606.121626291,5343988.537488898,5005457.284511964,5508625.077250684,5386872.4634939395,5431723.357166099
333,4953668.934976682,5007724.44738196,5357871.851476963,4982865.209932299,5616053.702454631,5365674.548257167,5431928.929458201
334,4989064.624331452,5030166.914300622,5199125.75891566,5028114.1975224875,5544086.049669676,5346007.578545598,5657509.9570301045
335,4906765.944217831,5002717.938458682,5162921.042137312,5037658.712320816,5518449.298517589,5235753.071389353,5660002.405764237
336,5038867.7622240875,4834656.350015917,5266424.554092992,4966677.631622654,5387378.844258501,5284891.838860638,5650186.165754115
337,4973796.707461639,4876867.393894202,5258577.488355423,4958039.942096857,5456493.62955904,5354570.438718785,5535946.133038862
338,4912930.32561974,4811531.425042051,5243218.59360967,4951825.688393035,5428550.367235868,5210756.587575318,5477723.213543391
339,4914803.816318978,4894347.957339992,5286129.636777684,4903314.803434069,5365897.908584526,5300642.793320833,5544955.0768734645
340,5037489.953381568,4828868.2872234695,5387574.150056484,4932197.639603208,5413849.094627194,5271355.160511361,5375233.0410727095
341,4986226.095225416,4898712.157475017,5312820.683146787,4884280.956506119,5428843.974354524,5214056.080243343,5551712.971201852
342,4855891.177652922,4870891.916719208,5198383.365121711,4923949.5964900665,5485796.288496467,5359279.663616323,5536607.235252032
343,4917759.92734465,4955957.874571979,5280830.852975132,4945225.682553818,5447150.931266988,5177012.230737392,5432615.637603111
344,4911386.4412556775,4908479.099443238,5142912.582571717,4952666.512901513,5546419.7003883505,5459147.898277955,5626619.0503049875
345,4894469.191010261,4917801.659666021,5246262.917818781,4992983.061427916,5404295.98136218,5236818.494927139,5582800.461887812
346,4958848.887142185,4939040.297692196,5174609.085938336,5043372.407907866,5519227.129814266,5440323.196938513,5565014.173956601
347,5007096.353368555,4823703.502316532,5286887.590236087,4962674.999099215,5365627.469270175,5359029.6436176635,5536337.630874634
348,4890007.974119246,4920197.281919969,5220568.602062812,4942014.052725766,5556517.437320341,5415397.269936486,5467542.860601375
349,4936988.930571279,4990123.391553873,5245016.335165664,4938349.612867311,5490810.637219377,5197232.636645394,5481341.769347487
350,4959563.221362974,4894280.561266572,5222793.262992175,4949587.076887501,5365455.629147217,5326740.8774984665,5532560.659434002
351,4811531.776346672,4844930.178407435,5296128.5748911705,4893893.565282968,5402726.478209124,5268548.2064258605,5560850.611169696
352,4970975.189680311,4903606.59261395,5289094.597035535,4938226.513643238,5402946.590466773,5372653.526228765,5510309.820865622
353,4923590.18064611,4868652.197896593,5232378.664254436,4828451.02207709,5424548.93216438,5247590.099049753,5603609.951703202
354,4901627.971158844,4918152.709755145,5167579.39001479,5004358.197069235,5458262.152975361,5327601.699545171,5615406.416386288
355,4846369.344668217,4980170.6512790425,5235399.867803019,4896159.957920113,5437097.729162147,5234802.095018141,5584940.070361993
356,4953137.934517936,4960802.1634178,5249404.857571288,4976372.132339567,5360276.6972176405,5282118.660585656,5510939.662068883
357,4872693.653111617,5006072.697589617,5390246.636481544,4965464.8842227105,5430566.006950055,5287217.872175271,5705151.128024091
358,5011242.7438478,4844636.172269862,5189490.7700891495,4880399.391724001,5463904.244540732,5367076.874186494,5405737.117199829
359,4968063.519039102,4998708.418077165,5217574.77394412,4976406.075614221,5365858.888594221,5336659.274014654,5611338.062910048
360,4915760.864537167,4890748.478629878,5315582.146104657,4951913.943336552,5520137.8464502,5372365.068117438,5581761.555031977
361,4905022.356175373,4845154.3864353215,5190037.086895138,5049222.067908258,5473838.536234305,5245524.94137241,5656114.271877215
362,4904381.317356381,4961592.644703057,5201702.132621277,4912126.934025359,5385136.98985497,5372846.573385274,5584822.115433346
363,4959795.715598691,5071696.54596891,5186549.558686735,4993710.17826494,5505543.203987275,5471087.770978898,5650254.549456313
364,4885750.994788488,4970447.223412482,5278323.550492893,4924624.063289396,5386887.7164862715,5289140.880664855,5360584.925127508
365,4854618.841068097,4869400.810310316,5271755.813319642,4900440.547945974,5424539.79538383,5362078.1229194,5543233.952431726
366,4943899.890166201,4857008.618061003,5228255.512839369,4950033.155794386,5529497.003955856,5407449.286737841,5579423.060166595
367,4950646.131248658,4875195.300054858,5283526.338395429,4959063.03358173,5375868.182526411,5271148.713796018,5413647.598794933
368,5013069.69339275,4940662.965572995,5237812.219918281,4843939.231817707,5408866.24396543,5346327.506733794,5463471.36861925
369,4856940.00447726,4985028.924725379,5291220.291916232,4951155.509310044,5596636.383392222,5402674.258563533,5622961.316007617
370,4939161.272178655,5037199.336417027,5329031.343278889,4864165.760043507,5401027.579189828,5273587.922180841,5534918.0438458435
371,4940224.525088847,4920381.307030638,5326544.507158957,4976442.637755597,5493240.703564985,5298395.707926384,5566048.485861538
372,4872188.5031723585,4882177.343647288,5252920.526462213,4861315.225994639,5369514.773381855,5385175.803561058,5537782.981130348
373,4974540.998683228,4853538.429936919,5234593.440084155,5009179.651069408,5514388.675414111,5298230.506540157,5568378.209884172
374,4959871.48196597,4907458.895661216,5263224.519442628,4923225.241704226,5533298.980565855,5294109.618236681,5669568.903998256
375,4816338.30218116,4985990.638549015,5291386.949941539,4878709.236368445,5351991.06621982,5261198.210653119,5484387.424154041
376,4957438.003238515,4937016.264779642,5394645.732994971,4936471.774330851,5331130.068082403,5511586.309922421,5616126.372446032
377,4937553.192467508,4915445.593515903,5262889.472178804,4995254.306744797,5543450.425405978,5329719.4349459885,5523098.797831948
378,4927131.15324613,4915221.302749791,5251560.056209985,4961876.576133317,5349048.708578836,5513675.67852189,5535923.690305408
379,4960960.239177146,4845609.515880221,5298412.278533205,5008380.679836663,5456554.947186489,5403166.554646614,5492882.783531072
380,4908546.629513218,4929682.192315958,5404328.450582793,4924837.346278325,5451049.404139355,5261019.518343622,5498225.337542901
381,4969698.202680748,4914847.391694916,5233614.49215002,5070659.195674158,5462784.03973885,5360248.540612707,5770713.039204698
382,4922207.793448641,4772157.660254082,5317036.045697823,5015383.606347949,5434360.218130051,5292316.424994477,5547961.736232204
383,4889396.99920439,4929388.547698442,5244038.503825782,5048416.657802827,5460679.696770841,5315022.509165447,5530412.017760312
384,4980811.394288913,5017800.141141629,5209320.317973468,4790174.979138506,5443939.181483415,5291728.834953477,5537326.670066955
385,4931062.048824468,4940816.446221357,5211250.803644405,4985248.492625882,5411527.697890815,5371558.172419065,5487633.082257925
386,4918089.22427915,4931077.483494115,5328326.040919191,4988750.704894191,5389151.032154316,5330078.083417672,5532947.764854263
387,5002695.227293421,4859422.132275211,5257067.5759032415,4973669.851464922,5481636.328984749,5371960.871466974,5620831.910093624
388,4986364.7587191,4892672.025568872,5307430.955408983,4960560.799518375,5411956.36098353,5184406.5789950285,5595901.464898553
389,4880255.154437491,5063982.4330700785,5296856.915189317,5125019.032458966,5386571.231947958,5374533.576359691,5587745.981218144
390,4925409.718042443,4810440.228200718,5280588.270094223,4867108.784444425,5456085.464744754,5306333.089234398,5571676.7064246815
391,5004409.902501584,4893102.894046072,5237074.64021269,4944269.954596312,5368165.144886976,5241324.022109633,5599431.024908196
392,4832706.103623099,4940705.707257921,5324629.638813739,4992360.334570732,5484996.252044885,5496595.690028574,5635539.596845068
393,4929044.197425684,4894907.6777848825,5312941.367661223,5046134.416172192,5536108.697540012,5383210.182256854,5574205.114836628
394,4933481.494927726,4943701.43565225,5154992.449688328,4951571.849351643,5523683.350463634,5261620.041375989,5468783.535264133
395,4889100.7108304715,5004679.28044523,5268823.844374788,4958985.182447503,5512271.333582116,5364369.677091439,5551273.470694234
396,4895193.986743628,4950737.826983999,5320452.244336254,4956289.421365752,5394094.375503849,5405683.504090411,5505811.710041773
397,4933188.442023125,4953183.848777639,5248950.790311192,4820339.0925005395,5398267.817916783,5384776.565588172,5677733.279650074
398,4954762.049021406,5018809.445164363,5324188.896905572,4930933.287752075,5589658.873248008,5340768.771638219,5702398.854062836
399,5016406.4807400545,4812277.8237704,5202615.850272603,4981405.619829545,5395191.236938239,5306846.47185309,5381721.510599766
400,4934029.100244879,4884171.4718469605,5241551.636695761,5059042.431683918,5400131.513291643,5266906.68614566,5605736.195171767
401,4955793.352812747,4995357.430945265,5222221.03772065,4862439.1098185005,5444833.451641201,5246346.332400101,5506483.006012629
402,4893446.07324461,4961625.98864966,5201114.511774087,4931541.734881747,5547817.09727676,5403768.566799311,5473860.551789169
403,4888015.627392316,4861422.608378721,5289998.07999585,4995163.763110211,5397954.771958892,5251387.027349076,5468613.568302384
404,4954495.098523238,4958197.980289296,5266490.230123326,5031358.482348866,5561815.909355421,5349691.490662605,5439482.566409018
405,5023207.593542863,4913075.074070975,5165832.8648879705,4955477.655767402,5371055.039510935,5373948.032701981,5556985.440003272
406,4867328.501782997,4898284.773263919,5137730.511151001,4983094.387318529,5531244.691545306,5192173.380640288,5474794.3442606665
407,4941429.170022183,4997607.098829754,5184414.437992361,4966813.574158486,5557121.312537141,5402252.673901277,5561347.07413772
408,4949213.5577101465,4904126.020106367,5284456.1682834765,4921761.015112559,5479168.809726357,5422065.14396969,5628004.085245416
409,4984214.590258465,5040807.94626718,5271679.089309711,4909995.397958604,5457603.193872369,5260825.657147804,5500473.188390618
410,5026724.913124182,4946462.367219373,5263235.679050347,4890274.91941257,5411355.499396505,5332834.6252414975,5676628.754309309
411,4948915.797880784,4960475.073390107,5153380.340740963,4830680.8826953415,5562723.59995069,5305973.895637521,5366691.329687832
412,4878412.481414255,4931230.320888264,5259948.079876319,4900904.714570018,5426408.312300019,5233269.3187256,5475438.226976331
413,4831012.041478988,4897190.506394715,5330535.202509008,4956479.894370103,5547124.658042298,5405419.245397549,5584799.634345505
414,4894381.204424859,4916407.067529557,5242006.564049077,5013105.178601295,5403951.049673978,5355846.562717405,5517552.211375953
415,4923483.943720357,5048222.477263559,5182730.669241895,5012848.793707753,5394537.029123304,5338281.825018567,5568765.202314394
416,4961878.405003148,5030594.214058974,5281929.599960145,4984666.873515127,5460684.775904676,5374033.568550799,5503917.716402008
417,4886267.324391268,4985618.619890861,5274866.018554522,4932259.444639222,5521282.2716578245,5226804.763991531,5615705.722873947
418,4881768.462768824,4944806.895358187,5233312.582619607,5018663.420262059,5436272.127092476,5211092.67317013,5488401.524933034
419,4895363.902481824,4954739.666484424,5199536.973645135,4944261.413661643,5442907.41142005,5356402.010226839,5387609.969369847
420,4918420.825991258,4877167.982755585,5294834.48372646,5004410.455241163,5477560.063038049,5325856.844354303,5671431.306571583
421,4872882.228549049,4963539.065626615,5172798.984640144,4951780.849131732,5461034.795220744,5355597.545022147,5448080.277822249
422,5007817.511318364,5103530.854164767,5369486.139293506,4993976.033425933,5423706.879016696,5319055.429628398,5512733.59416792
423,4918541.753564987,4975487.28751335,5338785.655423212,5026940.281262238,5439473.22197572,5376703.789342225,5603318.419308733
424,4967033.278308536,4991232.742097864,5338108.6237143045,4990775.799406038,5405763.344973594,5254322.671609197,5529604.851703474
425,4966971.381299579,4932585.948067334,5269742.44720188,4980148.015292944,5495567.584804082,5416175.117495149,5517847.241737096
426,4888204.546838805,5001884.650797844,5220137.158612273,4977986.22423099,5440631.077362885,5265930.129031877,5580585.453215328
427,4900115.95220551,4938719.024819278,5181417.145811407,4956758.058561528,5351879.4611537345,5267164.334957805,5466370.2761470545
428,4971653.046225162,4886036.344329512,5307031.198761199,5095760.150534904,5419873.077406877,5374434.145385962,5637144.459507167
429,4899412.759177212,4933785.069037996,5308030.466229088,5012408.336592885,5467177.247471642,5266915.271594524,5602514.866198428
430,4892361.41779229,4887946.235059655,5241893.578971494,4972903.3278362965,5440988.639264959,5269805.418040483,5577108.703836288
431,4805868.667666736,4893712.680862979,5187248.096001554,4901847.728035916,5437014.990351744,5337720.348498174,5581967.233695883
432,4903519.09045162,4992613.6850457275,5374554.880190838,4923772.604999856,5398457.679480949,5324110.799556568,5393148.08418973
433,4898178.917419107,4809966.670589291,5367283.953086809,4982512.422397746,5424139.153194096,5307569.210019411,5435066.237529415
434,4899648.092298191,4862325.035864283,5244904.766218621,5136301.68061244,5392457.944515833,5431787.040616509,5604571.347751049
435,4893913.12410586,4936149.13968406,5330415.620108599,4956892.998764652,5595381.740752561,5346250.833684312,5622049.326052648
436,4882066.136000175,4835836.765743752,5334854.844348809,4889117.710725175,5426033.033556772,5070843.932899984,5460867.86101576
437,4908239.195949144,4927339.802251649,5239666.190232255,5061636.023556166,5538364.847494156,5383138.508409667,5620380.053726272
438,4909623.458690679,4884548.940082485,5264388.450544205,4936535.593670363,5472031.73415099,5305055.780766149,5536443.048033601
439,4856094.234739781,4953238.441784222,5376512.861393958,4973931.908935781,5392495.823439671,5396500.026764654,5650073.792620901
440,4888856.591415331,4972716.114563311,5300168.724192023,4990504.444749102,5431003.198282473,5357275.586509374,5520356.043805275
441,4942130.471942932,4945148.550008721,5270842.900783583,4984537.628002816,5422167.628610099,5227495.519905176,5598784.188381699
442,4896921.781212367,4841314.930387272,5369970.391719656,4982220.266383292,5467872.627211443,5293514.658260386,5540368.033000191
443,4910713.416858917,4945879.3754382115,5210663.453557891,5012942.132729198,5438284.076084225,5315792.549998378,5641936.998742391
444,4933982.777592922,4868013.842952304,5263288.0484348675,4966654.986291931,5362739.68415589,5514963.150601719,5653100.677325319
445,4880040.710184583,4754011.7982669175,5221017.402391299,4908457.060290992,5525081.368944355,5222195.130534069,5530004.537230154
446,4929147.155554735,4960489.795830382,5206576.485822397,4966858.840267475,5514086.470581486,5414121.54312849,5573323.428712721
447,4927107.237024661,4856775.208837945,5323772.969497975,4893050.503074461,5507878.643318202,5352805.860068569,5578529.94149707
448,5007389.875869623,4953918.286685002,5328478.205488642,5015880.760738793,5437261.462955596,5334944.412652106,5626056.25450559
449,4922887.082989008,4970213.1214547185,5267091.599727104,4930805.388409069,5363915.594541496,5395890.228998206,5566545.308106047
450,4884641.691402659,4918651.998278308,5222187.070234953,5059605.821784979,5513476.106530741,5216052.216705585,5414836.580841629
451,4905393.129510115,4921830.949754696,5239463.665275734,4963434.610904762,5484881.715002152,5279564.626831947,5442924.695961794
452,4967613.916639673,4888213.32628004,5272698.471537538,4905929.003779022,5339170.7704630885,5167609.453381458,5557625.3009557
453,4938037.033182949,4968503.378887348,5328372.858480862,5056365.250571076,5552704.841257465,5197405.887175318,5501716.005917598
454,4948706.041675286,4916050.641668288,5245977.384731229,5061811.804610648,5486234.412906079,5298010.649521119,5620524.843590069
455,4987860.808837704,4950809.545149479,5215641.98486984,5005013.350476813,5386057.67672536,5278843.979947431,5456970.649482382
456,4857183.819974537,4906806.888885327,5292731.069949839,4928149.131756424,5370242.78553125,5281606.272208958,5536357.827340405
457,5139777.525990088,4917261.332298161,5322789.799327172,5030284.229404987,5480635.2362768985,5455878.982523875,5662815.582659384
458,4932071.1799612325,5003828.055202378,5299953.895879921,5047060.267332744,5518881.065921292,5323547.603539435,5653909.72540388
459,4877265.219233113,4987726.659664803,5288107.609256266,4914697.761229983,5435630.428725371,5290158.410116431,5623601.346031416
460,4923355.317902804,4955183.178442495,5191034.890511543,4882772.542656989,5413291.204534013,5345715.831732875,5492232.578430014
461,4951322.476112156,4775401.566347224,5219441.949667341,4860401.155794624,5446930.527917209,5327305.324989883,5502625.830016021
462,4992892.12288279,4971069.594321376,5183595.354846602,4900348.850654289,5386270.308276549,5266533.614528419,5604799.384135424
463,5009105.724843284,4985155.512175172,5304248.315677635,4969122.616679206,5437186.938306903,5396898.6261963,5540924.57277572
464,5002538.912567189,4816363.034183168,5173442.1725362865,4938003.45915146,5480153.947363643,5253675.624821246,5514952.193845201
465,4871300.563900128,4982678.720554545,5340978.765715446,5032070.43649065,5459386.383123022,5311912.575647039,5632982.337046462
466,5016345.15195625,4905051.409608732,5296280.630610649,4832728.759028023,5448443.504669661,5349532.796801787,5538590.817523158
467,4963578.076725403,4910680.612448516,5243068.903801874,5036455.64171366,5434912.762317453,5474466.664065109,5520266.657329204
468,4946186.523711206,5026364.98061228,5430761.213817551,5019132.535878429,5506372.192537345,5458604.544767987,5529399.817694507
469,4978107.01207632,4981203.3833274115,5246798.099222317,5002609.057955271,5480295.003913953,5370780.58339981,5630366.189397723
470,4956307.916526935,5090124.433543463,5199704.911175895,4910423.727490093,5495143.045835642,5334775.746104317,5617693.770270871
471,4999926.286453,4841598.386952904,5301738.40866048,5003600.3823966365,5448655.917046481,5301341.298119413,5530516.372534387
472,4958676.861400498,4860164.81960546,5367772.962075574,4889205.845359918,5386477.646187687,5380422.061348317,5656869.087170457
473,4952176.198076576,4879504.038997537,5334727.768459978,4968453.880422272,5506309.722630918,5450127.425184587,5641580.133149982
474,4857423.129368097,4925170.511440777,5166992.394894007,4946520.767478219,5412249.188125702,5429200.929891929,5595917.646955853
475,4815794.126625064,5013019.384497483,5212063.204715085,4904988.985584997,5412747.836633789,5345536.924372448,5550518.7268429585
476,4881134.155238394,4938107.286708727,5254462.5817311015,4958137.533079979,5428512.23246305,5435281.330600552,5478002.44682887
477,4925168.925040051,4910257.511298403,5182634.590472592,4943238.25116925,5446978.0759350285,5208929.523909692,5568360.720147986
478,4948449.73120838,4919774.6798685845,5319194.328673225,5076074.100071765,5394223.73979355,5283677.362640643,5515999.963807943
479,4925494.213094314,4951103.128246217,5319901.005562284,4929479.650046387,5525600.933652525,5450011.227178076,5647254.897911405
480,4992167.520797613,5000337.129398216,5332756.425887165,4951262.446999921,5502350.182600119,5353907.309261156,5637487.5212277975
481,4927571.385388628,4864548.943859345,5285891.372000022,4901617.041590074,5436735.141844392,5227554.980781581,5458221.64737599
482,4934776.836699884,4859014.0273807915,5188493.808613026,4963455.484155275,5462602.960805465,5300280.762236844,5591019.311971474
483,4908009.424098554,4875211.656833119,5305317.329512084,4993641.373709163,5358977.996427295,5384949.980651941,5560279.493557571
484,5008323.462062547,5026465.66264022,5368399.704756653,5043623.29299722,5492537.479398126,5289333.862071813,5708108.701505863
485,4895747.527241622,5016137.09121469,5225121.971406932,4909075.608175726,5394019.451360847,5380229.983341347,5582912.006607294
486,4832485.882309433,4911878.580799326,5210223.837705225,4897735.981856631,5565992.668324533,5370364.942600245,5590665.548665658
487,4928368.54451399,5022297.549879534,5255442.342001975,5033534.854935203,5430860.167758576,5311260.25733739,5575151.769269212
488,4888702.363204244,4856601.089560613,5354268.403786518,4998785.943482803,5463549.161557538,5257381.473376518,5524376.86935479
489,4869793.698562611,4814529.860913153,5405514.931355547,4937571.493732447,5349759.140349857,5267057.608065127,5591062.832777964
490,4883544.291639715,4932666.5198398195,5268982.175569733,4912715.167960863,5405834.175235598,5220438.214246617,5590652.496870585
491,4963102.42678649,5023628.4119449165,5318072.754203095,4949931.732536824,5432077.24887713,5371093.714971505,5619117.854038325
492,4944536.47886125,4905553.90922541,5190524.983437875,4906019.797597137,5380816.804487869,5311923.104471966,5421775.16539511
493,4895862.796100351,5008353.818540869,5320633.516868176,4912857.359357648,5399791.080813589,5392593.009471925,5391425.168487377
494,4942266.206701044,4967829.237401751,5330485.46239087,4983447.733157463,5519846.876615135,5433097.31847593,5522626.529456213
495,4893841.348032361,4930781.178693051,5299602.1282918835,4950658.789624873,5547021.018354431,5335316.033530855,5549006.683692658
496,4816830.394502646,4868564.903401073,5268698.82315858,4977360.946229521,5399567.188469119,5278891.330713846,5598975.537858553
497,4885512.2707139775,4840530.558533756,5270344.908159689,4958496.124614472,5349036.312412203,5216934.376314571,5525938.71129174
498,4875270.343767852,4779933.164283206,5128865.034247941,5034244.269820629,5372719.6155490875,5309076.568467692,5576287.790727979
499,4998225.086377614,4880858.269601774,5219051.0671152035,4991743.19355181,5427052.388067738,5340589.282815133,5482958.8967130445
500,4988629.965096769,4778908.245876144,5182447.936360172,5014529.022693687,5453817.687334036,5256796.216941031,5523979.48839478
501,4774982.588292897,4975068.081525685,5282706.460831214,4933139.6279895,5333617.462155134,5297454.034930147,5478899.594371571
502,4982741.274921691,4965741.455900606,5243001.715385285,5010967.316488534,5459021.080058175,5387359.860655241,5603676.10308745
503,4908502.253227077,4950906.096169497,5304384.281983033,4932673.689993783,5461977.755974901,5334944.172473043,5407104.458045671
504,4901217.738580902,4863449.608361914,5176670.863887597,4998854.456865022,5463493.480410603,5395708.61351081,5572731.292669015
505,4854754.463323744,5041658.024368583,5347363.633643304,4951265.977034816,5321336.241372358,5295240.898349511,5753620.052068831
506,4886169.290470497,4915855.957391179,5226400.113032052,4870354.371951427,5338520.305257188,5320764.188308628,5419728.899192797
507,4870624.702428542,5012677.505213722,5340469.346999078,4871978.539302515,5368369.2416401,5462291.354124447,5612019.8141653035
508,5041101.001229636,4859490.894144572,5170704.700078782,4871482.601867533,5419600.699366443,5329429.381270537,5563186.719669293
509,4892470.608246049,4975211.174413076,5321009.276952647,4927063.372353116,5389992.253455268,5298135.420904079,5492643.115808558
510,4878182.397809054,4899715.64960677,5256994.752643739,5048537.625343918,5463698.470483568,5150320.93286035,5600903.6402088255
511,4928864.707492758,4931233.099590977,5332268.675530548,4915720.384403369,5529346.983565363,5344439.745127618,5728751.165198289
512,4853209.205928214,4937407.739443539,5250806.187425793,4964125.887251347,5400624.2995264,5241008.830623095,5617255.257365058
513,4917077.139442335,4895373.126605025,5221309.5152906105,4965210.248801827,5433166.983890422,5343716.656338877,5674052.126204605
514,4994756.650811748,4959752.83686542,5204154.342527915,4950150.109850161,5427317.90367985,5427506.8091620505,5688021.014335172
515,5008258.361646406,4891316.314024335,5243292.161818032,5022621.302841949,5506892.638099129,5339974.182241062,5480402.54302558
516,4969540.071644964,4899851.822551768,5259741.548460654,4940889.778106805,5469980.309470808,5217810.1423260635,5581536.908513998
517,4852775.958368014,4867639.594720121,5316114.22810967,4979413.329087916,5383878.878787135,5348686.003159533,5553460.965491823
518,4915730.38169158,4915874.55006454,5231951.1497900905,4922439.44069847,5440548.8097301945,5261302.600971639,5623646.454774341
519,4930953.496097679,4905832.4834481375,5321713.605641554,4885713.381534881,5466602.473827713,5359957.455949731,5511503.153844964
520,4979498.150394954,4948858.09222468,5218452.330958572,5040380.666995156,5393563.077102738,5162439.37860185,5611205.606304932
521,4926127.795360465,4984976.548012497,5308877.712082081,4967044.833393395,5358612.404091938,5410355.650015021,5517717.683476182
522,4941600.605295848,4970656.074024481,5312040.936855075,4902046.332094877,5494852.049974468,5202095.495710571,5488182.829423025
523,4962320.463091697,4937174.028918738,5251979.7641103035,4941571.3176896125,5473675.184816849,5327513.5254761465,5523417.781793948
524,4894369.345051132,4952417.023271039,5378376.714820669,5023247.4243501,5597601.988949512,5310458.387842496,5549579.490774965
525,4907476.552218996,4940898.394091929,5290473.301237979,4938285.72991943,5523590.432104388,5316702.440004645,5554574.731441401
526,5025595.9917170275,4992909.926048715,5235885.958817385,4912108.69517174,5405703.907616669,5405064.999160662,5510717.41850345
527,4929480.14700582,4849331.034334593,5275274.605631009,4900432.495200749,5459427.159128286,5370990.076377893,5528185.117233018
528,4851531.146424803,4985914.426520139,5354449.4204761,4878820.837701549,5415207.67522011,5311394.989638006,5662752.997697007
529,4840185.578973535,4969398.974244251,5188475.2514324505,4938582.882796364,5299964.186308794,5280015.7546385145,5578742.484600743
530,4966156.723925473,4986088.722589852,5234313.229286107,5028749.894222143,5420166.590788489,5289096.997894912,5570271.369678108
531,4988461.032322472,4842343.010843127,5282117.875721012,4994394.783209415,5404569.663117072,5332534.976057534,5577977.741391566
532,4821974.613452016,4857781.325732151,5231484.982839454,5019929.57713266,5425357.219896832,5311867.345261166,5570040.670377095
533,4857294.426297825,4980506.556595309,5250651.432733798,4889031.41853239,5540603.684991858,5346794.4837003015,5553040.700450988
534,5014381.209993062,4893110.7236010805,5245716.107159518,4964403.091192399,5531393.092241006,5280767.996465681,5444249.938448688
535,4986312.305473005,4936994.664915351,5217710.074438557,4982886.89807185,5382202.450769236,5245301.3125633905,5633484.259266518
536,4844051.282326414,4955297.805972371,5300432.055428856,4864659.93163787,5419201.671180867,5245322.133118635,5535379.21524848
537,4925123.910059842,4951306.534365734,5265061.132447924,4926426.624368386,5452585.3683136515,5253882.274006555,5484368.5455505075
538,4902110.674643249,4907531.918145557,5228150.039878788,4955245.277775025,5411202.181371107,5374666.370449412,5677939.2906224
539,4980094.309900081,4935982.963477876,5223141.638772556,4977191.413712451,5437827.027505696,5262878.571085939,5502010.933111361
540,4945169.957532179,4828365.738224007,5333977.583044278,4922841.714612203,5403463.320498022,5264831.585769245,5427598.8326333705
541,4899466.882880535,4890110.49974844,5363660.934427986,4956517.95560992,5572423.646758876,5338846.215683748,5536175.803180241
542,4934524.241412236,4868436.89417034,5264417.048060902,4922723.165241957,5428554.553507773,5345591.078598574,5632015.856831207
543,4917902.618783298,4960669.22046625,5155042.670813861,4918584.146873766,5361376.755909064,5274181.4802009035,5575272.283508108
544,5075625.076910581,4955332.845403865,5208319.027094969,4991824.194778483,5416478.084981172,5419011.935873892,5638847.32366386
545,5010936.464003304,4953588.334531273,5283750.474620311,4917314.503233863,5430296.607809352,5259144.994368629,5569951.265886906
546,4917371.719594381,4876296.415650483,5291580.759370832,4941375.9053771775,5489943.478980525,5336466.94702775,5449192.568624301
547,4916181.871787294,4922611.204024514,5365086.503202068,4856523.401472853,5419901.262861048,5340477.748677547,5604615.628193997
548,4896248.359591987,4938446.771374024,5327047.456232881,5007680.51728148,5427157.454810566,5259785.836825529,5503067.9790925775
549,4921344.6458559865,4952981.318872354,5267725.322145398,4909190.730916703,5451894.330966875,5210896.2164743645,5455524.9005597215
550,5017478.076142271,4911609.142127828,5219319.286465158,4964613.026715586,5471865.469573872,5312688.028438209,5621650.784508724
551,4961942.651850684,4973773.0308352485,5293836.589346185,4909575.071120331,5340277.054558486,5313732.641295403,5649871.4204678815
552,4924154.403967319,4858967.26805377,5177340.671548693,4952366.041351703,5407137.229591605,5198321.917439527,5496491.296052292
553,4895452.28397981,4969678.291339303,5172989.058432596,4924921.566534472,5361588.463785438,5411715.357025745,5558828.465947108
554,4821817.51610716,4900184.948693308,5216949.083378192,4959198.828899514,5437728.200536632,5367502.498847401,5626559.947278257
555,4864976.242553987,4841456.553828239,5272579.773679016,5014025.354953669,5338201.317484983,5305900.895230434,5518956.592668864
556,4965289.320068581,4869920.470775321,5279481.444919388,4904449.228572898,5378814.8157366,5228641.819418295,5440623.099439085
557,4958711.518785892,4963866.837320147,5195926.286375913,4980776.759493965,5485876.492642926,5309851.570546957,5620533.802206584
558,4975038.66230507,4886144.277852713,5233729.941767461,4964128.949975295,5454543.097194999,5295500.240480674,5503661.988960858
559,4854226.335134606,4951300.565415057,5284633.682604991,4910100.497929514,5450354.424145541,5342735.652079448,5631134.35695065
560,4868492.333896215,4919865.714311404,5346644.611602704,4914072.1571357725,5495091.377960513,5159236.299443988,5540910.815245507
561,4954543.91240298,4915498.812040336,5403674.769326919,5034111.878888201,5569672.5358293895,5382015.537660747,5638850.692659994
562,4867943.032765812,4963422.662464192,5226052.821418615,4923741.573452078,5375070.821939644,5366221.252310558,5551839.978911886
563,4853079.640161118,4875649.722410524,5239282.666686134,4933487.048231723,5460057.512852751,5211951.542212351,5631352.97662106
564,4932630.538572724,4941048.59857134,5169770.3283674475,4887994.495571901,5454208.515258745,5193176.025875257,5674016.487336858
565,4919540.444789491,4823087.213835149,5211799.740723976,4841708.226371936,5398031.3074874785,5416071.537610476,5651748.589494204
566,5011740.328555593,4922302.05889529,5312083.289308926,4885396.414416356,5470823.957281953,5364856.148844361,5607119.858552655
567,4916449.091612456,4818948.187657652,5154372.683923275,4904396.400538017,5408245.256554892,5256437.520451564,5449616.065211087
568,4957862.255435621,4862068.862321392,5337975.576835323,4887135.057250773,5450178.26659021,5331602.854260286,5568922.269078363
569,4996439.8023156645,4977153.545643335,5290600.1122266445,4837482.43406687,5436338.653829771,5315390.807101216,5580675.858960068
570,5000719.661072545,4890777.6219461365,5269416.462278814,4927831.782971729,5486287.407696413,5326686.54100804,5522617.298568715
571,4969856.505328674,4983134.157640277,5351496.986903302,4958708.305315873,5411295.604555668,5297294.137588872,5526332.6426885165
572,4860711.719531968,4885699.452134636,5271446.871756109,4952261.084881953,5473566.66027239,5131718.614245854,5659419.4627276305
573,4939560.287265462,4958028.644767868,5312059.101536974,4910036.182102551,5493198.224824458,5292506.5683639385,5416682.907834496
574,4842479.483296231,4942087.898894479,5223581.388059621,4913938.315260477,5501005.997204716,5316431.873793441,5502446.970496105
575,4913810.849554028,4932762.907428799,5269654.119278089,4988364.476459891,5487014.431276262,5396956.419256244,5579509.420696242
576,4867604.171348124,4895957.6783939265,5264659.077008092,4980932.443293946,5381974.941841387,5290328.682948726,5517502.001709967
577,4889880.58989194,4963853.527263775,5251908.692660007,4849810.842202073,5484275.658587026,5356845.893986978,5523639.796299264
578,4843234.207234725,4914250.8016031785,5245531.84820627,4926159.726006301,5412135.1227311315,5350749.1048851125,5540566.378254293
579,4871106.165940486,4980254.604862785,5270368.343960004,4861583.724672968,5349376.416961363,5254653.93953838,5596047.04709925
580,4971627.419856676,4994224.525641447,5266624.8479165295,4892995.832429179,5473603.517458553,5330561.065546492,5557475.22757463
581,5005696.597565396,4911676.519427622,5229881.731633291,4958039.064772282,5433554.806245152,5185643.908331828,5449260.579922654
582,4901575.2285580775,4998219.120549238,5174964.006693307,5105935.732742036,5535730.697493032,5420171.3908379385,5609422.302309319
583,4888430.576387195,4875641.600338701,5274897.578179308,4954352.633868732,5552813.06098026,5332107.475565297,5536837.6840242315
584,4829027.3598997705,4899011.285289709,5293786.161874609,5084726.62116632,5454018.37363483,5329203.935143109,5590908.470175134
585,4862224.16960559,4902993.455234749,5214941.840713388,5033366.747144691,5486730.867995869,5378650.560607495,5502631.383047764
586,4961412.505223646,4889371.14812957,5225771.424958116,4919108.204032373,5362758.848685379,5407183.650797315,5510985.18346522
587,4993183.442916959,5014225.969818762,5232147.033317342,5018127.720935716,5392275.472249118,5325398.62533821,5572214.619272764
588,4933601.50558087,4843638.872631599,5282877.99027034,4971366.042215832,5455808.728928289,5312984.755671441,5673169.969421545
589,5037523.378430933,4898059.967058846,5272522.500913276,5012686.471326666,5396213.282280048,5415136.433086809,5659011.859631594
590,4858634.968355366,4914307.831323944,5227362.989111144,4800764.716731463,5333849.344218532,5197621.232348049,5471965.417681878
591,4871269.91372861,4872211.147973472,5303782.186765465,5080851.775146022,5490553.035550524,5317946.206701052,5522423.263663396
592,4962926.30632067,5009821.329940534,5226288.602401478,5060674.080063005,5486574.743836245,5413360.574469899,5518876.14955973
593,4886825.169831746,4920662.691388711,5277621.225601422,5051194.681691879,5537965.736857373,5284045.153803408,5461907.867607016
594,4932788.973317968,4916257.836400376,5289156.533018164,4966149.8968441645,5500446.121853771,5327820.052253492,5482487.528916022
595,4884635.123882181,4960865.984155187,5206491.676820077,4922772.317598487,5460559.439582561,5258727.9298431985,5559159.593602815
596,4934347.648923475,4942697.2633994445,5353945.3932219315,4935383.89647501,5424812.669830671,5338850.983759356,5556322.626815763
597,4972872.293341399,4956927.745211273,5305120.362081831,4959671.054848829,5471727.175917952,5344936.161032736,5500786.298415898
598,5006743.401257897,5011306.399175535,5233027.051216581,4891169.2591327485,5503505.106357049,5412655.2162759965,5664714.156014868
599,4905777.583783177,5037935.772313271,5257917.498140266,4936838.469322216,5392544.059784732,5302453.906999452,5550336.708882403
600,4988580.164000098,4969657.10587134,5193876.947634531,4973533.429072837,5417062.7495659515,5213741.176370302,5432704.344866337
601,5048198.769099669,4990417.476503356,5193762.962525239,5058837.497203803,5412662.945676498,5259157.082030746,5515085.18109185
602,4908888.510382833,5032854.017954701,5313874.202331893,4872652.650396451,5386158.330147779,5164350.013245391,5561378.093042005
603,4806349.106430842,4931661.873806813,5326031.100839858,4887484.19608326,5401975.275516998,5369690.188466926,5438301.595992503
604,4912957.524028719,4954804.106813226,5280284.655896799,4922861.3906103065,5511521.160177711,5291249.856976936,5695341.857196078
605,4972091.354691558,4927677.932283506,5238893.673773251,5008978.494985727,5458309.936340289,5372730.682768895,5604380.438649527
606,4982465.574543559,4885689.77001336,5425009.347081061,5014041.4339713445,5354166.947731428,5361826.806332251,5576238.180882826
607,4874463.137283106,4912032.403094077,5312535.263744654,4954755.019351969,5558390.602226564,5412329.328604752,5612070.966749318
608,4859918.8087546555,4856127.260811251,5258202.757971443,4911835.668830517,5448267.079144172,5237084.156977907,5463266.062708619
609,4970521.432358911,5055963.852396318,5218037.145586857,5001767.924551084,5495262.408695435,5301378.203053628,5560311.947134892
610,4892732.894803802,4812477.272757639,5275836.617565304,5036766.30484708,5510839.319532195,5362626.257443708,5572308.829802157
611,4973317.343586389,4947217.719655868,5320186.927944953,4825699.4272962455,5482103.597777924,5311844.150420405,5587867.40814764
612,4988963.673186541,4923135.201744165,5247711.512659927,5004857.0573591385,5564355.685055733,5270636.644010289,5428293.895688634
613,4931898.70617727,4960475.043700585,5188472.053499335,4841737.383396275,5439979.492764451,5353811.1050580805,5517466.18139045
614,4939807.142110984,4904612.92657449,5300921.397158071,4905722.865214951,5407968.2045424525,5287695.014333614,5553863.136934476
615,4916784.586907687,4977604.387034523,5206251.932888199,4968453.369498286,5516109.555913048,5392619.352181175,5564954.937336872
616,4890874.309874497,4793712.4847815,5263137.194749774,5006069.251237258,5534072.493300136,5281899.5087645305,5527317.233637616
617,5006015.898829845,4867373.0807396285,5302064.310837662,4995651.389746499,5484651.629038577,5385406.885200359,5612013.151895737
618,4938523.080522823,4776013.311407335,5150654.997878015,4878837.041606469,5436732.755227184,5342039.50937787,5621823.042272294
619,4881812.380319572,4882682.942286443,5302395.708619411,5048982.048163027,5587349.08676441,5307294.46580564,5557424.478183683
620,4970803.928035817,4934602.642634205,5324810.844095045,4904885.759875004,5395223.790493694,5283739.107139651,5677641.454353257
621,4990357.747363994,5085966.38626322,5335060.402376681,4925112.476015401,5443692.96017621,5328199.385329605,5601416.650105436
622,5019278.693682895,4927036.440170161,5291042.127125412,4918021.684812711,5431634.950677637,5278635.000170877,5520497.69298649
623,4995066.841188117,4938405.575003738,5360224.233043497,4865620.848534462,5429962.584585822,5398211.112667779,5585627.7850324465
624,4924718.026341568,4989173.86656764,5315772.680719061,4918560.822200214,5375996.375075484,5348044.300123995,5482090.421510484
625,4876431.787129008,4930774.170315588,5238747.722357541,5020497.738742277,5415466.189978899,5412529.344041277,5623891.306168551
626,5012134.718741585,4935059.787115684,5250611.078830333,5021615.871377674,5339678.817908813,5162915.42673022,5673088.909870764
627,4943354.084191846,4855187.246536659,5301447.55432311,4964085.28641434,5338897.543406748,5367256.610190969,5519311.678606927
628,4911291.466103872,4917017.515770782,5272980.694851083,4864232.587249857,5514857.617925984,5389631.329297002,5527502.419631304
629,4860249.456329361,4888167.540052795,5189221.458627317,4985897.347867297,5507033.702529734,5404442.201832841,5559266.997939492
630,4879880.111339614,5027812.794414459,5154047.067314259,4962159.6128373565,5349364.875342676,5362393.426125759,5506317.712662297
631,4971820.489848834,4869920.475166152,5265337.998124101,4956639.898057915,5405658.383917278,5407957.313445512,5527282.711132076
632,4883385.794378707,4898007.121543046,5147225.925660676,4947015.100936626,5410406.238285135,5349706.932849226,5358690.960846802
633,5000026.596119925,4885869.134217853,5198463.204840274,5002078.882439602,5451982.291440778,5417336.164269745,5382480.364962911
634,4885143.186464997,4823213.109231354,5282696.266849592,4937161.722418627,5355206.766936902,5253902.226798475,5627389.570737464
635,4893043.69182703,4935400.1165075125,5253020.2278343,4895043.963643599,5460662.51394299,5434247.03731544,5642098.086145828
636,4946889.082126156,5003127.17325601,5266541.5273674065,5085628.638361936,5407584.09262128,5427063.1966381725,5491351.165855654
637,4876538.9558704365,4827048.277049718,5218286.321719583,4912104.827017508,5405014.665414467,5210769.707934273,5426055.083358819
638,4858883.75673586,4869615.45747932,5252267.379368028,4984619.327705765,5370444.564569095,5250896.863638902,5544311.547137836
639,4859055.651101913,5013823.8649251405,5310137.443520718,5024199.720668922,5417480.979991072,5357658.580774895,5591257.1792509705
640,4894936.810413733,4860659.427694829,5308659.786195706,4901520.782759013,5338197.841059614,5338396.427928819,5546832.125552643
641,4939369.396081642,4827390.156963985,5218210.021171132,4833825.983024088,5546720.396164535,5319060.070907168,5666978.13886125
642,4889935.041408181,4850364.510510113,5261335.888993686,5029927.772396382,5335363.704798504,5319306.7530071465,5448400.151239194
643,4802096.29678022,4957563.274285545,5285497.078762282,5014640.26758621,5430118.756643623,5295766.79946697,5610834.887620708
644,4995854.362557609,4829080.540779166,5296279.473582834,5023802.428496461,5481436.237570065,5318329.069123635,5608520.307198881
645,5006892.71546428,4869845.618343169,5307396.73979854,4919602.506778437,5465541.269440224,5267364.6413645875,5601481.03517306
646,4934915.130376421,4929008.128531899,5170508.535030262,4892180.097434563,5531021.171548182,5250489.602605021,5554700.157547077
647,4843518.592075231,4916764.776961934,5192342.304729054,4904147.645935383,5352026.2115588,5449158.721550603,5679733.539023393
648,4936749.92020076,4892532.207190938,5191335.979953565,5051258.749636728,5428928.197028551,5256845.711500749,5470732.575126508
649,4875080.772776735,4981886.882530566,5181876.373537613,4924817.6280271225,5429151.1716225445,5245698.995567738,5377992.2014104165
650,4977266.813657871,4905278.446853553,5339240.6225724295,5021594.080060888,5526869.413081259,5261278.615689508,5565774.484685925
651,4857967.9232433485,4899581.98686785,5239676.348799708,4979644.486050853,5506212.666014527,5370841.072511356,5553555.936761093
652,4868041.484051306,4856919.201362155,5204025.499691578,4975431.68041541,5502748.900755385,5450291.838964346,5592337.195352786
653,4922954.126732977,4829504.170590881,5297569.705912586,4994919.495467204,5404438.571209426,5371358.252560714,5534395.786606601
654,4941052.985704853,4886475.862609698,5258274.1865490265,4873784.065190296,5418056.352206072,5340761.67843791,5488908.324553777
655,4910074.652297197,5035623.809794026,5246345.592046237,5039355.690560003,5463778.140110628,5134176.032699669,5462750.548104307
656,4937752.965385833,4880200.548445908,5344623.1761327535,4942104.776617812,5512775.063176335,5510049.902278309,5470818.540571464
657,4891389.439678076,5026419.8101881165,5256690.031345029,4883070.014340464,5417930.136238209,5272615.400077188,5616326.609894316
658,5023173.805070461,4905140.244778227,5312480.449676725,4981665.428715219,5565148.762751367,5281855.395568216,5574854.4283796325
659,4971740.160845263,4877721.115077798,5343037.681102602,4916746.305496875,5507336.926529904,5351911.372011667,5490714.788260296
660,5003184.563365293,4922709.44634015,5222465.822580875,5030282.813902359,5378066.2829997605,5245085.348326223,5475299.357764289
661,5040117.092164792,4930332.365065888,5264324.067508975,4937500.223724149,5422769.459251818,5329721.505198784,5480415.378460453
662,4901046.713518258,4805710.43638226,5313369.79830236,5021948.05398536,5503136.6226230245,5404981.3371407855,5589069.123281615
663,4943564.252448267,4933710.43934545,5192399.605528646,5110121.857751709,5370169.342345568,5393946.344657673,5608965.394032059
664,4889900.437986024,4920309.789271868,5269508.079405378,4885628.36533275,5457285.76888238,5291645.524053154,5511748.873586237
665,5016512.765025389,4955133.290498398,5236362.251961088,4932505.418878651,5479691.059146099,5380233.62467376,5696833.089811466
666,4922164.999818678,4886281.528729629,5202154.810927607,5002813.131563017,5468486.48252663,5306129.63540702,5633065.963583766
667,4889521.170370576,4898503.328012118,5331612.272384974,4911900.499492012,5364918.634145425,5154423.118829268,5471643.702117869
668,4985810.834542213,4938160.038188583,5143238.153013255,4913656.430941063,5497605.926259756,5345138.713526091,5598378.492294364
669,4939299.73150185,4772602.211037285,5188859.932588378,4997307.664637157,5387209.869361298,5277104.13793719,5487371.406979708
670,4964319.912449162,4906635.018651827,5235161.292712415,4981872.389807452,5408871.491410486,5264627.549141115,5607018.3892657235
671,4888312.09758249,4941097.229008224,5422415.485904476,4976316.023246916,5395390.90345653,5312153.430887481,5555827.894682063
672,4973989.392364848,4983222.96011897,5202682.364310594,4937532.975550761,5432987.229602743,5329097.562844662,5384969.194742578
673,5000083.982421401,4943366.737457325,5265270.080357198,5010406.160385236,5563174.552272741,5381359.234851557,5560202.940005619
674,4976729.130286392,4869026.388840123,5302923.602208169,5024690.342567274,5312193.314763799,5257230.957918552,5522205.007891221
675,4929155.690045493,4958442.270373886,5146768.870237948,5004349.350034274,5534650.153127126,5408030.323795731,5584555.631091656
676,5029677.44879479,4918616.052670942,5214957.995239795,4973736.2426849045,5527444.706757678,5337133.750590062,5594061.406223914
677,4867093.1490093535,4939959.839671921,5272956.983577323,4956148.434753817,5443220.5217223605,5410456.09062738,5578537.61988694
678,4894522.563411643,4922992.581594744,5344418.658807445,5013219.698259265,5473113.720928434,5388568.1855644835,5570386.941308772
679,4917968.02045142,4861302.38869662,5283153.796176702,5026519.561731698,5491195.692090776,5240162.82252706,5588812.902236555
680,4971195.675354147,4900810.463736232,5276179.828071285,4984169.0271125175,5378242.9936168725,5397776.938997701,5609619.180862904
681,4842211.285913346,4862761.328484489,5302757.710623521,4974789.3345373515,5449651.038790926,5375815.454000506,5611292.364441887
682,4870657.747761241,4919407.431178944,5370079.055513722,4915035.556036573,5348392.336561854,5282773.612113936,5524566.539368972
683,4894523.5492247585,4931635.423508335,5271410.983812227,4971926.202403016,5411384.148402818,5382251.375500834,5571482.8784328
684,4938784.073287216,4970477.593657492,5281538.302378363,4841674.08649391,5420173.714110617,5254757.465349488,5541853.284839431
685,4969042.671733749,4919012.60744176,5339746.432512019,4908393.03570602,5395476.071149674,5350135.181761979,5549319.997755069
686,4999057.671509093,4961188.3895938555,5244076.29390835,4897353.597549442,5445436.566507239,5390139.0207102075,5512134.989491225
687,4968791.844774892,4891948.784098581,5322024.896569714,4982940.829864717,5388887.58712842,5295881.216599373,5422895.704104754
688,4952589.459314817,4922390.475453568,5403186.841941068,4871950.932902294,5516071.324608317,5181520.357180713,5532871.774985775
689,4963752.729007431,4898720.003669403,5335458.079457302,4909354.504621985,5442912.518963246,5358163.2904725615,5537455.407346085
690,4848134.834890855,4944007.235985091,5216171.702905243,4926824.088083991,5462689.692085233,5239431.979574,5560531.607694662
691,4903880.461072731,4972769.232996013,5246906.353467904,4950307.047410184,5463433.1117062485,5359363.473336187,5524972.6216445
692,4933726.859616497,4890182.415344605,5265469.647328749,5057762.929898406,5411771.74605058,5408112.07816713,5521069.024905929
693,4993903.938995488,4983942.702362596,5291512.357056106,4974375.584952341,5472091.667167357,5323526.47418169,5486046.901294089
694,4845706.758934525,4867222.877385925,5346704.863477874,4976647.722841117,5488409.132823842,5362578.100119524,5487122.945026824
695,4898341.518254401,4957917.038928624,5222976.422312714,4903917.167633002,5407597.278771929,5267502.866477239,5492760.576136458
696,4965091.57216458,4835978.320916191,5283156.770844006,4978798.838236572,5485073.662064173,5220291.287175708,5364921.182474402
697,4997417.760452951,4902244.696653286,5180001.0684085395,4958634.342031082,5388025.734237298,5258787.464549049,5520840.670146607
698,5017303.010783874,4950077.880885193,5179078.095757892,5015789.3673989,5400524.794746245,5213404.0422351835,5579964.861844251
699,4948999.466731883,4877856.297271534,5315394.468809157,5055918.438571594,5513644.761049353,5191238.064087893,5549901.908238948
700,4850661.938824326,4922744.556546017,5333346.5015885215,4965588.818687821,5409235.532194631,5287822.739037252,5527077.970702988
701,4983473.567770701,4875084.526753852,5135119.219195494,4912838.251115715,5350779.616691506,5343235.4741997775,5431096.404463
702,4933632.2765774075,4808429.383178997,5238663.065398954,4970486.476017015,5430911.979211228,5377316.569407919,5586591.84722197
703,4943218.482923442,4946809.822450387,5291750.690755269,4882221.693665969,5499134.753670832,5459868.431680272,5602240.040416742
704,4998973.696046545,4806226.966813753,5329328.02587321,4913873.149202772,5384793.273829775,5236582.699979993,5572761.5141867325
705,4908612.280023286,4832292.669773646,5218594.568280135,5074847.549019319,5481779.730045497,5252132.202635979,5518544.16951058
706,4922748.899272326,4865037.444170421,5147714.40548253,4888178.19598645,5338574.011973722,5266574.029108132,5511547.992204589
707,4919050.912591656,4896353.48854436,5158773.164462729,4986592.954139223,5581038.20182883,5365818.220312411,5611520.971286776
708,4850264.482958209,4840992.313711886,5300685.7088442035,4971111.3058141945,5514026.334656298,5327067.020546287,5471382.50041484
709,4874427.390769554,4834743.500797221,5311927.607564969,4965770.869790406,5410225.926180223,5462972.381538151,5462852.54322251
710,4882059.245894425,4911968.002614543,5290654.979553362,5035637.303603014,5440524.133026209,5273086.126060888,5468909.258141554
711,4916646.140271638,4906120.428224543,5275905.580504206,4941413.153798943,5411440.366598773,5367623.626168527,5505590.405555429
712,4877927.846325212,4920549.686206352,5280288.335400725,5007598.32422503,5467684.498821099,5329610.750509829,5502518.672640686
713,5004140.489027201,4884923.751998119,5296932.685355385,5025415.047665055,5434535.256988494,5399920.658610585,5523477.403312801
714,4993477.12958188,4994328.479200676,5426375.075377644,4824752.745551881,5390682.461291087,5347043.306082972,5518907.018775948
715,5016371.075992312,4963133.114416175,5235301.223062056,4978101.083265896,5486111.937520521,5276943.936023046,5708436.626245001
716,4963560.998254258,4882350.400362968,5208915.568246497,4882833.9469344355,5435011.972193009,5252959.2560097845,5562927.262472773
717,4955984.486014069,4873729.927956545,5156994.2008628175,4973452.911821723,5456656.805180838,5206958.671786854,5523491.426433804
718,4900175.918410113,4877123.038163987,5160036.975242012,4874764.935543176,5472811.031561303,5211430.350107498,5529335.129127643
719,4876952.241619615,4884722.179851319,5300029.755623519,4866914.765516279,5418042.252219375,5352869.049442739,5558512.9987898525
720,4833290.303766899,4880084.204488698,5335691.978859916,4942579.713819791,5395741.98857528,5278648.49235923,5537576.071996854
721,4856392.834135174,4946332.994743483,5206448.043557494,4901352.874692386,5373869.055617248,5338800.032044785,5481929.1800201
722,4960360.003540662,4855719.509506758,5168296.496466752,4986844.094308319,5443803.059489002,5277662.938945858,5466757.719270505
723,4975368.605257032,4866009.450862557,5319640.938207936,4940139.454788611,5529701.296960354,5209668.591877281,5654776.66736091
724,4851047.177508249,4927076.0840907,5227845.240807312,4932503.831039768,5450023.045438068,5355311.491697084,5509507.99517531
725,4903381.700511311,4921602.623528518,5238159.804317745,4946297.442182792,5553005.9890676495,5350787.123355295,5565374.283170315
726,4936655.3345442265,4922164.804833087,5231300.43339333,4960363.518459921,5473855.77818511,5423535.607965402,5525659.7295710165
727,4875879.203996904,4862447.10701022,5325168.6449143775,4989691.450268314,5357349.48918779,5231941.847292377,5581916.793861799
728,4924989.4696579315,5010566.592192252,5203237.246161798,4990798.443880907,5518336.852736863,5357656.068194898,5515996.515448769
729,4888305.749624214,4914084.217506994,5254153.601598669,4969209.517138339,5402975.182992675,5410277.786082784,5501323.760854768
730,4894023.595849392,5026657.785467914,5345637.26588174,5001525.975033996,5516658.538921149,5372598.361796792,5657366.184604383
731,4908788.938794813,4984634.9639711045,5253882.4917556355,4987411.493916406,5510634.429163382,5375305.393985381,5607145.350338522
732,4871101.46992864,4958035.476643967,5343328.029978385,4998142.385894324,5463290.6341494145,5284671.160775503,5628906.106878207
733,4932790.609191965,4970642.657028101,5214242.463699296,4890244.36061058,5428416.490693392,5427279.502216935,5501770.948151138
734,4952674.612909759,4924428.325633176,5259045.575937876,4943297.718595281,5377473.524959208,5336385.1798268575,5458570.480220234
735,4950669.993684558,4997626.129805329,5221553.27523388,4943342.740337609,5486213.794025887,5250783.071903575,5531882.414674069
736,4964455.990186891,4902372.538375634,5255627.78808497,5070749.3169317255,5418939.812754956,5403122.532288132,5617477.050110888
737,4825190.472294955,4979650.963651218,5341248.881648915,4972319.485784797,5457022.804616479,5273906.130469557,5666261.586587161
738,4999721.466801195,4901372.354789595,5351558.106986923,4906969.038202183,5617757.944589397,5358899.276926235,5474044.272115598
739,4912725.593994799,4825206.149808139,5238992.507095494,4903367.512197355,5491401.295225728,5301089.618434901,5633539.230449569
740,4961228.2012214735,4775997.707267553,5358042.571681917,5034036.917525912,5404385.966013992,5214926.393600758,5540533.310591122
741,4940444.910725182,4911962.6020317,5327501.199716953,4965288.676065888,5471884.556430471,5293385.526828108,5641363.312928876
742,4856688.5689068455,4955289.036642342,5386982.347639832,5018055.52307071,5482320.268887088,5321360.177533416,5594966.402449325
743,4920322.7496116925,4910605.308292428,5319153.480261041,4989872.565795079,5443999.893547727,5216747.62430824,5606459.7837767815
744,4926776.580073173,4924648.903082674,5425113.28141094,5012639.65917084,5337734.877906601,5341623.056324577,5547980.75786812
745,4845174.434432402,5049345.328758097,5331911.548930161,4932142.903720252,5310562.987597164,5337340.852252476,5577436.0510238
746,4881316.737492765,4907604.42242412,5185068.689901251,4885223.494641384,5410783.509495788,5368942.294461295,5548880.318380513
747,4951428.659866098,4915654.0206734445,5287944.543773953,4993439.381134512,5299112.234496725,5387010.240501996,5562885.606178185
748,4943637.3117890945,4869244.112945006,5258681.494440246,4986066.1274110535,5452586.513519858,5391847.959088691,5636425.5083866855
749,4977764.203840163,4988816.2460129205,5175960.827336849,4967803.567487743,5358751.509070421,5316078.398122618,5370987.82709241
750,4959565.760359451,4812959.892335638,5336059.116864327,4956700.4281783905,5270443.605766976,5258541.558060139,5526446.408202352
751,4928872.685258038,5029678.865297407,5246793.818188732,4941080.9393967725,5396640.443412479,5433254.045331629,5605129.631063183
752,4937439.710226929,4752222.13413696,5258521.155849357,5022851.563368963,5483835.3122525625,5288482.359854973,5508601.936384791
753,4965734.561972165,4923452.091713661,5338185.739084179,4966662.44502103,5438689.979026055,5358372.106048481,5528334.30897804
754,4912614.088459712,4907486.541946998,5279835.456628864,5027935.816867044,5441688.673550824,5254435.502643299,5609936.703952591
755,5003448.806036176,4922525.64618739,5214218.907393821,5017129.880503922,5399362.639616915,5285992.124509431,5675873.936398794
756,4937698.598880265,4905746.188807758,5291130.092332991,5076626.963173553,5435441.120168276,5330459.282737207,5601517.792764303
757,4953145.288866596,5053641.962862098,5260704.434679363,4926211.574690276,5556773.033207713,5186413.257255757,5535652.411013586
758,4874852.858655189,4823554.078280573,5160569.23154191,4890178.563216142,5430569.1513414765,5374604.099260876,5471780.073266112
759,4992178.449389553,4940066.308295376,5266444.641810765,5041585.5910144495,5454251.222257796,5346763.276311988,5564249.393934602
760,4965461.903058171,4931367.639988625,5378640.690365747,4958033.6108697085,5446571.211531602,5394571.089844214,5560940.43101832
761,4889131.940747621,4953079.360347037,5342141.7265242115,4980248.951672966,5442659.850822318,5396804.243628356,5617282.815920971
762,4947073.153229877,4996752.927119251,5298285.004832967,4918797.666218057,5533747.653856471,5300880.188877806,5530499.414312226
763,4970649.624777924,4872826.705190743,5295192.6913851015,4996251.830401456,5394780.867088295,5208923.244736887,5594801.822418455
764,4985539.417930766,4912038.206652643,5196020.758828805,4966181.449374896,5435706.415505992,5203906.918913955,5551597.412913969
765,4879009.537146885,5005071.930270657,5240559.826072805,4945402.67078165,5449047.111196779,5400939.890695384,5500904.902790653
766,4894611.188445474,4869534.653905745,5294087.253640314,4968254.169486599,5413499.986211381,5397474.584843535,5674633.605096126
767,4895940.957040872,4943440.557494822,5259275.160162537,4934731.7351234825,5409937.875819791,5248130.378971163,5600903.340249691
768,4854150.653609442,4834171.040866077,5149328.823315201,4915632.609615813,5470582.076583036,5356717.656222263,5458515.5981225725
769,4922184.856344763,4868427.409151364,5266225.103764893,4945114.945146303,5518492.930524833,5329654.351804055,5550778.024458285
770,5021081.469178446,4930548.790344337,5177494.981171581,4933763.5844631605,5407817.095348867,5383704.723734463,5526032.771831124
771,4904695.06176728,4851827.723301209,5268780.717714219,4926713.401889298,5505774.613256221,5330888.876633169,5455164.026635446
772,4853249.357003807,4856272.617672751,5253224.583037517,4956450.997483343,5510049.917835711,5441177.010533119,5632334.258712608
773,4928652.238336423,4952559.623527967,5346415.658097352,4911252.064366771,5348858.573557802,5265124.132317739,5581167.407864704
774,4978514.951048695,4851265.726248585,5219125.523493966,4904079.427389766,5397375.857618045,5347245.416232169,5498351.744924406
775,4881425.794810834,4949592.87035363,5266001.483807688,4927314.96373276,5350906.225071778,5373043.7210864825,5526050.460694531
776,4909144.270293957,4853451.236437552,5257159.943258277,4978894.910667386,5518754.18128659,5322266.820512647,5587160.591481704
777,4908307.686911542,4898863.354759363,5214246.217219842,5044127.8807812305,5408921.227512297,5387998.222074123,5406886.272564501
778,5005887.465123431,4895203.998116616,5245565.421374272,4922015.256760468,5508764.619359294,5270633.082168312,5666001.60900368
779,4975023.50672704,4948096.378041336,5221105.99757786,4989249.272244497,5300898.150073331,5219724.055066533,5624781.832353496
780,4912671.384963594,4945884.793960786,5170129.27510905,5001898.0873414315,5416465.530535715,5403685.034775429,5614207.848244753
781,5003788.686699625,4951715.066757646,5241981.298825709,4989743.157422144,5421132.362512277,5298640.4502338935,5485405.889238424
782,4945716.561906755,4868446.376426304,5217443.68979239,4910280.407105628,5428194.937139409,5337745.087313258,5565401.245734661
783,4902240.904721248,4922934.648145383,5333258.859803188,4926121.638795804,5441592.511264086,5388794.56816388,5499066.543735596
784,4960990.316570528,4935783.236100377,5208161.846686114,4889757.802636186,5435498.82822364,5356503.59893925,5408171.792887373
785,4960874.182573223,4909168.579639348,5280364.33088021,4958390.2792975195,5356256.886953357,5233842.194521385,5453309.531007529
786,4850674.121322529,4929214.669509484,5239838.309376059,5036934.103379529,5360728.617850591,5256262.719240552,5666688.393290907
787,4955979.522525108,4788570.805339516,5296273.786707646,4982948.791911209,5454094.311802735,5398049.598039612,5591717.289269153
788,4916567.686888796,4999104.919339867,5147043.46455056,5037009.821471394,5518438.151220571,5213498.730537474,5558165.895607742
789,5015155.174145719,4937955.367838203,5340825.340940686,4886955.920349283,5449139.168805792,5393392.758721468,5540550.899435603
790,4949405.068162492,4945503.06784098,5208036.117667454,4920509.503516228,5423668.0272208415,5244910.212245184,5493777.011543764
791,5007470.200237104,4976518.025275868,5287700.899003388,4895688.751292427,5541986.077183679,5306449.18817356,5494391.080508231
792,4963167.439661438,4969469.364710111,5194707.67122563,4903697.641476318,5376076.697936144,5225614.462609561,5504024.715386216
793,4909150.964862864,4931953.043982229,5303935.051486748,4852735.830862224,5359681.3279044,5197576.776311798,5624641.512680583
794,4871446.735663114,4956496.013159823,5155482.5778485425,4927786.880320684,5405752.228502897,5302727.689250316,5601137.967104327
795,4947018.190188117,4900287.506839347,5231633.593829125,4878159.090140949,5343480.555339064,5219201.372634359,5471666.954279724
796,4915756.342755327,4861213.23815474,5114375.020321437,4868588.323518236,5348846.73481038,5225520.445284078,5457241.445133251
797,4960905.318839865,4974218.869683074,5151256.355230183,4943739.811513921,5408257.26976818,5238627.613854029,5503915.855185652
798,4861475.805012908,4972959.299374563,5205655.447102437,4950631.326454439,5411063.04869243,5295325.96670274,5475848.4149382245
799,4950353.628469463,4949895.9239471555,5232637.8007374415,5014704.997604352,5381911.63224298,5346516.623541203,5432022.752080788
800,4894196.971572836,4839046.703278116,5131358.857626287,4956755.2404566165,5424211.200770213,5292746.934273303,5587773.7270848155
801,4888641.649711072,4995958.184659274,5263561.506344669,5045454.826734852,5439186.454512158,5318117.710914211,5599777.722257737
802,4948069.872732756,4966101.488078785,5280146.981894016,4856315.424260678,5431299.643604893,5152245.550065784,5576509.763264762
803,4827044.924851369,4858584.1342093935,5254836.538172692,5016638.785741531,5497899.47685773,5300809.910202017,5625677.1212988105
804,4884208.199617176,4944589.935629986,5325234.157307258,4937778.842664855,5399340.551834121,5416194.250036287,5595937.799107728
805,4973607.369349046,4859344.008500605,5319198.723034379,4932059.240329285,5331627.5427533155,5273078.184092894,5531138.834047787
806,4914415.216568564,4925962.666665868,5338670.016701862,4831980.28560016,5481161.740418048,5357013.441891417,5483134.324248157
807,4956806.231744396,4984992.781670203,5240682.557667354,4991512.951173014,5458424.86910426,5386983.881435852,5464777.0683552995
808,4941155.860434396,4891860.746145171,5316387.596649589,5004315.6052326625,5495631.618091346,5369579.195569741,5517623.63204802
809,5017438.498077576,4872984.278691278,5319218.303188504,4943964.370653404,5518391.839732517,5385895.048997456,5502798.05721123
810,4935126.90346693,4897710.917248899,5164566.29546211,4929041.997678234,5429660.486138644,5347065.527271016,5668431.818692291
811,4928941.3532083845,4828766.742413644,5269687.859909021,4980404.616690919,5517719.709422834,5374340.4729912225,5735379.694540371
812,4938393.681493488,4790208.4869650975,5281636.469458117,4954882.4081995925,5482349.777683331,5408473.962650624,5633138.326588041
813,5033629.0317330435,5035036.19449847,5241186.986459126,4932653.759437435,5497586.733976898,5261695.266835064,5571110.764419025
814,4836738.782157789,4933272.393304616,5276924.983479938,4902823.657410226,5360986.1493957285,5297355.58091188,5475484.511986508
815,4916875.926363039,5038625.156858634,5186855.408398253,4919666.471049305,5389974.754521342,5386476.682418711,5524630.96766629
816,4955642.165081892,4908888.0110868085,5259236.46142338,5015252.287982287,5476532.216459569,5348464.214675548,5610835.47534622
817,4912322.321959518,4908080.109007218,5246458.908611338,5007469.157425463,5465833.717755064,5137376.296865644,5611628.679801
818,4831674.646317484,5005256.8837063275,5306173.456307683,4892748.481860491,5449629.714390641,5272009.0306557575,5492683.26071733
819,4877540.638445941,4887793.929450018,5255350.489210667,5038134.965752973,5546847.170980623,5272203.678413198,5581790.604428318
820,4962658.974490569,5010811.176688092,5269277.3041319335,5012507.774464407,5376017.267620023,5311451.877325498,5589504.179863416
821,4863525.395499651,4895697.91393899,5197354.634102589,4854765.318591899,5364139.03605508,5259138.839535006,5423762.437598376
822,4791327.411580708,4912954.211963822,5165262.063789891,5025081.579411565,5467433.744340017,5348697.6455380665,5560034.335763221
823,4876488.586229845,4961808.64211839,5323278.952201108,4986414.498562883,5471397.500203965,5353913.501361709,5535625.556592263
824,4976896.513679419,4925668.370119558,5375154.523120216,5003786.550524166,5492321.416712373,5305136.539764339,5654581.835745086
825,4851962.120509363,4980470.306474095,5283816.514898193,5072884.910005748,5491455.349127666,5330705.164790065,5621518.946119617
826,4947036.815336363,4932227.315902363,5257867.313025219,4940347.716461765,5415055.538553301,5223961.32362216,5516421.796017434
827,4846132.4750202,4801234.638250572,5236324.470743479,4902098.942282129,5333714.044910204,5345578.69287005,5575393.360671804
828,4950049.3153435895,4887596.473630505,5201790.809637095,4997248.161260393,5491565.654403736,5272661.569279132,5666612.130601717
829,4927988.015828791,4940938.075585019,5296661.889017678,4933225.859256607,5477110.1520119235,5326466.751835644,5588063.684308669
830,4916361.424517386,4776665.818189863,5329960.748582603,4928261.470976375,5517622.5536895,5265912.0058739185,5608558.486755693
831,4904490.93844539,4898810.964259386,5244926.918400877,4864216.1480644895,5460902.949418526,5258382.651640421,5583737.304021199
832,4907768.574138243,5000696.581228045,5229486.428198351,4869482.6434815405,5381628.902443271,5303978.413219673,5650912.038430975
833,4882341.927311835,4930178.600374688,5157102.061287241,4830463.955374743,5404146.440763047,5293418.098152274,5579470.141636915
834,4956918.112271776,4911789.274997729,5174703.639007599,4858224.583852208,5359905.733679232,5268245.603312033,5443477.805911427
835,5014314.824479642,4906233.8009051215,5237163.426355831,4940608.622590198,5381064.812028559,5236331.388641692,5555932.869185431
836,4984219.7244277485,4937208.986286574,5203950.328876389,4972063.142075623,5463533.739834335,5318064.747733314,5540756.336363222
837,4847856.921573638,4868021.922530559,5350295.892933877,5019785.599010552,5486489.611327057,5353918.608339586,5721019.417738596
838,4986572.436461639,4931219.050294146,5309865.381595243,4928783.595945325,5352339.229909921,5272135.066715265,5481495.505037421
839,4963553.536595415,4876518.0763951875,5252910.354923191,5004197.390282674,5475729.678725276,5365920.7319898475,5562352.996619711
840,4878038.447268039,4795187.997709084,5222578.956455819,4999708.747744579,5432413.152311307,5234720.159123104,5643411.9715752825
841,4880501.699634356,4946580.413230757,5291995.614371897,4963520.960569044,5402487.722727288,5382241.07722178,5540670.176011229
842,4920372.881755693,4912993.751684593,5273678.29720343,5005864.901532648,5475594.471901767,5309222.851851847,5684536.699762577
843,4915675.626966008,4969943.375748369,5251856.5011512665,4925182.537140745,5466713.392203071,5276135.674207447,5575400.938318601
844,4866452.231338846,4950541.655903399,5268369.870087797,5014244.699625322,5451127.808410442,5272391.894875821,5666466.987800053
845,4949554.604256772,4995572.7419225285,5230579.735837761,4905495.806769148,5439896.6373570245,5353180.603535429,5557868.133032182
846,4836492.404810875,4937914.0236473745,5187683.446645091,4979500.492837139,5360207.763458997,5352782.975214797,5406167.649064533
847,4929015.296148488,4886499.090109896,5228834.027373441,4966935.379682477,5470483.237628453,5337418.915981183,5514066.23423984
848,4855002.718074564,4911875.390364108,5357620.181835668,4967408.90181956,5532264.245705515,5267448.5842327075,5577741.820140541
849,4966621.686104509,4928073.726955269,5278288.761942203,5004916.366947547,5493620.824160756,5364893.712050054,5550568.996676141
850,4940204.978959841,4956826.767884528,5344442.313426346,4976583.710766007,5477930.415760575,5370263.217106959,5529691.827727308
851,4936835.8729162235,5028477.2199893575,5255186.05020649,4836707.389245072,5431540.568400577,5416278.111917678,5677775.7072766945
852,4955883.959194726,5042668.602125209,5367259.62864407,4927630.31503495,5497675.419931963,5277931.435414787,5540353.848495353
853,4880678.440832586,4984713.748407868,5181881.754492309,4979355.938293327,5358409.995968483,5495164.216727606,5686485.517296936
854,4964909.710660701,4948427.613572602,5165553.139383263,5003676.936962539,5494708.78473454,5296494.535725558,5557091.787069757
855,4816133.979738057,4955749.236188818,5269913.605246566,4880047.164721479,5385357.201464144,5344444.920479493,5560525.980320315
856,5008565.350054596,4958988.950767054,5318947.4918052135,4908682.152238563,5472518.750436863,5315029.842159941,5585679.326815536
857,4862069.526718193,4937362.439112188,5193567.977508994,4958357.258677032,5440549.842127395,5356028.924257509,5547883.3423665725
858,4931962.902195608,5002545.392191171,5159796.661758421,4881705.662206987,5443377.561028518,5201583.33054692,5690641.064631875
859,4900249.347104867,4895320.409484832,5278863.653079563,4957044.657081796,5441658.700946845,5380264.979405355,5485988.381653169
860,4874139.346384218,4954724.084336362,5293752.344380599,5041380.657212084,5421852.28764508,5355474.674744153,5507268.325097469
861,4897176.501892569,4859359.230196519,5226896.509476883,4914874.05201077,5430485.194517174,5312963.070237702,5478158.064982604
862,4851031.5004618745,4958094.912043534,5208001.90712341,4977933.777221017,5434266.837517884,5339189.325606631,5507436.825418348
863,4824853.276119286,4868280.923066198,5267095.1883999305,4966669.8333617225,5353920.31515209,5214411.496543917,5560305.8936321875
864,4914142.669974919,4892123.917480037,5180237.2541706655,5041333.278182017,5429651.1166726295,5233566.154291644,5481015.549732218
865,5004238.494159355,4933876.947714738,5299111.30055989,4933057.157326229,5423646.381813732,5332571.983221547,5434823.144600547
866,4839063.831487535,5004153.032933025,5358329.446764556,4879103.356732782,5344401.723245523,5378322.972999453,5648574.15315866
867,4878096.154718308,4988377.697669074,5364331.808161923,5033136.565370768,5469040.755738978,5325755.982654962,5583974.970940135
868,4876662.862754322,4873637.814966487,5231767.381999701,4971414.061974631,5489433.482434517,5413899.228298753,5513748.0675286995
869,4929458.707091058,5047857.093681249,5229160.627974504,4927066.041425399,5419540.360602938,5296288.215151047,5612908.494430155
870,4823741.977694884,4976650.5539608495,5285212.009603407,5037809.85663928,5505556.675693806,5270721.722547462,5438132.514761655
871,4929678.774931542,4898895.725156554,5419999.9475214025,4913264.309355267,5502065.644885246,5374993.875837653,5457258.534346402
872,4980391.659907849,4868441.856825145,5273002.839767931,4954150.289680007,5405995.403777933,5248605.397397209,5514490.222481587
873,4904955.582131503,4855902.013769103,5201754.8064335985,4985773.187287066,5470531.926302751,5425557.660835424,5472785.452568928
874,4883936.953617701,4979447.798502509,5374021.376452353,4860172.480724223,5502137.800019726,5265804.074753394,5596854.072757509
875,4915950.7717907475,4871502.175631273,5134041.240185951,4965515.211197547,5505569.300928937,5285195.2631361075,5486181.9983817395
876,4987019.161600659,4900039.216124071,5265324.370439215,4867289.877428779,5440165.346029168,5272821.428852728,5385743.846301223
877,5022621.757397873,4949427.911212496,5303450.455702124,4956005.882628869,5385824.398575306,5282184.665615634,5559313.791405089
878,4950923.211741554,4935598.491134413,5318365.012891702,4995831.751080972,5469815.76275838,5327099.95071033,5639475.769414676
879,4970474.092838254,4984334.599075143,5229601.20522504,4909806.646366273,5297738.617467457,5354637.702977956,5544437.7814436
880,4840352.263567959,4921031.053215792,5244547.457010698,5070960.158195348,5417083.160810325,5320083.249615795,5404984.978852792
881,4997343.886491013,4856251.528244745,5173137.748991782,4970522.656978562,5393847.075919737,5300508.835423296,5533321.270255024
882,4875074.186549203,4943233.518600607,5278213.470189674,5099152.512078496,5477493.224350097,5194271.576108794,5555575.934149971
883,4898536.070153706,4892304.125442371,5207036.691868017,4941961.963977989,5448850.993439112,5310615.517233642,5447609.019945487
884,4877697.339530532,4930401.551958749,5204666.749836153,4900391.012434351,5546250.366225984,5227779.810963403,5527388.094043791
885,5003647.552253852,4960994.121031607,5280407.462017309,4910896.289793435,5457192.334720573,5388328.038156638,5490573.603538965
886,4916159.714819545,4832692.320312474,5277495.727007736,5009528.162108207,5518557.49942181,5350833.396389192,5655047.424013904
887,4927277.832881003,4929475.945106379,5099630.617189117,4958191.209925746,5488950.848330428,5277969.91267151,5575334.533901008
888,4986086.018561666,4882572.046732481,5166232.751579056,4962445.141847218,5436951.671272827,5296881.8740596585,5520757.678614915
889,4898544.269093274,4893118.550817768,5412431.985158252,5044974.011014718,5470230.619755233,5283838.370781621,5456212.737307876
890,4833733.836526604,4994646.354433149,5236103.191718219,4914633.372807389,5415566.206890469,5423090.168878572,5572663.954067622
891,4940412.464986321,4887257.446810917,5408924.737883694,5016453.767640882,5345403.261648559,5310924.127396481,5570727.591480483
892,4905479.8093097145,4859256.720071994,5192216.804328656,4903986.069802313,5428044.163479929,5381334.385108396,5556221.012711993
893,4964375.878581625,4950606.184581939,5260367.950596469,4952050.365466178,5399550.103856065,5372490.118274298,5470780.803908377
894,4998955.2038217345,5026522.047434937,5285576.657757825,5008082.120719122,5482416.519981827,5201372.387611448,5523132.367777615
895,4866925.763508814,4876052.031146297,5281955.353931146,4945472.544794217,5376540.791564918,5354200.170206004,5591403.223141242
896,4947235.567201106,4947383.8676665425,5361082.508233004,4954335.670763076,5468671.401505808,5352547.921534445,5496776.914171505
897,4798712.710339408,4924539.626727319,5145209.695914251,4900755.701726811,5416652.378722141,5428540.915195908,5514967.515620489
898,4929003.975004736,4988181.10316753,5293309.832159602,4874600.12352482,5486332.906774214,5205392.030771353,5473264.436946973
899,4852768.057495037,4934871.642517941,5289592.802430077,4939439.366458407,5497537.522828813,5323868.048170127,5584211.832239667
900,4861925.978234268,4773905.602127495,5440915.048387509,5024401.489026243,5321044.147195916,5324797.687683334,5530021.177311538
901,4893553.5382448295,5005054.041771168,5327706.61595729,5033779.428827838,5429068.575612431,5268876.933016551,5513020.411826486
902,4881219.903311272,5023439.268285999,5242336.306217434,4933511.764361025,5526336.166713474,5325170.183268942,5381947.780467534
903,4849879.269692736,4829623.4876456335,5194681.622980539,5002100.893707987,5393897.704669796,5222294.4260545205,5560415.934478689
904,5029581.500434958,4947722.798862418,5206690.007983886,5036036.129845659,5585050.181246274,5263923.632316851,5561261.745023662
905,4957241.765612323,4988992.354355308,5303309.351145672,5093091.012650389,5450067.546560002,5413935.418044237,5450298.109347831
906,4949643.221183995,4904853.245198255,5378623.036923643,4975480.11785195,5451062.962683527,5274426.975629418,5494792.580431631
907,4982968.358442212,4842950.177586103,5310665.269007295,5052890.401495539,5460204.512136548,5387742.64637798,5426512.662196554
908,4939061.65059829,4962727.322823417,5323909.122808169,5021117.561276587,5491416.095141573,5299812.833535108,5543893.718599856
909,4887987.053368388,4939408.005975396,5304369.4179156115,4923472.289944599,5489732.52129205,5387518.123661722,5514460.054724259
910,4890541.166820001,4917396.766832164,5309389.052171858,5046715.559162126,5394105.593078338,5265454.893304214,5519137.596437968
911,4888860.713596716,4865471.73202258,5286588.819981797,4976739.315577775,5413990.565871348,5368250.498299826,5587816.856777037
912,4985412.890288838,4909557.257096391,5228802.160592153,4938843.600707179,5428637.817578094,5336826.590105373,5477616.920867871
913,4895963.012696482,4918129.745663604,5200270.240440508,4946186.692308118,5427529.966912993,5313689.192300055,5609031.07762326
914,4999781.091225216,5025560.094645608,5309206.972731207,4926248.0466469405,5372243.0865942035,5289950.523551371,5512715.957830945
915,4940010.609215757,4960105.507611576,5255295.435535092,4906541.626505388,5504661.475857027,5345170.508048476,5573045.874914343
916,4851067.828458494,5003586.934334473,5296523.018394835,4980512.055163218,5435980.895653675,5486877.785527604,5576331.208858756
917,4914048.897240299,4876576.492531703,5211420.03821091,4803211.175748377,5385955.087243265,5246572.312457362,5460267.556433289
918,4930295.379311793,4931435.761166206,5192289.310502514,4946817.865332118,5332345.229437927,5241257.833691325,5506070.270281837
919,4992359.870956392,4865617.040892326,5356558.158342734,4942895.1975739105,5393725.511061765,5289472.31677295,5429323.898273058
920,5018142.63620401,4951033.533008308,5382383.935345903,5044591.668505977,5472123.5341538675,5290706.264672449,5576393.94102929
921,4875993.198149329,4903482.564036921,5286203.857777416,4993394.832445275,5471933.202069272,5342579.505882074,5592020.883850346
922,4939499.727765949,4902664.708384984,5222651.248689975,5078673.987512545,5452463.804871154,5276584.014870775,5586086.535324587
923,4924792.899663783,4929704.283608076,5248922.713857379,4966531.268879861,5497966.688971829,5313064.453441038,5574713.656633947
924,4921737.443901606,4842468.059528165,5384846.05617787,5081651.523788673,5534188.504084588,5369110.751091004,5536787.500844926
925,4869028.379334359,4885017.911924136,5318890.893516607,4973072.735420741,5400749.600415963,5361694.281439964,5488957.373571815
926,4822804.786247948,4928826.563973176,5285844.282598178,4988068.620987202,5469095.560821651,5330243.556789929,5473795.412747469
927,4871381.9124688255,4988528.799486234,5250248.128236752,4874961.166855831,5383448.502527321,5108708.518102671,5563915.248869775
928,4962065.74036895,4917067.431410718,5214787.566170968,4905250.042173148,5493758.865383497,5322782.960385172,5785526.955059546
929,4932276.143045657,4879035.001527763,5363363.444710227,4965868.714155402,5388681.793040713,5386497.381159263,5548137.506604016
930,4938260.51447282,4919897.981553929,5271955.541703542,4970268.54076606,5459320.043136423,5391631.121952023,5634476.958998378
931,4933714.378405549,4832636.873949848,5276093.769840727,4998687.255571028,5486023.205264572,5345860.097156712,5613300.066302245
932,4940581.26853603,4965514.674003945,5277900.531458555,4935509.068211289,5482591.643476564,5250395.932007487,5485912.787818127
933,4972805.406380902,4900613.0502465535,5183897.597348665,4915868.606192043,5461750.415403949,5317955.605589996,5504893.238551429
934,4893970.566661579,4927774.924902948,5313360.822856156,4896296.6356831,5498901.439267841,5336971.466456537,5543298.017981583
935,5015720.172741335,4988108.744847156,5298180.373159295,4929803.610498746,5445640.3499371605,5304660.448201499,5424173.61707814
936,4894334.662514823,4852333.602682525,5256436.310760429,4965525.55638785,5389877.352318063,5293764.151581175,5408452.859336088
937,4903534.407665754,4930699.449796095,5212720.072464829,4907487.583675167,5540625.219016028,5496293.026456922,5599560.581654048
938,4881166.309994881,4883065.084707368,5194616.425530154,4926297.734670963,5580989.575370835,5282111.281696951,5530278.835231074
939,4956967.339900687,4920374.061610154,5292965.171343544,5028134.85421558,5393933.216726287,5238259.875161838,5557211.07327779
940,4945460.040382275,4864547.445646428,5361151.117973876,4939293.671725897,5413891.8128112415,5364870.805288976,5566086.477448214
941,4901373.962939042,4880617.300966334,5168022.19456614,5030650.668236115,5394734.776084437,5294595.133666744,5540682.283974111
942,4913496.478642106,4931389.3501156345,5176818.683265033,4917884.44580231,5311181.33097031,5379239.1762128025,5529235.094926296
943,4899116.668180567,4867997.528668537,5350076.456220337,4951351.709217946,5418207.052242892,5335245.630898209,5589517.531904179
944,4889514.196074508,4901725.879310518,5234753.538496881,4930406.808257207,5417859.10681319,5334223.456173376,5384884.130955772
945,4989005.753993976,4955577.429954501,5291174.391846726,4903592.6258340515,5407298.437064175,5457373.502781366,5491643.872600145
946,4905104.686112346,4898245.894538325,5332222.408326185,4924686.475473356,5453996.665584452,5426154.802850262,5563369.306534801
947,4938920.1285236105,4936814.12577565,5294049.362857315,5036014.796405723,5397252.175954964,5249753.2915810365,5554895.27922555
948,4882218.5694245165,4983562.539799684,5261691.621989495,4969082.737411544,5507427.898496095,5195840.212457383,5489958.552205575
949,4965265.438011363,4938193.420799114,5224141.343004771,4890101.766502999,5474178.5070119575,5364103.460187744,5526644.009592453
950,4884875.107308847,4825099.975314287,5358536.840494992,5062282.4080868075,5378866.095696506,5239484.797958838,5624398.804559793
951,4934543.143313305,4853466.781551869,5382168.284244271,4946901.127036894,5315523.544268711,5338239.689945083,5513943.85311006
952,4924321.792051751,4923327.036392329,5260047.32291072,5014266.765387685,5408924.295436795,5420181.608743493,5426505.344239327
953,4892801.700532717,4937211.295113542,5186621.3599527385,4912157.597818224,5316049.984418029,5324636.071477273,5427701.887952734
954,4917070.993059588,4898257.142913471,5237369.52787635,4990961.074772602,5557176.327694114,5419004.963386844,5543988.6586349625
955,5014496.848653639,4980479.755004473,5358594.388031699,5071538.018681084,5538188.233583629,5460872.638873305,5563221.907295909
956,4971255.553418913,4880580.341064371,5277440.882433581,4831148.183365534,5403433.954467169,5291746.688393474,5461951.01628563
957,4934391.979156939,4938731.294164812,5308910.9189094985,4981175.1095809005,5383325.533503871,5273353.559409726,5574996.613328973
958,4939592.615700873,4944278.147930836,5259373.659308188,4925575.6099760365,5510496.288011433,5313418.684615802,5610743.713910462
959,4909144.580140891,5005866.614522071,5362314.836260401,4914701.293669203,5404269.467840506,5259132.3630597675,5520863.393937992
960,4908175.259599872,4900860.8367205,5271746.253890745,4963304.3744856445,5513706.563711342,5375715.154242885,5488756.954057327
961,4918268.6963377725,4870107.750965882,5253688.238924723,4938646.255560156,5425245.855946572,5314965.862595215,5546956.243778734
962,4908356.405153785,4983095.594816729,5164607.504514839,5045853.533043485,5352757.45385778,5271090.499251648,5386662.9931073785
963,4937112.633380389,4917047.39613348,5196132.259438249,4994887.475572266,5418581.962284605,5491910.647670981,5508267.215258307
964,4925413.898777358,4899236.074216302,5247000.769162258,4948420.691201261,5417138.491611049,5375011.188305954,5644127.2320323605
965,4989338.643212361,4906901.780669635,5252979.887392595,4925757.760588881,5453754.270446994,5216366.380408531,5637023.635880272
966,4902278.162798285,4850772.208083745,5237823.121711767,5020759.367264053,5383101.275426473,5402709.038987084,5388873.334116757
967,5020774.793051432,4833135.259066188,5233047.393633101,4948281.761902291,5413935.730887117,5262652.889107424,5534893.592696121
968,4856710.634205345,4758202.3848802,5229103.990646459,5060644.9908403205,5452596.582736591,5490162.185005842,5623773.113300972
969,4929113.106209984,4881684.749336702,5272670.339886218,4940355.348074764,5427934.844132003,5409625.623986152,5642651.1043974515
970,5011004.884171707,4901956.005703811,5340605.656856696,4834558.455483619,5395328.391134669,5391285.701877173,5492976.234885186
971,5005156.668628147,4820691.694970687,5168021.697583402,5023700.338053233,5433854.864672489,5230019.955040282,5476944.197539011
972,4877973.833839507,4786329.64829785,5207292.128913867,4969022.195510043,5517895.022469171,5363718.599094103,5511467.838753151
973,4950923.494846204,5037118.217206611,5279722.215635067,4940949.10622005,5373346.616020033,5475725.091844978,5689608.623056334
974,4890921.164330199,4927994.695378216,5231466.446207175,4955881.619037918,5357128.823610741,5308884.401084226,5523836.24916576
975,4973950.341997776,4886907.776165979,5185736.487662474,4982586.276873205,5525445.239381552,5421286.513127534,5521137.944454475
976,5004640.805182394,4839137.897040039,5221281.974896534,5035319.898854869,5432577.423934021,5410810.513674352,5433773.346546007
977,4879753.690462831,4962125.112987662,5380356.50515056,4972591.465156588,5496612.976133345,5420550.652517474,5438927.029045392
978,4925640.180902581,4839531.219569642,5268996.10695472,4946527.040274194,5372013.151422604,5360650.451646002,5664770.934384401
979,4870484.995625095,4910889.416377748,5166498.4167005345,5049200.585898713,5452667.024952345,5186867.243398195,5495717.152225374
980,4991146.434289656,4874197.860168062,5295861.709911157,5043660.432286695,5411886.403172289,5307346.394537292,5491284.275176445
981,4968473.996938375,5007663.004958376,5381489.873723931,4966751.862753511,5477583.787442712,5277934.423707588,5474194.803988289
982,4955917.880680493,4966317.034304351,5296736.782100987,4956649.965417761,5484840.416102783,5361679.235271047,5494700.523484718
983,4902461.321340794,4984870.971072214,5256683.257454274,5058469.908592498,5493654.839016793,5455240.3526405,5533181.59946412
984,4966326.071349301,4997765.699792705,5306447.470906863,4879055.991711,5463286.367429523,5340245.523711165,5625540.112707902
985,4911847.9095044015,4915576.011432776,5197217.950145727,4999832.7054486405,5364358.940175724,5299744.9185739,5517530.716165328
986,4916063.868620739,4892946.225974448,5288443.084044488,4967887.667288099,5335027.810643457,5354035.248033517,5542027.233020381
987,4944804.048971671,4974049.780467022,5264090.069970976,5019187.004154652,5365281.029257674,5294315.693966728,5483458.450769575
988,4901551.099393196,4907340.611571172,5254166.966311899,4998564.732097952,5483857.4307414275,5248702.259576103,5587207.359147001
989,4851402.742606211,4956311.850709837,5317364.806479328,4947825.758780172,5415886.330337894,5354476.577344239,5636656.749366945
990,4873631.100748759,4929993.570853962,5330949.601808856,5014689.139996205,5424282.133261375,5281408.089335195,5459951.380186543
991,4973389.034636904,4887443.013830354,5173875.631367901,4900042.83519556,5310204.168885548,5376386.26026425,5451944.841127899
992,4882226.429972969,4876910.619944812,5334512.25333602,4896115.235508797,5432247.225818924,5271992.3983821,5440146.433005383
993,4889935.103969434,4865979.828404991,5321924.6365172295,5016953.353573855,5371704.262361102,5275270.573508264,5548756.292940338
994,4975684.331735821,4910452.039897836,5301495.543891367,5035863.634697479,5420576.271875694,5276600.345627452,5525926.801017612
995,5017203.173713931,4964011.361543168,5225532.4550412055,4992005.3475345075,5428381.221473134,5312825.253825603,5647380.577875965
996,4936530.005622651,4877076.4430394955,5210421.111473627,5036543.653366309,5461943.986687692,5342815.8928572945,5527157.564332107
997,4919802.756438749,4975459.7671455415,5248727.153722785,4899714.860362832,5491302.142337022,5171829.462958157,5542216.042285311
998,4885872.0381744355,4848923.749687863,5294218.47094352,4901002.7434828235,5423917.911457856,5303283.822607109,5583295.071230474
999,4849852.718408552,4923843.01138772,5241080.393148651,5052754.934379362,5327205.792352352,5308774.730343844,5605815.235929174
1000,4891124.418217622,4911061.65224174,5349596.914660151,5033894.314268673,5454020.054691473,5208007.522816575,5583899.591079761
1001,4933591.168605708,4980420.783249076,5181146.431721084,4893355.943058946,5397481.480706826,5410123.114919925,5725698.266904182
1002,4942539.616934567,4960804.278368958,5279196.445442707,5052035.425548235,5421057.1036262475,5353084.154359442,5511273.591628604
1003,4898019.747871512,4875390.207540535,5149794.592871716,4847962.430619447,5434017.528293064,5221314.783636908,5540492.1306989025
1004,4954100.106867107,4838032.316973777,5274349.788231913,4922317.55313172,5430914.484966062,5265388.78948136,5608011.575975545
1005,4863501.974005257,5001273.128634183,5139067.346814596,5037894.417650832,5364171.04085648,5250235.210038725,5671304.237347513
1006,4823733.49861958,4936968.295017866,5294755.987072844,4958366.750188055,5557920.38476493,5302991.437007265,5607415.562958089
1007,4760324.808778589,4858681.45960529,5226511.143929306,4888697.490604952,5477858.092480455,5362402.935410114,5329229.573607208
1008,5010996.469317151,4856217.918022079,5248774.049931056,4944738.013023222,5401344.408428358,5287568.166405197,5624542.668120703
1009,4944564.3363360725,4912390.976041774,5218816.056685667,5078871.832869068,5517739.786762219,5324485.834262846,5549099.980320486
1010,4867021.69464628,4831559.595274532,5156567.179125679,5007121.413690456,5348886.808197204,5236261.44308234,5421342.413214607
1011,4983854.566675651,4964578.209504217,5284698.129021393,5042749.709929351,5472095.503206862,5304044.370121763,5543033.598271776
1012,4959193.937570874,4884993.615481978,5258441.0864907205,4941809.047099565,5373745.033450648,5289738.139385039,5386968.826955666
1013,4914344.119877726,4876427.671303471,5271412.264047418,5119352.666401202,5473747.0558001865,5285716.850901643,5490320.395877812
1014,4900204.948729476,4923861.416594762,5314699.406512077,5022846.010300842,5570218.348752122,5399708.187215916,5593014.439104743
1015,4847415.928250496,4927232.88696482,5274733.761089821,5006022.57878088,5431866.389878167,5307949.694923367,5578619.010021198
1016,4965889.698478949,4951693.354942618,5244092.766607312,4913447.615801716,5447835.443490648,5302073.493768284,5669264.23214838
1017,4918079.563246158,4895303.311976304,5276847.663950849,4945873.131123129,5515468.67764543,5357200.936916428,5532581.326574838
1018,4886205.92927063,4943120.829787155,5256503.20240488,4957315.586012232,5457467.5689483415,5338774.800652453,5654207.741105834
1019,4840892.432734971,4940483.470025231,5279989.0235115,4919360.628733287,5432873.372407245,5364018.587541105,5499234.72939072
1020,4937098.1629148135,4954177.411862768,5228335.983836724,4923849.716754079,5366099.916700586,5347141.659546923,5449409.070133882
1021,4877430.549933747,4919366.604055815,5237611.369688614,4960523.693174675,5414081.909552963,5349717.862257354,5573080.246842673
1022,4944114.82388076,4999491.363719181,5214310.860415348,5014062.617737168,5521588.551595576,5256898.71209115,5572034.614063302
1023,4891791.841469983,4904296.576645375,5232712.369957987,5001225.027853928,5376961.386510264,5327406.955163401,5493877.306345219
1024,4992757.61081942,5056030.348898599,5283122.9012756795,5052795.070358918,5436245.936645004,5419815.998409541,5705696.766962248
1025,4961342.990788687,4862525.9194033705,5219702.235442367,4982759.673102345,5482184.268464556,5259128.152034651,5571865.271546176
1026,4911294.062271894,5020411.980618586,5241706.970778625,4996105.49052194,5410982.722778823,5397316.958631944,5498425.111157697
1027,4880876.301090398,4915798.203124367,5434255.471797476,5089845.078014055,5490284.905327472,5346655.99954363,5417934.454157811
1028,4913142.379083355,4898432.056632306,5250537.200676632,4874556.357464102,5441529.590330797,5318799.390245134,5565932.662621873
1029,4887659.935431961,4935460.511806039,5236338.9191485075,4952112.1655233735,5390781.4474427365,5341595.102069504,5613401.061285973
1030,4861075.034605652,4982235.777233228,5206416.614072015,5027321.421909607,5514965.253003189,5504075.486439294,5683315.407375099
1031,4928637.5372615745,4895823.670301211,5259288.512179319,5002036.341272621,5401141.145306371,5406646.604824494,5619927.684969038
1032,4939181.329970994,4955852.088120423,5406856.629233362,5015899.864051191,5414194.626229234,5416262.45009158,5672906.120051036
1033,4919154.954885069,4916459.426380808,5271343.287592182,4920751.685944529,5425049.245685674,5221830.930557224,5494755.444790159
1034,4919852.900477523,4830140.986008633,5352540.965546562,4957503.695108404,5474571.518929498,5301199.3411943205,5515200.447318005
1035,4875184.318705842,4964318.866877444,5202380.926746387,4922001.897157692,5438825.4005653765,5286109.7988275485,5483500.282715403
1036,4893200.590071335,4927816.471798265,5270577.866594343,4937024.129313122,5380494.807884435,5292836.721885729,5623982.943267532
1037,4963544.046683194,4815576.75744394,5298869.471558113,4882990.8248645505,5450862.68914274,5344608.083972996,5439764.963821222
1038,4964283.344346311,4882097.650361814,5327040.135624013,4969824.61128408,5468498.075915234,5446363.170656528,5722455.714954895
1039,4954521.600517935,4870890.277137624,5287682.087692275,4907957.06391198,5413716.134958409,5291963.756142758,5625963.318421147
1040,4866081.287820088,4907327.942496045,5336417.4824476335,4970649.367654071,5408817.075145688,5310041.694251895,5509916.992582741
1041,5018449.47752912,4828824.167892623,5321766.447200452,5092107.701522415,5545707.132248772,5344475.148154961,5641874.724244207
1042,4744182.159660094,4926787.633675572,5235596.404871066,4933355.952967973,5560439.697381958,5315207.280201109,5630493.847006642
1043,4948956.374685788,4793170.417754898,5371672.155292753,5059626.996915896,5480979.593584866,5369654.228757066,5548378.304141916
1044,4952463.567615866,4979014.249578804,5246094.1148897335,4900621.934661002,5501335.615079773,5418036.744223628,5603791.075553793
1045,4989171.061226409,5009762.654635274,5269120.227791891,5087214.758716628,5421957.566591423,5254613.858760165,5621949.838673111
1046,5040260.2340959795,4845264.521747956,5340577.899467835,4971058.323541598,5328946.496109558,5388801.8015986085,5488321.268887345
1047,4925216.906041582,4889554.820975566,5333859.603675513,4909523.944905508,5407039.612853527,5335818.959900742,5467302.274600752
1048,4957196.389858759,4900923.338805559,5264065.057537252,4999001.353993397,5433116.452900625,5297185.199162907,5511435.774497105
1049,4982359.134646668,4983189.814233091,5373400.084376086,5079819.709882287,5459994.760612652,5284163.873271139,5536070.518393596
1050,4900271.801677374,4930385.16287233,5239675.459478378,4899724.339635116,5427049.610944866,5140317.81205539,5481223.379658657
1051,4899285.778690289,4979508.417648862,5267637.290402828,4992547.6157458965,5445609.98648996,5415370.582861844,5571977.674326024
1052,4946971.059950841,4954581.590533804,5265577.826036446,4931836.309163086,5515619.284210587,5429216.696521974,5675157.34595667
1053,4850693.529044244,4995491.684598909,5210833.107642446,5016859.043103561,5430213.203552041,5240913.889654289,5572642.542960165
1054,4792478.795730358,4939993.377456258,5316856.340337139,4915407.335787191,5467588.396592879,5289160.17804409,5447777.555131288
1055,4916902.3734469535,4909192.89383472,5242159.490167255,4994581.184014473,5457252.442207676,5268205.0202361755,5686643.560506977
1056,4968028.462431248,4950337.969243201,5267384.659345465,4884480.138648143,5352499.473721346,5266934.348620883,5553790.239895801
1057,4914407.569775614,4929544.26602779,5286213.62844687,4871965.398799374,5399335.213909058,5201724.499588494,5506198.363762844
1058,4972372.496326286,4974164.751519747,5360406.457003204,5029726.0137918135,5505874.545585542,5438293.882739473,5511279.553743718
1059,4912641.411262274,4984437.831733687,5292007.065945491,4987659.820643509,5417307.75978654,5284434.463243551,5537334.887557252
1060,4844554.968759561,5017843.459170867,5371867.921156755,5042965.041556997,5450780.827644804,5314700.792273482,5530860.052684501
1061,5004608.060997116,4947851.190924019,5378953.694222438,5026069.697976949,5546013.401911601,5384277.716834648,5678579.276632961
1062,4890971.795666866,4890782.765874994,5232298.03496534,4855907.276013595,5458170.265079098,5350243.390673857,5580167.91570468
1063,4886095.796375202,4877923.257431121,5290752.66329357,5000571.005287792,5468865.46204094,5371813.363484185,5478892.29290734
1064,4916535.878699845,4963728.174206423,5258115.608486109,4988050.08663776,5474973.608844016,5383660.397200854,5524351.135169152
1065,4853640.5775859915,5028557.259350706,5204838.807938359,5031842.421811838,5445477.962556743,5441139.391744536,5506649.033755642
1066,4877005.830150899,4904794.342066858,5253992.456613283,4983402.506654794,5345755.126759947,5175264.091912038,5494042.173301762
1067,4925305.196688595,4843751.752141474,5318931.868095713,4984980.522908015,5506858.519960958,5381701.705083757,5600750.338004927
1068,4849133.672931129,4918908.271413232,5235287.426979807,4888622.830112628,5304972.602928489,5352335.469289676,5561479.456557792
1069,4929319.231371254,4952912.8025873145,5255724.076056396,4967170.463360322,5435797.043239133,5282258.072848332,5427756.090716032
1070,4915920.49402233,5015453.723421602,5225847.475113297,4879340.6413395535,5434703.518248669,5241738.366252674,5617571.160921481
1071,4987572.78109841,4940041.100734892,5334569.733174383,5039271.2476352565,5364359.344507941,5335747.734894421,5544810.760209809
1072,4941627.894085165,4802364.737146835,5239837.937702865,4954492.831481796,5526180.654013256,5317444.146979454,5531899.976419994
1073,5005369.805870186,4877736.512392748,5206377.033078128,4983175.609282688,5364851.441968439,5410454.641059179,5558165.116765287
1074,4974274.938088316,4845564.400005782,5327144.886678203,4912919.845540954,5508611.064538776,5274969.046012107,5491040.655513205
1075,4903758.6941753905,4958076.842318617,5228413.795100095,4912249.252717692,5435583.482175132,5381511.8413635185,5553924.478078163
1076,4891087.8199197855,4938697.3379994985,5335439.128850774,4922610.870167639,5419943.243079169,5370621.785343341,5490555.940714709
1077,4936443.125285719,4802553.072274407,5087944.014230132,5007433.160268879,5388274.0673887795,5276805.124294264,5550412.68182184
1078,4879048.480668823,4868903.800061926,5328344.962318565,5058072.202898881,5468406.509868922,5292675.505634574,5642411.301288188
1079,4959541.481273018,4985859.445753414,5217663.009294115,4939425.270323983,5363300.645123186,5337064.644141315,5530863.259493105
1080,4987902.620732954,4950271.699554025,5209538.342786951,4924579.517212454,5437489.424045333,5442944.932520096,5640164.077184715
1081,4912849.715064067,4992065.945330224,5213458.947308199,5058928.018152186,5467580.143064033,5405265.479621071,5662000.68867982
1082,4918105.717899814,4876962.835923662,5132921.415966022,4926299.220040333,5415305.986077531,5345667.270649545,5629496.676335748
1083,4925216.282054994,4867595.633060601,5297930.525645532,5088808.967097643,5511281.904250544,5434373.386514608,5594348.95105893
1084,4984840.171183405,4932257.712526287,5244751.329153946,4852643.4405358555,5366607.710041344,5275715.751086582,5535061.432500975
1085,4950470.80019815,4953003.218757986,5293619.028161252,4993197.711632021,5575331.060629768,5290243.205901824,5583354.276494004
1086,4938568.538126551,5013283.012307899,5312436.980332147,4847889.691851158,5478954.972226873,5422147.382683404,5468214.94093602
1087,4863919.888277978,4897639.350565867,5324840.998873222,4968056.224590137,5497515.940726472,5267972.913089459,5469774.211972276
1088,4865875.33001049,4771156.3344893735,5234400.741295179,4971981.49017817,5496213.512369471,5346778.625842048,5602953.210943815
1089,4989617.197645194,4822175.279683421,5331448.504948685,4953091.221414106,5460638.797552424,5282088.086239859,5592431.386202285
1090,4929393.084220058,4882783.076959035,5224027.563293138,4846438.437412721,5478020.47770839,5317093.528157018,5381228.359998603
1091,4888219.479234591,4914749.887850944,5287329.677831054,5048945.658091351,5404005.491472405,5327312.0681539625,5556115.07286207
1092,4945394.172321108,4935873.011844729,5261816.802830731,4925114.708194907,5490355.547128465,5328303.533923298,5664302.247400069
1093,5004838.315142382,4944462.97773153,5209765.022764216,4996137.3166949805,5352550.719199702,5367756.112848852,5634842.326628913
1094,4932693.666729538,4889505.630081939,5243907.796260096,4979521.137637379,5507133.687923601,5409360.275175218,5415483.274275156
1095,4933061.868171162,4843268.854316267,5307853.082513298,4996640.97289634,5514298.889289264,5348931.753600213,5569256.885625901
1096,4970483.274701293,5026214.405357799,5344245.017004656,4859098.6781912,5364116.649404354,5358422.767490552,5521327.568749253
1097,4845765.318815046,4933262.394676746,5263387.546088934,4953213.893743888,5468968.340027596,5209403.148242,5515239.4326169165
1098,4932338.422052442,4887849.636176301,5108813.778853679,4952366.850200184,5440501.7173664365,5221982.124193597,5568617.4186573075
1099,4986165.927318613,5003741.249136357,5184012.469908993,4930068.601771764,5332070.133553692,5292404.903771603,5418059.667943843
1100,4959411.715390703,4955888.798370132,5270409.240939988,4825096.41369845,5361134.606010765,5291925.894547962,5435837.645701574
1101,4881710.530694403,4970126.961519885,5268365.18778447,5087474.679874394,5429165.80025331,5290378.529029806,5537636.862524926
1102,4830933.98180855,4927829.336000741,5269047.17101915,4905292.511316332,5416238.524352898,5427537.601246845,5618165.226309603
1103,4865694.244728207,4888322.972523031,5235043.026742432,4885179.892486401,5451966.637881918,5298062.426525148,5513538.074399926
1104,4910666.178538042,4991076.997467262,5278051.274634023,4921768.922628259,5502739.319840194,5247645.724994459,5585002.198840056
1105,4918285.1892175805,4988769.601253054,5305314.601155314,5095594.188795574,5453133.282891166,5394982.846746723,5518002.14641069
1106,4876487.652364689,4905832.927420327,5249624.117144362,5006921.816894525,5362814.77154979,5206733.7131848065,5524964.124520222
1107,4858875.334768793,4850621.767509712,5330547.5604624655,4980017.857860616,5506117.813467497,5404226.190265067,5732791.502298316
1108,4853425.5479060225,4939861.662792493,5301917.783825534,4974863.668379505,5449978.8432418015,5306157.390597986,5690011.361669544
1109,4835367.925499427,5007103.802441835,5290193.155131552,4863884.615070755,5468616.07212067,5395137.733183763,5569381.432408274
1110,4801594.913647575,4945237.650200846,5085476.786210533,4840256.982090609,5356190.339987975,5249038.622837695,5406490.769966429
1111,4916655.380671535,4852978.647488528,5277130.101618446,4914753.382560761,5459818.215442018,5303406.551316771,5537233.511282422
1112,4976804.696513088,4900414.157592314,5299674.8497944195,5014511.90476889,5556196.896472046,5330064.921751462,5386174.806114268
1113,4899610.61680677,4990473.799568165,5217588.590907749,5087184.404192589,5409768.112056038,5232591.996928242,5598832.145070742
1114,5031342.165448586,4923328.657436022,5248677.592276616,4888041.006883692,5314136.011485989,5254656.97178309,5617694.975181655
1115,4892805.60323999,4915433.959659717,5307974.557532895,4977608.391985116,5466931.996323818,5336966.651439939,5554358.261022534
1116,4916354.175802302,4804273.127278009,5171090.34046,4935805.333625689,5475973.929299297,5299935.411952734,5409877.614107968
1117,4920745.667403727,4942379.351348852,5332060.55525439,5046922.565972769,5402316.965893138,5459812.673346054,5486519.357475135
1118,4818796.637557619,4870221.108132346,5165742.357821267,4936436.096323259,5311939.380047871,5271525.190123983,5630852.486261057
1119,4878989.1915784255,4927208.708913036,5282561.6709496,5002437.615846089,5395429.938954432,5348159.935621549,5423724.558441955
1120,4912900.404110067,4977537.348775873,5274889.836718585,4933094.749185409,5453038.1327846525,5277039.547623475,5510789.817958098
1121,4828541.596460413,4867393.509435245,5345965.902396362,4915369.983297281,5417378.072394836,5277145.152132447,5556396.513184585
1122,4988153.2874197215,4833633.761249695,5383250.850977305,5010634.088552437,5377177.482106144,5345409.434188544,5492756.744997544
1123,4992552.755993986,4906383.2868429925,5295608.76267451,4840870.775457936,5515830.681052806,5249777.148338472,5546144.258894032
1124,5017147.09068451,4856142.053069325,5280979.620055027,4906214.196905161,5493858.811774505,5317454.041120749,5546143.375453849
1125,4919995.453062625,4941752.772937334,5280248.548089853,4951175.685261828,5456754.632759423,5280217.144076519,5639883.689770373
1126,4914578.97615299,4889851.76342462,5388786.314776544,5016538.252313405,5432369.20218829,5351227.392554684,5417023.00460048
1127,5009936.9867345635,4854043.43309718,5362787.663223721,5005376.459760965,5453635.711430328,5380182.514658634,5479587.503331792
1128,4903464.103228578,4927683.551911996,5326780.425547942,4944682.431886997,5390671.576763519,5319515.514858134,5514048.936325869
1129,4940290.173396684,4839152.639729856,5284929.573095512,4991338.054919789,5518109.074865767,5318032.232078103,5575738.861693438
1130,4877907.839580968,4990846.057893803,5166323.82073904,4868430.598389455,5384623.072090206,5432563.805045096,5392616.100565134
1131,4819959.888729372,4988207.399485304,5253206.164872703,4921351.716620766,5370128.572419634,5399092.042714542,5474228.270251585
1132,4850534.598215773,4854279.609845469,5320962.087077922,4891781.275718374,5330881.746112704,5352567.4170554355,5562581.180484938
1133,4877965.068963451,4881702.284520316,5227273.689704753,4871077.448115524,5363514.023793461,5185359.037056274,5560608.64244173
1134,4978079.14954801,4931559.850943403,5268344.229779068,5041900.532508499,5443732.4794546245,5378564.472013296,5667114.797629323
1135,4997704.8459684085,4883850.941262087,5249339.327285092,5016971.022932528,5294047.636759563,5355960.692730453,5479224.928240016
1136,4935431.219945339,4943755.093264745,5209082.601257345,5017163.026747515,5486949.232850974,5168023.457528587,5498925.605166763
1137,4939149.172191751,4930075.226627955,5219390.343852097,4904650.516627545,5410902.9432852585,5253553.665896236,5617414.754198276
1138,4939929.310944127,4869570.187547907,5312125.484383683,4914841.604980244,5490869.604930982,5310734.992776129,5502955.57107376
1139,4962844.570919015,4915744.914268722,5145054.050955262,5086712.999348744,5460733.707416281,5328506.368566073,5642345.552794238
1140,4962106.286911601,5022759.50217281,5324565.176858326,4987839.8537740875,5396670.351857612,5347748.41972805,5546274.824134369
1141,4903522.141089607,4918615.701429828,5188294.228086355,5035569.8514661975,5407666.674813052,5372233.854036875,5421279.3031942
1142,4911618.148519405,4934073.862922462,5238348.819726746,4966563.885344657,5436412.538325032,5409157.888839306,5624593.039918571
1143,4924403.581064165,4934938.34891345,5271808.0051541915,4979573.455230201,5371265.130561047,5326087.147294525,5425045.053962458
1144,4950880.212470284,4782924.125214895,5304064.987659587,5097174.154883239,5456403.362044828,5382101.686828467,5583843.366047457
1145,4909898.034067257,4930969.378768204,5284419.229690073,4816716.515819165,5378371.222401387,5362423.648380436,5457907.278043244
1146,4907731.85017184,4959021.54738948,5261907.151432659,4966549.134765306,5484983.925010941,5195142.441113414,5415443.374460733
1147,4903311.7288257945,4871358.575765877,5238605.507997278,5063673.529274117,5479077.76653461,5287222.232966628,5595018.06841417
1148,4935032.067602837,4938271.272868335,5202931.4828826515,4958641.419038502,5434219.568384808,5499310.63310293,5500249.231109343
1149,4855996.966539933,4922960.630216026,5237410.609690726,4956138.436460534,5432706.19311733,5277901.766233931,5552089.593771665
1150,4902259.766110092,4916958.998746197,5179248.376970959,5035977.305401173,5453935.939146569,5313005.545507064,5568770.928990519
1151,4957164.323901766,4956099.580608132,5359271.991091283,4969339.405102388,5396395.229858989,5344874.874354945,5616154.670504506
1152,4971462.646787915,4933440.574070776,5311259.874322999,4980566.634259725,5425913.992480004,5359279.913921765,5551648.738862256
1153,4915469.046890372,4825911.345602962,5192008.315556459,4877906.3822259335,5421184.693125857,5355732.199484986,5615225.47981313
1154,4981961.667756941,4929467.585589667,5338259.8184129,5038569.8771079555,5496305.259745082,5273178.045759437,5399976.620934182
1155,4894858.801541785,4861502.974834443,5187937.654434598,4955183.208432102,5488911.479481699,5292523.171089588,5650994.332603297
1156,4951929.266537839,4957729.876863275,5253848.607916123,4947329.92990915,5427663.024499262,5317396.037014174,5529179.924147623
1157,4855486.714336478,4971687.2468731,5330327.6084193615,4849219.6346306335,5462574.547643822,5264675.251474015,5653551.539455359
1158,4882435.639884538,4923118.287193438,5325661.866102282,5089175.370317031,5381767.289292411,5285799.387725215,5540560.325120105
1159,4954607.518537761,4986811.568881169,5252801.782677573,4870357.978049465,5361072.337681804,5312244.221014973,5509763.378214554
1160,4908993.26743143,4935194.233838024,5220601.67530512,4929539.831410663,5384329.584298808,5322330.090062522,5593458.783201043
1161,4878657.041299276,4930723.83665658,5232739.0530658215,4911956.007829066,5435802.380523276,5373475.249190646,5430028.500575804
1162,4934639.510152038,4900480.800128546,5275568.662672657,5045287.646651085,5401323.182058067,5358103.866151377,5574623.59538464
1163,5039384.329242966,4830083.114761694,5267942.940053302,5000939.303656771,5465918.1604441535,5400628.911435031,5494652.600600723
1164,4948929.778088368,4806894.274639703,5210392.123187691,4993967.837766165,5435143.8839322375,5314779.342772891,5571438.594196767
1165,4903683.773694192,5002945.250148557,5291006.80338143,4979570.028717986,5518405.3506509075,5358376.021618996,5446208.032868953
1166,4892726.563065262,4876797.6047970615,5275340.039749423,5096124.627977466,5416185.083703261,5411328.431514573,5512753.986322868
1167,5036873.90528236,4828621.181554288,5284608.51479341,4968709.114566251,5378693.363234865,5283405.214020254,5599012.905435379
1168,4803259.734903254,4952571.365673056,5261063.56508535,5025407.6494506495,5429107.379361417,5241086.110044008,5621584.0709199365
1169,4858429.937510887,5034627.728085033,5217057.868923783,4925709.022032935,5389280.733751524,5340464.603906067,5656969.295623145
1170,4985115.85480454,4895873.22284906,5265572.414219862,4997764.724531984,5433840.08556949,5317967.492308057,5641409.7675174195
1171,4940036.285736418,5027049.396024937,5320992.281046204,5042956.879227053,5400381.504791072,5264334.463260491,5600597.417486945
1172,4968986.689826976,4764856.520062247,5179282.018774191,4899576.854197466,5410481.137459255,5301866.189055848,5618850.69736012
1173,4959278.216025702,4906249.308577549,5246736.332650372,5074728.676609642,5435706.175697662,5366631.934718686,5574293.214981263
1174,4936311.354835772,4866493.817711393,5348676.899458071,4938309.207656383,5341376.161534182,5218339.242316555,5548960.164876557
1175,4802532.073912732,4832139.976756712,5211194.499791806,4976040.7287793625,5407446.276322957,5333608.214149832,5599777.864549933
1176,4934074.846080461,4844666.554903127,5290466.320262285,5034050.948277041,5383588.129918264,5314671.130228159,5566758.263968812
1177,4916645.925423456,5015400.750515553,5181178.740180214,5023973.958390215,5505872.066814905,5368943.978959281,5511197.357899116
1178,4917690.606301779,4964464.26907706,5257937.97151111,4896827.223942304,5398536.244512538,5422531.164829612,5662504.030117519
1179,4871472.128171406,4869628.616963179,5299506.700752618,5066214.1407482475,5432497.004990445,5423837.809488115,5576624.790894304
1180,4923604.594969359,5100033.713207111,5257397.796847439,5047241.238912141,5407137.356981431,5443028.831221833,5682487.699877665
1181,4891401.201414553,4904681.557352825,5338405.31751344,4986974.2393343365,5425807.037490109,5333037.964836455,5595415.866505328
1182,4798363.510878845,4930259.342075968,5331127.281532141,4910463.918240451,5364367.928171083,5352739.404203533,5522529.382547881
1183,4964958.39746875,4953915.558287194,5387614.131461456,4974059.951447345,5428164.998578518,5369948.487573846,5624766.077458248
1184,4925723.877405965,4855390.0161901275,5160092.725803273,4971242.077133894,5477253.889074299,5288602.694725206,5500417.717538413
1185,4847723.618347062,4948248.0122565515,5202165.364578362,5046730.4232729925,5412892.083998701,5372785.760568078,5729018.145030019
1186,4854584.145526776,4881798.466673208,5205082.021426182,4972708.007753193,5372522.4698215155,5176159.029875587,5511814.35911751
1187,4912677.381541348,4923252.173343435,5258576.750776622,5018009.145011579,5395312.859164593,5381732.348982764,5555454.056560503
1188,4963823.339225951,4875068.569729105,5273710.609004401,4988429.760548253,5431688.0447589215,5271738.361915062,5547767.322892114
1189,4946003.4166366225,4844330.251344125,5161597.186335785,4950556.902015988,5473943.088760222,5199296.157742135,5404498.876342943
1190,4974158.73997121,4817060.036826028,5167615.219631584,4945235.643076405,5429999.793925803,5293292.66965884,5622900.76675711
1191,4868298.635609454,4838678.3754131645,5335254.156492185,5013322.997127714,5441862.294648402,5399664.566003695,5455373.849224225
1192,4964538.943694543,4898381.124793797,5152018.430832864,4982440.3994505545,5338746.628412055,5331166.237812731,5633073.630240916
1193,4986141.807024513,4888749.278179633,5276456.491800946,4880926.978166242,5438166.513931634,5355990.066472011,5662677.244549207
1194,4890211.949333489,4907884.23846236,5237588.764602893,5018190.601478738,5483074.575547498,5348195.17769407,5546340.834846154
1195,4885407.366987362,4898110.076903768,5251277.365541581,4973896.594068005,5383921.849065552,5303782.063726471,5518733.285457585
1196,4980175.356930366,4954343.971844765,5333909.730589465,4966952.303107194,5450282.816892332,5270376.187625163,5472193.948602139
1197,4947659.347399203,5026293.900292836,5161344.642073877,4928589.444908689,5430299.932829067,5314517.723154222,5634291.34974486
1198,4943555.396557043,4912222.5126816435,5280180.138055443,5025398.056918383,5483691.590969146,5279580.094913976,5433754.69606882
1199,4850387.699232071,4950460.560641172,5279588.709853735,4822821.777848887,5447240.965620397,5351810.612130078,5452499.227951115
1200,4976061.106055566,4898076.726401161,5277888.219936753,4882001.189832361,5527435.432192905,5398017.218195522,5562522.706510647
1201,4938675.446890541,4812304.787318163,5284209.441816639,4916179.559273953,5379302.479438194,5191890.697238401,5554858.376072764
1202,4976892.711410331,4817528.855726209,5232618.802931337,5036838.160897656,5421143.313421991,5172425.263867928,5594365.749576795
1203,4952429.014834516,4803145.7288717395,5258091.425582368,4923592.783292284,5439141.75356822,5171048.15027567,5584568.8085315805
1204,4887930.535360958,4943026.030978142,5238118.251402616,4863601.369202751,5349971.9014731245,5310343.257369608,5522159.20403911
1205,4976019.908798461,4959354.215506367,5329970.664178058,4934869.362824724,5475806.720191164,5320034.024825716,5611943.968520502
1206,4901863.781844573,4926563.750735035,5231790.778290094,4957855.294819996,5397573.485445373,5288119.409713777,5474810.666241385
1207,4931986.65677658,4894977.720423417,5204956.223740446,4991106.912743166,5370954.542419435,5235631.777315862,5603169.10966037
1208,4936625.060488414,4987535.553468741,5133768.607077655,4966609.153102639,5382022.472428462,5357841.19504359,5565713.203503817
1209,5024122.967222242,4782942.253050745,5311354.865815448,4914334.65832852,5400949.6160518825,5286768.996517282,5454155.239828183
1210,4952747.124976492,4827222.492002513,5289906.828279694,4950662.657029293,5364671.513590466,5354776.056312326,5591267.999586491
1211,4935556.58350379,4902224.617925039,5308291.760315429,4945915.446268271,5381719.506938847,5434662.195373938,5523559.302198484
1212,4913799.999005401,4823541.07193634,5199263.48778007,4944147.393031505,5402347.248047384,5303655.892380971,5625390.613308011
1213,4998195.224045804,4923731.020494514,5309163.437011281,4950167.46758334,5455107.584586188,5405003.622722512,5674994.482082335
1214,4862840.138832857,4975411.477033192,5318729.332533476,4999713.013277566,5451514.763725879,5308700.93563202,5522026.714922931
1215,4852358.1298557855,4882273.697841687,5267191.892891306,4984955.571432226,5390247.739260152,5316915.728618737,5576036.091465579
1216,4941150.022831697,4925074.631998028,5313405.05682471,4962605.591070734,5413201.558423897,5382598.672971785,5506089.8171741115
1217,4965727.810007906,4894498.074328618,5210119.33022983,4976023.792765123,5360352.400323557,5342450.289898468,5571016.483364506
1218,4962832.18941951,4885305.886022805,5293912.559998418,5023905.635512365,5556820.742979169,5376827.347959243,5524797.920798009
1219,5077923.258233302,4882928.494983857,5217849.012671305,5041749.479040483,5462406.156607328,5303881.028783174,5556266.611034458
1220,4917010.434480736,4966792.512599024,5229914.6635413915,5065101.3182475325,5342222.492846853,5346193.40412854,5506254.47517043
1221,4913355.201620912,4913701.088131636,5276679.014057286,5044411.960933626,5458185.358199414,5394316.975266112,5719969.130435378
1222,4864135.479999011,4882516.421114783,5240389.748360144,4974741.382159728,5459799.00451481,5327099.417083552,5488560.088502243
1223,4943580.014599884,4973113.508817378,5216129.854345058,4993453.721645688,5392174.617792861,5333819.351826209,5462180.258907491
1224,4891357.9465065515,4830371.194648822,5159786.26934455,4942420.502456851,5373256.538101346,5366316.54548823,5578917.76952266
1225,4837891.015947308,4946327.714587566,5228329.649077416,5057704.927250679,5398682.809913978,5259305.2797834575,5576488.427210935
1226,4996268.295226106,4928266.647124257,5261135.526196113,4945131.757603936,5470024.117489333,5300741.293870309,5523282.422369041
1227,4952841.824703926,4842466.580075416,5252412.116636154,4933805.307179788,5541045.257410841,5295377.61802479,5455345.066525973
1228,4929500.070741516,4968723.617499263,5345417.953632059,4993513.832858115,5438339.245728438,5504380.227847261,5604199.695687823
1229,4899476.774012689,4897473.780896255,5268451.889097784,4969526.278905797,5396025.323083722,5286178.961909886,5665987.461316174
1230,4975862.9864982655,5024982.496574116,5242233.5873464625,5061733.893883675,5545167.727195345,5364017.244570116,5567009.007319922
1231,4866344.821187914,4959688.14550965,5363322.9401581725,5032099.7698074905,5443720.345598999,5350025.109397841,5522878.211614504
1232,4943986.892735655,4872722.872147009,5292619.197235061,4971675.479999792,5429060.6045394745,5267386.12718403,5572705.564830969
1233,4983813.79217075,4897163.338395248,5211287.639985074,4990458.793239012,5440154.38806618,5204919.347148659,5587708.992154181
1234,4849856.543843129,4855807.633508575,5293991.2764425585,4939142.8455952825,5446698.102024223,5284095.745900742,5707874.139123392
1235,4845749.750747744,5030226.457961434,5227802.24969054,4840532.230262884,5405937.582234642,5374089.280609908,5435215.318242804
1236,4990688.302113316,4940119.352787958,5222393.35782163,4941626.8403491555,5405865.603031457,5347595.637215814,5388107.316111922
1237,4858674.410572294,5000642.360998705,5243660.218742551,4898154.174535344,5483644.8187814,5270934.364340957,5645353.24326678
1238,4914829.479919048,4912965.64662774,5314234.849108218,5114800.697061891,5452344.440691285,5345897.516490944,5503703.989596857
1239,4976776.935040873,4878768.484746625,5224184.763439752,4907783.355378925,5373040.840079017,5372633.422267711,5566509.365589032
1240,5029059.499849457,4965821.4209941365,5206990.170242484,5030869.176207254,5402598.814924597,5294976.837212657,5634808.756067746
1241,4915763.644954852,4892619.343313832,5403590.229269398,5008727.089572798,5538400.872004721,5343680.515150731,5605344.794160038
1242,4856332.296277601,4951926.634959139,5203972.5576211875,4950041.350272059,5437151.814266732,5187163.257505523,5532895.088336688
1243,4863611.512402803,4888139.871850935,5242237.735770564,4870782.298874232,5495052.858686057,5370933.901140988,5579293.023562622
1244,4873204.531342066,4870346.728838919,5213638.106609863,4885922.977131978,5445708.154705375,5428062.601129893,5663078.684169595
1245,4912064.397084428,4898924.10215016,5325875.69649544,5068076.142187781,5362904.811740243,5266795.936559734,5611041.944773415
1246,4945932.309096006,4841928.174763393,5316325.917565146,4898131.201214537,5356729.333941396,5270137.732938895,5506264.833865937
1247,4925473.662556467,5002567.078930026,5355827.7794873845,4955640.922877132,5377389.009984261,5307188.398822048,5537235.4531098725
1248,4956851.443081555,4916281.847935748,5289563.411907361,4827289.977318171,5392893.043522902,5317025.142825037,5499348.978872801
1249,4917746.221321985,4885543.425253221,5271481.0005114935,5058696.347095324,5491487.720346887,5297254.1889195675,5697720.541472278
1250,4953208.023046762,4839410.104539923,5306602.711603279,4976750.16161843,5433955.164317986,5239995.975112528,5425023.72842497
1251,4930238.165902348,4965997.472655883,5291387.095354222,4953310.422998076,5370176.144448381,5257447.644377889,5531130.345926277
1252,4982459.32401151,4882071.216626041,5249189.410239577,4928677.353184944,5365353.713898297,5391302.092721043,5486131.13320078
1253,4838178.6539221145,4901907.286056038,5247663.404845274,5044018.235515962,5534471.095369782,5346599.401922098,5567688.500818067
1254,4828807.593179072,4854329.671329857,5291508.475742968,5012158.935506636,5387758.115593153,5314364.10182726,5452224.533989391
1255,4853224.718657561,4923927.096441143,5348861.561023811,4990782.769193675,5482385.963110006,5259843.651802442,5511318.753952039
1256,4853261.194402434,4955972.5730242375,5321367.130798884,5038964.391808894,5450595.4832551805,5381994.272435261,5624930.612139735
1257,4976945.138384076,4932473.096326379,5172693.215349086,4946866.596833404,5430021.142470296,5406066.723640438,5601030.611100027
1258,4931715.6159053845,4967095.665609814,5267622.35773169,4978283.1570559,5374568.546421147,5418107.528458783,5631316.899284411
1259,4935831.156021657,4813168.359417818,5224656.1518714875,4881586.9687475925,5451271.603465856,5272545.117386159,5534875.1527750045
1260,4834737.579905699,4968226.358043318,5257240.572304641,4943375.342907215,5469876.191673333,5291961.7846158445,5533151.669767607
1261,4933391.982876781,4866019.409831174,5274692.329575563,4941913.935075415,5438557.940147251,5453697.27223847,5536328.007566367
1262,4884453.827994892,4893563.218794145,5305603.1310434295,5104791.821427539,5525359.919354061,5522990.982258964,5633182.472596867
1263,4855050.091907813,4920691.5281722965,5320271.683663345,4906045.81839159,5501145.507025588,5357615.2128212,5481558.179949783
1264,4860334.284670934,4880581.650527731,5298647.720180011,5029942.595709078,5487562.231326233,5320336.201188682,5599543.780291796
1265,5011053.951836277,4937494.551333769,5208035.679481962,4981701.972169257,5417385.819787586,5330972.849095229,5546220.525413903
1266,4859813.234060423,5021092.429807987,5340530.379352254,4925144.65068168,5328650.181298947,5358281.883045905,5471702.17693697
1267,4995444.416574913,4937044.874004481,5263354.995855977,4795891.247674926,5446856.563591145,5295316.414226102,5570456.441074104
1268,4897036.807340098,5012978.272825123,5193714.688000609,4925924.625319524,5466001.450356759,5202557.234579943,5437757.815195232
1269,4972413.4747460475,4932159.3264010465,5146907.226608912,4890212.23169231,5588076.90547745,5291888.073566995,5452683.584109085
1270,4896470.104798515,4903389.996623368,5393031.727167578,5028854.919050457,5514719.093735473,5422874.60190109,5498262.404938688
1271,4909332.0259589795,4889299.725205508,5375701.6618816685,4896272.670725891,5431407.690265491,5237933.7791111395,5521060.771050512
1272,4838243.729054138,4854673.240581761,5336558.595662716,4935157.736515866,5531588.1411204245,5291655.478584669,5424564.52057879
1273,5007735.123217794,4886120.324664499,5283221.45195558,5005854.937581258,5496161.283047363,5331679.630958716,5741500.060643243
1274,5025413.030540257,4858569.583303,5225541.718978677,5060598.5016483925,5443630.936340559,5361608.671588442,5541104.2318332335
1275,4949060.852297353,4917142.6044796975,5207082.18547655,4993215.256652985,5464031.323413191,5297532.528655974,5445671.880934028
1276,4947844.785782177,4915291.583005574,5196857.101129211,4986635.680788144,5312887.729607555,5319285.315475604,5601480.660794009
1277,4852690.471078304,4882295.043565424,5242969.637063293,5105821.117339149,5489735.359436949,5234835.647187743,5600786.052334146
1278,4962535.975276599,4877463.780005936,5268628.027514292,4987213.358836754,5306019.19759796,5267287.029419761,5712528.856224594
1279,4998082.138106347,4909302.70728612,5324376.419577117,4917528.83206594,5446794.573980641,5381681.698838981,5614066.88287708
1280,5075770.230710877,4925373.541740322,5317016.150135887,5147430.5362986345,5486693.215574456,5386280.638348668,5505238.637675552
1281,4953432.842108709,4954956.51034499,5323765.123962558,5012885.768323202,5472375.700066546,5347530.840382822,5384811.672224207
1282,4903215.587177443,4915003.737903596,5287040.503906387,4965674.004918878,5408842.444264059,5401154.220312826,5624732.516995668
1283,4884405.7862656405,4905806.07142823,5189290.314812919,4840080.839770011,5381852.052281391,5277351.4317766605,5622822.056967752
1284,5035654.815283401,4918099.240692969,5125710.065966765,4926682.931973307,5426393.668088905,5367646.905337378,5646029.088903597
1285,4946118.23459591,4855476.1509326305,5278048.450201983,4963881.668936297,5305567.958639685,5357682.8505861405,5402592.325407551
1286,5022222.505710402,4860170.267021978,5241906.173546416,5021715.176624566,5454174.096381247,5251196.288769154,5469978.582764445
1287,4885443.110961809,4975446.412581904,5298525.699842079,4835010.227838609,5405350.844683652,5334196.299662251,5576110.553935995
1288,4985780.201809616,4942015.0142487455,5299022.521633799,4953770.8280207515,5399405.024489289,5259941.533864697,5465646.740257053
1289,4911556.833240654,4853661.966566823,5301839.805585377,4973213.013025458,5406442.56814161,5413505.059607474,5618325.706739599
1290,4958756.066730134,4950964.613292534,5240795.825414734,4867739.005985842,5478512.299248343,5405683.684216864,5579997.570852532
1291,4985667.187488085,4926851.770956501,5136660.566151531,5019337.577313206,5371507.104337752,5324871.989171835,5498837.718033754
1292,4941405.50784708,4934782.546223673,5274803.5748866815,4912215.22725917,5353971.791551712,5478505.866562834,5680588.437250808
1293,4873475.722844806,5019152.494972359,5213657.940268858,5001023.857742196,5429160.665156053,5283299.793833799,5535828.366792325
1294,5018624.6974364305,4959447.239596855,5206268.296812518,4999812.479492537,5361750.879864838,5360462.938766718,5555131.1614126265
1295,4965360.280325601,4875715.165321423,5317814.602972095,4916974.622027851,5389023.094626173,5354539.8174308315,5470714.2224869365
1296,4959483.045393037,4998769.60793791,5390440.605787742,5071903.236757252,5503018.034862249,5367981.958812932,5555967.021248982
1297,4921880.713000523,4913253.85811788,5378327.614446531,4918228.667695466,5391641.4461701065,5372825.222174134,5510780.715955143
1298,4957414.068314689,4936334.91765221,5277982.890702298,4849628.796300253,5500357.799174402,5329863.811613176,5551420.37349043
1299,4925898.974927333,4849297.058545556,5228158.153276112,5012569.892663678,5499717.578147108,5433334.018375969,5564556.23141188
1300,4977672.575308349,4908513.79298408,5237273.876413635,4979955.165720122,5374402.345212413,5294176.956157486,5425541.257361894
1301,4926958.033229761,4921203.640993718,5294787.521722572,4885098.329225112,5411022.020398168,5373449.321297161,5612037.579210664
1302,4957602.813077604,4901079.730664603,5325280.446380287,4903579.071420247,5490565.291676099,5278000.224681008,5456739.827919466
1303,4823480.19715411,4790970.498744372,5172239.37681158,4991408.21667347,5387506.222767848,5426950.423872583,5622161.331048375
1304,5049124.024226465,5040687.756601294,5328322.022832588,5041168.6300424645,5481492.122081513,5210951.816748527,5611014.636220833
1305,4934109.328942851,4941091.848202791,5295517.724602297,4979913.087346559,5406419.574482046,5292398.876420586,5390038.044558526
1306,4996898.954346266,4965292.688212327,5334805.900521112,4977822.044333747,5409600.070714631,5247315.566782291,5588752.694046703
1307,4927880.259861479,4941156.744856464,5175620.74400906,4912291.551360524,5444974.460236111,5327598.455943103,5618762.587732972
1308,4911797.242009606,4922710.068731221,5211627.237661479,5051024.050359648,5491573.057740347,5421821.081421243,5562570.579586765
1309,4975278.424383629,4905671.84567047,5345253.36283627,5099397.64434662,5505032.6901595,5317093.710542249,5547248.814992903
1310,4919328.551334682,4916759.115576034,5349703.239851634,5031807.780389574,5401215.891260513,5324638.276415115,5713539.519874292
1311,4933481.767929691,4781499.204348639,5226890.197976797,4991097.46028545,5311636.722486314,5293973.534786809,5501296.45533831
1312,4905000.372677827,4892432.022263186,5266749.8614555895,4988434.0588454325,5433580.647848954,5317422.795945999,5592546.115496744
1313,4868079.4022884285,4949821.741405859,5242916.508547609,4848138.798933508,5364231.435036494,5326526.046209699,5573981.899168851
1314,4972853.3626240585,5005367.265641053,5283039.755592391,4880396.758084401,5438249.02548128,5350539.516520688,5471213.397429428
1315,4978875.8607522,4920345.676269798,5230362.273045734,4985917.958348036,5423056.242932005,5343481.20104772,5451819.186447677
1316,4839525.894559036,4898691.719110612,5323619.085509379,4933583.66973036,5399006.948022019,5287243.891605937,5537669.083260954
1317,4960341.502171919,4912370.249902646,5219375.835351113,4974366.304465216,5460842.476278898,5325735.383065628,5462043.119885204
1318,4896490.7043996975,4874670.358058994,5309445.1668651495,5024986.475473854,5340928.8353672195,5430683.180596791,5437015.197960654
1319,4948086.871563281,4978773.757723272,5142443.032224424,4922143.765001179,5458195.098267027,5337933.508547157,5438856.368702413
1320,4831549.172413966,4879974.8112454135,5368262.783596189,5036430.486569429,5479511.905112008,5264216.93372957,5536301.6879550535
1321,5001913.345925234,4922645.759622243,5252133.4881656235,5023167.659120053,5372844.340516371,5347953.878626461,5462513.1610730495
1322,4939282.769599774,4929403.52735003,5353669.340455089,4899961.343306112,5441945.790578061,5348676.942278761,5551205.651036955
1323,4924097.575443746,4909432.926726548,5252692.046226436,4880198.74512733,5460124.14775823,5322044.611213433,5595311.326782059
1324,4962369.027631977,4926465.107698129,5192460.569389704,4993699.463958405,5393255.110215872,5364382.667507616,5578576.719516292
1325,4855123.884505981,4918204.835804873,5184051.420433631,4997101.153784629,5332355.439282019,5195667.320068326,5585200.346576205
1326,4955035.427355114,4880337.094795077,5164229.932850273,5064083.812280575,5431485.817228263,5335362.160679491,5589669.147152228
1327,4892459.555016811,4912167.38907299,5298083.372587074,4952354.220167152,5448071.768922471,5384789.366984965,5628988.972346578
1328,4930283.312867969,4894427.207336321,5246928.689929709,4898002.283739557,5501466.253102234,5320150.139657333,5613593.332688549
1329,4864411.084490664,4930983.856503486,5141873.378010963,4939613.134222599,5518671.089006678,5289999.720954836,5371521.6775527485
1330,4964926.708232431,4795458.747959592,5278627.700354367,4944624.43278751,5547566.101585797,5236814.802856175,5642003.953319214
1331,4881525.871749489,4864765.470437543,5285499.354359851,4948210.079907814,5416032.059788537,5248958.99551924,5522454.400588135
1332,4978307.163987654,4981225.23398054,5344061.26382431,4926534.71144318,5428990.098701313,5293582.615868799,5620015.296629859
1333,4930579.579745843,4952667.475447982,5320141.805470545,5015869.508983932,5380253.602624261,5267327.00673946,5509258.605928898
1334,4970171.920879237,4890550.132422681,5220147.086036145,4965078.37300735,5462609.63165505,5476740.617011514,5618880.895283451
1335,4936443.166416332,4816716.140288187,5257023.670998346,4922791.223657603,5451150.753896729,5304577.222450464,5554001.572702993
1336,4888864.574061533,4911470.466175643,5222663.873840941,4968283.734654664,5472877.697750391,5363008.290860166,5501704.157966254
1337,4881769.162083749,4795555.199918214,5191469.5495112,4880055.778879577,5446429.023830953,5334350.114186151,5450987.237446062
1338,4930316.3614409305,4935871.171989363,5290554.665671621,4939102.677154348,5415972.959421631,5338485.379983931,5597605.917275339
1339,4961382.734921347,4841335.0318272095,5184168.514799603,4894003.883051948,5444655.116557182,5244289.015741788,5638583.874452582
1340,4796532.988158824,4925579.4413701985,5310961.090813336,4977957.587231811,5441567.745197941,5459774.62888195,5554359.623330895
1341,4966326.190043157,4951136.485473696,5254679.214884069,4837432.550989817,5380334.369145954,5193634.4194790665,5446873.932060935
1342,4966893.471167626,4942788.712597413,5257141.97336836,4945651.437334164,5398221.204444759,5185596.9828535775,5580647.179604919
1343,4899219.833718969,4844515.397853371,5228343.372191607,4910447.161560123,5518039.81863373,5244854.457273037,5565375.237052047
1344,5040290.062060212,5005006.750975445,5407402.135890106,4924576.41784089,5380325.270485068,5387461.899317298,5523238.273097304
1345,4865641.645256122,4816045.509469365,5244116.616732762,4877445.770917887,5380033.856135563,5157776.371264402,5411661.573452583
1346,5000375.566436601,4927465.303109491,5296110.582590587,4935933.96524334,5422086.299278042,5307583.656501647,5531964.736390086
1347,4948245.450697881,5012008.31772276,5347948.296685587,5035925.997077027,5625573.983485815,5351427.286438173,5639766.247474395
1348,4966599.232745495,4799044.127051903,5279720.799078775,4854281.785461155,5459946.2512417585,5310081.375011945,5423640.544223432
1349,4843661.002042628,4796837.906019375,5168974.371213834,4866791.6121398015,5323746.902912397,5251972.214738371,5610974.384875706
1350,4914447.178575541,4973476.603173065,5316985.302157992,4956753.653999289,5508960.123205532,5336917.803371061,5631648.488298451
1351,4874454.481278981,4822130.057291506,5208023.096594424,4883224.73210652,5424749.105841069,5388148.354200564,5521643.11785299
1352,4981397.289072571,5018254.782245475,5317998.295740173,4940655.895336011,5475535.30839915,5351613.94032708,5416710.851091095
1353,4931337.975273274,4985763.212025022,5152521.965326162,5002418.074718896,5446801.522051251,5298526.345343776,5660439.348243261
1354,4944531.709828441,4937190.190065035,5371061.251881748,4998419.9833246535,5448181.092606262,5330351.052001525,5576228.189510756
1355,4884321.7157099275,4958361.785591638,5225344.559565299,4885246.3854929935,5521207.192970463,5348869.394456897,5514601.193765674
1356,5013213.157661451,4822155.33206675,5273712.460485833,4908341.18050373,5436005.322472282,5175957.03369846,5602914.465878574
1357,4960737.830790085,4904809.2229266595,5266194.18334666,4961084.302458495,5396699.771065286,5318009.716521842,5524113.447178312
1358,4850055.9857075,5004735.173177397,5291904.001513863,5067591.201046007,5439098.9365333915,5342609.364091824,5626776.796371397
1359,4872827.101649326,4895981.6701532975,5204903.241984573,5023066.617533567,5363378.713892935,5438170.533156718,5735446.585109559
1360,4986064.311727887,4894403.225690024,5298616.27853792,5042425.026207076,5390215.278880721,5296581.980630366,5489057.26297383
1361,4982684.462406387,4964152.719053468,5219618.995135069,4904132.978492502,5455891.018169947,5297922.611824289,5642368.62763658
1362,4906551.423961096,4941972.182526952,5373823.002714203,4995622.436184838,5430239.490068626,5251713.781919237,5543022.769268779
1363,4955435.309604106,4996410.240997503,5176504.344873681,4923314.767470315,5342167.991987037,5284991.234197464,5393257.330307897
1364,5014169.300186939,4829302.771513613,5340536.814254208,4899343.2158441115,5497849.957334651,5282546.868232594,5482030.503506111
1365,4894788.119722102,4941256.762265506,5274361.250205518,5128884.448394877,5384606.976275338,5307862.578873642,5555904.497700173
1366,4855893.131353019,4906668.848532537,5232645.246069345,5031741.777197362,5489063.373627032,5257320.636655455,5513073.553414151
1367,4918317.771323758,4981764.504468471,5075285.152850243,4955243.092103396,5479314.488896349,5295561.5562033765,5604827.149474084
1368,4946779.017280373,4830783.543981413,5227452.851102975,4917758.141214535,5495389.087060271,5473347.193526052,5504293.124426702
1369,4914337.75014589,4907311.008808498,5288447.066828536,5011094.396540139,5558082.359447118,5468969.933982859,5659164.72860557
1370,4879817.180521715,4889632.982002389,5295322.154899249,4910921.525849751,5514227.741092005,5364180.284115099,5645793.398905364
1371,4861504.1477144975,4876610.2907091,5263170.048202173,4888297.549476375,5410741.313672088,5177053.376355032,5444822.782795305
1372,4909348.738377728,4941010.499081406,5264638.233182746,4957757.633631906,5426515.839594303,5331928.746753723,5645552.515335443
1373,4907391.941167404,4856121.462406853,5228136.530090382,4949539.243035725,5425862.228461368,5385498.8640467655,5633509.137249011
1374,5009114.618592633,4853887.288728062,5356379.801684089,5008317.224759939,5440245.859210654,5337716.971115217,5570778.896234394
1375,4957847.728366237,4956486.721020063,5189131.475577683,4879240.961927333,5363986.17814404,5438670.063625662,5445305.993194109
1376,5058031.021528229,4911046.304834668,5170246.217807779,5051389.449811124,5510401.324476397,5395324.7041926,5638560.642071202
1377,4899205.917460761,5018313.3336045,5226734.092351464,4895152.012428364,5447130.677252538,5352226.44327988,5563686.797160764
1378,4971203.48207725,4984060.914737813,5260755.152569174,4886828.500356378,5434560.534017564,5388440.545695644,5587608.924243392
1379,4945507.360631019,4990928.452226206,5218605.659540085,5024994.6191462735,5482598.854864923,5330290.879671335,5646195.535898377
1380,4991451.5569233745,4902619.743727355,5220503.454455927,4941017.838139701,5407034.079928036,5258632.22491331,5609082.566121586
1381,4941660.838807079,4816616.231363314,5273941.183365212,5003755.3251546025,5406235.89101693,5309618.933191452,5481269.625841144
1382,4950374.023201566,4846131.02093366,5199500.981495855,4868404.948036095,5536175.867670577,5236927.129231104,5595136.833110127
1383,4998695.790982032,4944912.609843858,5207476.633423543,4921230.046900557,5545127.233271416,5373004.4541597385,5479476.7716585
1384,4908320.547480853,4859738.023861212,5254537.252189029,4963481.737010762,5374626.687937383,5225611.051757608,5505781.351444497
1385,4838753.964425256,4858575.703343164,5343558.481382342,4921926.574505877,5373935.02383577,5364300.2305192975,5528573.189787333
1386,4950335.042629917,4935968.760979363,5278271.895936743,4949973.029416314,5493465.02376098,5405638.000378105,5674226.681299613
1387,4888338.91289879,5034087.829587797,5174081.688184173,4965282.199450015,5438849.808656625,5304144.12853064,5566866.328869539
1388,4969148.635918272,4899841.057115561,5200379.95739759,5018791.667154579,5323667.835944028,5275975.092392897,5561377.710709685
1389,4839268.627974612,4860177.954721499,5203477.226209565,4908546.428315546,5444858.609504711,5247926.965830224,5537287.3223194685
1390,4876650.488215974,4873104.981378948,5324514.523903476,5046292.02203811,5389077.054824665,5512479.636682365,5517874.844469326
1391,5013423.402828252,4846281.281634427,5177817.543219708,4908602.056800123,5412787.480342829,5328587.7901809085,5490102.281024497
1392,4885847.413047206,4975676.192601625,5238456.636611969,4999231.259151052,5517095.270874031,5395719.660814292,5525625.5116325505
1393,4899014.702283734,4943589.109033421,5337411.755489924,4970075.553546212,5394510.09585673,5532597.456109358,5613282.414857507
1394,4847684.220376303,4966680.718144529,5223656.088884223,4834869.263349496,5410341.219956253,5282978.405299076,5605928.024090726
1395,4892274.422487572,4898857.669901912,5276949.71880787,4881479.526841996,5496262.5399358105,5360085.942369768,5618917.927501441
1396,4830095.611305082,4975964.565345105,5231277.443648999,4882635.642002159,5402767.681908282,5413117.012067432,5500340.156157449
1397,4919738.937071326,4934140.387594316,5236259.465325961,5009997.787342362,5493864.646803092,5271892.5066081565,5585227.139560854
1398,4881130.180717434,4888471.417577656,5369383.472900327,4901732.912114958,5465903.907319811,5376251.312980442,5509859.959009733
1399,4863076.268597055,4909705.971517835,5277070.27523738,5014632.761458528,5449734.89269155,5226155.024444347,5515527.160404632
1400,4828510.97530857,5002739.861401745,5172763.7550848685,5026536.176264194,5391796.827223694,5383221.807753376,5508606.956169952
1401,4949548.442110736,4909023.756660353,5343193.958872394,4970256.276844726,5458583.213885548,5332960.842246862,5647776.982622508
1402,4935732.750966216,4860921.4753201585,5205061.430046994,4954995.408434143,5489812.526254551,5486173.913530434,5586430.80856045
1403,4913475.114343242,4930421.359850905,5198845.551339408,4951348.72878682,5469191.172208847,5368430.735057084,5530425.891945994
1404,4826838.253521912,4807269.81363844,5417829.461416515,4989414.891431272,5430884.9786518,5394509.740112124,5550337.3400143115
1405,4954818.987494223,4944128.958316886,5233320.746835807,4915353.685868137,5392506.4863610845,5267510.825050093,5415669.957474655
1406,4921625.48333267,4914293.593073747,5189178.546391503,4897820.009153883,5381698.421526568,5235765.692237094,5583813.714565987
1407,4871395.488383686,4887314.54645578,5209319.496478541,4830526.936405116,5483505.5295608565,5236982.68967596,5556991.13363771
1408,4965767.6690872,4853982.096810537,5209108.836820364,5019558.400765151,5416639.1241202215,5236615.288823517,5612900.932831161
1409,4908562.288638692,4956295.303928651,5246032.148971744,4923556.260857823,5488358.501036534,5443756.244997262,5566791.590286813
1410,4981088.13407466,4922424.057984526,5241438.8645009,4905262.432324723,5492538.299016153,5340833.38664853,5626583.345078533
1411,4923815.394632658,4844663.242991257,5244665.400684085,4931364.712621937,5397833.98375777,5417703.183955797,5714457.934639989
1412,4967907.3034079205,4940196.017749576,5215788.151691264,5073121.011322898,5441982.942560361,5365215.936640743,5643910.413327096
1413,4945377.6083088955,4870369.045271768,5134255.453058595,4971706.518859257,5460483.038564434,5286910.31017198,5516948.034465787
1414,4839522.63011738,4944775.853617725,5269656.219089618,4940561.573601511,5402740.1952958405,5282412.92502615,5567622.687441206
1415,4911128.251752866,4982491.879354335,5204820.93243039,4834527.2349721845,5584331.064762957,5280587.8960305,5444431.117682717
1416,4911084.23364279,4945547.006480017,5252423.716642798,4865356.881256978,5451269.708368083,5402903.767026472,5552798.438336583
1417,4934756.233379636,4934948.525152203,5209906.584399428,4862478.332066018,5442506.626911964,5202022.208013669,5625555.635494765
1418,4888604.418740012,4908066.30334558,5237343.810531906,4962742.83430964,5463195.438222424,5289212.214620383,5443272.46928883
1419,4998312.014668032,5008062.499146048,5156287.103330895,4984927.150283153,5321986.93041808,5326142.970017708,5621882.48966891
1420,4946877.768965255,4913386.763061004,5263848.732189281,4974854.368151923,5425256.849600259,5409950.763569387,5473569.467007118
1421,4881394.148650265,4871195.481863679,5197061.95492807,4995212.284525087,5461591.106898967,5316428.772939337,5417760.190519379
1422,4989469.288045721,4939159.121366638,5332281.9331763545,5071165.691426389,5509038.186173243,5370904.6473151315,5557185.031004824
1423,4925237.78879364,4895630.53583392,5375219.896075008,4979034.783559803,5345671.366669405,5326794.331093229,5548432.005140429
1424,4947064.032567336,4828791.448537808,5366540.803962304,5047095.7503697425,5456236.72716546,5399459.072709737,5540976.90428336
1425,4897774.463009445,4903035.493909661,5308465.662932288,4879789.798601258,5469303.151594916,5315166.083315283,5592672.435618563
1426,4998239.4890966425,5001159.563209182,5353606.748453456,4976594.283735416,5420433.425847016,5285246.101278359,5601474.721486086
1427,4924356.274653653,4899676.303013053,5290602.0370106045,4945455.620173579,5474183.408521596,5413194.494873196,5697625.988821424
1428,4955603.459959546,4841326.901819689,5247642.04210077,5018284.330318357,5492648.827234803,5333459.755713135,5580064.412151482
1429,4899584.659522995,4839429.095136868,5193913.6116106855,4990239.566003897,5530620.3739665095,5321678.420732827,5538955.736504069
1430,4980192.3977537025,4862607.583914398,5271089.632254754,5006559.304193629,5488441.008515051,5375398.935711033,5616054.437646291
1431,4960030.459887227,4841481.707492988,5167473.254117055,4930249.463626587,5433713.7684063725,5262839.136568255,5520809.046241779
1432,5010386.602422192,4966753.107701432,5289165.303749684,5112385.037595222,5465282.655240276,5314200.762941251,5536591.046286127
1433,4869446.960099566,4892050.7680905,5234899.427168991,4978088.95121439,5362325.638859712,5258111.996047047,5598647.889730094
1434,4990619.437959004,4874473.539378582,5350979.607939412,4945142.46399035,5450233.439765578,5318750.7445721775,5495484.42420139
1435,4956682.490539776,4826944.685380408,5333691.147362289,5006723.459629651,5491072.370543406,5267720.194122958,5534259.793857948
1436,4865219.185923215,4968930.14301429,5381324.170425954,5003047.205576951,5389318.855829894,5359387.715373758,5565088.186140062
1437,4939192.981849492,4895777.960526281,5311851.004969867,5080020.8213529475,5412392.739046385,5389142.4932341995,5531269.823633211
1438,5005444.814124776,4902744.6437506005,5209318.490625463,4963835.072350885,5389541.389815702,5367888.172184137,5658893.077040459
1439,4889751.019613821,4949901.204829108,5160185.719077664,4956161.106236976,5406056.87758414,5421619.878226443,5535402.670414798
1440,4984621.000428585,5003868.070917891,5171849.438820526,4763519.08129953,5428591.382221908,5338119.77168008,5350067.800130766
1441,4938194.005970901,4912269.147363403,5239385.539797027,4868736.613166024,5465594.115852287,5282156.325867774,5542727.189328191
1442,4963494.417979872,4908505.773833833,5299199.81737211,5061219.435636749,5443527.577617835,5204869.255281203,5496250.416782449
1443,4968991.538391558,5028886.935051898,5300626.908759224,4909970.172848171,5525249.019180203,5336238.059301624,5501859.28593301
1444,4890911.17296773,4915016.263119861,5387994.661322256,5008341.723254551,5428902.745421939,5307330.256946744,5608243.733503292
1445,4955336.573470341,4865812.957328565,5312972.085887342,4965757.751938948,5437880.391798733,5289403.482378177,5503624.70912741
1446,4924412.007169524,4992423.959777872,5227441.162059587,4989076.057488845,5478865.318756407,5246708.788592607,5468802.988825382
1447,4946014.6672334075,4909201.146629669,5203767.26675858,4946249.205991948,5371861.140728181,5214731.458150003,5428425.232610319
1448,4845147.85490036,4930838.889030611,5147263.148978314,5021402.1102559175,5309617.719798711,5353045.038218218,5500231.225372419
1449,4923801.339149894,4944872.009354255,5399720.05955626,4979217.385784106,5409046.802412482,5338798.41164318,5635404.078172401
1450,4970708.691226792,4973859.376749446,5245079.86293533,4925332.802909886,5373944.151866165,5446268.230723158,5641601.29950078
1451,4986062.132661799,4880308.442415408,5268079.2453709785,4931836.040944037,5516734.289512498,5300804.149255981,5547709.268589886
1452,4861807.098734407,4992286.559097863,5141545.006501102,4997145.383614314,5555281.649792248,5233237.478582851,5409927.574612801
1453,4901284.439171476,4820077.745202818,5217584.229116342,4998653.31877607,5392963.91715534,5435318.279648724,5538493.917265733
1454,4897561.606641813,4832038.163992358,5228204.593689682,4806108.341326329,5522353.18836549,5249954.514784506,5470770.304444883
1455,4829295.243030381,4940922.495074156,5319419.783424308,4935359.764745534,5401613.843569717,5255855.3838881375,5500861.680565695
1456,4980706.139111395,4820532.439269622,5303945.347425846,4981758.455315367,5373115.632189054,5293680.493119117,5424277.52211537
1457,4867518.118832029,4900485.051458086,5376856.240213373,4938525.55803354,5427475.502736764,5361069.208116399,5560167.082372749
1458,4937031.448601268,4998685.116399537,5220210.481911069,4896173.312073199,5524019.263619906,5298860.344007056,5624862.656526886
1459,4851929.40020598,4894449.534138427,5190411.84615311,5081466.445962719,5424202.068641897,5300173.761832222,5614489.601986394
1460,5038979.109078437,4925415.0107990885,5266502.646418846,5027845.212266052,5389332.011854643,5240743.2724348055,5413344.72677448
1461,4876102.3000754425,5006783.576018346,5250196.341357738,4948835.3313572295,5495744.044544408,5366281.4492826555,5676541.28828608
1462,4964329.711680366,4995609.780359422,5262251.571328069,4963448.16431774,5586510.582949234,5364755.446608364,5493816.2193122925
1463,4927680.2783213975,5002650.606238865,5283432.599747422,4973581.965979672,5533217.798812397,5369302.317104147,5454021.231972284
1464,4999826.212263109,4905544.270468205,5231000.647001149,4916680.941173576,5323821.026209196,5363595.197230159,5581353.347440887
1465,4850418.3925046045,4875437.791196753,5229089.465146899,4936027.716225446,5482939.066994792,5402233.43125743,5654636.845681918
1466,5023238.917132052,4907678.892002683,5208601.17311284,5005375.682797972,5372003.645821289,5413382.716412326,5477305.553643007
1467,4952803.179237658,4950286.706414359,5264965.648772091,4971095.097653978,5353254.78464908,5235655.910222011,5426037.472087327
1468,5037703.279572793,4839501.760481254,5282146.156385817,4911531.477239927,5487063.073543578,5278466.672490466,5597248.726786248
1469,4938301.817362649,4886740.424168343,5236261.436228305,5031271.663994762,5491764.587702999,5183177.7957559815,5559942.046679841
1470,4926864.196098452,4878789.121002782,5148210.132073499,4900117.819553438,5378716.796808287,5341644.1652315445,5570640.172119868
1471,4901291.760357395,4889092.6592009375,5266230.06574362,4939356.463709098,5381453.8463262925,5240031.509653943,5486309.704630639
1472,4946522.953175203,4837630.164856362,5100333.79029723,5007515.829246191,5499581.791784888,5365643.507018348,5633731.834841549
1473,4939935.973109612,4908617.778903754,5316308.764991038,5056823.802214713,5435279.90538314,5408338.056365327,5523200.543917212
1474,4897577.686324403,4887236.837858338,5198623.756167029,4903089.021683574,5433374.289963487,5286889.750451385,5603859.5503172465
1475,4966999.835287347,4870208.886905462,5414419.745644501,4962474.566579794,5490010.172237752,5373743.071067072,5593672.825617367
1476,4941764.694306987,4906073.161054656,5197061.77565605,4960567.395612672,5457557.282603133,5300751.58271124,5594130.651904974
1477,4968111.609671361,4956782.030185694,5216854.067758944,4980626.759777031,5438191.203786133,5247917.074536792,5594885.103423284
1478,4902993.299278198,5035756.996217443,5233522.755153155,5009382.275287535,5516220.796431876,5379968.002620223,5652589.549889051
1479,5038632.913332095,4813770.109062409,5187340.398487268,5036207.373671211,5450493.95126622,5423242.890178151,5612248.98927792
1480,5014508.495953608,4977683.773710673,5268941.033533104,5002207.78387861,5480088.136965867,5286872.800220305,5520711.002935113
1481,4940427.303259821,4937856.186592862,5243451.225834136,4899138.008700341,5383909.203234169,5325543.747103633,5559377.51411259
1482,4984250.61272968,4830682.619959758,5261269.131441331,4991685.222536142,5502994.355053879,5400995.047385989,5517051.913330372
1483,4878572.619125458,4892556.6718052905,5361112.266216749,4991334.048116592,5511401.187272305,5382859.759048593,5628901.441218525
1484,4867707.693494883,4912381.664782634,5251873.134170647,4892912.963421107,5365270.445661278,5361942.526373982,5612772.461575119
1485,4923386.922742281,5019857.4922703095,5250641.731118023,5001931.326026783,5520040.331950472,5287697.625380923,5466363.490692334
1486,4933210.219058759,4844847.527157988,5308505.482929383,4994107.398519799,5390628.955170887,5377630.649945012,5700504.984170038
1487,4901401.156374802,4882494.362460338,5244663.348590432,4890335.143981263,5372241.656001236,5376021.336106256,5563894.154861151
1488,4917724.611130562,4873962.538268435,5259882.7019608505,4833581.5948091075,5321679.792764109,5358295.923222334,5515380.436872818
1489,4872614.222221581,4925303.442543788,5276160.542570573,4916063.93701463,5428331.805338623,5260096.337881414,5497163.740783255
1490,4944940.490068845,4866823.103464277,5225504.840627515,4966701.089636783,5424791.922509022,5398457.315871937,5609908.269942871
1491,4937101.546433317,4964678.484737622,5412557.339989942,5070651.3600291805,5492914.817144787,5335926.748228061,5544910.598683183
1492,4973902.703747202,4932151.957553869,5205838.334985152,4955957.294267806,5483223.727309391,5239991.953419058,5599261.71074974
1493,4935107.111706332,4869547.8039216325,5242614.125150584,4886601.079756002,5407372.878039153,5463849.752974012,5492409.144951263
1494,4906206.689803045,4914991.831331156,5262793.576346674,4888259.42367289,5441661.541466806,5366074.879121511,5464587.244710626
1495,4944869.249986577,4955500.278924871,5251996.273743491,4946290.6548132645,5528107.828967456,5223192.314118094,5488973.948634885
1496,4980651.225195276,4905492.248270879,5278911.606533211,4900696.405141003,5442908.72254342,5382492.858439453,5529756.892025217
1497,4923890.5401041005,4905927.866391733,5209125.78860724,4946597.53232807,5409281.542696104,5364566.339939231,5522616.621903412
1498,4867136.720161311,4950823.19652592,5360918.220005167,4923207.450775004,5406380.280777976,5246385.575961355,5511348.879805418
1499,4952912.403346071,4885765.6890913285,5292635.079417356,5063677.907976398,5430854.794337451,5427896.211111759,5756378.434662933
1500,4966321.926070078,4952093.882076209,5419343.703138286,5016383.809129115,5543834.41547179,5404853.865462781,5645226.5267089065
1501,4925202.030172966,4920079.992158206,5178221.971063731,4941861.950353467,5359230.223840436,5467497.934250381,5645109.79001993
1502,4893350.526916005,4895492.047880741,5282713.691097382,5089177.726891744,5391630.620459335,5515082.639788711,5477696.505156928
1503,4972567.828734603,4814366.876457751,5145259.72764169,5075747.501061025,5513069.327186989,5329947.077037482,5681647.228284976
1504,4870479.365736976,4941814.751895391,5309609.572364492,4974004.856732324,5472886.175971061,5268341.732415011,5712038.976040244
1505,4946523.229817932,4854540.499861052,5310997.116701426,4977912.83380227,5485723.8092477145,5359818.622597657,5394187.0385372825
1506,4944003.229685059,4943786.745588063,5220818.226570366,5023836.423511643,5369999.491925761,5187538.118227368,5675566.870139495
1507,4941636.197425635,4976987.93187158,5166063.895495334,4977309.281206549,5378538.536857729,5286650.146138154,5386639.952437852
1508,4924397.614282348,5055260.415681472,5238165.007629259,4922613.344106495,5492568.901148635,5269303.198580822,5428681.9701794
1509,4913813.599458538,4846105.728861298,5326633.226101865,4934317.7495297,5487642.97346626,5303237.935225368,5692974.712083809
1510,4907781.609821206,4917093.125581905,5231225.943393041,4929711.9656766625,5356069.330008549,5315347.131221305,5515474.538599439
1511,4863429.121912366,4896197.262412411,5347080.245320115,4926339.753046923,5501136.511788653,5324940.372075847,5656673.558374893
1512,4974688.576621155,4927345.7574961465,5214215.380503938,4916575.0305663645,5387904.10152643,5395863.49358755,5492324.456746688
1513,4937343.372451945,4842456.0955268685,5243821.924823083,4949985.106414708,5335913.976937459,5354300.648290736,5611319.405382952
1514,4947205.987532377,4931138.322827074,5350375.0046119625,5000169.842312097,5460636.530466748,5436800.752624556,5508739.03191866
1515,4925576.517210055,4896611.066760988,5199179.817622209,4977671.744401967,5457159.367469501,5375896.757249301,5555422.731925584
1516,4992318.000902447,4863611.127409936,5183476.453276273,4918433.995192606,5438326.085221702,5303184.779517008,5554562.610146502
1517,5014501.5826995205,4899732.607768074,5222940.279868467,4950150.81672249,5391349.969769198,5321782.330421285,5540300.416646785
1518,4876822.923124993,4992048.53798075,5267993.652055337,4892237.159651783,5394195.883750508,5461615.499167998,5519013.08298712
1519,4886955.402421603,4944425.8875703495,5274327.54193008,4952306.5670959465,5492926.90195761,5327504.108493779,5713135.055867603
1520,4910850.596257644,4895175.574665483,5160150.78319847,5061247.605316451,5525751.418087137,5259213.140501782,5486157.704228854
1521,4949954.290564544,4870315.626058955,5194670.961333061,4988000.804766706,5461143.003395752,5329914.825820393,5445004.635903789
1522,4984688.946231906,4970891.293810664,5283707.799020276,5091554.1179418,5461667.83586445,5363686.817511614,5610869.503254061
1523,4932142.1413700795,5006554.216370718,5371294.364392499,4978722.400339694,5465310.667788301,5376132.64649092,5635786.28971982
1524,4913130.859428422,4877764.439080178,5325022.86565137,4940290.167141496,5400461.749824614,5322060.9480456,5610437.7037946675
1525,4914739.038791283,4919332.111058429,5351903.212466467,4932860.061696295,5522265.5353385825,5359108.969560049,5469835.5491861
1526,4962931.253323083,4913638.906017949,5328273.914624807,4994166.53139533,5540762.1621505795,5282532.1421427615,5620468.635774928
1527,4951374.515190666,4884213.793704263,5265928.072323427,4884670.244516002,5456274.46079283,5287830.354765557,5414920.809532158
1528,4959275.704929729,4892130.587084717,5217613.438610448,4965295.683826439,5430668.1015738025,5397967.03622028,5559358.72879334
1529,4910685.368421972,4830383.837889099,5331614.083301774,4932722.610393656,5437052.71208792,5419917.202703792,5597018.535509408
1530,4934265.323573993,4895252.326645477,5266840.698615736,4945432.288684469,5414109.117083891,5328075.458610846,5587215.438923428
1531,4985959.1992302155,4888202.861938917,5246120.744519351,4892544.759898323,5323523.809702378,5230972.158926791,5452760.912543674
1532,5008067.1563148135,4977306.951057786,5212103.844429081,4885915.478759281,5440192.7333782315,5359300.413215969,5547716.327658621
1533,4935381.202937618,4937342.815414769,5177036.2727186475,4888492.014822011,5388302.741923007,5219869.291896996,5658579.4382725535
1534,4923583.139576933,4893417.0352123575,5245803.487206889,4982096.573905345,5506247.156752065,5374544.220912909,5592219.008056236
1535,5031969.2924794555,4966212.086022643,5229936.072894702,4875494.0674674455,5404433.321096237,5342276.714582123,5604280.984552696
1536,4830544.144075189,4904106.649025561,5172744.84121912,5021748.038307774,5387679.428406581,5198978.659228316,5613093.507001197
1537,4974216.156116723,4884910.553821203,5314391.583501066,4889809.16466679,5359063.223140227,5185353.1870781295,5393092.918641018
1538,4948767.595625724,4861528.495707075,5291818.118770528,5034631.921745605,5409670.5641481355,5347825.907550826,5491301.0107425535
1539,4907671.9236657545,4893643.096358535,5246595.472363722,4878178.621998664,5422989.221308493,5447350.817296974,5565391.88786482
1540,4992548.701540336,4993283.40706229,5299535.467072926,4889203.548182236,5541056.51053571,5301875.930723032,5553699.9698535055
1541,4954552.351542203,4945947.285442432,5308242.4073091075,4866545.149096109,5353806.600619991,5340278.396875457,5385786.269947941
1542,4918186.593244544,4991513.328007245,5285228.302421319,4906187.725413597,5489102.381162712,5368427.198206482,5501294.148769628
1543,4986990.438535822,5015484.445817424,5183925.76579388,5025972.42468686,5486553.3401441835,5494573.128786895,5469242.872951303
1544,4862908.896804048,4946642.535080309,5292712.840178814,4868771.329489117,5575617.57496215,5265045.451157628,5475905.732694035
1545,4940855.669522232,4855990.053323694,5297956.6958767995,4959064.539242185,5369095.709960753,5360519.748100119,5605657.498313531
1546,4954039.772096414,4879868.368916497,5312008.9024758525,4958984.486988558,5400172.820418551,5247238.075372782,5559001.354909785
1547,4934573.345012127,4862621.079570483,5209406.726332454,4847957.437501201,5422750.348216918,5205986.9492203435,5501753.309533294
1548,4923874.483062263,4886980.037050451,5221244.724355014,4896855.520680788,5448258.071367995,5379883.993378965,5551077.7321173735
1549,4933391.992846845,4892588.348797955,5250197.241308206,4939489.02679334,5473161.753542506,5485434.902712271,5544089.479299721
1550,4919327.900600174,4890567.933092351,5202583.530884415,5006293.40440179,5434227.828111393,5260437.529727062,5551424.223241523
1551,4910191.01279491,5011225.047610669,5267715.81747701,4989209.433624118,5388049.308126688,5243109.836440283,5590839.0959088085
1552,4896095.499462039,4872625.174805693,5179983.067948239,5047009.372682083,5436024.49715947,5128448.116995194,5599886.550334814
1553,4902523.87767068,5007930.510128047,5271417.870054199,4944211.7368059065,5456883.859493272,5258312.162567593,5548910.00705342
1554,4979824.908046055,5013460.180341919,5128488.880183842,4986704.73323477,5404277.258461998,5254471.680794588,5604612.165999518
1555,4956794.183399248,4954586.934508687,5278516.91092523,4949033.094269373,5387819.759115675,5415621.022592666,5591159.118514283
1556,4947305.360097006,5032245.314033629,5318854.401152095,4862927.447987123,5388317.298030985,5285926.751723994,5586905.648958091
1557,4973465.483209402,4934282.439033359,5230329.447869096,4850281.798345561,5468983.749453413,5248009.022692404,5509842.594102343
1558,4979330.027855122,4904255.830526764,5213803.03874484,4958309.922180651,5504402.442784752,5375404.006788958,5565607.867116445
1559,5022954.504175765,4917167.9367155945,5353446.884489344,4920229.741202826,5468712.449819734,5123247.290019174,5487822.404693379
1560,5033514.357053354,4940943.073631252,5287494.387669155,5005137.15961222,5460965.577227905,5344802.5715477355,5594051.322974217
1561,4858198.911079809,4910173.311039762,5273980.983594016,4997073.882419896,5402638.766797583,5252571.267538427,5534262.766357986
1562,4949113.663303601,4902836.041878093,5327644.703202424,4885340.94668658,5444720.993213169,5242217.450806947,5506306.411950323
1563,4924817.482359128,4885960.23025605,5286612.634836476,5044217.601140242,5408992.562241953,5394056.454251254,5526931.958884423
1564,4979689.3560438175,4989110.583466537,5373191.418332519,5078656.528795382,5541366.8481050655,5340436.781112185,5605713.7806907315
1565,4905691.735434533,4906508.356032426,5289715.157004922,5007765.395954885,5538705.343238624,5459022.053330148,5659416.561210378
1566,4911857.789543178,4807810.845051124,5325681.280788831,4950817.561554197,5489503.056268621,5336756.476818573,5656201.122745758
1567,4932170.592617067,4939065.580969901,5296679.166387133,4983136.835921764,5517951.262007906,5335525.429815994,5558012.151530096
1568,4910294.107205011,5014116.163790053,5247449.473248461,4893870.69951791,5416423.144052561,5305097.8207813185,5662988.719643669
1569,4884095.683100865,4896242.214300418,5183432.137706054,5018778.013821698,5439297.422259121,5329115.837402441,5537639.609443318
1570,4820445.345175477,4856660.715780847,5313097.201435484,4898421.897489148,5477387.793626292,5323077.321569578,5520751.975533772
1571,4924994.215007408,4973734.917098927,5352730.964703993,4983144.147902185,5484568.420088,5269414.815554382,5451564.823535714
1572,4963969.594996483,4999463.947827735,5326662.202645287,4901705.924004858,5513326.804517479,5393437.830310294,5490986.694881242
1573,5002432.172303539,4945634.302655667,5333476.91941244,4981887.0561751425,5428684.285149221,5327285.992280686,5591180.221054576
1574,4926552.373519133,4907079.684523156,5241389.097348179,4997070.153669092,5517672.914627818,5365229.28044007,5599526.554559483
1575,4875923.446747933,4863957.845454667,5374628.985170208,4942071.195399755,5440326.356372507,5310439.702672838,5598913.621343503
1576,4970604.208532953,4856545.3193601845,5140946.655087646,4953263.224551429,5426256.580562671,5299684.625045882,5439965.167464127
1577,4928066.826321415,4990381.702223112,5329123.0960896835,4932759.708838459,5348974.994776554,5311978.786141972,5550259.654059499
1578,4844998.956727478,4946749.682204554,5328655.267550773,4959258.450910699,5465965.040584017,5397639.550676741,5554408.382956861
1579,4992180.508542047,4887379.097542332,5307684.057274181,4992549.196885245,5417428.041460141,5294744.875657979,5638307.140305975
1580,4911867.655204785,4920296.972242,5220363.091878026,5025401.709558914,5472222.610875652,5327615.224241593,5584862.716904553
1581,4920422.613429422,4974170.400963695,5180542.034642199,4939009.035559066,5473771.118456528,5325941.863303363,5603076.288564139
1582,4917995.637073213,4825588.728537289,5190160.676000992,4932831.760671526,5449963.446095975,5285533.79139602,5537017.838135966
1583,4939246.157252752,4954597.679074092,5255417.009049384,4928346.870977528,5398891.973918392,5375549.6806621635,5550141.71604151
1584,4988817.822987113,4939552.928056095,5240861.697244728,5048117.723039928,5445031.168380326,5561022.014289695,5465577.301054534
1585,4974515.71642985,4938520.929413104,5325227.808010727,4993153.089175595,5403491.885852346,5369955.804154331,5541116.151010785
1586,4977593.746775253,4915436.129311969,5252324.959702429,5079626.510859563,5447657.199054352,5406532.358749205,5539023.2492291955
1587,4849196.347088976,4888236.040451462,5197248.766024043,4982134.561212257,5426182.850640239,5371615.613398947,5620911.840163974
1588,4943820.582908675,4925593.340016587,5209290.6513875155,4974734.327489579,5393171.001463253,5304928.623909296,5557806.827009703
1589,4831996.029735707,4903766.007553762,5305160.663840808,4988100.501459832,5479847.767316035,5419593.3466860745,5583924.374661637
1590,4978261.513247057,5008350.265138506,5300193.900527555,4976969.527864855,5461935.123521471,5216809.992496079,5475139.659841264
1591,5052588.845200042,5000504.846679202,5067996.69078067,4868700.353459347,5348418.282458165,5349031.870779422,5654696.653049627
1592,4923564.185852798,4928544.675684823,5231936.590097958,4962202.287500899,5395821.597211944,5292301.668225704,5523153.139408197
1593,4897377.606998765,4969551.730504298,5278244.846664029,4954336.856132275,5403118.832226789,5328379.702471457,5548894.092276499
1594,4891673.731320313,4852528.342382735,5263162.437003895,4894601.574722521,5382990.022971354,5321662.466215853,5542926.362940804
1595,4877166.739205293,4915814.051089892,5272000.959140101,4947282.50484309,5347001.600829294,5421968.70571114,5616845.485032545
1596,4902324.8235337995,4904244.211311952,5207636.153476107,4948214.487666579,5364039.529840764,5277785.770240575,5485242.320702237
1597,4921923.538721693,4903258.603616113,5237040.714797787,5056235.161472428,5453005.968852426,5442500.9674142245,5525012.307313625
1598,4928953.868837677,4876380.674080783,5334383.396141413,5075157.051325176,5493122.091216315,5368442.445075031,5600546.487125317
1599,4947889.868869647,4873286.371518585,5256538.656161851,4976123.085544,5474669.083874893,5174099.876927207,5499682.165866541
1600,4878689.170311467,4927247.40635192,5237320.304424997,4924075.11533757,5576288.840099537,5330261.70821749,5584759.006076584
1601,4901744.32955364,4880542.255890492,5232569.50618837,4934583.0032640025,5379905.451848801,5334452.154128784,5518327.303295093
1602,4988930.6582868155,4919177.5167506,5306289.548884303,5056059.495160901,5386954.53286072,5402613.691938777,5501551.762371284
1603,4917978.167203872,4904752.423746082,5206762.485011885,4923991.777544378,5367821.192495018,5375626.786453368,5659929.004331317
1604,4882576.965249234,4875380.117361346,5208515.772175225,5013631.6675989805,5541890.464926636,5326018.942850634,5563703.646613963
1605,4961358.782676934,5044610.398185755,5298748.797665852,5016408.83280727,5471104.680422189,5308262.543991748,5606726.135816013
1606,4931578.741032306,4982847.44019775,5258110.237399183,4970683.605786881,5390467.224956463,5357527.768980393,5493814.628717681
1607,4961541.106307404,4944514.072709668,5224066.234149763,4795744.228428342,5474688.681668031,5212885.07957703,5630717.503336879
1608,4908718.265319007,4865736.907118067,5211546.668393224,4936373.177204836,5505295.529222692,5321002.144577189,5602219.7904842645
1609,4821549.333905102,4940926.592482559,5213020.739013983,5105023.066220231,5520586.464538834,5307448.749987033,5581452.8668375285
1610,4958438.397326203,4858121.808825654,5292785.172246205,4895723.997313704,5385093.704871353,5336549.304662817,5597299.456028134
1611,4864634.167171477,4800687.186264529,5180662.754694258,4929136.45952956,5337014.078139128,5357998.2108645085,5601123.092110253
1612,4932661.530594349,4986984.564542948,5349866.533742145,4928423.5143473735,5429210.505209412,5232870.095014114,5542074.569070123
1613,4816604.46792241,4879080.520550375,5352834.062362826,4981962.866294919,5430571.998864998,5385386.129841855,5669927.70462759
1614,4932241.04223159,4887775.986351985,5337629.74443312,5023703.452811321,5521594.482132386,5315896.326689449,5485226.5391303245
1615,4934584.112557973,4816445.894050806,5308641.561309122,5006970.472533483,5490986.036946917,5272727.215660269,5506978.249578784
1616,5022242.244134674,4886178.129720306,5272229.286254308,4927064.554481236,5474857.095838664,5358200.3443904305,5536584.198552983
1617,4942959.556619595,4843914.734899821,5283154.477870581,4951180.158390552,5394250.303619726,5272374.006714487,5555693.161352222
1618,4947142.150463058,4862832.2102954835,5345294.544388703,4878376.721781434,5430595.120586048,5298122.98821594,5382737.932712233
1619,4933259.932002958,4899067.749463272,5298787.914512765,5033473.001503475,5356347.969026069,5312387.253836283,5534352.952329321
1620,4970309.271118762,4987903.426340359,5216040.259524485,5015854.2104752725,5424269.5035209935,5268848.769342583,5545928.980079067
1621,4946587.220939035,4934700.507583275,5243445.5807118025,4968032.498010193,5399267.143365381,5283104.085037746,5607552.787313592
1622,4979894.04928583,4850399.9665959235,5221417.374104402,4855790.749019532,5342210.043452697,5176125.597705115,5535360.092825767
1623,4887518.255449476,4981912.211610982,5158665.249251907,4999033.580373793,5421864.150994235,5268574.455669879,5566181.649028776
1624,4830665.861920357,4855365.003813752,5304337.301635894,4981927.884142733,5238960.06365853,5316091.677611345,5615940.995030088
1625,4855444.275022182,4802548.423878446,5232580.827291758,4904968.756906955,5446743.98891845,5290957.560662072,5488807.3709410485
1626,4800691.935883971,4909487.760804055,5361762.176879863,4913587.886119595,5491083.484571322,5267982.7166521605,5639426.64730178
1627,4957229.622275144,4965218.242648986,5275800.83551102,5037204.907252759,5519796.552197786,5290341.812483056,5506721.332967717
1628,4968737.039016608,4923608.732582094,5289993.943357387,5020493.961126651,5533158.761833898,5266238.913201954,5394642.336958665
1629,4820255.057776601,4911099.187377504,5363712.013915268,4856395.496172892,5410287.109336667,5399164.061773489,5582211.807528623
1630,4910141.711841873,4877204.807537723,5193559.575858281,4912197.86296439,5468242.253687266,5369508.114119187,5566946.18046869
1631,4917158.624369727,4956328.650023625,5270499.213309925,4998823.534444461,5460452.622705404,5274429.501002579,5616895.901877467
1632,4924607.715557943,4834581.654573715,5209361.64479136,4816821.854840536,5412213.710654031,5357744.156374741,5558594.8877576
1633,4898358.073597178,4986328.2195902895,5340893.666381535,4959931.952087561,5474389.483546296,5293861.562584248,5498969.147305056
1634,4896621.76821547,5051879.562034796,5348180.8183564525,4956228.502639267,5563706.208149832,5354207.359353329,5543558.106881114
1635,4859277.655783869,4956050.952786326,5226303.458127475,4938561.038264087,5424630.098095307,5369194.094174495,5489070.96859538
1636,4832457.757608789,4992616.273043857,5189187.065164123,4977271.217405817,5327123.211803138,5372677.254894486,5503777.858288316
1637,5025311.317144572,5003890.106599685,5253613.7360891355,5011302.608375893,5423840.068269767,5348816.462013421,5544150.796683613
1638,4883304.192955764,4994909.8914812375,5349959.579463899,4896335.477117074,5484194.18068282,5296180.51264461,5625943.299842959
1639,4960908.524957711,4912742.961834352,5253071.092232364,4975930.466019334,5375435.214001635,5347445.44717979,5541709.873262622
1640,4913055.634875936,4904513.359942697,5356759.854902602,4974247.962134867,5483613.148498056,5345765.287260905,5496444.338414991
1641,4944188.355382578,4988610.817196,5211987.312135495,4982790.774650225,5578812.221833887,5271288.372537021,5583914.739874368
1642,4925341.262588569,4849550.925647417,5164573.667897114,4934104.803390836,5399604.787335631,5340271.7991614025,5512871.087834656
1643,4862370.194695296,4968719.773950953,5227813.054752162,4923530.712812327,5418186.531634197,5392778.083673462,5490545.998101583
1644,4902839.564292547,5098272.082606214,5281270.627280643,5080714.478752764,5441248.929192288,5416331.206184702,5673473.149397714
1645,4882074.950313565,5017689.202964311,5272306.998982022,5038688.329603035,5394762.726063468,5255650.405401822,5575835.767929245
1646,4913065.544413026,4969086.19821086,5413613.700757635,4994665.17087036,5508393.659697075,5382236.4670900535,5550963.497169208
1647,4997358.492607037,4817247.996408075,5291525.593001672,4898534.323882436,5517227.661079686,5315891.182186286,5589272.487907176
1648,4929434.804483603,4964115.138450207,5270660.698705828,4910939.558638428,5472187.185426542,5199245.650072895,5561062.079834145
1649,4921881.95300036,4906031.136176667,5241292.812034552,4942950.060887882,5364001.472653478,5295926.150371479,5572094.861247748
1650,4821774.45684868,4901472.768718374,5243107.373033766,4982677.868676112,5391830.969652596,5363147.5637021065,5614168.099981522
1651,5037006.837266504,4993342.213850258,5246490.491155153,4946284.624564336,5406425.683766198,5260704.850346861,5532935.776009632
1652,4832643.662036963,4894547.980753808,5170670.995338018,4992015.450706956,5508220.281113761,5214589.459155917,5579898.6549096685
1653,4972866.776631356,4919342.867809004,5251062.928314195,4939527.0541702695,5405217.61760235,5332554.167708773,5507847.845309444
1654,4884815.2981325025,4985666.175271807,5299504.900063015,4980175.15314777,5383074.489004839,5320730.690847277,5472786.535647431
1655,4930859.162261522,4885820.362411387,5242865.389868859,4996868.247333817,5370577.935555641,5149946.126940977,5664311.425312515
1656,4899490.117893653,4952824.064393795,5317244.583481102,4893373.379417232,5409183.42917272,5270017.290168864,5505692.36762423
1657,4983715.344442774,4947550.335950743,5315808.619403636,5034251.688571299,5536455.577766024,5459940.953464617,5626154.231410895
1658,4990633.784233733,4939979.203107846,5285311.219195555,4923273.759652671,5455885.882978858,5369060.59290564,5596908.833503317
1659,4857150.589873078,4979289.861762742,5195342.308426215,5047327.022450696,5360176.390138458,5346250.807480966,5511449.589208287
1660,4863492.929261655,4917483.934678197,5203229.124827993,4902221.853395265,5482748.406243003,5259791.025631238,5550224.141167181
1661,4957218.588074048,5045142.882197466,5287660.911502923,4989854.678832334,5386437.596343273,5369603.492657755,5446213.7937521795
1662,4881128.279015493,4938188.862926434,5242630.979449345,5011593.051058074,5549197.539740745,5387865.667883509,5603892.95217773
1663,4872515.251035424,4988232.981339659,5244708.690734591,4924865.383075329,5535444.491922065,5369836.497952931,5512042.708487649
1664,4958304.880532265,4956877.909308126,5251571.356116464,4956285.496381516,5524667.375021278,5475188.33611705,5554551.904234616
1665,4969614.812936507,4846052.864215419,5242635.88488845,5013359.5062511135,5495716.6779265795,5305494.268068958,5515737.168601765
1666,4911302.736095687,4998654.013258452,5291647.114358977,4940316.066688769,5519692.757733562,5196215.6712183105,5518726.268815896
1667,4986714.4863377325,4910239.669781777,5168740.168367564,4991985.883534467,5424976.341340873,5152552.948900745,5553039.073303057
1668,4833300.426006663,4796087.658640428,5381293.626483247,5049690.657052473,5511591.775747318,5365147.657307122,5563814.066441633
1669,4935249.97425031,4965045.9620637335,5322430.736570257,5076397.688278527,5443011.865901725,5300922.852552383,5380488.151902092
1670,4961251.9151376905,4941194.475366589,5273669.462300106,4975312.194089869,5421389.527387967,5340650.641659037,5642322.262352476
1671,4890839.651023753,4979891.002073631,5274662.985066116,4859695.724344348,5427330.205166915,5393695.194978852,5634076.142814721
1672,4844655.150409594,4955882.508388129,5194140.051887201,4925888.896900077,5439971.257638247,5289121.784101459,5492992.53211317
1673,4870541.849398093,5012518.548571806,5224028.162444196,5010572.741851741,5488355.874323973,5297476.368216973,5579138.157492446
1674,4961611.7193448655,4903068.790390661,5258970.609183644,4954560.117448493,5509564.2237547375,5434823.776664151,5599945.339575687
1675,4823897.938504123,4900293.609805023,5169093.762893273,5129319.916653258,5493132.700704174,5387178.415816118,5442156.656236183
1676,4959541.1346617015,4909664.482960165,5231941.803226254,4932232.345806215,5476450.0438393485,5359020.745556027,5553968.997462848
1677,4927459.188057283,4840029.131591394,5261116.243877956,4925249.727053454,5422881.289860066,5298550.504094659,5531012.617911994
1678,4971224.353481517,5043523.597553805,5200954.353784257,4953007.996499725,5460358.080183625,5472966.728391588,5578936.153156552
1679,4941374.0111477235,4908356.641937592,5262350.869346938,4913651.199414397,5404108.613165067,5395485.3071102835,5527281.122313461
1680,5064240.181289069,4897644.283132145,5261171.903090636,5004026.027741723,5461471.275069823,5415883.693265104,5631820.803397432
1681,4938473.870722486,4871271.513999696,5369320.411079507,4982241.976949059,5439867.713824537,5264847.944131267,5576758.399774454
1682,4896806.176389798,4868071.791034145,5297907.765689646,4898516.15453983,5449793.236669245,5249435.475893428,5430394.300386725
1683,4938412.361273079,4942078.0835833205,5430943.337340113,5054896.376306334,5454220.442618366,5169508.78329736,5480276.344572873
1684,4936166.683803413,5000407.786277441,5309682.277875868,4909648.263306035,5470123.831116803,5434658.021171221,5690307.241521707
1685,4969994.843207111,4923909.181034504,5310294.533384165,5055794.82634459,5465024.717826433,5357617.426718516,5634532.949182697
1686,4964877.449161758,4954774.316284478,5171763.515912836,4869778.024416714,5489459.402177073,5224388.540621938,5533072.089711821
1687,5038995.335056772,4863251.742133284,5200866.739248967,4951180.649680917,5422801.848123276,5347281.016234903,5600255.7309684865
1688,4798800.018369249,4968481.982818995,5284775.31609309,4897131.7019435065,5441102.60407019,5339596.54895056,5483229.992839204
1689,4951157.6295937905,4849533.949566036,5189167.815969621,5027377.492373025,5425103.414595704,5367437.026848513,5621884.301250857
1690,4946233.112161038,4884168.852573109,5272769.921217322,4880109.044735264,5390413.53088517,5340788.268196067,5630962.385157309
1691,4946743.790668116,5021855.627803976,5269198.185499577,4830347.334114019,5361169.679087771,5320767.418522155,5503982.98916712
1692,4865413.40410527,4963444.572314461,5261213.543385215,4875117.6831282405,5382564.845579989,5218152.547810281,5472521.872070324
1693,4950573.883157514,4902392.03305842,5194114.843432141,4931725.011747837,5528940.316106562,5394660.805378445,5613880.18693511
1694,4930222.896515311,4881779.282778667,5290390.498428902,4905343.872486076,5373203.366925373,5347706.5318321,5540019.55432942
1695,4910859.204581319,4924404.786164529,5153132.2983895065,4969981.033389464,5380132.5156496335,5399867.156273777,5496638.605841359
1696,4941343.296371983,4795464.72130785,5200618.317622331,4832122.892379273,5424354.907231596,5438882.673227422,5375895.906933845
1697,4846616.467908613,4903065.72440495,5303762.978099204,4865063.777955127,5461489.003978304,5216152.468386484,5426485.779700785
1698,4882243.420406389,4880703.939170299,5217628.204589563,5086637.910688548,5481014.703619575,5322237.006412799,5558883.135887446
1699,4939858.602276533,5010385.787002979,5364692.198902658,5030797.001049264,5432923.846687453,5382991.506934407,5479487.8927904535
1700,4877546.557287646,4835921.463800888,5249094.069388539,4983098.657750808,5465050.5107980985,5229212.927040236,5506345.2270583315
1701,4875665.589732351,4937925.127953832,5254231.646235721,4992705.251465838,5347825.885559423,5335023.072541147,5682345.685684514
1702,4948538.992936099,4918491.166692499,5357821.146169904,5034403.344096551,5540531.171377773,5294538.661622167,5567182.682042808
1703,4957483.485888135,4964231.344946021,5365473.787932967,4888006.849259457,5524870.912781709,5240475.897792375,5583607.622155066
1704,5022445.801242796,4996360.397454847,5334437.027975597,4922307.621394731,5421600.181528889,5239441.846843233,5596796.093252749
1705,4852849.800416423,4861098.017022645,5168375.873524004,4913254.989513084,5404308.190897777,5295297.1441616025,5524817.980542488
1706,4897255.694777695,4902895.616952532,5325598.62215006,4971797.12681193,5556374.167456325,5327783.934857535,5496134.688837397
1707,4945540.891256761,4898904.715056715,5273036.359465889,5025691.887020539,5553059.137510025,5273996.8185323225,5620375.413943737
1708,5012303.290027079,4877775.766742292,5308652.673186903,4990566.79747502,5454252.055318178,5242039.226510563,5492611.163790477
1709,4872153.648265706,4930192.196894044,5301652.595560032,4916568.752586074,5418736.693448822,5364769.956952448,5479792.067030574
1710,4968160.287928396,4924383.453912369,5201205.123342366,4957357.268211402,5340063.48741575,5317995.817919223,5461343.309540704
1711,5003438.186098433,4933176.187447004,5249540.588126672,5013628.687127136,5455061.084025295,5227563.437655765,5524137.993854802
1712,4934722.746467914,4948849.777742326,5221432.80525882,4830597.255619463,5393608.319655269,5259897.804932371,5472466.811184605
1713,4916304.870279207,4915180.32908762,5180567.687621017,5040841.162723265,5562898.968653562,5436884.278620709,5563180.581501877
1714,4911062.79363888,5059825.714635926,5280801.825390268,4978547.699686514,5412721.118426776,5317731.4043650795,5493580.96632031
1715,4890379.722907888,4952261.955720446,5293645.830429659,4949770.239148158,5494041.550549911,5404339.702916559,5653689.283581852
1716,4968887.53128468,4917793.208145063,5325306.419344449,4942141.719325553,5407358.107458565,5369801.342222584,5606219.575497802
1717,4884283.81952988,4950891.039443467,5177151.561090249,4915178.950039011,5417883.639280995,5277256.919857904,5444294.1782268025
1718,4993674.922152309,4922725.719779672,5279448.710150018,5014099.503588073,5499706.786300545,5293287.422686134,5470374.683967955
1719,4830607.669492814,4866742.098614024,5335609.910663413,4869032.265932208,5399177.493616598,5297663.921443308,5559802.284304305
1720,4922727.688053655,4961193.038349503,5300118.679809754,4914120.638850593,5482271.828573557,5239110.155078142,5492810.943117872
1721,4959763.305598721,4993574.042493838,5355344.037280661,4966479.070192799,5488429.441570235,5311521.158548506,5596687.738504419
1722,4882182.532305501,4929068.125513034,5203889.64892987,4951284.389068919,5427007.61102348,5314342.169125082,5532540.417594473
1723,5008984.238002912,4960719.327438375,5314255.859962161,4943643.265592579,5550734.439014948,5387141.067353337,5524247.568383548
1724,4852893.36235892,4912253.717326225,5211391.072694957,4993833.095620317,5322293.415416711,5212715.149302166,5528687.959686613
1725,4948591.399222715,4986340.184053605,5240142.9606669955,5002398.559106543,5496080.458321393,5400584.859844852,5632303.2231817385
1726,4932688.832425026,4905662.545895209,5277026.80589962,5055762.409511517,5403448.949626344,5289102.288777304,5597030.251133565
1727,4881147.280053133,4984492.832358618,5370632.837079489,5022952.721251712,5442712.471564363,5352500.587430096,5570091.501260129
1728,5006029.498487521,4936957.4765467215,5264058.070647211,4967263.727297408,5405265.01647203,5354730.162725348,5559511.132636908
1729,4945702.14129889,5026006.776536623,5257989.452900667,4853670.627701556,5405360.044974295,5270387.716765995,5462802.903781797
1730,4930214.572625569,4897374.880643879,5313029.744535387,4930714.350299776,5516602.323690288,5463249.863142483,5685486.4541679025
1731,4860635.823119931,4922778.715357345,5283269.998236407,4978075.189645849,5484818.272626475,5250157.286371731,5474332.23642526
1732,4819973.143888322,4920825.867471999,5211278.326394332,4880171.383370354,5336806.8793277405,5259205.27363758,5670499.476275893
1733,4958462.620398748,4848481.291354773,5211290.656202597,4864858.810252084,5381492.703848005,5274872.46613198,5553771.92835349
1734,4953834.789832668,4841152.573145168,5150526.520701768,4957475.939979519,5378832.975116229,5197966.050585571,5580679.950297351
1735,4923339.863746552,4921779.863679943,5135189.923689783,4943295.326956165,5298415.825252039,5382095.24062846,5607703.273932509
1736,4890692.376769595,4946846.315497989,5353973.852400272,4989635.069524235,5344717.04506555,5311273.75674233,5663151.706805772
1737,4926181.222518034,4924225.155400753,5290348.92201214,4992643.858236097,5364406.651400452,5271416.345214374,5583595.369408576
1738,4905915.691311787,4945758.796910625,5273762.52416218,4984083.180366868,5335092.831787371,5294398.312118542,5623209.9543946525
1739,4908392.6626208015,4992881.150119419,5303464.272455246,4920839.656158154,5466000.424871599,5235541.569538768,5564131.038578145
1740,4846135.0826498745,4883752.344335556,5270743.26728632,4860135.574508437,5449383.981688563,5396521.199661347,5519465.137491666
1741,4954433.198203746,4931978.013739062,5182616.548427651,4998139.221833413,5457757.477769148,5293717.945270146,5492373.8274087515
1742,4837703.139323516,4956037.082916757,5296169.453204606,4968002.174271356,5445876.622361438,5299774.217543898,5546259.732912866
1743,4883718.076677479,4928224.09345972,5243426.796667016,4911598.455527712,5451421.609249736,5297628.673552535,5478837.185253519
1744,4819831.166929627,4856238.566579824,5298601.804084576,5103195.4219032,5451141.018837953,5259776.316533264,5426361.393855423
1745,4945364.296860057,4995396.143229891,5268273.779199831,4999281.60010584,5453618.856493976,5294018.670633376,5603887.3392661605
1746,4878413.545205406,4858997.445820422,5241192.94979886,4979454.152949659,5506036.337422177,5184565.362532479,5482518.2174252095
1747,4897110.5380808655,4826757.948152427,5266353.422951807,4901678.829675118,5378899.585636538,5303002.853678455,5455217.52403205
1748,5006750.47881067,4920101.828496289,5222969.200402871,4923542.797051666,5481881.978323223,5405498.079813782,5534075.042889415
1749,4909748.702584083,4902187.887742618,5321850.79485654,4953473.059312116,5417541.77160669,5265759.862328682,5397488.382306996
1750,4878039.621503408,4900207.455270933,5109239.169927485,4930676.682564701,5445244.666826835,5256371.232086523,5665901.965093094
1751,4968097.4245545855,4873623.324788438,5187679.871447241,4948201.540701246,5497198.074763708,5290039.834128595,5539790.075401107
1752,4917662.366044898,4966690.80723698,5187916.595324522,5031290.069254852,5387513.872033968,5353002.8254968235,5592420.983296914
1753,4908635.6758469585,4864933.609786564,5453203.121523876,4975932.458595378,5468712.865320613,5352357.262349963,5649964.182258341
1754,4891724.741067573,4882337.798562749,5220599.246745413,4999684.550694985,5466108.625465976,5246785.965130532,5597608.6010340005
1755,4910999.498438842,4965988.241127559,5343785.273256514,5026109.839940079,5398792.794842403,5465245.246500683,5561133.681456663
1756,4990335.825015688,4859419.53500073,5229209.979865102,4882546.622216552,5407362.453810157,5278085.625633657,5534594.366904426
1757,4861237.032945424,4991417.108869456,5306781.795009639,5002281.917318367,5472564.737104352,5319853.37686245,5601659.098911612
1758,4895325.781427153,4955773.607275899,5374589.839270606,4892250.670081475,5461863.474770707,5325227.592262742,5687061.710415771
1759,4928970.140688904,5051078.92542666,5346250.973611742,4901118.948335856,5487915.3945937,5353018.524661418,5678523.312832804
1760,4975348.024750193,4832859.555805545,5258390.349569054,5026999.562579034,5525120.499861414,5345469.857640313,5530225.137983369
1761,4979954.5502712615,4906814.690026396,5264089.4589239815,5017329.249580624,5334786.48662906,5408018.555692639,5585489.476906609
1762,4971053.390517304,4903898.228010707,5202281.661439345,4910973.902595396,5494463.825531273,5329175.702030058,5529445.330967691
1763,4860767.672846013,4849649.077867599,5194224.001113653,4984989.19866893,5372793.51792663,5471708.454792898,5622904.38670674
1764,4929591.799390743,4918033.500529281,5254698.70047789,5001025.926297225,5276875.569270112,5384940.432179658,5620681.692729656
1765,4820993.9382745195,4907527.654640941,5198321.843643162,5016472.853699322,5431416.721904556,5205162.9315860355,5496029.2278968245
1766,4802544.557035392,4977694.574271232,5259758.586051462,5004442.831881072,5456672.679736731,5386005.356116554,5567941.582680483
1767,4886048.580700403,5007948.833902508,5195976.010671791,4883254.613508064,5531116.30025388,5249612.110964379,5450782.646978575
1768,4884030.111490629,4889591.469186289,5193149.572623594,4962302.362115375,5417263.844576922,5244437.856067161,5600265.631686154
1769,4940788.428442262,4921562.798838414,5230373.050803605,4994893.290135139,5477140.083137488,5370027.301126955,5557594.960219539
1770,4976673.116933282,4842638.6396316225,5240775.639338579,4959813.586951869,5453202.757292971,5317770.611881035,5589364.255406058
1771,4933572.243693863,4982562.940329196,5113613.397480469,4941528.482992447,5427674.248242605,5308792.211601751,5580757.02317866
1772,4849574.567131493,5047457.729749379,5334455.518285609,5020684.398267378,5412680.812749314,5427258.386568695,5562389.973079208
1773,4848821.83050754,4893748.424567251,5266764.212713631,4920305.986421924,5456054.755806444,5381310.957617298,5517510.922767601
1774,4894519.552922342,4825032.387080358,5185371.449182751,4953056.455828532,5378452.3363767015,5407303.983112531,5468201.276395329
1775,5000556.272656606,4865682.140242436,5271705.326613216,4973237.30251641,5396102.485307567,5300974.909213429,5616934.499722332
1776,4934580.903112681,4993580.506163794,5277487.407014792,5043102.0656766305,5373030.660658504,5332584.763720643,5626567.91065521
1777,4988097.936264203,4907634.185354463,5275634.627074988,4995206.613323793,5497075.7041373635,5299811.038858198,5476064.295318779
1778,4974304.098361448,4902992.081380853,5306001.971716328,4983494.7908821395,5485833.364741431,5336777.748988036,5397909.5019831555
1779,4926981.099588504,4890228.889882612,5175772.249914946,4870458.434909913,5490411.808416343,5303400.583792677,5525136.921876793
1780,4980331.402434386,4811258.116189926,5199520.367980909,4967723.212557312,5448357.857225745,5189249.023714403,5467837.5789357405
1781,4909875.543137291,4888566.518154367,5240698.422800087,4935374.869261125,5454453.58789096,5318052.745130603,5417032.206818627
1782,4922968.606360966,4914063.116891326,5241943.113967448,4927776.212866598,5380201.072418715,5221512.173133167,5469796.2160137445
1783,4858396.277589684,4829401.078819458,5226318.765943227,4920949.825083001,5444686.80025873,5338720.9107889645,5579363.030946303
1784,4940871.803033759,4917959.010905808,5372939.92216588,4985283.944768667,5398202.758543625,5258797.222276,5518307.476995595
1785,4858146.516672252,4992042.227670619,5296262.158309913,4888971.64523019,5358105.32326326,5366862.381106237,5561280.425636811
1786,4948468.60937229,4860022.547708418,5323388.911515858,4939989.295775235,5367635.231889898,5344415.706516384,5516961.984719944
1787,4875534.6491717985,4989514.226786518,5292176.574206243,4988686.468461413,5422482.926011294,5444370.479123113,5538225.815125004
1788,4970281.050712009,5003339.709192701,5294184.803493273,5051787.309943812,5426250.495854737,5390673.954785718,5603573.029154345
1789,4994698.331825326,4934526.914132159,5270856.734148634,4862704.332230725,5366544.80222766,5256174.2582742665,5512281.720828526
1790,4957433.144864872,4931137.204583624,5382464.852928533,4996429.278289079,5372901.714325537,5412433.336966308,5487619.263636038
1791,4938225.529218772,4874740.742648575,5217343.541993865,4942729.5739421025,5467742.565135498,5267784.6157742515,5606568.776645491
1792,4807202.838494629,4906612.2264236575,5238947.784574932,5020607.272136115,5397588.982466837,5352338.185607181,5554559.996348179
1793,4953325.660818985,5009531.211164372,5252487.889723478,5061814.994917243,5466426.201634858,5227918.512603394,5515111.006364904
1794,4934081.7961891135,4944206.344182549,5183606.904558637,4937709.434167816,5492732.385321755,5313334.174144259,5483852.69836296
1795,4911413.844093321,4901115.680246802,5297497.727266044,4916062.116110588,5454229.503500551,5337855.174348783,5579279.754032732
1796,4900211.123836663,4867884.308795028,5334310.714341246,4891911.21512658,5368853.905565944,5406760.924969828,5628475.087012045
1797,4985165.683242026,4918716.526121962,5276930.247211553,5014201.305793193,5452689.981404662,5325630.19224401,5585911.002661142
1798,4914978.595193064,5009398.551178125,5259183.415609816,4915681.233210701,5404585.490917368,5406344.371917592,5460855.930662554
1799,4927433.259635868,4842948.4193146,5328524.736227723,4915750.345462114,5452656.008269424,5321575.693186684,5621588.141141381
1800,4859015.774508284,4909681.31968516,5335823.518124311,5071039.44774721,5488690.453633818,5399805.439464938,5653185.564045403
1801,4998499.246115076,4735640.371544405,5187117.597109103,5043386.78743231,5498835.452511277,5288836.540305081,5559686.332695247
1802,5044770.482017159,4948018.5550876325,5207520.793839144,4897053.583868165,5403706.235331031,5207865.379038705,5483868.409647103
1803,4902008.718018565,4922212.43060421,5300458.070402458,4832833.631444577,5371346.282569375,5444416.6826048335,5515628.677796613
1804,4881690.2435748605,5016778.0387674235,5329619.500069662,5056257.0074254135,5407487.249066826,5353346.7557608895,5535711.1482541915
1805,4981150.578035518,4958592.377756382,5245614.475578622,4880575.224534469,5455214.427453248,5274599.1698494665,5588864.775886739
1806,4851277.0799110895,4932106.226489002,5317400.241857057,4880343.327494357,5433494.4745107815,5318897.406039471,5369289.461404322
1807,4858228.3548575705,4902450.330534789,5301295.791270142,4972936.833804334,5361110.816570644,5264569.211228998,5634949.887458
1808,4984954.669063814,4954425.256492608,5316431.344679421,4950476.331778898,5467181.785040386,5392500.670823255,5365514.2338563185
1809,4978428.923888373,4917115.258660162,5233405.679111784,5019103.720786672,5395473.254617392,5407574.180255689,5582497.733250527
1810,4918685.478218627,5014912.116300512,5308118.122691424,5008562.353171005,5448331.475495458,5451743.758284158,5537421.445819137
1811,4908835.380125614,4856012.741441739,5350585.107852089,5074169.848921802,5449505.495702397,5358978.023730586,5718832.983120829
1812,4808875.376859179,4920213.989886846,5230348.8497716095,4933230.512039422,5484428.323663235,5234261.751950085,5538294.235316653
1813,4857495.397738918,4941137.518680523,5292257.0804633405,4944970.5388695635,5481823.603425653,5284888.203270554,5461690.422847316
1814,5016371.321612971,4845477.13138049,5216836.915559134,4989576.483410662,5415974.259508653,5422835.61843669,5645780.885175755
1815,4902996.5450174855,4890080.476240302,5191975.266587075,4999791.52344673,5432152.28686166,5258528.577676021,5494086.769909473
1816,4903490.071780405,4977996.307074601,5316143.161877883,4884940.363109283,5311777.423700439,5308114.569105054,5519896.095136978
1817,4892104.481800414,4974293.193536172,5334392.449103393,4965157.708424782,5352732.714315323,5361838.048993585,5521111.233316822
1818,4850492.008028337,4844483.196456044,5238325.701544654,4932162.84060366,5380801.552473867,5309940.299579232,5552640.994943997
1819,4991382.653073692,5014481.622883978,5172133.146540336,4957793.990698255,5393414.080004666,5405621.411554109,5433834.985789487
1820,4882074.993185313,4883549.289961868,5194790.752220159,4948647.882103833,5352214.003418781,5449312.77125197,5603918.5189678725
1821,4880311.197835738,4890555.257142795,5231251.212145984,4979655.845681861,5345858.651662662,5291344.002506467,5627597.883652763
1822,4845655.936651968,4940756.857430689,5333910.965640445,4852805.976773488,5376899.197781292,5295192.827286256,5559907.363830955
1823,4915484.865898326,5013692.217497935,5359090.827797977,4912155.746301798,5502694.924776388,5187682.800829028,5634201.207448238
1824,4845282.7846333645,4903144.055158817,5368127.542846297,4951453.016588111,5361353.558292236,5349699.756909411,5683430.924641996
1825,4990591.817880744,4933430.454281484,5274084.783371359,5019506.937919715,5397404.659087587,5410573.394950315,5439290.371437851
1826,4952326.086423406,4926982.71253345,5265381.043380618,4961389.374049927,5423567.141646732,5346931.790228549,5457517.9482900705
1827,4888976.079481742,4892611.051599579,5256161.629727969,4901038.472651536,5466346.535999335,5374242.730156425,5423639.381731859
1828,4839238.126751154,4956945.817157739,5333890.5281771105,5022345.686708266,5448825.25283101,5353576.640647307,5573290.258970473
1829,4831323.180836471,4989348.000896925,5373489.810168914,4910344.902264149,5435651.355917135,5246503.927508693,5622009.521541595
1830,4866151.465790684,4916333.166427724,5305722.062629786,4963534.025391358,5280466.108486953,5266265.128694038,5549050.192346866
1831,4962071.022081888,4863819.323272317,5374612.10190678,5081391.974402228,5494502.0193731915,5378608.555595411,5617223.42036472
1832,4880138.396289856,4919142.528634336,5270016.248651195,4944946.159698671,5461359.6405934235,5503234.089586588,5541457.498478191
1833,4841005.712633201,4893714.926769224,5286686.0223194,4933524.972904915,5359325.010771766,5259800.860776187,5411684.273386501
1834,4872896.898266205,4907954.120848256,5198899.483839868,4834139.667472659,5268293.755948213,5274311.098696893,5463991.42240554
1835,4874639.130028713,4901802.502817418,5239152.385109924,4949959.051494246,5548815.341090625,5315116.395299217,5453696.053338791
1836,4850731.319808478,4915495.538261686,5287430.192314822,5034682.781733612,5374713.160570955,5270750.652113556,5550653.624568493
1837,4890248.663502289,4916279.257084006,5338478.9425662765,5015236.548852267,5495053.404281035,5280929.397221972,5512927.151235859
1838,4940765.820983215,4936338.861022998,5330304.589503727,4867690.440151494,5403631.020423172,5372936.700296337,5569911.147740314
1839,4892561.172746355,4831877.803282817,5274193.650343544,4916679.238606892,5379715.02384005,5326716.024421135,5524478.68045242
1840,4970939.751655022,5017806.38723725,5323752.4549383195,4876013.492163181,5399088.727364252,5193241.4381880285,5634288.556446217
1841,4930351.719788477,5003160.542458693,5163782.1909967605,5029364.004783371,5457614.418377868,5338311.982671417,5566351.570962021
1842,4885287.322087053,4813598.978320755,5245327.495144766,4903492.705405375,5433308.848616548,5453392.577937924,5616265.619955618
1843,4887121.958250446,4971008.845234175,5282045.915715764,4927974.853130239,5458187.5718905255,5278951.381184968,5509823.609423008
1844,4785620.452059776,4962470.705039832,5341413.228615888,4982886.294602425,5363698.89199784,5401701.71042098,5563047.306728461
1845,4917433.78860376,4849314.034329863,5341365.282490956,4988774.281716122,5420568.744076302,5358866.691774327,5563218.626292255
1846,4952829.945234653,4898198.351064914,5273088.928320769,5018174.562584117,5413330.683853282,5374336.37053466,5474576.758144159
1847,4954655.077752003,4961935.980412062,5309838.746088903,5011527.780035239,5456291.747475415,5400593.159626223,5545831.370397455
1848,4807768.227092471,4926471.0928242495,5282736.279944356,5020015.49499907,5476484.704283994,5276587.184211586,5513592.609303979
1849,4995138.325556717,4892080.710681847,5249420.466910992,4870470.414701669,5497708.903062476,5357178.468606001,5599613.0413133865
1850,4921326.940506312,4862445.712447225,5282798.498198716,4983084.123382841,5520182.201249775,5251244.0622969195,5332900.26085105
1851,4953338.39189158,4932452.343678344,5169120.155155668,4856151.471045811,5433536.090265989,5228558.047690041,5614627.5803587185
1852,4847197.0097453,4901528.770819676,5237370.9000419825,4888193.418794312,5355059.634255845,5398446.620833297,5528037.224378301
1853,4894927.014748783,5020083.47417622,5230419.932249996,4850156.061648814,5479971.5081860265,5362678.013891052,5470150.49532772
1854,4947757.522359197,4955206.858025144,5189981.136771472,5008514.098251791,5394259.860438314,5286719.1247626655,5511484.334213878
1855,4962947.944233852,5011602.623821279,5264696.805026145,4888159.488832389,5510156.706520448,5319102.732957763,5624203.575343715
1856,4874190.495117314,5033547.016776036,5405039.951432654,4987517.657591134,5400543.174034923,5238347.785296347,5561281.682805612
1857,5066087.853053055,4953816.212420784,5410316.866280882,4959862.084176808,5445309.9163868055,5364906.797483905,5516992.610870036
1858,4963690.536634709,4910039.579323477,5241020.476354129,4966172.088401288,5487421.122141883,5385853.807261682,5530625.391985028
1859,4971249.415397046,4976383.834164831,5353869.018521543,4942596.259092717,5485104.123725147,5269879.617512802,5562979.803872426
1860,4849537.058767774,4867588.93363492,5263402.226673713,4793371.898080272,5333811.268960972,5393089.015648025,5517179.478417308
1861,4939314.683291191,4922992.521328897,5255938.202843124,4967836.787967657,5593865.7025244,5445126.778121095,5619522.492605722
1862,5018226.9610018255,4936976.284524801,5204363.268583664,4957720.325846569,5366120.17787305,5320972.291267693,5496617.535860173
1863,4951950.093674962,4909228.048260132,5311517.195086665,4977410.5801009955,5507349.842176949,5418209.708232382,5579867.815833778
1864,4904481.778735236,4945767.100769906,5222711.961062687,4947512.367859419,5366740.342679736,5407633.049793197,5402086.930074644
1865,5007675.074197736,4919763.588919481,5297428.394521529,4931467.071524616,5506495.040067998,5232472.895007458,5559771.399499552
1866,4856380.870396973,4893450.864317255,5387848.085817066,5005575.672641719,5465596.857209405,5223863.91543483,5587314.621713281
1867,4890967.3264348935,4942082.85317102,5238724.629710547,4962975.729734201,5396528.720239479,5371051.940103335,5552943.788957719
1868,4917524.318496088,4907206.996595523,5296895.26587633,4954584.343450112,5563201.677724953,5383295.892812518,5565780.429098267
1869,4918438.5214789435,4977225.036578102,5131801.0770550575,4966483.969917059,5314178.547170963,5326593.785992083,5634184.7027368685
1870,4859896.141572198,4954705.5849426435,5335309.833170484,5061837.333123311,5416437.3165634535,5272363.408997054,5599556.7661276795
1871,4885670.150659615,4785566.939337703,5238339.703889884,5008775.524287277,5365824.752957441,5316674.705390009,5472909.265792174
1872,4998573.131314643,4906143.201041939,5296480.896633166,4960651.068433235,5565603.655467892,5359502.114281293,5604945.853651741
1873,4994512.605202883,4903901.685550056,5228005.503540927,5006376.158909612,5532442.774612447,5423826.019158062,5680174.9930377565
1874,4995249.233832759,4996104.411558411,5240336.462733409,4913123.380719759,5452751.02832031,5127286.333042828,5600284.5903310785
1875,4944497.439290111,4817249.70314305,5312048.275484819,4940510.66737638,5380543.9097120315,5274167.585055047,5585418.756122805
1876,4919368.963295268,4890483.954887902,5247434.965628009,4906657.603420928,5384959.257916333,5276332.673649895,5477810.902930992
1877,4813829.145322242,4954598.004527682,5253002.225406222,4979818.431093257,5447258.206159765,5343252.959304728,5582762.103223359
1878,4989467.286679987,4915916.700357875,5339639.227104146,4986491.258717783,5422955.744348066,5369466.377687741,5533382.380749589
1879,4927917.200576661,4941985.444570496,5350944.971062793,4944601.265861666,5490076.232402364,5415638.448550101,5493996.53297095
1880,4963058.036513368,4902213.821736536,5195304.574130888,5091109.16529889,5411079.048608143,5252293.491314007,5579831.697149674
1881,4988076.058095171,4989291.635413275,5244935.6823410345,4935990.622324141,5371511.941807428,5332321.00340651,5558869.478664167
1882,4906274.759771231,4961116.8314872105,5338882.227378492,4958208.019086248,5495459.079840234,5432181.893654478,5601773.48448282
1883,5001822.91027864,4951824.7711445475,5285599.809755564,4876503.715961479,5361261.364238076,5404337.998618119,5545556.820048968
1884,4964042.064140478,4844940.697357101,5285393.049090447,4927752.980977238,5411931.049206279,5309636.651813978,5446454.609885645
1885,4941180.18772637,4871941.340101179,5174869.604151439,4921202.4830648,5479283.079109378,5252990.183719446,5632305.920676972
1886,5001047.189706795,4904053.703226886,5343037.994914312,4955215.711491343,5394825.318131822,5336253.148173385,5547904.497411066
1887,4905497.591851425,4855376.706592393,5258841.176180427,4981437.740316941,5370395.806564213,5326209.358523317,5567047.137396124
1888,4816566.821807345,4846383.842138726,5286506.104474154,5001679.025092645,5461908.804996826,5397763.100611236,5555460.548859446
1889,4961185.867966955,4827689.618886982,5135043.4082951415,4917204.730835215,5453956.906434452,5367222.516430835,5524227.590955578
1890,4983936.603685916,4882680.177366046,5350824.707111034,4904368.227993353,5438869.5484844,5310198.577448465,5504034.487392199
1891,4929998.1823143875,4815897.470908335,5249613.885765514,4945695.762007978,5407423.396807814,5185131.092543993,5479991.677212877
1892,4852762.463833486,4925926.168327326,5283843.956160869,5080560.351231578,5463387.904946264,5346856.8412786955,5518233.193900889
1893,4991344.9478766,4791139.6768130595,5154557.2716129245,4927277.059456014,5384216.011494664,5282349.158311449,5445315.698585616
1894,4915165.090987268,5047645.146754593,5084190.346818294,4952607.485419054,5401363.170950815,5299726.162954869,5678669.28244652
1895,4982734.915316998,4969074.082478637,5229603.8448259765,4979968.324964594,5524156.941146687,5267371.614862761,5492546.566643179
1896,4962022.420806739,5067319.326643939,5351953.333566856,4906537.121263755,5470280.658307156,5228723.189641025,5656016.736457447
1897,4867053.824552274,4861854.4490343835,5190729.151005586,4859239.982419534,5387810.701818075,5339651.385595944,5579964.413316579
1898,4968631.540376065,4907679.157491498,5207058.4118481055,4863389.070305847,5429207.267453333,5294247.546461219,5609749.910861627
1899,4958164.7636707015,4893242.925545946,5236704.388725709,4904430.0038759615,5395694.822089637,5340651.626750506,5513210.865379712
1900,4946517.187217156,5000137.069344672,5219826.306844761,5021761.744978216,5425079.77678619,5385748.935025416,5592169.884375408
1901,4835385.041998794,4810146.091222189,5251309.3016072735,4988803.077643748,5396949.288092697,5381744.177067187,5593824.325513624
1902,4980801.465610089,4846347.593990462,5170411.263325758,5046098.750451731,5501618.621575729,5414380.7399149975,5577466.967942858
1903,4945947.120951709,4903518.113534242,5288360.251099966,5005509.433344614,5390829.044000451,5418370.57202496,5549262.189057097
1904,4951651.106676885,4882381.966078311,5312943.400506234,4929183.667863701,5387422.221961267,5339784.6550476495,5490015.098122145
1905,4994279.055700917,4961381.365783327,5296799.998881139,5000039.054306697,5486672.8923312565,5276999.442205648,5704807.700467523
1906,5036288.460374445,4871488.968194573,5368440.509683687,4897889.148883515,5472400.942269641,5387199.484259543,5543894.100647361
1907,4970173.507045208,4885251.263709129,5359310.020772878,4955242.712952679,5457651.129118436,5286337.99147919,5520763.280743251
1908,4947252.533323288,4905958.541600991,5183041.279416291,4848126.879694191,5382688.234255528,5193960.777172405,5479341.7087333705
1909,4911471.232148327,5017747.714584277,5264224.400989457,4925620.342409619,5410759.0421268875,5333233.1649693325,5454596.614139555
1910,4912409.654067014,4981093.894672247,5236700.34505358,4963520.672818903,5421233.766112524,5388612.972409868,5452857.613311376
1911,4898975.47878257,4896499.455136099,5212132.951708001,4961207.41559581,5344767.717465917,5244591.705289856,5555292.861691196
1912,4975950.220841203,4862793.483680903,5213484.618972222,4940723.899961422,5396223.203875923,5339544.833505734,5438233.725595004
1913,4869208.168880996,4896840.879040635,5243379.369527233,4893394.206971331,5341296.224166619,5284283.629482801,5570846.69929059
1914,4844297.8464171905,4949182.630645442,5218362.286335032,4894892.515110212,5490731.543660263,5383220.892343633,5432880.369368497
1915,4913090.640157735,4882197.865697605,5149612.808259344,4921581.384777723,5490172.108585079,5313343.469220947,5536843.246569905
1916,4965357.681122955,5009938.449503684,5261649.462748685,4831256.713354795,5310905.984053871,5327997.576174496,5612396.894037006
1917,4957806.137775194,4887198.927371255,5260934.359398105,4886989.406905515,5481488.07645539,5344228.960397943,5593386.203731017
1918,4970347.248581381,4875330.102912005,5347364.4755920805,4979804.412589784,5375042.052871235,5455615.5632586405,5458120.128767168
1919,4965151.688268175,4895522.511315857,5195287.618786561,4880857.4091313165,5454159.083319951,5271134.375933175,5484825.240379392
1920,4850677.644352425,4824152.181332296,5296992.940522687,5016648.941234489,5425389.1979221525,5381882.572392252,5526746.340956267
1921,4921587.395280628,4781746.173221023,5319947.301314574,4909494.162989986,5451407.465575084,5409221.374292128,5494112.604255496
1922,4915714.187687916,4933500.952766869,5370086.816869213,5064488.45138632,5479845.598028575,5287127.125642824,5504193.496570981
1923,4924450.724546147,4920817.333523989,5219397.062978328,5032373.048071593,5451276.193423257,5347657.999049463,5588110.819619469
1924,4888353.666452639,4928838.287053824,5316548.427448717,4995572.055559351,5483975.8140144795,5447806.0852936935,5566915.421720779
1925,4896566.820117656,4981358.850021349,5244034.424481098,4960400.5395687,5390161.255863095,5371145.9016350005,5623133.92309905
1926,4819457.683171094,4917347.09462521,5284422.872758413,4988769.542737382,5462659.2748612575,5234397.553994166,5558907.293279118
1927,4898273.140560619,4985442.598169563,5164534.089922907,4999922.6022170065,5399336.000123199,5351475.94906289,5564836.27987252
1928,4904664.415821638,4876471.163659723,5255811.375720663,5030504.916925989,5361533.589627132,5299757.5092068305,5501539.23672318
1929,4926006.999376411,4825115.704925692,5243121.112223671,4951945.544539208,5431937.778449739,5271686.777009628,5655908.046985167
1930,4993221.181468541,4957596.736795188,5362768.169103481,5016408.2690730635,5468236.667350893,5276532.591057932,5705880.006108476
1931,4970772.935331279,4904594.804632688,5315976.324219211,4911297.262250846,5441551.689701285,5310120.795529035,5535647.9128983915
1932,4929452.574054763,4938878.46219877,5290550.993670761,4939662.847276874,5423088.703035388,5211672.605452894,5520475.834499309
1933,4894692.867721479,4893885.525783017,5163863.655680043,4840049.369257562,5356230.280194627,5405198.948394584,5476759.061460693
1934,4969184.755127761,4803010.116705372,5200561.219016929,4943836.201764352,5455873.947523801,5297820.385744065,5418781.0290633105
1935,4873956.758993267,4803802.475842918,5137155.34148152,4843117.366892961,5383898.031883508,5351213.280841684,5610790.223677427
1936,4990563.113399622,4910608.58955202,5278463.1541200755,4986585.933745762,5345184.002978964,5219810.345954964,5604657.323402545
1937,4902247.629528682,4983238.07080986,5277594.009871244,4942852.373123009,5466413.117232536,5319508.132464691,5587050.3351625325
1938,4961806.954321716,4812535.694210821,5288007.45471886,4934623.7696346305,5419863.26689975,5251869.151628407,5702719.3549644025
1939,4920942.083970794,4992997.348855853,5327143.371638018,4925686.323821294,5557371.358723835,5442678.195866393,5566974.432533688
1940,4834447.530675552,4965605.282534824,5365739.9116714895,4957613.050718471,5421008.842363476,5347075.001761362,5656580.116576739
1941,4927384.362141082,4940171.616674161,5171194.165470423,5073333.081423463,5371018.531951898,5279409.138623118,5540035.4871946415
1942,4957042.472674779,4820154.57459931,5206398.637720645,5017204.860468686,5411309.997087697,5310997.371730557,5586556.036968091
1943,5037624.714735104,4970470.590598027,5087703.352820086,4888094.928213045,5400364.622667927,5241023.870781071,5494647.72529495
1944,4849520.720485399,4928488.111976746,5203817.123050768,5079741.209493748,5442420.952193778,5413603.2789530875,5507843.048065699
1945,4912285.902398964,4997950.0237767175,5283880.918041589,4932463.551847285,5366530.049000591,5354703.915881088,5524048.555179316
1946,4803661.231572516,4983088.033419614,5302110.687386085,4910798.4390513105,5505306.781369802,5220789.864008009,5639829.441329037
1947,4905694.510015686,4959833.722830718,5168763.773479903,4878829.122891538,5480950.348507054,5349385.57385175,5614114.454395853
1948,4847293.210670141,4931934.815178651,5294028.692520832,4994351.160957639,5480943.635481619,5217781.899479974,5576238.450877681
1949,4905729.608447153,4881376.820075718,5252789.334987407,5023982.108379256,5428598.1304976735,5309772.228396848,5563417.858588621
1950,4841263.170054346,4882766.633540111,5215651.756262213,4970807.892236128,5418476.445525336,5362670.292003512,5520872.988409875
1951,4960063.839791557,4843628.44239498,5195386.468435969,4982341.17687843,5421822.443435639,5367325.748033551,5544722.543872666
1952,4963532.700722551,4973137.067616691,5349864.074340292,4919269.2891250495,5482482.499186325,5336031.369650945,5573379.373751797
1953,4939457.908544026,5021129.939824086,5296357.755721377,4924330.589815285,5493264.802349109,5429563.408939891,5589158.618336962
1954,4844633.580011661,4889007.588625333,5241125.916183086,4911774.324351706,5446721.943488049,5211145.083771247,5604106.359633414
1955,4903192.928655233,4944503.8377842475,5405463.621544412,5107429.029728182,5505824.67854002,5403527.923108945,5615051.875364434
1956,4926017.839532979,4945704.542140412,5250933.144929184,4939135.648058665,5425959.122298393,5235068.414712558,5588296.725589165
1957,4854330.051017776,4998116.257202059,5275937.376587956,4865886.323422588,5431146.0817325,5224015.4257590035,5487633.596988768
1958,4857718.340630632,5063952.18136964,5255378.884152717,4979439.754469469,5447328.308913457,5289989.671569506,5594910.934516371
1959,4833241.998168236,4972436.391782556,5233599.116986093,4928375.639215052,5403846.967299422,5395178.010350078,5698495.749536687
1960,4912052.89414798,4896594.624786271,5220405.321916494,4918555.622130042,5404721.455108269,5315412.868914951,5558890.327912745
1961,4972500.466347538,4830148.086167529,5202684.835760177,4913179.500543266,5396288.0318179075,5271149.889850229,5590349.821370853
1962,4921132.060935791,5006329.139092555,5264736.173587938,4911015.721694412,5415510.743826552,5300375.701017236,5609441.063006457
1963,4911340.434945281,4903398.534695852,5228758.34048694,5026321.276549899,5468680.54521227,5328063.806129735,5463693.87898147
1964,4900075.61016829,4992001.113848247,5364045.571779711,4920097.044476257,5492718.367002433,5257475.093064071,5577141.061121569
1965,4917619.0652150195,4956451.803183424,5180860.605813159,4902625.85843133,5449738.686840684,5288033.148749414,5587703.681974894
1966,4946710.6631168835,4878838.3812820045,5182161.095031484,4996632.005421094,5475136.948192455,5384630.842203073,5693576.458221992
1967,5055170.565221246,4986283.743172693,5208002.839160761,5054678.005313167,5401546.947559344,5344800.772408866,5621023.225902693
1968,4994280.556996591,4893799.804758008,5187688.608832654,5056078.61729156,5447099.981063968,5436619.539691637,5555912.766055375
1969,4937795.9714545915,4958000.785637905,5235656.618464651,4925749.007341405,5361098.4442765955,5333333.357167894,5542943.202721454
1970,4857159.199525249,4927626.18472875,5161141.687854841,4886124.606095776,5383948.830480123,5383007.045977622,5667309.3859357545
1971,4900236.572450352,4894766.582397737,5255104.473801723,4838138.913787638,5540890.624825031,5259319.599930991,5490788.827648522
1972,4939580.824726733,4908300.917265419,5235040.295801788,4847585.62022398,5418278.350551526,5342577.792767677,5570417.638873977
1973,4831131.447268308,4910236.941155516,5236886.055428991,4988201.449245544,5501815.369671829,5366632.580532607,5594059.400419924
1974,4955053.466795647,4949094.843166058,5237608.226123248,4880629.51129398,5482497.419493293,5324199.005690429,5601960.849254319
1975,4883564.334376883,4834408.7963180505,5182907.064139327,4950172.0786517095,5364160.9237523135,5331197.778467735,5653620.329369259
1976,4910766.50887321,4906188.812818511,5171823.62715952,4960371.915998397,5404904.390483478,5454258.396123474,5472928.712267008
1977,4948919.1973092705,4860605.345586556,5150167.37764979,4950277.097598895,5525455.5459537385,5338712.253758723,5567989.079831699
1978,4914836.197636524,5019387.672153545,5266184.199074036,4908658.908552604,5433898.530092518,5211581.078242816,5530144.423734564
1979,4800952.285746477,4952589.840563331,5281715.711691012,4936972.249585387,5351249.816674935,5270752.542424206,5477752.287288494
1980,4885966.356827859,4897730.149738561,5267474.425887643,4920245.556729869,5427688.769518891,5146985.822818841,5584094.0104573425
1981,4921853.494660793,4758958.153086454,5358183.579431107,4909099.424350657,5396254.853733581,5254155.31929416,5571162.639527947
1982,4939459.678678038,4892730.182847041,5240527.602259244,4903621.174374026,5379492.807018062,5238393.103961265,5559434.572815582
1983,4944867.81193967,4919174.716365735,5229630.391918502,4920015.436386552,5427321.990142016,5395006.555972622,5537867.411949642
1984,4936901.049142111,5054330.27773173,5150781.952759676,5037618.864856392,5352742.901160734,5349158.75703302,5485837.613477284
1985,4869391.088634284,4925919.2112395065,5295238.397291921,4830731.272906086,5482844.162145549,5315437.397279194,5591566.698800843
1986,4921176.3769947095,4938410.515694587,5250482.317172153,4931160.703927653,5435132.605953522,5414572.5092790965,5545471.847756779
1987,4902568.195078344,4964327.641466135,5280075.799415335,4980447.282534776,5443736.583133422,5167763.96396303,5558228.64809799
1988,4860158.513893039,4973420.66853045,5389481.165555187,4859266.063551757,5471040.281172051,5298797.31078367,5618734.088983639
1989,5009410.336961917,4991769.13264525,5162575.708709138,4918989.528747788,5412462.929134269,5286007.752984525,5597780.826431029
1990,4914310.164718307,4912640.03361917,5330134.211385773,4855900.840889122,5345842.8188638,5325616.304965516,5610240.383907342
1991,4880476.391498784,4938277.868771804,5288421.406935872,4995894.7014417285,5512244.249461652,5320284.566927337,5555233.546460346
1992,4915435.944045254,4839250.820070897,5302329.433624973,4918615.907582613,5488578.120730524,5468181.082293309,5569656.354572984
1993,4871086.022534872,4910734.253853158,5314439.763142141,4995693.242354911,5460471.893423701,5323960.595795823,5444056.739753217
1994,4936840.207883697,4924393.140549527,5316851.100599283,4931217.960960731,5478187.929584796,5338073.43564741,5638935.286347374
1995,4871947.694522418,4838022.163990655,5237447.703015057,4905056.075246952,5425250.184325433,5322259.977679649,5485059.160953919
1996,4897494.724119905,4885700.688831376,5376552.501519907,4932614.463768277,5377710.99725295,5341900.128735557,5472773.296592792
1997,5005365.951150359,5062549.200195813,5304834.437213798,4897122.625435838,5399560.85458708,5337895.921135852,5569391.846548839
1998,4961187.916880351,4981156.373837534,5227983.880806267,4951655.63318299,5367913.25492133,5220139.19002769,5617141.404502567
1999,4870250.786236177,4752314.069351496,5236585.789134847,4933391.460373055,5333889.467488023,5374937.763413773,5571386.415108993
2000,4904156.244731932,4898537.91904891,5231602.415969875,4941058.8196316315,5440819.005425248,5259284.862438554,5584877.252926991
2001,4933071.338049687,4982927.381193577,5147068.335742225,4948083.039253263,5341058.388563843,5245690.978293132,5513442.818536295
2002,4957188.526936795,4942334.686735737,5212582.039683932,4938846.925612902,5394783.499475979,5232456.1322357645,5619623.7087728465
2003,4897554.696445797,4903762.548761789,5234194.164213482,5086906.490857805,5368656.24726677,5314688.916364763,5386007.71387338
2004,4935849.007868368,4840442.2954970375,5285987.023117156,4963669.316507791,5462413.516377231,5295508.292331419,5467895.539167128
2005,4864578.048431273,4899240.680863085,5236802.70241496,4926607.176617627,5428220.889436423,5382321.7618740965,5507535.864795661
2006,4846719.105144328,4840348.1991555,5247479.704793491,4965439.52819638,5532333.398139725,5293563.7846091,5560472.918006019
2007,4937593.696987216,4822310.532732353,5242209.929134318,4899968.557065493,5411266.194735807,5352571.948314965,5444849.48552535
2008,4960578.164420508,5040453.831525968,5155689.14434759,4955553.7121485155,5309563.107443547,5329217.064205607,5590187.172064783
2009,4824355.2985110665,4969330.470736747,5253050.969113434,4920657.646664888,5521304.066623108,5374718.725720833,5486225.364429146
2010,4881209.3114435095,4968456.779443489,5151926.284776125,4835555.25695663,5410560.788436896,5381665.781715805,5560031.129809658
2011,4936085.395416065,4895233.883328682,5177341.5897497395,4935142.333919315,5367962.878458396,5376811.349813343,5583833.49214948
2012,4954122.959143693,4980741.753567094,5200951.78393767,5010102.208335916,5525348.355219934,5421589.027618902,5630142.259603904
2013,4870983.791019896,4979153.666884815,5280140.882342505,4911630.864918379,5516534.244300717,5376641.052299906,5501500.6373724295
2014,4846279.309887348,4963654.7400001725,5261325.142427763,4927996.807451052,5530958.610523574,5386835.304291848,5553304.574789159
2015,4905416.116234757,4922407.853889028,5218257.550444914,4947788.569010857,5468617.710565399,5401099.619919334,5529652.464361208
2016,4932502.153105193,4961699.4407687,5313775.479134276,4942742.206156324,5364450.452254454,5290330.805062368,5494600.624483259
2017,5004598.443712082,4967372.966269729,5341690.781785496,4975256.756047804,5471885.755691402,5300663.84503161,5456917.183523515
2018,4924770.332812163,4941228.030889942,5264152.788089582,4842385.209806303,5306639.142713007,5303077.386974668,5604192.671798333
2019,5027717.039129346,4996926.654098553,5249318.890072008,4957451.582760258,5381438.268309125,5321274.592042651,5555447.412530224
2020,4993711.20471271,4855973.792014906,5317998.493900431,4963481.224000372,5430184.3486586595,5272787.348976475,5595342.020664758
2021,4996321.365886704,4924494.726800792,5300538.905536754,5001085.178852274,5459366.170027435,5456559.2049128385,5532804.936325332
2022,4861855.319947279,4926909.424944492,5248789.971045121,4920326.689442481,5395125.600307042,5500246.543357127,5548439.973335091
2023,5002927.542859788,4938589.829562023,5151495.850733021,5058584.481142448,5352778.45088982,5251444.71200332,5594530.289740912
2024,4979326.7287835125,4844390.870861759,5209913.554525279,4923337.680380166,5439841.122125754,5300496.79553058,5431506.6464554425
2025,4943952.631302261,4936105.168755764,5286486.669754895,4915920.457565164,5384284.933597791,5367830.7417982025,5500915.843268585
2026,4955049.938861202,4865864.688005141,5136737.641829316,4908032.77110715,5384575.070550908,5365927.865825669,5654110.213917114
2027,4915081.8367701955,4929860.144561916,5302700.040563898,4938125.534565121,5442933.846262953,5383437.951871852,5619543.158306958
2028,4990435.279948225,4879554.582793415,5263022.631501276,4897074.218320163,5385925.758723685,5311610.714681223,5512273.765592357
2029,5024703.706971943,4970398.535955875,5255496.96923885,4985136.858287361,5486364.612175759,5283533.880656243,5580131.167448645
2030,4900256.861073628,4889512.561396978,5396602.397757312,4963664.198694248,5424744.734961972,5297096.081841562,5701497.635712795
2031,5048062.351530364,4940014.978813025,5201436.765687103,4939066.444520112,5392337.884233809,5349093.573195916,5551917.421137561
2032,4867005.118475351,4919920.815052522,5213139.998212085,4917476.114532804,5375714.660369926,5427106.61999967,5486264.10729897
2033,4957376.583455409,4798912.882756773,5316481.606349236,5037881.167056068,5334689.777476416,5436764.445650139,5633441.259276571
2034,4936930.573010833,4867402.3658621255,5206908.769398806,4885591.551902079,5484402.678332066,5293050.78831335,5607595.459443121
2035,4823577.308408083,4939312.332090159,5224896.541570619,5019828.424142939,5378017.968901698,5179677.05936414,5339431.551278399
2036,5025305.075059254,4833553.476810554,5237078.500008784,4858022.928694072,5376015.752074053,5380336.937095459,5607080.55530661
2037,4877481.932814375,4861791.966637091,5389061.523414331,5008760.595632494,5368738.387003911,5378989.0075119715,5557629.808386119
2038,4921109.877756392,4923417.360094352,5235764.950585987,5018578.97110325,5480018.105245377,5332143.799047636,5530276.441862962
2039,4885105.982630997,4965241.215526267,5207072.534043357,4911669.74735541,5420077.4523501145,5296720.523707332,5610452.144290962
2040,4923692.436790197,4893589.493922653,5238258.489477896,4928647.467286708,5337203.250494497,5314785.73717794,5432884.25054636
2041,4886339.119043399,4938598.976866378,5356689.589155325,4892967.543314286,5462254.176427271,5370548.879367944,5632341.191724297
2042,4932887.3600319475,4904874.542327438,5304201.4539158335,4985532.606286138,5420252.450955178,5295925.429863138,5671936.774339667
2043,4946881.558976371,4870435.550788213,5214971.251220377,4880391.413380569,5342178.620378227,5251899.321599374,5426374.202277072
2044,4939594.492393861,4966281.8745335,5242034.04253817,5030359.590667714,5510194.916807612,5248181.760452803,5586840.958447346
2045,4954066.332956362,4768976.836592,5214678.324115426,4924627.425168324,5479789.716001001,5378149.77757589,5500736.764830409
2046,4885112.982543131,4926152.109242677,5281916.140364324,4880250.064236072,5383466.657518277,5348086.279709615,5646750.195339134
2047,4845712.0345060015,4803679.11996654,5226981.79792194,4943718.910685661,5275197.121851243,5260520.935361673,5417576.00117333
2048,4887764.595197835,4839332.228547609,5214624.721452075,4957773.661734679,5346773.649262181,5291754.1025871,5579787.851790751
2049,4890511.310393324,4878963.951860377,5266839.154805498,4887321.728183788,5554945.298186009,5331577.73758536,5577429.5039565135
2050,4964927.912507042,4711596.66681771,5349520.800016661,4960354.325312793,5432077.886810502,5282812.751881603,5725545.685719578
2051,4975451.465639882,4833017.134418155,5226273.633933122,5063125.6709948955,5470757.066886462,5273608.031949648,5479599.35674042
2052,4872065.445516648,4886536.032292705,5233819.468102792,5032218.940998556,5496249.186329151,5370010.351735944,5620252.051408955
2053,5009319.565614819,4988858.04974218,5206372.749549152,5011880.293961343,5297148.323201743,5226416.743691991,5534862.4847808685
2054,4858215.204483033,4931019.286328853,5246813.245641051,4990980.593373379,5386080.526327132,5324836.886156106,5634296.80794017
2055,4932870.508512853,4866139.487618353,5276613.219604835,4956680.427481402,5441376.102444283,5335123.361362403,5592022.194485092
2056,4964326.745169214,4907960.976836149,5290845.319533262,4898646.327963783,5431283.723138151,5250696.039583156,5528912.524740513
2057,4986458.691925026,4970621.981562891,5316960.241124649,4982896.69411461,5427188.288496935,5189929.291386265,5533455.23012542
2058,5032859.8194177365,4952177.887790603,5302852.092528905,4949159.701131664,5455646.043502791,5405168.843830776,5561638.268722093
2059,4917312.153267704,4970249.853420814,5191975.595977158,4969859.591658191,5388931.429287581,5400018.005563179,5458524.890640585
2060,4929883.770806696,4968836.8273680415,5146908.926528046,4929364.11849763,5450485.941245519,5281515.367101161,5658501.735346049
2061,4870224.691247641,4915627.890152062,5226986.551957417,4928060.163399281,5445995.273415959,5344448.666768541,5654979.138375907
2062,4905463.435923319,4980469.263651186,5322444.364398669,4831564.51158237,5451591.745768081,5271266.136018695,5572204.589710711
2063,4949271.86939321,4982616.118075459,5256779.426346505,4969136.888060827,5354900.24913298,5303805.36562488,5512967.3047102755
2064,5026045.7685043635,4879668.097909541,5351724.929895567,4866116.809206912,5456158.581689022,5394731.596782003,5480016.908137912
2065,4995630.168083007,4907796.696570923,5205664.3045836575,4862900.1007101275,5436753.50226745,5414600.749817315,5571088.149363695
2066,4900884.078439375,4967772.772594192,5258991.703551076,4975129.425665107,5368414.517052865,5340537.763692798,5548265.274768205
2067,4936670.435854526,4946697.069663683,5305178.524226015,5054296.986101612,5432552.370902727,5415814.0157231465,5500010.149990725
2068,4841411.26782337,4939200.903222152,5306182.628406985,5040251.7298332155,5426634.324494868,5262347.936773905,5526975.034229118
2069,4850200.25404821,4875201.27628834,5332974.1854021065,4914118.392409971,5322614.140314026,5299706.305692812,5422879.399977341
2070,4840639.534666049,4988849.430550137,5195204.531952331,4956280.333322115,5462088.413987802,5230825.468405032,5551918.9506544275
2071,5027191.424196267,4809429.970156246,5190090.796888387,4963365.846631681,5284794.152500113,5264428.780316176,5432505.257408553
2072,4892481.688781143,4875621.820375298,5293361.360512622,4925701.48414283,5464874.683915445,5393675.210151872,5590933.552752177
2073,4967114.320236977,4938853.692267841,5236799.577860722,4928557.134438468,5375518.422601313,5259213.590962142,5597478.846110389
2074,4848704.707574038,4947377.962289475,5394034.184505689,4944280.496110656,5534980.967148499,5455344.253223177,5663802.3814309705
2075,4927684.228537047,4974224.328422366,5380736.411157802,4960374.733703192,5450964.971785985,5315672.130807633,5496777.920299361
2076,4921218.532483965,5007488.9644402005,5317282.392196004,4958545.942176633,5472435.12545288,5204927.11637128,5516751.504980002
2077,5012387.0351663465,4841781.321928695,5294082.921340977,4917344.923413189,5413313.556642573,5265721.347180406,5448217.183030434
2078,4838744.970041684,4913927.866859869,5303991.212049626,4929906.638150206,5498220.263867778,5440155.950966561,5666522.696616319
2079,4930048.430749355,4891541.025754559,5240409.345140401,5075219.830677934,5509355.777118011,5415863.3431149665,5571115.8766746335
2080,4909657.8527366705,4923035.081613499,5244512.508444518,5012529.285144845,5481302.906818772,5234772.822858736,5509417.909454041
2081,4907216.629542722,4904956.720316017,5355155.304382171,4957246.711844597,5464211.192758442,5285007.697588805,5500794.88522748
2082,4833901.48353176,4907312.80671573,5277313.723297881,4948597.081362669,5360691.140748668,5238956.55169045,5452548.855016453
2083,4906335.439121368,4823563.482482862,5275229.304146474,4966299.620867647,5581134.32817605,5373556.258953043,5653991.179479905
2084,4912089.306304138,4891261.8055821005,5276909.121793071,4930265.941819967,5539651.284597734,5440985.173767251,5428529.029666479
2085,4908871.030878825,4913742.843912357,5244837.790416207,4967505.850764582,5377181.510172389,5208922.706773691,5541125.25469919
2086,4943379.621455669,4909670.465439033,5213242.232937099,5010094.297547595,5403500.995230043,5395488.494515012,5631414.980830744
2087,4913951.189009635,4928928.091546053,5285665.489443192,4962560.461195713,5339045.843743516,5301754.943266904,5589228.928775034
2088,4942589.121031249,4966535.524148036,5243804.155085137,5021036.760598499,5470651.247059423,5347483.164291053,5517860.131096719
2089,4937359.0504463725,4886797.96268738,5303666.76169853,5068623.368638167,5367712.58635532,5298031.857068196,5508634.95156367
2090,4951065.06826035,4852048.0326281,5252749.346184267,4939753.38615334,5431630.180966057,5224627.0992018925,5450335.487214155
2091,4855652.66534865,4889722.130975854,5269342.633904562,4983021.413370974,5377378.379192082,5271716.521708566,5411963.758887755
2092,4908064.222393377,4891046.955502645,5345486.155266013,4967764.690696741,5434767.797475211,5438203.69498511,5563173.030702089
2093,4920436.373064575,4846208.717433869,5265309.113145808,4845500.069276679,5458246.183774565,5269419.865670884,5559011.72650943
2094,5031814.5935914535,4861876.197577288,5267433.793575747,4979590.308586671,5424626.12893845,5252750.846989815,5577997.625122417
2095,4872414.472865894,4912617.915171458,5337498.183293159,4954961.153301705,5418150.092586398,5427808.079731783,5485533.395562936
2096,4994963.804283661,4952415.5800171085,5392662.803525433,4951409.926656996,5469275.704771733,5340394.099869421,5519706.442674773
2097,4993770.061903155,4871255.660537908,5309759.469607979,4900200.35087292,5436542.677191477,5382442.85681545,5578485.458508149
2098,4945452.405291297,4986246.781922879,5279682.761837486,5003993.959049791,5458426.122658819,5380923.6153261205,5626138.401806004
2099,5017309.120225174,4891894.92754156,5151907.071130805,4983385.570600678,5432657.907323194,5455564.31119702,5672109.4873981755
2100,4964881.536718483,4871151.1662341505,5177102.588949586,4935518.982903455,5453063.883266674,5243856.260376805,5476372.851240203
2101,4976773.528650911,4798721.197527558,5372661.089294368,5025989.293188949,5451955.680279397,5385979.532079248,5658218.4795204345
2102,4993111.171787829,4925425.848743057,5304872.919903045,5012017.008237976,5350834.468260417,5323095.818666419,5574536.353574526
2103,4935322.424865901,4863552.105034003,5169262.228779826,4949832.537124549,5296156.196583813,5247972.242193129,5460010.056965219
2104,4953739.275078414,4921192.202236164,5252660.148668929,4977272.978100543,5446611.731664474,5292088.344740003,5556932.391824254
2105,5035134.790683235,4930275.086021259,5256978.060955361,4978944.436551899,5456197.425074351,5365286.348401327,5572860.298688875
2106,4966954.298698651,5001218.977694517,5240151.215850315,5014143.432931625,5447133.663447366,5270211.255586319,5628659.894458531
2107,4998964.281892439,4950022.134005137,5346268.669645361,4980264.3690789165,5445046.464267681,5432516.056559288,5471546.766642934
2108,4850807.603292639,4855170.763915437,5144264.402802253,4941618.496550956,5407301.161464863,5254768.291047924,5544397.247681254
2109,4914950.226860924,4947690.888646196,5338263.069177752,4958284.995573039,5361039.649885243,5271190.727726778,5475984.673927893
2110,4930510.7715000175,5044580.715040948,5304144.615350136,5033323.18574558,5440475.404411133,5310362.186525722,5540670.192730011
2111,4935697.232410456,4945186.201661907,5223691.781184057,5025947.469271839,5373654.025460498,5316881.1832652455,5577342.328229127
2112,4904251.02446499,4995480.226484122,5376697.633649385,4879022.817547341,5432935.616917724,5295568.027052977,5485832.642695701
2113,4890646.709444461,4882346.471829014,5264249.213775063,5147183.809007586,5410975.81977583,5288062.0690148305,5408917.818339241
2114,4936671.645903144,4943649.770670981,5277336.171868303,4992493.620768536,5416678.776113084,5322593.435816141,5566832.088366947
2115,4904490.127248823,4976948.51089913,5400276.175526237,4968309.008272797,5498931.063340836,5260003.184756829,5629948.383618318
2116,4924399.331944844,4977212.636854483,5152364.811456402,4918375.576738831,5381749.7187766,5330913.583847568,5507406.507742384
2117,4958201.23342993,4989124.282495608,5142932.525105252,4904574.619952912,5415581.419389355,5156303.404543551,5530314.254059635
2118,4925085.812910859,4969476.684581316,5314623.227032533,4935206.837613468,5355330.37749549,5339542.508776622,5460095.311204796
2119,4954943.069467357,4939752.867551165,5285814.013227058,4977259.913671128,5456255.320449072,5292870.884964064,5553547.719624596
2120,4892850.678566207,4909524.380946551,5355575.162190426,4897664.047525773,5448154.411156206,5262802.37643786,5600254.487549461
2121,4947377.761978589,4987744.568922015,5276137.1386425495,4894402.979530324,5414604.575517157,5383292.369502987,5711459.717188466
2122,4905606.887824178,4974650.800072659,5439661.663581145,4929962.932182753,5318064.420743023,5220557.150273886,5537131.554109706
2123,4964334.761394444,4940574.694420607,5242298.009828669,4898432.846423229,5494276.311594656,5231162.232191533,5585126.582093893
2124,4925210.435932965,5022739.436528184,5319111.683337476,4908120.715971566,5352493.20962994,5340918.766968314,5599898.030633784
2125,4953294.175203784,4822870.310161827,5328597.343485073,5005754.3962116875,5459363.123653906,5338252.446546747,5614658.930718217
2126,4858498.538202782,4874023.810012994,5287613.588991048,4927830.078806194,5480482.789632682,5408609.6513871495,5562621.757804416
2127,4840957.689081311,4868727.129675213,5302247.428721812,5017330.43419339,5438938.239616625,5353839.845936582,5548988.73818611
2128,4873896.502615448,4927018.1281651165,5271681.201418643,5021676.062996469,5327098.328042192,5406240.434315333,5485783.919192223
2129,4951592.148125299,4900777.365848767,5224305.7154748,4898161.306770209,5436472.3367085,5127039.858898786,5521788.329587894
2130,4810241.421231343,4971643.070467263,5280018.2623075,5011704.624729886,5384548.119765286,5373501.589423773,5643221.111265686
2131,4877910.607679379,4966062.31588624,5400771.331913996,4915043.221051432,5408062.942472381,5229926.609351389,5608014.350278733
2132,4921082.872798116,4875868.950158758,5285935.260556892,5169820.234294051,5391453.867827138,5414263.966370691,5589195.530254247
2133,4938937.312014986,4890206.743525944,5265540.325877071,4877267.083955759,5508355.896816002,5392461.630559502,5569966.729694243
2134,4856816.167331493,4958919.957438998,5284810.212087004,4874429.154278405,5464675.954970673,5303619.765389978,5482398.705057877
2135,5003274.8409435395,4929075.866625289,5285525.861430412,4939886.309172959,5442909.831549639,5295004.29131703,5705545.4600546975
2136,4881026.097793005,4793847.2664963165,5183282.930097645,4929812.043599048,5452478.13828605,5352720.577345194,5689487.198516956
2137,4949919.040625596,5002027.231763251,5281519.719328313,4949028.760282719,5482490.986316558,5482125.657862617,5646903.668132621
2138,4941870.558977598,4944882.926892845,5387836.108348185,5037678.011248372,5540616.960584808,5351986.274639218,5513722.236313196
2139,5035753.33450069,4844096.844790794,5222959.363633767,4955157.164532667,5403227.400149371,5285214.76627115,5405465.7584272325
2140,4978937.6943826545,4872484.447986988,5238568.792252751,5018098.476641981,5513302.347345487,5336740.206333231,5604700.239633283
2141,4989225.144317295,4870027.686763877,5174523.228983971,5027790.20343068,5505419.097239974,5243990.24652968,5489924.62429524
2142,4842636.282578914,4865712.818657905,5323339.545006388,4971880.937711325,5526038.6869052965,5298536.665705411,5527695.569191778
2143,4997199.472152273,4863243.047102328,5336580.7701697415,4906116.323683786,5378643.171073809,5356825.406389686,5545371.3268988235
2144,4937162.253918859,4956974.713311312,5261004.07449458,4947878.410027616,5587223.311473902,5285364.113547573,5622483.277669234
2145,4940554.15143974,4906475.522712052,5281915.372243175,4835835.462247012,5360463.273503152,5365133.382169084,5512084.72850833
2146,4937258.867729597,4785816.793073176,5392425.45032064,5088635.329067943,5449642.905623622,5338508.351569042,5555748.366893593
2147,4931208.702868924,4812237.065066192,5257717.359713706,4943017.074443828,5449350.716979299,5309279.294680795,5557915.22637753
2148,4811621.6583208265,4995114.286186487,5233774.247343816,4987094.808739354,5490186.627649666,5314148.518077146,5589905.965508329
2149,4914438.280661197,5025588.846286021,5294937.268778931,4875333.950120347,5464629.751293719,5213256.173023164,5567890.950897195
2150,4982602.921215317,4895147.114398792,5211003.113404721,4983624.834671926,5373775.151076766,5301640.817644609,5430374.4284223635
2151,4971832.783019233,4947184.216685319,5326532.203843417,4945390.156592467,5443700.841251305,5423767.859220777,5546112.780399879
2152,4895935.870452306,4865939.783975788,5264538.979575894,4989484.946673622,5459541.806834419,5283998.83115212,5502468.10743339
2153,4899857.13534585,4849324.095254927,5319250.562460003,4890723.759199249,5493590.191570417,5375191.334151553,5539566.654789855
2154,4985163.112711558,4954649.2214426305,5216456.314090744,5002723.005600687,5369181.447242482,5399758.861750393,5574509.082513058
2155,4960037.460935696,5011489.004184301,5259393.701448752,4953962.530419713,5427480.767120584,5269457.597137214,5563808.242497228
2156,4988019.32255204,4876717.28381305,5181134.364315244,4947384.407191056,5449586.583452563,5192008.965849127,5614282.211779254
2157,4913258.880345116,4948033.533444055,5260246.381555791,4979912.142488949,5367953.56519833,5327191.720086201,5592579.0082945805
2158,4941063.419502359,4891823.649552222,5229849.848426946,4946819.0689189825,5470154.564002735,5381285.7649341,5627219.39628971
2159,4969106.34981878,4879798.081138578,5285142.8043059725,4892738.998454874,5375701.490319369,5385916.830711972,5481991.097011017
2160,4916469.368851914,4914146.187552577,5312447.677440718,5006609.343360796,5456940.265028032,5374230.025212339,5636187.832007819
2161,4917683.199686127,4943049.250987136,5246716.511715091,4919879.607564859,5446327.167654352,5427422.889433861,5501401.590309825
2162,4857215.19045142,4933944.936803887,5255185.15523844,4949628.393062704,5406938.390541212,5219626.228323483,5623448.752122603
2163,4946052.118874623,5003732.963651856,5257209.2847807845,4975977.614046278,5421236.536651896,5312192.660020385,5590576.342461837
2164,4896802.560263977,4865427.881857482,5179798.29247092,4996925.767333381,5462598.2217182685,5284582.624341341,5610783.377920984
2165,4897903.927992234,4915097.753730031,5285980.838402611,5028886.4815856125,5448886.402275299,5404643.281028749,5631800.847158189
2166,4975676.147601282,4850250.613671781,5327245.48048347,5022698.785738899,5397338.343077499,5278952.94905771,5502511.71619148
2167,4880494.63724303,4940365.924266499,5266826.775291269,4917089.930770921,5422877.063371208,5248064.68869956,5512560.501816857
2168,4905508.597348809,4843546.951804433,5245630.09743281,5024248.189892659,5474709.609221066,5252068.371914506,5654267.218115566
2169,4916099.618678887,4975532.969777815,5313583.222534241,5005690.702294954,5456456.33717431,5459027.04856644,5676262.764747899
2170,4905072.799477314,4854751.863988895,5257699.73155861,4988785.841699527,5469799.459229623,5298066.513040928,5516178.765962295
2171,4923156.0222238535,4906751.059286611,5218045.707778849,5024586.555666316,5368668.554569969,5452769.625992827,5532404.772011397
2172,4969152.144410265,4899817.53704497,5278242.881748557,5032125.125236542,5388956.641111053,5258040.2787353825,5527738.983965461
2173,4843097.153940008,4960040.724072396,5212710.736573873,5012809.309621332,5428352.480626804,5394635.0119212605,5472623.408108102
2174,5014290.1269336,4982959.657901706,5357098.105201392,4943072.95065856,5483770.3921504095,5374831.021290004,5448315.309198311
2175,4931040.022620572,4966730.790004278,5327127.032303651,4945827.5253010355,5346141.9075772045,5225505.195887857,5407798.604380362
2176,4917062.930322941,4921093.015052766,5314453.070853552,5015382.235393062,5477404.750168642,5197065.160640096,5492142.818657889
2177,5007502.784522263,4971194.175568933,5194398.260493584,4989027.098675449,5367247.253351016,5344123.698219419,5536130.382700699
2178,4866427.668278702,4842787.42425067,5251036.9896134,4955895.786367087,5394484.294789646,5322628.1571971,5590497.318278413
2179,4920095.63020119,4899622.231781643,5425259.355051402,4933387.466711193,5401832.20122177,5336869.910156088,5523349.989809518
2180,4866062.491401905,4929979.161524904,5207044.998644259,4930004.165984757,5465606.5146992635,5344046.214307111,5637447.407629766
2181,4907697.229817273,4935927.778876267,5293482.489191745,5011360.478336228,5394974.56441783,5353194.71556768,5676486.278038666
2182,4974578.690538982,4860418.139244897,5372223.463243611,5000036.497910462,5449485.865781069,5319521.097451332,5681052.096085231
2183,4925899.147323704,4909865.22686375,5275078.6903976165,5004217.616434888,5536167.857522821,5261008.210538169,5443830.790194655
2184,4991616.858672457,4839717.282796759,5277743.450184532,5072377.7974592205,5465983.13693713,5273834.398850614,5589102.272113947
2185,4874401.517566078,4835861.950622153,5248203.996605443,4968683.354946009,5547680.622177249,5388063.566222988,5616735.039592111
2186,4898626.993103141,4904368.144328148,5144728.111467757,4946303.965671236,5528990.028198158,5402630.511345856,5486943.843857592
2187,4928565.72396936,4931723.666888349,5180778.513510973,4906656.754374059,5446008.7522783475,5204996.583823023,5427323.649742071
2188,4962450.736244722,4970595.478020556,5258380.150531727,4996205.726704603,5456601.471090947,5369831.145458468,5530872.292047695
2189,4882298.759568998,4879233.740342769,5208451.910190559,4849412.69971729,5366826.142695415,5301955.3420186825,5519684.204130575
2190,4941162.819493832,4874441.424578467,5228802.666365234,4923745.707312301,5411237.901001055,5324865.395689238,5607244.267411243
2191,4865848.5279708905,4996883.048565109,5161790.958940686,5056252.193091625,5545796.175363193,5332552.685997316,5500256.7069159495
2192,4931521.966317527,4892483.775122015,5233843.395384423,4956785.4933404755,5325043.801186264,5287859.000104781,5553146.499571179
2193,4910671.108405959,4892460.511906545,5225930.969836633,5006036.101646474,5542374.008860065,5275314.635944038,5568937.282644656
2194,4910398.915087421,4915130.65181895,5262923.255077552,4837949.078156192,5458258.219255705,5386985.0972965555,5584527.555665425
2195,4944286.812027267,4925735.706591504,5204034.253307803,4932320.5294409245,5403126.299883453,5348096.535771033,5628755.47992198
2196,4927102.2893266175,4967143.134142419,5255269.105066386,4977948.400687645,5382515.350522981,5339489.1400031205,5572782.515659792
2197,4873202.645000378,4962031.517481699,5250814.235361588,4954448.009921611,5442965.052617079,5388384.547297364,5592886.141745789
2198,5012827.053337682,4950549.571601122,5258566.958980367,4960340.620673758,5369952.0601664195,5240906.344792154,5564289.812400336
2199,4882531.100525843,4920858.117298929,5237230.407676776,4940928.649664008,5402904.706975393,5377932.886950593,5616307.785602383
2200,4895275.013010178,4943100.800960835,5242162.33310494,4910085.288544226,5449679.323282475,5366925.836231908,5486167.724309401
2201,4856520.06628727,4947066.916953613,5255575.415785954,5012046.171004133,5257352.962047538,5416564.513750296,5551495.8389224745
2202,4916801.879990693,4952140.2788944,5186361.58047257,4948886.708859949,5485616.173773361,5319158.227975291,5527589.073888144
2203,4871127.113911776,4875015.5229564905,5206359.536477541,4999466.599549058,5348077.348405438,5266556.819203133,5441427.040817276
2204,4897841.101453632,4808067.724779887,5191585.983967375,4967989.3494531205,5318755.835478419,5310629.683550291,5464785.30055167
2205,4879284.597056381,4954875.2984526735,5269511.580728496,4988586.059628777,5413136.889391073,5500628.426392258,5518012.852729064
2206,4966525.490875777,4949125.955174293,5274095.876324415,4869086.1438371185,5435807.425710468,5403989.470388915,5586229.857244158
2207,5065383.728696054,4849253.29999298,5423631.625783527,4963366.281410767,5460120.635977314,5257785.230840707,5592751.968576193
2208,4909015.444264101,4985497.202267482,5225719.363079632,5075375.745374049,5474219.8277699165,5447957.325555624,5616493.602261354
2209,4984771.2714091465,4884509.720901623,5296155.099327616,5008179.439756386,5441085.185646047,5371109.060271023,5453028.463761772
2210,4866864.201542452,4931213.750751661,5198505.165723498,5025681.96199399,5388608.38574156,5243307.7001294885,5490935.912846456
2211,4938607.753208783,4883746.810398001,5249573.461866416,5028784.854632932,5354770.515201997,5253208.60949287,5572443.600083668
2212,4831396.237982797,4913333.900941266,5330918.786009316,4946553.30006022,5351589.817043709,5356059.846619168,5475004.498793466
2213,5015032.734528934,4915759.12765656,5186719.697348006,5033824.87525043,5479981.887405571,5231714.934662196,5493270.376216513
2214,4977001.443855165,4948176.49114833,5253029.06566182,4895397.92790806,5439198.236473904,5287785.777625368,5427236.033518329
2215,4886815.305338656,4887621.8088022005,5282833.166061418,4966323.050740211,5394666.424638399,5153772.620450084,5636863.871231549
2216,4948145.19559534,5053693.719319922,5339092.2469174,5047894.456371397,5379460.781877332,5364922.730301124,5587067.280287457
2217,4832683.952018311,4929967.436561189,5328343.808367514,5022378.783160477,5378003.966257797,5309748.684104759,5553220.515648589
2218,4960917.499398117,4886809.955640113,5189486.209283074,5026198.511607633,5412378.330250671,5355309.5050837565,5410808.953925503
2219,4937448.308595988,4931994.061053669,5293678.071435258,4940135.199550094,5525964.630690927,5290482.431540749,5605092.565382582
2220,4927858.263634852,4920197.618220341,5261954.381342363,5037196.755299803,5418441.07224785,5364555.866414338,5488089.644029454
2221,4851978.146292476,4840375.005947679,5247229.130104377,4916780.226865889,5447535.964377765,5412002.996271385,5517962.079235572
2222,4905955.271973789,4965101.874023877,5234549.839031355,4971341.169365702,5461302.59213664,5376636.362082288,5437839.822606255
2223,4928708.791440323,4919686.478552027,5267653.691660131,5015844.712143701,5388593.354218518,5319232.404977999,5577611.323668579
2224,4990219.388228801,4895181.078131046,5309636.510045648,4976766.881958376,5473023.820307699,5465098.957454309,5554220.002577301
2225,4967206.838654425,4972203.990335003,5160819.803796351,4968889.38249378,5413709.582712992,5218140.163400769,5447479.010656588
2226,4909375.123535569,5023162.535826634,5279798.8595412625,4965256.620216398,5419396.718220301,5246363.694270954,5606861.64879535
2227,4828888.8337032795,4932875.960191236,5198983.729685653,4871068.557858797,5344846.863278893,5345332.952675166,5522280.822757819
2228,5019317.365484761,4870435.307377376,5365347.43777183,4901973.919082661,5494295.863456301,5259960.584600464,5533350.769871647
2229,4967573.51653985,4946677.859186561,5215770.897566897,4870304.464816149,5409570.691533873,5233704.491759894,5643653.009785219
2230,5023506.006249696,4986620.26838063,5308154.133559442,4998984.509951137,5508217.277564772,5320335.224081762,5627095.093898695
2231,4942268.7339671245,4954084.706125168,5424648.959273267,4980720.465224723,5486127.49278469,5432079.739685619,5473312.806057247
2232,4951511.973578427,4891056.493030741,5294247.303690712,5039481.122476613,5406172.224851355,5247123.6791392155,5474659.233315591
2233,4840926.345321288,4996368.222267653,5400203.720423345,4899467.664315049,5302083.50263991,5246898.504141666,5537703.948402634
2234,4888288.410733227,4964296.795418949,5231289.348552331,4941978.515061661,5466580.210331006,5229879.555106308,5555448.312960105
2235,4887157.482630622,4944691.263765073,5233882.898065742,4943988.311294723,5525999.952954448,5250289.352436758,5447746.731070736
2236,4939171.874745755,4930002.7156771915,5205834.913628438,5070369.048239506,5582515.939860849,5352785.471620703,5511036.16351952
2237,4993633.744795964,4976726.541366571,5112373.805880779,4955209.071361468,5349790.055999138,5254623.192817282,5586088.304495962
2238,4882674.303143351,4991566.054090694,5398143.700390394,4981880.784927089,5555894.374520387,5313579.15277831,5566343.3012941405
2239,4995943.194407938,4885980.770524273,5301176.794523616,4947212.198133873,5416976.285196154,5406664.069394445,5517161.976252455
2240,4965127.382784524,4940114.115673885,5246518.266891312,4908728.917960851,5490221.5609939555,5345238.143763156,5487102.858554812
2241,4754208.090476566,4981171.593777984,5309148.816366763,4924273.227043927,5540114.596503101,5344579.303949697,5502475.772501093
2242,4979393.817690416,4949389.619174959,5245583.023909729,4924820.098977694,5460083.0714401845,5342985.954951826,5684721.079259247
2243,4896012.699740595,5036861.447017664,5328839.039800545,4883078.71843106,5366015.332279473,5434059.271868255,5549681.887755889
2244,4881360.907932919,4922933.084505759,5329836.300164074,4962778.282332251,5450792.25399956,5338796.010947339,5477840.5925790295
2245,4915206.159604509,4847063.675599644,5343646.17145866,5008957.956683233,5438375.654979338,5378755.439812208,5631280.370624969
2246,4894157.418401334,4936080.998103852,5216528.834819091,5029415.258863674,5471294.937759842,5381177.792198065,5613182.7523543555
2247,4893974.963693987,4827923.616086257,5139983.393437841,4973056.906322979,5463753.6076505715,5384882.943958202,5479430.761347974
2248,4938113.094745808,4906282.65021706,5274079.013017883,4904258.827175977,5406156.318927057,5367566.416505889,5467335.048618259
2249,4962989.084655191,5029714.091877944,5221728.25457435,4856748.248290909,5361402.424003238,5383979.205077231,5599100.567470866
2250,4921060.5001824,4979020.35748273,5321272.109460407,5022197.258794769,5508577.220367052,5332416.118786054,5595253.154282869
2251,4948505.286489992,4897994.674275412,5283950.3390406985,5040106.396340439,5363732.308545353,5288700.4815398,5626838.179858589
2252,4908665.676403095,4886433.973254889,5244101.953241075,4916860.730951724,5407461.418288286,5364450.3838269515,5549673.411095699
2253,4953004.213007788,4869882.5199543,5353160.6178733185,4865132.109390563,5520736.319625939,5254383.988945754,5551907.021454772
2254,4932488.984794109,4855332.6966123255,5340844.158742676,4969254.811070227,5499893.787807605,5201933.9424572475,5580225.6826968435
2255,4966051.265497875,4931808.58925692,5143346.381125957,4934697.04197973,5422412.4645809475,5351317.226273945,5529934.047164488
2256,4950491.376832261,4879526.646481347,5214189.19274809,4928868.449054581,5461738.830679891,5336267.478917368,5705050.236696611
2257,4905857.478447406,4876143.422556102,5293735.678100241,4897983.068186777,5444632.7930882955,5355390.2082964815,5440917.406173495
2258,4906607.922567134,4944754.012661725,5197771.235235535,4935781.490612712,5494194.438443916,5191788.138635976,5458170.573528016
2259,4982254.913155802,4788120.100905209,5165064.300420607,4967438.592368416,5536417.604581235,5175263.715407046,5460103.589099218
2260,5002387.541921537,4785162.786625667,5350436.47143448,4932035.4251563875,5497168.336336935,5357517.228671564,5552961.146384746
2261,4971286.142009358,4903076.197156677,5269134.198949058,5057593.570039422,5535228.124614077,5467540.642894729,5529171.310561838
2262,4922081.976844845,4888088.6245645145,5256443.285879113,4978433.137217307,5508366.458124226,5301120.561109871,5467949.781524612
2263,4949407.725694761,5020395.395135603,5276044.649547853,4947393.563192113,5455129.460415808,5315803.989576522,5546496.566396799
2264,4924163.814511787,4829608.885640118,5208157.5583094545,5005505.499563281,5302433.358393779,5320669.136558812,5464324.816798905
2265,4922222.293764955,4891407.89859433,5297186.976595998,5054858.907567156,5339273.596292441,5242976.5471690325,5500428.67420494
2266,4969848.203809665,4850030.798066323,5281666.757510822,5041934.341963883,5519406.441126327,5329698.145513237,5504228.989589388
2267,4972418.1855145935,4853156.009528381,5274004.155176417,4921827.825249685,5564784.633625687,5451584.478460727,5620710.354483016
2268,4884749.123188678,4903666.917164205,5218765.629627887,4987348.496221068,5433411.628395773,5344124.275217953,5528466.567545863
2269,4912055.303662385,4935388.331453441,5231814.0713604195,5066104.659653845,5419162.4099874105,5203029.885349526,5359135.421207141
2270,4863843.390301958,4898715.069227431,5291473.923874893,4957224.123306108,5532661.399828305,5368424.090334377,5646722.203909543
2271,4880818.328080092,4957724.651952263,5263864.890966621,4865778.107266693,5447651.009915761,5411052.785132633,5555971.632523969
2272,4949646.35774733,4954030.2183581665,5206477.763704566,5089865.853026782,5448888.6337325005,5408873.1672603525,5686239.3409634475
2273,4884720.138264186,4897581.168460835,5227989.571326793,4928019.080101271,5422709.439797054,5490395.517405072,5541981.659603021
2274,4959863.168792489,4903175.079662129,5222629.158589528,4941526.537709624,5382666.51409574,5321136.043521341,5572563.388300537
2275,4826255.069867232,4854141.1661225725,5283051.709403569,4908940.594564736,5491226.190231876,5338441.53733722,5592930.784296464
2276,4907974.233931655,4922391.559890239,5165780.579538249,4853095.8624566,5540675.717304561,5363443.031572407,5480692.887258258
2277,4916654.727223793,4930033.6290977495,5309929.815445823,4915606.544940768,5395408.99964554,5304227.154164194,5536182.953909689
2278,4913683.985613734,4869922.732689012,5173052.3735549,4989034.036419798,5366566.469498396,5259563.566931382,5515139.697684152
2279,5006707.002123915,4986343.223826447,5294159.719671615,4944783.690243349,5431493.106886784,5414206.78648523,5626783.904384835
2280,4925876.285043644,4834795.230883683,5262331.145689558,4993125.6371054845,5422905.046350524,5246222.68056934,5599736.667127333
2281,5012252.399024069,4946545.230735468,5365369.1066548005,4962394.636206159,5448835.885918555,5377343.772473062,5643580.807289416
2282,4961782.811642024,4884882.1089047,5201607.837930777,4922793.328815457,5391210.883771208,5307827.122253935,5671778.331308823
2283,4953680.961103605,4975857.519451831,5274220.130399151,5072106.854248645,5387768.330053793,5414893.938475088,5672635.956875104
2284,4881021.673330842,4868560.731471435,5274142.820710002,4804727.768346049,5365822.38386772,5320752.300915246,5361158.753883023
2285,4940661.79569791,4870018.728026556,5370135.638064118,5014627.396766921,5422318.589373655,5393411.262234159,5610610.699454928
2286,4960648.553654772,5045444.845928952,5260325.007654941,5043703.1727848,5401903.183598487,5302504.5938461935,5635334.685038099
2287,4843381.328552329,4902394.3269697195,5245217.780970588,5000941.0571302455,5487600.435301114,5281969.364559492,5636095.280619722
2288,4943759.752574303,4920074.9225707855,5224520.60482471,5026614.395949972,5325913.976850947,5232934.446067311,5419745.004608156
2289,4980920.132238603,4898064.3565752115,5244821.987177566,5041069.458822977,5387513.48395604,5220040.18853338,5559915.3944312055
2290,4911155.953718295,4869449.869909745,5249308.930043219,4936731.00376914,5389170.9720733855,5382456.004745432,5580485.450639492
2291,4886772.619536268,4966878.875537355,5255935.351120159,4970092.373628927,5485030.057379262,5409507.726315249,5657337.587422977
2292,4881888.5495543005,4886701.424999894,5273771.556724263,5060744.045184288,5360114.333889555,5309559.098295715,5562632.377551107
2293,4916093.278660403,4995987.517002691,5345236.525805751,4970538.860632583,5454897.512005051,5305300.465782324,5585877.92424468
2294,4882348.568157616,4848753.309818335,5264003.205673345,4956270.049919355,5493591.2276409995,5338286.29114631,5583043.570875872
2295,5004238.933422628,4911355.444750248,5253338.502232078,4913089.094306983,5544605.953553651,5321298.991313826,5523308.00484946
2296,4896872.109750126,4876263.603402817,5234250.671118736,4897107.048584514,5427078.745154491,5246953.546126361,5542424.263721045
2297,4960669.273473771,4915531.581306071,5324687.241252546,4892406.3125400515,5371194.128459434,5168355.833577575,5583016.728164254
2298,4902250.108227262,4897028.866460318,5258922.823235561,4903449.067882715,5444330.440872798,5377548.0457268655,5576211.167327431
2299,4883418.613144271,4952520.621423797,5184309.67196378,4950961.404948801,5472550.586939282,5309280.196844786,5456978.441138601
2300,4959479.078687444,4907662.310127793,5335296.064592162,4887378.7579848105,5513856.554592104,5251522.519328155,5630237.108011592
2301,4986234.248750932,4992128.662821511,5281804.420322987,4956324.648473329,5418121.937783511,5331392.832385346,5696789.3501862185
2302,4883424.797103679,4835183.317011142,5284930.326353868,4937478.700790474,5492045.178218912,5342181.8361430615,5553417.509713597
2303,4958595.745287881,4932687.909017894,5316706.093581025,4972072.085735202,5415769.675698045,5334968.966966853,5557842.578839084
2304,4928913.587795727,4929905.357745958,5269123.976468925,4989526.164995207,5469862.132501268,5295091.61773399,5549238.252062008
2305,4905409.829240425,4928167.881756219,5291745.067431777,4996335.300063704,5513658.895963505,5284057.8277350925,5462227.909555641
2306,4891993.367385758,4821658.023938714,5210523.939850854,4968739.330382104,5466994.634441933,5326283.01469142,5587790.389765374
2307,4876865.207517033,4959690.713160485,5344493.119760915,5030193.576931405,5451544.202770491,5260010.476146116,5642994.25815734
2308,4868232.449629852,4981330.066291297,5342114.032508843,5036149.776382308,5442573.229413754,5316848.522391889,5534360.148941771
2309,4891810.6212967355,4910579.948634127,5289194.948246799,5010251.181374547,5597688.001521202,5363428.619624595,5599800.245043145
2310,4978151.7019404415,4907085.967957311,5251473.13057613,5036984.018540391,5504653.130860597,5301074.2561024,5456037.288871007
2311,4935598.052053685,4953890.771192285,5281448.708624652,4881296.739520729,5347540.895656203,5319849.82585313,5508940.025812139
2312,4926313.890835788,4807937.091523195,5197660.354939415,4986789.284259494,5354326.198223092,5299120.775577892,5651870.464210922
2313,4881109.337227035,4938708.754545365,5252762.893346385,5049900.529142112,5510626.235955189,5317424.454010474,5641625.256568348
2314,4849882.058946832,4885541.152181316,5276473.511541973,4950425.705121264,5429485.547791976,5376700.825472348,5483595.107027812
2315,4917280.66335692,4946494.1995409485,5246750.1800548695,4963523.871788275,5536046.415616288,5366985.771147841,5508815.62331944
2316,4811774.376480819,4844757.442321666,5199693.608908979,4993910.782643598,5505225.819495296,5189817.736014732,5526558.111706804
2317,4821028.744097519,4863247.4020615835,5276393.3183067,4974407.677872748,5390263.966707214,5211368.870608727,5540683.31647034
2318,4919474.777565369,4968076.53528778,5222025.337695556,5079273.111510746,5461059.332895197,5400404.838073434,5593171.510169204
2319,5047185.953308841,4918043.84757958,5314521.418373376,4868120.2063199505,5403028.441311155,5446765.24571032,5526187.387079747
2320,4873558.375579014,4884295.6044635195,5265308.4789894875,4977750.205923285,5497986.636964032,5297777.5162696075,5648374.941932432
2321,4971189.860927393,4809300.833479692,5229556.451882908,4871881.180708032,5332898.991189407,5306340.483678701,5538747.071159311
2322,4896669.036529557,5017854.829764685,5200686.782680793,4824300.1578269,5488760.123725098,5290488.786766045,5501805.866374577
2323,4898647.3493281705,4934301.186238328,5321598.919577953,5015508.265710868,5453354.777418909,5286267.3455502,5485604.246353141
2324,4892754.5783983935,4830883.181162979,5184365.4080684325,4930555.76065176,5327588.154713624,5221875.173251744,5470109.195938766
2325,4804385.572843452,4812356.442074109,5129843.459585578,4852423.9212259,5394821.333541481,5346501.064511505,5514008.471758494
2326,4892157.440687539,4984568.047441192,5340888.426220575,4855717.453815452,5457538.844986023,5248529.845314845,5558786.252561617
2327,4918664.056331641,4835148.600243229,5333469.545032399,4954824.440341344,5322456.542900161,5433314.898926791,5578821.682378528
2328,4945743.786322491,4833855.687942127,5216315.814320128,5026511.008336677,5429356.342291733,5456667.970248126,5608702.7514451835
2329,4955059.6200607335,4927307.216125052,5253597.472158721,4871043.15055456,5506897.573362602,5337665.194239983,5651116.019404477
2330,4842744.023032147,4952543.686499092,5261283.387381126,4974827.567949238,5473832.360862952,5374854.402032797,5519001.586652237
2331,5023963.577449204,4984842.925951528,5212358.437976362,4989380.9862997,5382103.047822464,5360059.245004548,5704793.447234389
2332,4970520.361548024,4849997.619868048,5336667.60677744,4873348.878003511,5564925.366413664,5446203.629999702,5446485.60819399
2333,4887548.930803085,5019225.852164195,5254471.761614921,5047691.314139644,5449362.179541811,5272044.096305402,5686180.450315248
2334,4984098.039141471,4777183.885760747,5194964.341456511,4947560.483740431,5398902.4700368475,5246112.202654793,5519895.886750071
2335,4956598.962659603,4989373.7584091695,5302784.926172671,4990638.958187426,5398294.472574602,5410910.062159548,5620693.28598038
2336,4896184.656918808,5011052.663707351,5256456.784548302,4896358.770810108,5401307.12143835,5281086.667736574,5550843.242576692
2337,5069360.707195536,4914255.592064249,5271705.43310857,4969105.998362778,5377518.273617959,5201768.3385282755,5384004.838061681
2338,4943388.519931083,4978976.782706421,5146036.468400287,4981903.480876005,5439231.089717589,5191537.901359452,5570790.162139267
2339,4988094.73090779,4983398.479494354,5157725.44210943,4921562.658431588,5422839.445484299,5296785.711721898,5671653.2073742915
2340,5053215.442012703,4944362.013535174,5366630.435534446,5100070.085631438,5406727.591154302,5422222.621468608,5564398.003837464
2341,4917737.84306117,4969537.37522939,5331086.9282133775,4910204.484332753,5422791.669946897,5234407.431064312,5640732.937983282
2342,4929128.669932663,4883760.803047683,5297661.205360967,4989635.225891814,5492805.895178457,5258381.226507119,5394638.342377221
2343,4830582.563486674,4921771.089234833,5382743.90098647,5023145.786639494,5405120.331714004,5269377.96589668,5623064.679046623
2344,4979464.929306133,4762366.745817295,5199596.635208331,4889654.921097822,5465064.125064658,5401372.209847223,5441596.038296822
2345,4948429.474425125,4872859.926968104,5212828.3144942,4931203.99500414,5517065.608527842,5297508.390968403,5474776.265445741
2346,4946446.066533918,4889999.0624963725,5244709.18233482,5007350.510759026,5472925.178631207,5411617.215137831,5616963.911400611
2347,4963151.154540814,4886225.279273132,5196422.796684456,4862717.282583778,5387609.931752188,5415803.626979889,5526194.012116594
2348,4940339.483220587,4886119.355929851,5389654.823490119,4892567.247088937,5407056.896624117,5140849.2551750485,5473797.136482333
2349,4931207.715936763,4939072.031170682,5228160.851305759,5037942.924127486,5388461.718707731,5185167.710173547,5581461.381153735
2350,4878958.397997433,4843513.651845774,5263151.980493006,4974705.965480201,5451940.274852809,5367173.502293646,5531677.057650503
2351,4883872.155020751,4849192.366432706,5183281.753223708,4930048.76092433,5478289.571487624,5356263.246019987,5563994.915217635
2352,4968222.806801045,4939978.456008147,5324197.449199244,4895830.108896438,5403734.462578359,5305251.7190679815,5564932.830624938
2353,4913907.124052115,4964283.757834774,5277767.307554221,4926882.461730793,5353815.850396121,5340421.941439886,5492107.327036442
2354,4912949.429239491,4921623.267530032,5373335.56340338,4921639.713730707,5464881.122749119,5380981.976630467,5352530.972122306
2355,4921140.989441685,4862375.845271325,5377657.881278949,4903225.1930827275,5435341.542047622,5325452.674684506,5577671.909270929
2356,4994232.26278915,4954281.600990692,5270551.253958204,4916921.646097166,5403197.853434767,5486893.353210235,5529631.652872694
2357,4926461.5827488415,4889856.057862699,5286037.713958288,4974665.321183094,5399118.629030386,5264161.985613776,5610854.029171459
2358,4859547.406146431,4956593.365293326,5332891.254274077,4917219.765575354,5371273.441186205,5406405.891950126,5643855.503581675
2359,4912592.388492402,4864974.217420284,5145292.923870858,4921037.886011237,5346151.1808190085,5434073.483724068,5468891.5835216
2360,4993132.668219329,4994052.28603549,5180080.026034187,4925107.574194203,5447912.447031224,5391206.4557265295,5653175.994282726
2361,4913191.8890405735,4852007.4199146,5211549.2901631035,4962592.8661256395,5468346.279797631,5353971.792162928,5478994.339068409
2362,4918560.7980616465,5005412.216423801,5304321.6230446845,4952830.3626627615,5517660.77757935,5325308.689405313,5656552.773342428
2363,4907730.525267754,4893383.096632838,5275231.580480564,4928444.331480848,5513489.079291429,5213586.152079713,5607469.674414798
2364,4897343.926527195,4957622.839930977,5330455.101660585,4989969.193438392,5563205.65313531,5393170.706464426,5409521.700384084
2365,4824665.511652129,4951463.854988372,5274266.571295543,4896825.960361272,5421627.499084395,5238148.904812944,5569842.399172007
2366,4946027.195335496,4986910.621837531,5273520.844874547,4970718.31689914,5460373.012427321,5317433.453352397,5548558.937040435
2367,4834551.914076883,4834384.718262793,5220617.904387508,4930124.451783821,5382457.572433117,5297061.698273973,5535476.265814344
2368,4960027.151383065,4954017.804638644,5260907.475299771,5013644.028388104,5407205.804985657,5280052.56902447,5636413.497640305
2369,4960175.688697298,4820722.850839179,5292555.110146063,4994289.033947069,5399265.317737265,5372801.369361712,5589633.019846933
2370,4923296.596028867,4860444.464294259,5245035.61954812,4892742.545872728,5431907.170353098,5468809.9141955245,5575860.2835126445
2371,4863574.514201803,4952535.9505887255,5341456.759566195,4967432.270762939,5435569.942185816,5359748.754440142,5706187.946364183
2372,4897079.838758223,4965726.7070599785,5243877.750210186,5087352.015416987,5442396.86391702,5317043.447485722,5461650.064022622
2373,4966971.969147215,5012633.934551127,5337222.466488164,4886517.530050864,5406753.63714365,5347818.9919699915,5587881.335731432
2374,4953478.366890205,4950858.3280384205,5255969.271376085,4994226.024303024,5422660.848155618,5385795.360005852,5510391.345716265
2375,4948904.671355594,4966677.982318656,5269778.067475889,4956428.896088788,5448674.270681145,5227177.07514932,5577257.1241644975
2376,4906614.141904809,4949121.724183047,5189208.573854668,4938403.721390738,5489446.9657838745,5392922.3995597055,5552388.960905584
2377,4975532.432709974,4989348.537313824,5319059.512039146,4919468.421950089,5307691.3942097025,5346117.000133575,5577063.793184083
2378,4930112.900421841,4870554.0751924105,5169761.016212259,4824887.559472551,5324439.851450207,5265870.132851953,5663324.928056625
2379,4931348.21267652,4970907.920394223,5165304.670921562,4955488.606685441,5447406.784779517,5310898.12134575,5617223.206670489
2380,4916020.073220476,4889929.35245151,5334044.712439137,4958721.889073697,5409481.571979898,5384122.195441377,5518423.752123259
2381,4872313.974208052,4975974.6504012635,5258961.778216584,5045281.760325904,5457003.315549882,5402512.069202054,5530522.281246448
2382,4845978.6313310545,4965838.238142229,5326653.754761611,4939815.114011743,5537789.089948904,5361574.460519407,5557396.622628108
2383,4901180.696397994,4960001.619345535,5349019.4331993535,4870281.983001349,5420807.017817044,5250428.35766636,5535640.006953961
2384,4964072.088096004,4943596.896248877,5256832.135973285,4926119.327154386,5536238.2621152755,5304294.711667531,5527912.363648487
2385,4949685.208926635,4955359.483656512,5270254.2521679085,4932901.145402272,5371946.807036224,5250834.045526702,5615434.848632468
2386,4961472.307073519,4936711.4521318115,5291894.500062643,4918705.823505752,5388650.907365876,5240946.381933905,5334594.777411895
2387,4982435.742406864,4830687.140304273,5369544.267315539,4889466.648726341,5544659.055641016,5404032.521376181,5609537.399276005
2388,4873594.654347086,4951093.892305141,5176712.188159471,4962740.83939861,5366536.83416681,5256403.542567376,5578218.123011211
2389,4895599.733330586,4974594.546560808,5172448.824086504,5078217.3199746525,5482791.640619997,5193032.624169249,5372671.7970716385
2390,5021045.643460605,4961477.274215588,5250014.001922707,4989077.08920021,5357876.820581271,5284929.156194572,5537169.053057522
2391,4935769.545359618,4889663.595791765,5280473.392455526,5005302.211387484,5544904.707631119,5225787.698135216,5652708.699767228
2392,5011655.180501047,4823536.744903943,5195429.026507042,4937058.478526026,5445737.343948179,5424208.882141518,5524847.9573617615
2393,4883779.2054353105,4908431.876689974,5307360.258011375,4978615.664073919,5417507.039089281,5387769.283699419,5651005.755384269
2394,4931462.405443054,4891549.439396009,5180595.483676476,4973790.570974366,5495264.222540967,5232206.756678754,5641471.742840707
2395,4964381.159373192,4879691.233838076,5374125.996458818,4894993.939507759,5463662.150599903,5340940.014458081,5630703.843641673
2396,4986450.321574729,4883279.595253877,5249186.614824297,5075573.19351986,5454053.599951642,5298061.920823469,5641613.065518856
2397,4938828.243591324,4983849.809779183,5191921.036644233,4980948.064064104,5528293.557954372,5258229.57075372,5646848.746383926
2398,4806917.739306051,4913516.9022755595,5257351.52384387,4922362.618876828,5527073.412461643,5235668.44740399,5661008.168802822
2399,4889502.979143591,4904813.94219492,5277351.676516813,4964436.287718014,5393979.737426534,5192637.498880476,5484638.737274925
2400,4943231.937075828,4879879.176437076,5117790.937024959,4910918.247264646,5451286.533983359,5335863.3629643805,5541067.673585819
2401,4946865.281998851,4902763.675248139,5234756.142859453,4966738.430950092,5466347.347464391,5519393.657310192,5633937.1585467495
2402,4915059.843049674,4883856.887834044,5250278.239980759,4868257.046953738,5462695.739324575,5333051.212418557,5572017.599554285
2403,4990625.790691756,4933197.588154531,5354515.183139741,4896959.646880376,5446981.958190995,5470641.846271917,5576241.246310548
2404,4959223.102538236,4895252.83760337,5363015.454364563,4947223.040756491,5479773.08033372,5255222.484908949,5609187.220628817
2405,5025569.580503169,4882513.613128777,5202767.001655953,4946462.038575042,5455674.488621074,5269129.12590673,5505497.027017855
2406,5016448.759937208,4938491.98372175,5191828.388712193,5031753.834390198,5443614.882144451,5228964.957284615,5652967.919139102
2407,4959835.346325534,4931702.699878055,5243932.300454017,4975325.47816611,5471739.421676103,5185908.324933083,5485313.368022987
2408,5033798.835697174,4918294.6852103565,5297051.572184834,4904046.539259183,5338379.398760798,5340839.426886026,5422087.825906093
2409,4957105.297768693,4891583.928495644,5218034.917384895,4967228.844105691,5472483.366502747,5217459.973863866,5532923.031544687
2410,4934517.24996252,4938107.646413939,5234507.0231717685,4923358.794682359,5410799.551858802,5345846.087925633,5501248.773427118
2411,4847092.493215336,4862463.915823691,5289344.700367098,5025138.715798744,5486737.627271879,5235357.207876458,5554343.768109103
2412,4950448.931486272,5015934.415133228,5251710.100976809,4930583.333617315,5451697.649957315,5173841.287297606,5507800.722661768
2413,4832519.86005166,4828875.518216925,5152734.425515545,5001451.32709235,5425323.034139892,5309077.366554406,5532143.895889808
2414,4911363.109281282,4960720.204789488,5307432.883244364,5078123.054494446,5420062.645507881,5245755.508412953,5515149.917505912
2415,4940041.982002646,5033312.04475267,5348703.336821522,4920176.192326577,5493617.54320056,5295598.599079812,5513905.761488491
2416,4936453.293794753,4928077.074827273,5161772.2982854005,4934205.679571543,5458931.641476239,5328813.333525259,5610540.559512804
2417,4881598.926338642,4985902.711015078,5313484.271046487,4957974.093655869,5451460.133208901,5389893.54794115,5488120.8437326355
2418,4888488.083659697,4981956.238565383,5161103.742407259,4869274.886153023,5480676.9902779935,5247499.859138511,5441620.278273463
2419,4854799.431548372,4935631.798767113,5286143.018473453,4811879.683163731,5486188.315133514,5447101.643992297,5524351.7487642225
2420,4927823.605112637,5006523.9899028065,5302631.387707743,4958299.189326886,5344869.1546962,5426637.788860367,5501147.734893488
2421,4931279.34925583,4927932.397041381,5281076.600013265,4988670.590436887,5475228.323080506,5223798.085707296,5537206.233959219
2422,4918237.929029428,4921687.245163184,5162133.811319528,4901469.680758385,5436551.48420194,5406050.926829334,5553017.942458124
2423,5006098.459990665,4900654.779042442,5282639.753069241,4913904.808288075,5381152.989046536,5286121.194309787,5493472.243610395
2424,5018475.513627056,4927727.601480643,5212929.798766182,4995538.415510215,5417535.473945101,5222511.361755486,5571237.606112727
2425,4904767.120028324,5004689.5412549535,5202731.6461108485,4948745.185596199,5477455.5544882165,5391655.767418013,5519867.2659494085
2426,4805897.895824032,4865982.902164487,5210450.250857679,4933574.495790194,5350740.588973441,5160537.683608045,5479816.657391448
2427,4939485.187420181,4921510.055677607,5333423.008839027,4995677.9096210245,5431632.180165306,5255182.428757804,5653814.102143502
2428,4945116.794196742,4832444.75703688,5221365.019705469,5049065.041527733,5477269.541766884,5262347.310659123,5501502.330022501
2429,4986285.358603408,4788720.369690662,5217261.819041252,4983572.745134469,5426416.920333333,5351655.810171587,5400957.708694757
2430,4967029.234734494,5058024.862154047,5362968.142125996,5033097.629218137,5415589.370102345,5368326.0266464725,5488209.954714631
2431,4908505.996375584,4907743.535115023,5217554.985420067,4970093.708671227,5409535.38398673,5213157.41528813,5531271.18572079
2432,4974480.901153035,4806437.337974225,5173680.414950047,4874522.097897807,5494389.647162463,5222515.494044233,5518848.21065132
2433,4910812.304718107,4876355.4111433,5278384.247530807,4902561.488380398,5492523.171875688,5395503.796935523,5540654.564458847
2434,4945399.939721207,4948695.813299181,5189014.319610249,4937305.203283548,5456231.292501422,5211777.4778046645,5548983.256669497
2435,4921491.389736049,5037735.712659681,5232469.955070097,5018196.39304115,5504090.383881146,5366815.748923504,5569278.514131593
2436,4776956.09749387,4917400.164765479,5266803.389379603,4925972.794798671,5435439.760636858,5276209.59535123,5562011.699246624
2437,4956410.039741271,4941368.237825399,5247374.977361413,4930113.090732891,5556443.301867053,5365220.989829787,5516683.438941427
2438,4871684.568475602,4880831.412365356,5246973.151396447,4954565.225551545,5474576.16124507,5315173.802511437,5570010.501200827
2439,4997351.279564668,4908530.8805384105,5297787.37926118,5024239.98861397,5430967.1846814435,5151731.321247352,5530132.204836237
2440,4913485.659910765,4980282.214192503,5380885.214957966,4978889.669496134,5484677.922928315,5328550.518402494,5637176.701044099
2441,4959569.503400521,4977980.05898542,5302362.363115629,4968083.33777033,5530939.202620285,5375456.201901478,5509639.036964982
2442,5027882.370507996,4949296.690354514,5259928.151872123,4993704.571189709,5605124.629112052,5314548.079844914,5633488.805191186
2443,5013565.153434183,4840929.017018999,5308710.6147020655,4991188.595434515,5491372.13022606,5293842.065015295,5604467.111238082
2444,4979901.543767626,4875014.076168755,5329214.173594286,4975062.147090911,5525137.069606867,5248567.839270847,5550259.998514447
2445,4925195.581310318,4937039.161472847,5188423.83098816,5047213.556357443,5481321.910139142,5338782.33696845,5652112.666109668
2446,4884160.872473903,4990752.957674925,5213041.382865064,5048877.653965538,5368993.375682388,5434413.89383331,5652126.907660475
2447,4839481.882382646,5059465.766658299,5286006.208568205,5068258.9553056145,5346643.378298849,5197922.790007551,5576204.2177351285
2448,4971033.49685628,4934137.162676866,5234336.334342467,4972064.126433094,5452517.706982814,5384993.843513339,5564292.006297449
2449,5033516.006565749,4951915.20925937,5325232.710083019,5046387.726890913,5430102.766582495,5275072.9691521,5724627.0793489935
2450,4930799.88036811,4893400.7373172715,5284981.257956163,4945503.074832449,5468904.005065872,5315826.260292671,5463664.279263255
2451,4886634.179166228,4974793.881382935,5215435.655362886,4996925.460463076,5432148.729770128,5406854.35044181,5489452.257281994
2452,4991168.769143896,4973964.481808133,5264411.117505118,4932853.5304552,5338678.059059633,5223298.568158464,5442605.134853334
2453,4969188.371975535,4961630.262161055,5249788.614117489,4946504.107196362,5494574.708772726,5221943.912482869,5464285.487836079
2454,4910517.141592494,4901457.229352521,5214616.407607483,5005323.657806068,5440033.482600358,5228950.458085088,5590942.825933188
2455,4932032.451790966,4961551.151834387,5304568.756783768,4913611.673284035,5444262.350402858,5277117.957401478,5579305.148100871
2456,4898695.96471448,4951099.993001423,5402557.653761777,4974186.888876239,5399699.218037146,5335893.612638559,5450863.897792578
2457,4951051.632020058,4891901.614350972,5206373.120884678,4850977.446180086,5386369.681157699,5164110.891066169,5606786.824833538
2458,4955593.570594585,4878132.220444176,5295755.222379837,4939186.508894498,5440823.901025185,5298479.089666789,5464226.969302756
2459,4907788.057851559,4888886.096029241,5351175.339173215,4861945.652266025,5304722.558674513,5202052.626425328,5489738.369518795
2460,4921684.777473841,4965708.399032867,5264497.057212695,5050025.181293264,5497247.940170847,5337689.571526318,5603293.694306453
2461,4850235.643468483,4953952.768826031,5190178.63206389,4931391.911029345,5504222.302310593,5224129.973861285,5653889.041409356
2462,4907849.311433544,4868469.195499053,5367919.301187582,4915053.835048032,5430807.4148679245,5301680.281970734,5526863.976975073
2463,4925631.972816648,4920811.279476529,5272312.904743919,4980514.380538201,5393921.11536614,5320173.095387904,5350634.2696734285
2464,4859098.098320393,4955061.924142442,5330206.3040107135,4957818.308496572,5408696.327265577,5290491.40493207,5666905.757118413
2465,4832537.783161472,4877915.906772102,5310737.0506288335,4978894.568845719,5433783.214202711,5309106.266927658,5518302.309051827
2466,4931429.542861747,4954232.911222054,5256800.308009967,4996747.921409716,5358869.674913424,5292940.828544208,5578031.027277532
2467,4900988.650661222,4899182.087695215,5176296.782225104,4976386.769920388,5485162.27338925,5207258.02596381,5481259.853231048
2468,4965010.646995546,4902612.438300177,5332876.362492888,5006459.813280961,5464073.5917241555,5285084.383957619,5543969.373808723
2469,4877837.739917489,4909257.584139389,5391837.880230101,5052598.352346354,5440576.451428126,5279646.018561609,5665780.251599697
2470,4921166.167580627,4919727.002703661,5256791.553851144,4919355.3969094725,5423969.510573404,5440125.393722329,5519774.1284881
2471,4947357.81401435,4955423.989087993,5289475.968929537,5018126.2996899085,5603817.298690416,5432930.2593053505,5619678.168649647
2472,4937977.3302170755,4938450.361508043,5264355.62749703,4941876.598377747,5488318.920311359,5260531.175333365,5444820.14641547
2473,4834048.139902129,4943027.7492726045,5386866.096411576,4948371.608468453,5481859.070345276,5340138.175633412,5469481.203219459
2474,4906907.799765649,4831029.122180591,5300801.220027444,4948794.640806174,5528518.1207342865,5392806.651854385,5615690.6261829175
2475,4871152.554014585,4910259.150459126,5093291.046116561,4928731.323485661,5459404.750569674,5403879.0478617735,5534386.166520845
2476,5030715.007872603,4969690.855178731,5140843.303811318,5045067.336694339,5438138.997096229,5332993.0818794295,5508874.539344443
2477,4900520.791835285,4959573.274257695,5195232.111703226,4900763.9746415885,5513807.836464124,5308442.487788256,5575385.547811751
2478,4950150.178479379,5022843.25306815,5181217.683741966,4950786.327546285,5377536.11433319,5328449.564543684,5557850.223987197
2479,4955711.913155893,4962075.829984506,5304447.264248675,4948532.628384829,5368654.631264426,5379154.253342578,5446138.136201898
2480,4881223.249005865,4896175.681469405,5226762.010739911,4956425.880966769,5353901.911382787,5334455.4788941555,5485646.548284866
2481,4885887.32689962,4915623.527309416,5302622.078040046,4949729.253409299,5481321.453926339,5265371.592272032,5730216.96495688
2482,4881294.967524741,4925490.45045469,5347488.940377236,4914090.966175881,5459279.4046273,5229988.018173898,5395991.816048885
2483,4980319.789391822,4952673.996539838,5290641.724104344,4914884.318947536,5482070.411590681,5368699.799497137,5553095.4363526255
2484,4858482.96400116,4839974.6979603,5275460.616782012,4958565.382435107,5303261.356698253,5295777.52562978,5420199.023298382
2485,5024349.577267131,4932087.55274875,5375832.2640677495,4913165.691775486,5403620.362042618,5292310.217190455,5646677.326936484
2486,4846526.313614648,4860062.241426284,5173380.438937732,4866661.935650869,5357373.406869645,5354044.668638345,5588346.593796218
2487,4779604.723889885,4964970.006849154,5351134.282089564,4915676.35360561,5344897.4573988225,5298300.70288424,5552962.400280862
2488,4932669.071341319,4820376.062240504,5179133.430621422,4991925.935338169,5435067.193105117,5253223.959349722,5356775.348876955
2489,4940414.213879453,4938873.474367298,5253291.356052049,4933866.19505189,5382719.38685064,5298352.076377568,5488748.700199895
2490,4975965.347659443,4905388.350303824,5093812.337380988,4960020.086599732,5498728.848613567,5361640.178320983,5457976.679869752
2491,5018485.513898382,4823635.20108684,5254964.838043138,5095938.624477566,5509312.315659617,5360154.87515673,5667354.472397843
2492,4911653.682658595,4879667.149957316,5266298.0586355645,4942679.352930441,5329882.574433403,5254324.455181937,5579359.56685978
2493,4981262.3483884875,4910135.477208443,5134818.323042514,5007744.350543284,5367997.315889424,5376481.337409864,5520106.728060978
2494,4992873.361442952,4866228.600372959,5263656.925978074,5005744.67968674,5385236.34953785,5371610.223184847,5441068.305457633
2495,4940219.841018009,4925134.741546122,5184592.061190614,4869547.905279324,5520865.475440474,5332999.958172942,5624988.057869946
2496,4970181.415256976,4906246.302278875,5210817.658575148,4984118.933205788,5472272.627592284,5408282.046724341,5546855.383295508
2497,4932202.599783171,4870426.869919755,5327978.640112816,5056622.30194131,5379246.203396578,5348146.367532661,5595232.674105548
2498,4855138.8186180955,4938440.243442083,5298867.411779029,5066138.839951706,5450288.36981273,5288337.935393918,5583405.356525453
2499,4922596.99101888,4904477.455024242,5281332.881961679,4915279.049970996,5439000.364262919,5391177.427701313,5664485.816585697
2500,4879215.5847243555,4817442.495002375,5084904.68692366,4969528.088026909,5441178.282879567,5284459.183775361,5597125.415647436
2501,4953079.8834223375,4938952.574924013,5236971.451133012,5033561.735840685,5418871.754479386,5452402.710020127,5659365.419610667
2502,4902433.154811234,4992655.799452806,5289749.945076344,4877949.271640794,5461062.009985404,5347466.174224338,5577053.87717359
2503,4892419.886586289,4900112.97882857,5272755.482762967,4928976.844064161,5400644.697367211,5412099.22250573,5557349.824395829
2504,4888382.424367035,4918468.2955815755,5169518.4454215355,4851719.477420538,5443357.392611837,5379799.8089689985,5663078.871644199
2505,5007399.24083991,4868400.58724904,5243792.917652206,4968583.49808092,5492573.511120424,5338859.508033484,5456598.883996461
2506,4862002.936558191,4726453.286909534,5216324.061110029,4943898.190607812,5341992.246366111,5369763.588337495,5436962.561905171
2507,4891601.423342354,4937306.948944513,5317831.913830174,4853269.271998234,5464738.00949378,5333848.974193522,5674787.844206725
2508,4869632.790223466,4973157.959893205,5272910.20347466,4841695.525199535,5565136.023823803,5345869.807225876,5522380.874948789
2509,4886198.475787129,4925092.2382340375,5331586.23735301,4924658.899687636,5470607.4584512245,5375053.178742567,5554449.475961792
2510,4966252.219119878,5066986.390980735,5219038.964127292,4950187.863462154,5401977.372382974,5385584.183497965,5563719.899990522
2511,4932079.253218049,4962960.102845319,5264770.692794234,5094869.381757857,5505588.115868469,5282210.294041968,5590665.988953769
2512,4985529.51778998,5003382.652580217,5373517.798593952,4912040.828809265,5363165.787626636,5312547.577917297,5400611.868888135
2513,4939258.866393663,5051725.7530991575,5299000.735271579,4950012.101618425,5539787.211262516,5397613.486215879,5633778.877793102
2514,4975989.012520362,4954569.280047514,5309196.798122806,4982493.593435748,5417373.754813592,5359176.015847152,5533076.82621333
2515,4928078.21197226,4804661.516954815,5201544.224588154,4878514.498247823,5464624.945555612,5273877.756187263,5540996.758307299
2516,4913263.972848408,4870077.710204641,5234687.102750445,4864707.452761641,5343387.10430991,5261818.304285702,5495332.707264997
2517,4938621.088648219,4947922.638625039,5159723.718201591,4991949.897678961,5379802.856638571,5325606.311401065,5430845.3615379315
2518,4888043.044228392,5008667.29829279,5272751.163644642,4859762.79007579,5482160.9429910155,5148271.007647017,5578873.974773092
2519,4865170.3006736925,4832471.353317215,5289861.287726495,4863627.473577086,5505533.52430534,5332952.409415713,5608707.7235497385
2520,4882526.509808008,4930990.341993343,5155880.495046488,4953034.9056807915,5544143.3019534545,5366962.782770945,5438850.636595332
2521,4901254.493066271,4966867.378603571,5279234.466879831,4973900.068756132,5420893.202160183,5322063.326929219,5527332.593235962
2522,4904046.815179861,4824337.549693394,5331384.432338857,5020097.947216757,5484026.593434116,5318447.898654995,5527566.3027219
2523,4970785.836066474,4948397.472389807,5315483.535491903,5028564.808788412,5457679.55200876,5301037.990776675,5502219.078888285
2524,4999362.90285711,4914867.081423034,5289535.479022128,4964660.018439607,5398979.629119046,5297626.087878549,5538999.638762696
2525,4938144.500400213,4915474.776111768,5245283.061402219,4954037.04311453,5391666.236318223,5402240.703361422,5657688.051001978
2526,4832622.006252115,4850906.865438042,5291015.966658093,4939373.078568574,5432041.393558808,5249049.564180594,5420225.398283247
2527,4864268.894532507,4949883.6127483025,5271089.165331631,5030132.231248741,5378453.861272565,5253576.496764941,5572543.6737410985
2528,4813011.275757066,4922969.897554114,5294848.462993593,4961730.892207766,5499543.351624663,5245848.564974914,5388843.836708798
2529,4818113.5244899215,4901692.500652077,5287030.647668191,4940947.418902008,5371605.325413325,5321712.004060556,5476594.211539205
2530,4955465.723897772,4970894.862307401,5194914.078562588,4948426.2286691945,5399993.980387418,5307421.085108375,5547638.669985885
2531,5045581.658689633,4887447.459845437,5206468.5016757995,4919615.505374353,5474611.258697117,5257413.023040486,5574555.2020946415
2532,4898186.4365087785,4990460.641131941,5317163.765201619,4948677.1724500265,5473201.148770889,5350131.236512197,5651888.910866212
2533,4988752.150822668,4961483.837958407,5293029.14858078,4893629.38633984,5439835.160325785,5333797.991899677,5551066.349080513
2534,4900136.313882301,4922043.731311695,5299564.9413754605,4966596.293625626,5382021.1105291005,5339958.5814315975,5516404.589227978
2535,4910492.335598436,4826910.4330488555,5226532.4596085185,4919902.903726332,5411605.895096038,5287662.718221337,5585874.308561591
2536,4996878.201953553,4900027.853229549,5299147.737467109,4888883.611989649,5315694.720504183,5447723.624653812,5379964.2507887
2537,4894942.443708708,4925990.353682091,5280149.614826022,4920652.9704310205,5425743.06422204,5367558.949306602,5568624.424060121
2538,4866350.099420124,4919529.767423887,5216073.183448274,4906863.42244858,5463059.391338528,5248831.184641643,5604749.552059344
2539,4919126.0233421605,4929727.180740127,5302327.269386926,4911342.190866,5413367.217269904,5390848.794119897,5511481.79521795
2540,4942237.310835484,4957912.781343675,5438342.491109176,5123909.17680679,5446477.045792493,5367777.340643744,5502244.190966172
2541,4912128.230362402,4976751.409734286,5330427.582097171,4903293.862323284,5522923.660662597,5424069.74391461,5652885.290672272
2542,5002275.793497778,4936028.910027468,5233678.330422136,4855287.03189316,5389449.256189457,5298100.108183989,5555857.320273455
2543,4881492.88635762,4961521.901822363,5235097.024737753,4979259.251017084,5382329.419473089,5290928.099996555,5550156.117403239
2544,4956201.001137113,4800818.485516122,5289758.536021277,4961576.529557763,5399624.131740462,5325116.141459249,5560107.924643116
2545,4848366.569085632,4823585.33157489,5268384.160769169,5029064.167976127,5361796.402543869,5227092.3659797665,5434221.608612529
2546,4930580.637899805,4888845.655379365,5307185.601539393,4878253.00932226,5320003.8172299415,5312902.456726969,5463228.561239285
2547,4953299.58139119,5026041.896549731,5228367.9980997285,4960498.168059764,5463699.439485949,5311977.361628817,5477365.982318105
2548,4897191.794956175,4863515.4207662465,5297194.1426508725,4965086.855320079,5333588.218242359,5341066.918211927,5506043.179694032
2549,4883936.733529834,5016186.287454723,5149278.990670877,5098798.093328432,5502273.690877255,5252444.025094958,5606314.54530612
2550,4951002.90556063,4907176.762298001,5264937.691520028,5059420.512260068,5455561.619594801,5222992.868098129,5487825.356338296
2551,4894340.713754677,4956627.206758084,5360609.47399775,4946607.183414092,5490997.022126458,5374205.227596472,5513229.258228883
2552,4952364.093999224,4902741.030275598,5263873.666615569,4952425.095178794,5500329.122993583,5260586.922359611,5551961.981647249
2553,4990974.1980933165,4927679.497189854,5229285.565392982,4913916.112570341,5267754.486423571,5370764.208260846,5505643.455280956
2554,4854300.400163658,4986726.663065987,5292255.326755936,4974460.26377093,5559914.688400027,5454980.485248338,5528532.924299449
2555,4910602.814296949,4897025.9912060145,5344912.522718818,4929731.919475244,5455736.585979511,5287440.063405979,5480129.666847233
2556,4856947.191492194,5063126.805859144,5265793.32173134,4941699.154183499,5462577.688822758,5389689.348595909,5484980.28318304
2557,4998339.765838767,4862666.523776343,5160844.8966198135,5037246.467138343,5460024.557488389,5425184.172575007,5553532.085598786
2558,4890990.888397682,4905803.956489451,5270242.79215551,4879485.303575896,5487551.247581519,5191824.563765746,5618175.036242202
2559,4901963.770731105,4882064.709219652,5312590.150303447,4951429.036140653,5429931.877757074,5329315.6356460415,5610623.057231685
2560,4835860.536297233,4872758.024453502,5317811.675729164,4877638.367171319,5397459.422028841,5382950.293656731,5576842.477901603
2561,4892824.53171522,4959556.234557443,5248666.148187251,5024552.979432481,5347161.036603451,5343082.239143199,5660776.906332335
2562,4950593.52356788,4936079.5415525315,5318656.002600346,5018739.593504186,5403236.181673905,5269035.253638001,5597450.335653525
2563,4977808.7733259145,4866878.730655259,5304972.513916069,4916393.060460364,5483723.399068939,5326767.739801138,5581319.620724319
2564,4876290.431170798,4958633.305537147,5255361.678676805,5036212.1397826085,5349018.224129908,5353635.944308571,5465947.418957141
2565,4935781.744137799,4913614.918071661,5205112.988061126,4961617.088523961,5409562.66158629,5336985.956889096,5510763.32906274
2566,4922453.6395296175,4921643.537809577,5296710.209751355,4929421.470845345,5458425.038449118,5316418.793886492,5497297.643251756
2567,4859273.29321091,4848265.736699428,5233338.990029827,4875432.470088657,5306326.032758857,5388866.254121808,5629440.959133785
2568,4992487.873240013,4948713.9484382775,5440876.430683312,4925916.874278388,5446379.147118336,5300573.272826573,5605489.689811643
2569,4919159.420947176,4866544.747039893,5260792.397113361,4949927.823324132,5434168.595350605,5325655.142510482,5651574.954878517
2570,4876801.725281124,4966770.879228956,5125453.018405909,4918577.170285614,5412588.943290828,5333866.815935908,5562893.128914013
2571,4916435.966742687,4871168.900341095,5299476.433893047,4941246.569709609,5441462.542309738,5283754.004056563,5671983.662619119
2572,4901253.073273269,4946475.235871465,5309888.306736558,5004370.033162028,5403275.006240274,5407910.944806802,5478798.875214979
2573,4913786.908738387,4924438.013297265,5260877.01664704,4948879.075462954,5495681.090283268,5426670.0266340915,5601591.395274182
2574,4918568.057242254,4953297.338173581,5287331.120160001,5005550.319837625,5466533.088169964,5311628.872736113,5410940.975820245
2575,4932340.778572061,4901756.227783999,5319984.127869816,4821972.922716266,5535999.961212281,5160946.425986526,5574568.344646128
2576,4872499.607029125,4923582.871819748,5290595.310413075,4876840.452638866,5361215.491661048,5306436.314571277,5587950.111396569
2577,5018483.512774443,4855867.940561361,5212352.833482215,4947637.382803472,5458365.611709115,5261270.327735352,5495611.917240767
2578,4885060.431787261,4871559.243524883,5227381.386596342,4962114.945005758,5471786.269411241,5508133.659877871,5652580.202468259
2579,4816526.325152351,4898107.25877738,5279668.157850762,4976064.476173271,5427514.765129842,5444609.835145759,5477348.586443735
2580,4962128.798737504,4931970.659424918,5294891.023405554,4955612.458004254,5460427.900592951,5333722.307465795,5632845.358224262
2581,4867013.842412344,4948301.220743187,5201489.60668072,4917386.358645739,5383346.300901178,5342129.280612832,5505385.298775433
2582,5074417.050612415,5045517.260025173,5255685.20424182,4909122.938403381,5456086.3359581595,5315840.279824889,5500578.137287963
2583,4839310.823006214,4912522.564427916,5181869.987773652,5060040.539227428,5358407.554056374,5194462.157588518,5487257.571346297
2584,4877844.99811917,5008391.103123284,5179740.414027358,4998375.3954607835,5440210.410916965,5443800.035210622,5647770.3323258255
2585,5002795.800740318,4918183.593886386,5231371.098098261,4995833.173980163,5462731.877913481,5300456.584841774,5589025.151896373
2586,4978444.561822685,4958333.972353091,5249750.874757147,4962741.677817509,5544176.139127387,5432162.028822635,5605201.384164646
2587,4876537.62506649,4889811.143059823,5238663.461398033,4951072.603426078,5405755.409668978,5378765.763535685,5505804.77922989
2588,4939163.364513783,4942874.015972295,5204094.447136905,5014023.534117179,5454622.919013333,5339919.866623332,5448868.496134163
2589,5003673.091150137,4795831.4510924015,5179708.948929101,4871963.114047753,5475365.439471534,5356545.134384798,5572902.486679461
2590,4922746.601667092,4865994.345102524,5284000.4988191,5004693.005328894,5452079.967148058,5303408.3565203175,5416907.020356751
2591,4989928.313912272,4950926.428527054,5302032.198391081,4965899.2671472095,5515399.01786536,5320206.7378528835,5518905.598119993
2592,4911905.85016626,4923183.290341948,5239304.319028696,4979625.478325102,5522528.169954329,5401637.877242995,5523837.231672107
2593,4938336.475556228,5024121.784031518,5093939.104537122,4997946.087746137,5341221.004168973,5297460.261317946,5555680.49977042
2594,4909547.6877961485,4915309.393479515,5261039.086577748,4989857.425223673,5397957.073407648,5328542.0148670245,5623102.986493669
2595,4905759.09005874,4862082.5587532455,5377745.797519748,4907814.580223158,5403237.2448223205,5231407.954900436,5677277.5419178195
2596,4923851.6927011125,4918234.048118346,5157740.489833242,5057384.414790017,5443859.327804461,5171252.719293151,5488878.859930894
2597,4915289.552093161,4957993.916563472,5281499.9153237175,5031562.845453327,5416516.303369136,5386372.05250921,5592242.2253423
2598,4827728.5186677,4932777.491738673,5250976.497215289,4880950.523100974,5397399.207652831,5346467.868725099,5619667.075067527
2599,4873355.895792526,4905129.7721791845,5275287.386956238,4856688.597482444,5391615.792641383,5404867.608780822,5499251.432460088
2600,4891444.850756684,4881382.405358544,5202147.154292705,4962410.383032405,5471558.6036896575,5248489.067698417,5644581.344994749
2601,4859984.364260036,4959600.76054438,5299557.967945798,5110861.519587902,5305935.516626227,5266386.129969906,5463371.403891612
2602,4958014.8616367,4989457.080813238,5265192.367566079,4923611.592560795,5540804.307665025,5245948.229902586,5559744.519011843
2603,4924679.139011045,4852025.554669909,5206692.200210952,5017380.774492407,5497363.828444683,5345186.026760479,5593225.808754437
2604,4940759.866023675,5024664.950889008,5304100.706332335,4920747.753681172,5375680.102752615,5344675.912199492,5462911.7383547565
2605,4827903.120432287,4879990.26895054,5232521.387037246,4986638.487317781,5353702.071468459,5206311.964862646,5497255.932236818
2606,4977739.75243928,4907691.587491808,5319063.804262564,4962813.687851636,5437436.432051867,5262992.283049643,5586791.872087862
2607,4990261.680142716,4975851.856913174,5263767.8825040795,5010760.077678203,5439840.910526568,5427021.464585407,5756055.014901709
2608,4907652.350442005,5016095.425914889,5303754.850619594,4948163.881218455,5478531.817499209,5357056.724157586,5560852.071290134
2609,4990024.747769055,4843948.036207134,5278750.227139032,4878100.911393311,5322153.340550047,5353847.418342146,5635191.761554131
2610,4962670.995445709,5003045.565608839,5348513.664029315,4953292.350641171,5561591.171196843,5337201.707743847,5568159.551938925
2611,4950838.389298214,4866835.521953105,5203472.1571183875,4973877.036372939,5481813.385504606,5371367.772949598,5543794.993201587
2612,4877308.158319558,4901677.326595418,5237071.874350952,4943229.279343861,5418351.319935876,5407095.710858759,5614337.887937711
2613,4954919.396171681,5073211.269052756,5188983.641953462,4934162.352185061,5427330.161922144,5411294.2978186365,5609798.42957672
2614,4928370.475364931,4891590.620896962,5244292.858704439,4980895.668298663,5403450.66963573,5395257.7289032545,5653829.631008742
2615,4966248.179486748,4875036.964412031,5301158.96881156,4905083.953866991,5490538.564294567,5355613.096934885,5577986.984586309
2616,4796636.991553315,4958210.215097317,5319667.046496329,4988170.537059456,5479684.003037035,5312842.84655779,5566257.895972759
2617,4852020.511603362,4990044.935825319,5322430.622766543,4948658.66469456,5376132.274116767,5318921.437969895,5601269.494434626
2618,4913154.266141238,4890664.488361984,5197950.671551116,4994455.429297101,5425985.822147757,5421788.589540385,5583055.712902841
2619,5003752.508985395,4943404.937785096,5240404.904587207,4964509.072330372,5357010.893898038,5359899.974270162,5609066.137887858
2620,4868394.8204305805,4915298.561769583,5252611.669377134,5023881.845698396,5410398.870925115,5403905.7050509965,5625603.044290246
2621,4871372.864114384,4977195.141688663,5310920.331616373,4888817.073976196,5361449.732776746,5373741.462737336,5585027.019000115
2622,4960058.18521273,4933136.081812761,5277290.528064653,5005223.222104716,5439316.232600228,5418268.093516586,5589303.959214459
2623,4910995.4987458205,4947015.71576847,5277340.354037898,4921956.4392591715,5340352.251739261,5347720.490330002,5566065.653975679
2624,4970489.077566451,4971993.0478481725,5218835.825157864,4911716.55302049,5403304.574872512,5208437.668978465,5496242.706970378
2625,5058899.9715138115,4810743.627576289,5230163.710851888,5038539.936576491,5520845.2800594745,5386046.393107496,5523969.954953769
2626,4891031.952527692,5057897.939670941,5248803.242377507,4984527.984824834,5558365.992999491,5379967.42583124,5460177.616812265
2627,4860020.731269911,4949220.604027336,5100638.1492943615,4969588.010545529,5360911.615506626,5363202.490857811,5639913.522734236
2628,4853113.3361582775,4852281.632072184,5311179.941215532,4915474.648254705,5381949.562023124,5256132.210764884,5573788.052496472
2629,4907171.665105006,4938094.265664814,5222575.930875116,4920833.070490071,5428247.198866071,5324397.2235010825,5631002.231961556
2630,4878803.611676263,4933932.075825071,5240262.252970026,4870543.031258122,5464613.170579392,5433701.891294802,5642697.762293303
2631,4914292.686638355,4949624.962400101,5252208.622093033,4977767.846655588,5438018.411347972,5353151.399722758,5550164.3403638685
2632,4908354.381958488,4999814.565554587,5246577.583566585,4948270.254959825,5453078.121758692,5428357.345359905,5426481.346412508
2633,4932212.4066245,4873937.55956916,5245659.450383252,5053584.7827750975,5466445.329197958,5298053.8018074855,5592006.117775768
2634,4928627.850843011,4892215.2364822375,5176338.600819287,4932456.211006892,5366510.535647782,5433619.866143664,5530184.195791085
2635,4878833.887774071,4968315.227903669,5418283.700926155,5077729.981726253,5510890.363321677,5278514.796511165,5681983.89575658
2636,4842669.906580274,4880284.824781456,5237352.189820086,4910583.72856628,5494010.438361507,5345955.123911915,5522064.020969354
2637,4906197.156269372,4997346.097447698,5279967.230334329,5058644.287543175,5432315.248757148,5391517.984593983,5649098.208531167
2638,4862218.322955601,4877068.731480386,5260017.539201781,4976227.607804391,5401542.352440964,5346473.434176105,5345832.634385299
2639,4902626.012206161,4917863.104661364,5300643.828170174,5003830.088909585,5482106.944552874,5321094.89886026,5530790.078880258
2640,4888741.726903582,4956201.743359769,5285866.485476212,4906790.846270887,5472909.615865817,5317437.4210906625,5490196.703214148
2641,4860688.349191767,4922372.2420717,5336595.487841045,5015538.386937733,5442785.227396086,5342229.433329825,5575799.283528545
2642,5010318.8846742585,4916841.823849282,5301644.392110038,4990854.052622996,5441080.835343748,5206122.423112109,5517367.03697423
2643,4854427.922096889,4846847.259023722,5244165.37392006,4956197.256175115,5439274.424237425,5153426.533643483,5538474.540895613
2644,4831245.230646621,4937216.201765886,5348804.837554354,4954308.3983244905,5510970.576234096,5255228.634036673,5518268.344483194
2645,4939042.433619318,4840063.715546999,5232511.800917679,4997620.086370988,5460587.844545212,5403328.904976662,5583180.539734896
2646,4935415.79445404,4873332.0120810475,5168083.147005652,4860053.499160324,5467141.059459195,5290857.683635885,5582669.575045023
2647,4910084.453335362,5007064.018948474,5263728.071235606,4934723.986104885,5475261.909954771,5288207.608651392,5630321.4666431025
2648,4807474.16240683,5002340.039784873,5252457.722661862,4934384.890960892,5503526.760225248,5497086.440387683,5516435.478499612
2649,5012810.554205009,4966068.76316162,5305517.531041722,5042751.6754268,5474562.352698751,5406939.978595302,5500068.844417995
2650,5011986.317356379,4892451.605686579,5197563.7626131745,4935803.844220736,5377546.479259329,5306561.983737105,5480686.666295071
2651,4840982.571946251,4908156.8744245535,5261862.047091795,5053330.426651584,5421426.685584828,5268859.855695075,5498283.701347794
2652,4886183.542301202,4843116.00103138,5258061.856835959,4935572.816750807,5456503.142675294,5393891.15210386,5536637.013800933
2653,4964235.31854033,5044622.522724121,5354325.46529553,4973339.401108336,5521473.625414686,5230255.179828605,5679431.7311061155
2654,4952840.755654847,4970577.717695025,5218456.606204341,4978995.249913579,5393381.950415938,5338551.564718494,5583075.103859408
2655,4870583.575336306,4945547.714188476,5191427.897719293,4808203.436262484,5447853.251602574,5264135.450208107,5595116.875919657
2656,4972951.64249252,4819596.252907276,5356254.236650277,4851137.9180346355,5483572.292953079,5167192.794070566,5556046.328349153
2657,4874702.845387696,4907065.26640654,5259843.223510524,4861320.172825947,5406529.332007445,5272350.052190244,5555957.764641738
2658,4930966.116318019,4950913.983764088,5360657.952111616,4949316.625706326,5426947.444060077,5241601.752813589,5584784.1988035245
2659,4982097.104053248,4833198.217175702,5189966.133569256,4868095.298201179,5394338.774735556,5251774.226186258,5538122.647589118
2660,4879938.075554077,4877503.9445610205,5297277.19022047,4863136.615491362,5377233.662008911,5197906.645602423,5627738.501382038
2661,4969817.8921978455,4817853.929400929,5385047.551706768,4881109.85588846,5459936.437645888,5199051.914763012,5543024.284128823
2662,4799298.889684904,4940710.432965992,5252506.65518734,5118692.98080587,5512188.839948037,5293834.728524167,5587340.091583964
2663,4932212.2386426125,4975594.422999972,5197298.530950266,4927309.754353824,5396315.004195618,5231402.758166869,5494090.495454165
2664,4973449.690974215,4897315.543049551,5256258.412380688,5018658.244422792,5383995.575338164,5364471.045113593,5650814.039307613
2665,4856674.71105245,4904956.239016317,5383242.407569625,4940925.797855518,5392050.149523953,5360215.870410261,5416623.841325156
2666,4998321.152601872,4931719.756442403,5258305.348569103,4895261.782887233,5427883.411016061,5276976.084812665,5562319.970180405
2667,4991053.778249603,4985814.948410457,5365448.496695783,4877771.625743252,5576832.187303875,5397196.7052603755,5521071.188681175
2668,4924770.647742997,4910905.703405695,5105035.164383865,4982043.968087817,5435165.942396375,5328432.230480788,5468787.672837175
2669,4904795.039411434,4942852.848756174,5431801.271510486,4973301.275230878,5498430.0386766195,5483242.778436556,5509724.632069939
2670,4966054.88364205,4786632.588863394,5295727.241857307,4918575.74305944,5460910.887286266,5353599.310139758,5631359.524498976
2671,4970251.095565221,4915860.60415334,5209963.715671245,4939253.455617303,5381929.729341397,5313831.778611442,5569126.960975675
2672,5042322.480987667,4947004.29394424,5303113.51535141,5018243.007118057,5395118.568143522,5263299.217316086,5399390.953356291
2673,4912779.215049915,4895302.634449019,5289960.6398292305,5094161.116210583,5463801.62811522,5224567.355322022,5605903.179695876
2674,4972425.688807193,4894200.215728245,5262416.67957408,5040627.411288145,5402794.457105238,5285369.461541456,5635410.098669501
2675,4907673.450685014,4931202.016690834,5304049.691905184,4845530.445740871,5515136.789018981,5430837.323683884,5511137.167502512
2676,4926767.467729686,4940474.6015581805,5224723.894220706,4941199.3086176505,5401841.9260670105,5367772.889770908,5561457.204972846
2677,4977899.23633535,5010067.955644231,5326383.249310207,4923081.3719427455,5473626.864369482,5358256.762345251,5488608.547263803
2678,4950052.144020911,5006183.41491252,5222031.418521762,4993371.013628716,5469142.351240967,5457097.4459399935,5537974.192483331
2679,4976067.025190715,4996911.216237977,5336450.778741482,5027777.198171712,5432429.92734253,5345978.557602825,5540357.810077539
2680,4976200.39235703,4917528.849160145,5199688.825054753,5040550.782197951,5452401.453753652,5149880.666188355,5529664.3077088995
2681,4938936.854675958,4982319.137549,5219155.024042325,5019084.870722439,5500301.567660475,5255015.248216078,5548813.458745917
2682,4893862.82922954,4861450.260289606,5160823.778084425,4970780.330261998,5467982.076857099,5355473.963046553,5605342.983235433
2683,4909401.121616053,4917241.650403102,5348452.245923607,4974607.351666775,5443319.1424527615,5413662.701762004,5550020.409836347
2684,4960986.698976972,4915430.487574453,5274782.25870767,4973087.036583531,5363727.569112071,5227727.147926098,5618057.912018404
2685,4961237.861970943,4825259.7556550335,5259530.431773045,4919153.233395554,5356960.968452729,5275484.771442656,5534392.001694729
2686,5046838.408667948,4947384.086392487,5202901.756994784,4959830.580509428,5361731.38862392,5413990.244368101,5636592.604414806
2687,4935014.968671159,4903201.666002404,5226579.253244341,5031356.540862296,5479425.554185958,5307422.631029043,5595113.220152913
2688,4817098.276360122,5005503.436716537,5338588.9565549195,4929358.991877792,5371375.948836252,5273162.426562326,5611184.932875316
2689,4867368.836326975,4864798.360098644,5231402.156302844,4884473.084697537,5497261.817062676,5302305.375686508,5587518.871229898
2690,4926134.899755446,4873194.675822563,5311649.639306177,4957573.525099202,5471038.140247512,5376556.271003042,5518600.1251726635
2691,4900409.670881714,4817315.526268384,5257571.908475735,4929350.806609564,5362194.749176614,5395015.7167851105,5552456.852782071
2692,4920266.275113479,5018384.811728335,5332071.882118125,5011802.057285436,5444469.607873786,5233561.560313712,5488416.9112099325
2693,4957632.541511106,4924768.493076628,5225501.835380746,4899678.576327834,5454633.688553898,5424000.545872122,5560325.942036124
2694,4927467.823519558,4859762.1067012865,5259973.510450634,4993036.064409532,5443779.729714045,5275613.541894501,5491812.0696598785
2695,4960652.2754648365,4924173.748339439,5224117.116321327,4896447.936602523,5443708.60988241,5360147.210409852,5505640.30512575
2696,4939539.449745253,4943146.5035805935,5335548.118244939,5019011.436799559,5521962.99769425,5356700.380758962,5644102.939320732
2697,4919366.168387086,5017610.071643631,5343232.304272158,4933341.514298312,5509988.53658416,5286876.724948576,5655677.589511143
2698,4895518.816068732,4823150.873558092,5130279.834882647,4880827.652454143,5452054.77885294,5286685.594166175,5550191.916031864
2699,4936034.023923034,4915975.579306017,5379685.977990949,4857285.783205787,5394799.687498278,5351215.730498949,5605180.15583225
2700,4966896.23939906,4970006.7605791,5211226.178424802,4917412.684999518,5383183.001242725,5433060.901226519,5510721.332682027
2701,4917104.072200849,4992089.413873123,5249674.626522684,4942369.288342143,5415276.92809255,5229521.303780577,5592332.201853499
2702,5031488.233485461,4953168.565663321,5275864.110920663,4889753.859717509,5496178.061675607,5215837.362822189,5453369.546009829
2703,4895012.320931995,5017277.046246765,5261236.519682794,5034082.417289872,5537079.031899737,5169716.57295059,5525406.881783309
2704,4955150.678652846,5021221.2992987735,5295124.769775691,5008989.7228419455,5568705.597456573,5381263.258908747,5532743.304549522
2705,5048226.163766667,4830035.750546255,5329270.655605921,5079931.710074524,5353414.126351914,5328031.981705238,5562541.289610487
2706,4901294.504205501,4950479.741912755,5132705.861525163,5042583.619201537,5409856.292459322,5328783.862243796,5588367.236952175
2707,4884749.805601757,4824119.731521042,5239844.109336826,4919693.025529935,5365006.436249307,5307845.633388154,5596215.025228773
2708,4963252.950081768,4846255.9246918615,5280862.012812912,4857752.540248142,5428820.731033435,5271743.171784881,5478681.109804297
2709,4917952.139589717,5045635.082652768,5222040.55811307,4908774.341340557,5448055.439816482,5363731.4719583485,5481263.541498984
2710,4959448.164891559,4880750.016814395,5288249.411846677,4950651.123952719,5403143.63742416,5356547.4539458575,5414655.2364497315
2711,4864967.595083537,5010594.631015437,5309789.117988771,4988049.599494615,5452832.056820344,5238838.877381231,5605842.315438166
2712,4956995.208444302,4899858.26890392,5351933.273896037,4949920.901240732,5459991.2096971935,5279966.310489703,5485335.974439219
2713,4912815.577181525,4855796.176967339,5205236.674999943,4954539.526482273,5424820.295411483,5279425.260375907,5400923.604482553
2714,4853539.224010262,4936814.451359456,5318331.020423839,4946423.271695133,5339299.091090072,5339241.010083641,5586531.267406717
2715,5011919.77316326,4921501.276431695,5368443.569830785,5000633.588191099,5467014.645270897,5239495.29376852,5451679.591668909
2716,4896469.134498931,4927504.277853704,5264127.117022722,4951501.9590173755,5329973.943352275,5416968.302621343,5479745.605546967
2717,4939608.002605608,4885718.8730884055,5328061.116921952,4991977.761043081,5364837.283326564,5175643.02569696,5709686.275759338
2718,4954983.119432987,4933984.612700949,5287810.074026349,4895803.990616449,5331430.022174386,5413760.951716842,5510079.53919802
2719,4893205.428103004,4944967.3135895245,5295806.65216324,4886434.477801987,5367711.282172836,5307373.697908691,5504374.976129565
2720,4946670.764421945,4911462.9095271155,5311071.968466509,4833785.638361682,5442319.996996388,5241545.551645951,5487018.976074201
2721,4939768.076781539,4817237.262100361,5244529.438154162,4967609.487141195,5316235.88817014,5151629.782295732,5639908.592717678
2722,4894008.223585827,4964849.80386192,5286661.471388446,4932467.445836937,5422994.502264811,5341029.173935552,5536214.488297349
2723,4965254.0045727305,4856091.534197759,5168928.690022001,4961931.774894173,5435924.791800261,5431719.746050114,5599152.954954537
2724,5013551.294657499,4852462.917883042,5236422.576047588,4903567.674309493,5579314.624089548,5321520.444757495,5511266.646384106
2725,4836807.720235251,4852668.771872059,5274255.8342051925,4938222.8251569765,5452782.251641602,5333573.5041801,5611696.279828857
2726,4983032.503445198,4862043.469459122,5285624.041141473,4912690.072900935,5420268.015714472,5482884.286679287,5575305.922357339
2727,4802186.75237912,4912421.0804189285,5223920.455572069,4967714.577386263,5523185.014856087,5327731.783488938,5700078.501283141
2728,4847517.698648935,4945659.141340812,5236698.646591138,4996346.96859996,5372677.39330757,5390676.08846171,5585735.020683916
2729,5006816.164702934,4863407.621757864,5235812.713032957,4972405.954185681,5417902.271310136,5263196.669827372,5584507.355370631
2730,4948419.915479168,5056005.288367204,5247453.126965963,4888568.122829726,5393157.94953875,5333316.059254623,5580868.559426722
2731,4853079.800059273,4844697.825928799,5112297.853503547,4909555.866139914,5442264.141845094,5383160.405156319,5444540.485823979
2732,4986319.495561657,5001658.718880728,5269276.219642281,4918081.327117906,5493056.134334418,5416364.79205988,5489491.598549222
2733,4941466.913101679,4907672.2286539255,5178718.970228001,4879138.413998298,5457332.101640845,5278573.053558986,5494867.056048365
2734,4853789.984739083,4991690.176607434,5242586.792991857,4912070.159886778,5338676.091224759,5339797.178075251,5456648.780020035
2735,4986220.996369817,4905635.564226864,5202334.363107407,5002228.492127779,5463663.386323396,5417604.487032242,5601113.972345388
2736,4939505.947104637,4916495.696900426,5295402.554317893,4919543.985121325,5401474.080607873,5247814.323281558,5590750.258655033
2737,4862889.376185423,4856937.482774649,5370877.266377169,5006751.128632994,5486449.681818666,5204933.043983456,5566766.481271038
2738,4972326.8892584825,4831123.546662395,5366806.267710822,5002468.827402029,5419189.78136904,5386457.012812252,5537533.695913625
2739,4842040.82918588,4896987.396830162,5261057.414583258,5019826.211675452,5419887.9918304905,5342660.346529512,5524908.081064666
2740,4905353.100059939,4936921.642983005,5157339.84457331,4866325.616603389,5330128.468827555,5276369.926699915,5469841.06427081
2741,4912234.765676317,4909194.405271144,5343663.665561372,5043181.108140502,5494330.52250325,5274958.981158761,5556570.934809425
2742,4968796.067892401,4987760.155818026,5216355.806951936,4918698.023387112,5337595.143986225,5333324.01921187,5463960.271941522
2743,4985054.625978925,4810134.022562448,5281374.572301878,4938505.513265101,5504040.60506117,5360959.796982388,5552593.655167701
2744,5051265.298843153,4864125.469490485,5154803.432270839,4958746.909733992,5545945.819398466,5446409.214182097,5580043.901681847
2745,4802357.536954483,5030650.10633809,5240924.727733552,4930815.184963478,5429015.530839521,5210459.525890979,5508411.994462404
2746,4936748.337662313,4918862.161878981,5256327.003325256,4884257.762913811,5393552.568066792,5293896.2778958725,5572640.250014892
2747,4944753.399579239,4934558.171801309,5333286.410251207,4970738.489682277,5503639.388224406,5215830.724672369,5683408.905857738
2748,4950836.2374127945,4952879.874870005,5334668.231051004,4957554.601043666,5449635.060148747,5477066.448324972,5589647.544189627
2749,4814951.98033947,4957864.564890824,5281309.346074997,4873458.622034687,5380697.937253847,5376473.56792712,5642157.714705762
2750,4899407.1650674725,4935881.598034829,5296062.968306852,4987296.681714666,5421232.629129214,5491817.543993247,5501577.751749823
2751,4893651.268748979,4831548.1832342865,5358158.195149038,4853692.783953559,5524721.056658432,5383405.60922131,5566205.993208766
2752,4874624.635546066,4971796.469691166,5266650.824544074,5005183.680082901,5380763.441549019,5410336.072902753,5582487.885460097
2753,4925820.6606011875,4968726.27776704,5183860.537035117,5114352.210638439,5456147.6846098285,5453678.484629138,5644272.02957624
2754,4999441.633456086,5052034.966830295,5216904.068760695,4826913.45854111,5432176.151888737,5541507.140030153,5605513.009652903
2755,4852308.755240428,4985285.86969092,5193446.608732511,4957308.895623762,5415252.412938706,5409120.845066234,5606900.620362337
2756,5015485.226337459,4905379.55464147,5299911.279882405,4852304.361368956,5544016.734413852,5266277.84938751,5657102.197213584
2757,4938035.165213424,4902595.784174229,5206970.050206918,4893516.786507765,5557000.970397145,5388374.114690442,5584838.078312632
2758,4927053.837812461,4894622.661607889,5234331.455270093,4951598.64874583,5407602.345809125,5282809.108498901,5367648.404777395
2759,4871407.641349017,4826214.2510046875,5281466.253135801,4928563.728147985,5451879.655834478,5332347.899745428,5534470.144759104
2760,4883844.127712113,5024580.687778579,5303310.538856802,4972224.021112549,5515363.756947161,5359231.897482962,5732841.772675745
2761,4900944.0703052,4893418.22415649,5332065.683015881,5014990.968192328,5425378.0773998005,5468609.418160129,5608303.468275645
2762,4887611.969018153,4990621.737313891,5165170.082091785,4981607.19644322,5386502.088911532,5290192.131098557,5473071.896662846
2763,4868395.294939479,4891156.5282724295,5296766.27994528,4961525.118844321,5516216.284915073,5369985.8869535625,5674643.607400555
2764,4921324.281786651,5014920.7951795105,5263467.8352501765,4912229.442177765,5526284.465644878,5510393.016196455,5496113.859273871
2765,4942105.545869044,4960131.059158878,5233273.902656226,4932032.821148566,5449802.782719187,5288756.810390621,5595177.993562344
2766,4811793.35051534,4946752.457127661,5192017.444367925,4941016.908970215,5353053.33546128,5329429.523899168,5610153.3010596605
2767,4973750.676059735,4931654.149226753,5243499.987009104,4985681.997784672,5510852.522108506,5380580.464758393,5567299.231572035
2768,4979816.783196408,4956172.8294572905,5260784.438083643,4882396.7961861715,5420054.559577169,5285592.880080364,5623303.67755788
2769,4903025.305459311,4975894.529882996,5322629.293899196,4904115.308041416,5468378.171268936,5335020.777988577,5611300.688850592
2770,4975481.454094876,4995094.920017518,5186325.367785072,4964154.277661142,5441192.626758669,5355074.284356303,5574358.490843955
2771,4977195.899639383,4818896.323532459,5266648.340152695,4810512.437851999,5501612.848912635,5446719.241203726,5469866.5155209415
2772,4830971.6146214325,4840674.226745064,5205064.521381238,4972580.089028976,5358879.86891634,5291024.760384183,5552087.875062564
2773,4802367.254607364,4980138.4380388055,5301211.657511866,4974561.0420226455,5354551.6448107,5294097.724698184,5578847.965361138
2774,4881719.461870294,4946470.049127532,5216362.241003645,4892723.2092672475,5407348.315529343,5399980.028998351,5541779.237016502
2775,4838435.320721196,4996839.594391026,5283529.606823797,4998910.493173677,5496795.311246322,5393534.608093205,5489454.498805607
2776,4820813.58716329,4900289.303342303,5269370.221933773,4890184.0806477275,5454617.910827097,5362443.400752845,5477825.722785804
2777,4924631.926316366,4939028.9393732175,5229912.644556168,4921187.196169093,5445047.159092693,5402192.669235485,5534812.819494577
2778,4942772.397281013,4940585.024750939,5258684.651716007,4920840.942820327,5434405.627832179,5281225.768951474,5513355.327297574
2779,4856687.949931755,4860976.101540833,5267224.510397011,4987870.784928527,5461277.940582345,5323997.735027595,5575971.995234032
2780,5013839.926741703,4860168.929687824,5297178.269330651,4945350.039372997,5452908.5594050195,5445844.63397062,5524861.15055762
2781,5021760.303166613,4892104.678239273,5152099.842956905,5084678.8531457465,5456117.8395991875,5328415.471409167,5467685.310419681
2782,5007214.53052544,4915882.183873913,5182423.608011649,4804448.8576555215,5331591.158275042,5331355.8813358145,5460466.493874911
2783,4843489.194804894,4987568.355483125,5332445.943900762,4921363.829308434,5358267.331308724,5429979.854066428,5507607.213547099
2784,4980731.283759965,4917975.916985188,5388597.460889014,5057129.730038254,5395932.20917945,5360269.712848838,5655455.649676805
2785,4887077.622627227,4996700.626241192,5307423.480361046,4997202.075897195,5487697.609713461,5390440.96517183,5544222.078012683
2786,4909815.387778323,4966604.875811794,5234831.253158684,5049327.2565217065,5474919.282559862,5305531.771144461,5537502.258360273
2787,4991692.847047142,4813397.988471254,5344987.211721366,4963991.976920553,5468516.2893376015,5428721.647690944,5522999.430452733
2788,4931951.099829477,4886001.669731799,5313896.050733301,5009157.084318562,5408416.073374418,5416041.223823213,5527768.075101631
2789,4961348.897099048,4821349.158773857,5354817.748918389,5048192.627875533,5413740.276406035,5400403.545339437,5618245.641928178
2790,4932083.878752808,4938351.036291975,5298817.27704705,4910453.135690489,5427754.373234172,5378591.87386215,5678464.255863653
2791,4920262.004985297,4971277.364509089,5318105.69262883,4911031.787236828,5393568.153385101,5333673.638250943,5495877.399867259
2792,4891684.86897519,5004570.338930327,5171832.169234596,5037335.807209336,5399605.017517402,5351857.82572914,5600708.960406349
2793,4856591.627695355,4931683.9679036345,5233835.48374869,5084640.267789115,5427311.983071251,5312937.064363956,5420038.320724763
2794,4955079.32787701,4948152.3179245535,5278226.869885043,4991690.490728048,5453609.8552647745,5341308.271167539,5567303.96107026
2795,5008371.221861677,4922779.533900731,5339610.205538816,4977476.13793059,5458908.839432532,5413602.40403631,5452932.810746687
2796,4900846.9998067105,4927608.407011458,5343414.657095688,4956626.783104866,5429982.962301561,5338224.62944552,5561503.664231776
2797,4901230.910811944,4919018.292144069,5397937.099696873,4930802.799954328,5366399.95970562,5366584.609492795,5446405.898037277
2798,4975899.329634804,4886763.366365941,5279925.841444873,4956248.28516108,5428957.615653271,5355017.59280611,5462052.408320461
2799,4993846.294954534,4854508.728707361,5266102.233246475,4882979.505577823,5479192.910338866,5230340.299077842,5561025.464307994
2800,4824988.685027534,4921331.860931977,5221416.055747691,4988851.8582652155,5437828.929858317,5355158.003545985,5530829.42678071
2801,4950011.178207991,4908567.838204627,5184586.797955299,5001134.654714745,5474819.833385893,5285868.389872864,5544156.323846161
2802,4902715.614993712,4946219.731909285,5346015.131011903,4993876.661569244,5564909.218662534,5293387.107400304,5623988.16919696
2803,4912298.95911029,4964503.345094839,5136293.237883764,4920983.101578739,5385368.417221933,5315096.092049192,5627807.076590906
2804,4847246.073498518,4932874.519372197,5219874.43481255,4984965.544962833,5502483.763144097,5477349.761306476,5476154.014117086
2805,4927707.650413368,4994896.958145632,5212938.604941131,4988911.111093171,5536317.399527157,5361982.025531888,5614549.372082438
2806,4916108.929411145,4909688.426775499,5382666.9938745275,4965292.181449514,5306135.831707172,5309505.652313228,5525550.612960632
2807,4977604.143301012,4990050.648173088,5246243.503664164,4936117.123424582,5431527.569943031,5338532.878230753,5624642.355569273
2808,4932058.089116042,5008830.849446889,5193437.52330634,4969206.531439687,5495821.614856792,5308457.465562819,5618594.105638815
2809,4975611.292390145,4919941.309974063,5203661.542178946,4931190.846807143,5348188.281410364,5298703.48524962,5651071.950642124
2810,4985375.754238951,5066573.72684756,5295711.368088807,4890421.378406849,5545913.175379068,5391234.246224392,5596667.825274234
2811,4930758.472606265,4981744.944541984,5281985.747678908,4926747.438690805,5444836.816249162,5305708.569476108,5420398.721807443
2812,4868021.343589088,4984276.844396874,5212096.126837699,4870351.595479722,5390273.616364899,5375314.111098674,5546374.6930267345
2813,5011075.650521598,4793968.767427362,5333035.732792159,4937046.0654423535,5442096.683850966,5234175.7233831305,5662405.733705819
2814,4905329.859833526,4964767.782026961,5315863.59441727,4965263.070636465,5536231.89007388,5306291.6375774015,5634081.036552847
2815,4907632.256722104,4939413.601566922,5273431.010790244,4827493.185365691,5408523.269981313,5314097.539950151,5609997.177287186
2816,4883801.647911572,4957762.609051405,5196896.985847663,4972845.345886956,5512947.718008425,5419112.990859322,5535437.6022597505
2817,4981514.350996024,4923277.61983201,5341306.976939079,4856341.86488647,5537753.854966145,5373617.204114953,5503779.510138541
2818,4996720.826218247,4889210.539136718,5324059.910930388,5071243.329915164,5434847.2469264455,5441775.7819986595,5555779.5395320505
2819,4935204.284754729,4831521.765536061,5177253.5467105135,4968093.924381707,5346228.35705074,5289145.247824477,5623071.107642708
2820,4886957.340043759,4996499.461366936,5234824.391612629,5026462.765696474,5467925.98851336,5287991.921156654,5579305.051859401
2821,4925587.18486005,4874486.631814097,5173114.5530113615,4939329.259102752,5415612.61951746,5280355.556106622,5567118.223793573
2822,4882556.632248526,4983467.333263064,5320396.496780947,4991292.628786699,5453095.22276989,5355342.576277935,5605564.866803305
2823,4973881.635253415,4988304.325330755,5151074.951223226,4952770.674930493,5392127.560342727,5348583.962502613,5570640.891707713
2824,4942629.835766057,4886179.312275959,5190087.299731811,4899902.546940024,5432724.973516941,5360939.60778893,5614402.482802008
2825,4877552.93626962,4940607.012606392,5303979.26219951,4966435.136232768,5528918.054681381,5421463.622111607,5604018.057009691
2826,4914610.585384806,4832070.519798185,5254815.436551259,4873066.020634952,5422300.077200759,5332863.124435812,5519695.532774533
2827,4952987.213855748,4938739.206803262,5262427.051268735,5084216.737068782,5350784.091439347,5318253.335502097,5439343.083904231
2828,4881384.138759803,4974743.158928873,5279905.22160379,4995108.00757813,5433445.624147646,5483292.764493028,5513305.959621421
2829,4953527.071496928,4955187.98680963,5313585.234754695,4997580.3467113525,5492182.859795073,5416302.784929693,5650824.439368083
2830,4898159.707330425,4939205.937706258,5268423.8708583,4957980.270521156,5433675.448630071,5316486.863613231,5465676.237653283
2831,4977622.08341627,4809784.866613546,5330138.585703513,4922832.795599839,5428084.722456222,5269684.21014282,5546425.964810377
2832,4886084.187137521,4975801.715322167,5195551.243539404,5027539.467842226,5430315.5242672,5336696.032727557,5506533.738909764
2833,4905415.503771776,4934441.095535343,5204500.212414153,4911502.726816219,5470854.2022337755,5374250.83409921,5610363.4330684785
2834,4880208.4151331205,4888227.647684472,5312768.225061066,4939709.675999025,5462141.211447302,5348196.971998965,5499700.385299455
2835,4964890.063663326,4868557.294744635,5189372.637439597,4898021.559525882,5384287.820434841,5482027.738905929,5632920.796607944
2836,4952019.952582418,4914820.934767816,5205202.983103834,4974559.444410717,5392273.513315482,5307687.185285073,5653797.745371365
2837,4915062.270925114,4801010.1649260735,5312144.300445318,4965597.092838665,5431357.163387257,5307558.822282989,5523624.253853886
2838,4948055.503628307,4811390.076901628,5206425.057983817,4871627.670864907,5387214.264462835,5402180.519687396,5591004.879900939
2839,4986798.793559466,4980752.735606023,5243029.030577596,4891033.8087471835,5414112.114000475,5336548.660413871,5500999.051243789
2840,4993377.262733645,4906426.226548132,5218244.11708342,4889730.012920903,5400870.463177281,5419694.154768415,5480399.720875235
2841,4952802.758937079,4995196.803051222,5328856.775039512,4861804.822497788,5419841.471079532,5390590.483274979,5574797.032732739
2842,4818298.792861511,4910330.938086891,5320228.907998957,4965096.534371847,5439752.391545864,5448248.894504512,5415085.797897278
2843,4934403.797428417,4859308.518396059,5333581.323120147,4979977.699616629,5384093.343059114,5301972.150863706,5526955.489456727
2844,5013892.291976863,4908623.901391725,5209003.429329407,4909521.064216249,5315517.949379584,5326130.865333718,5561932.084860517
2845,4966092.606430158,4919021.336814758,5336534.8504983885,4952673.302196664,5461718.122815445,5348440.995450705,5471001.0041575795
2846,4863894.843765305,4976522.832013805,5290131.44101219,4962741.809772419,5432097.475170702,5411739.442060648,5651841.678441627
2847,4893942.810524378,4886649.840416592,5204490.493382047,5052189.732564783,5468757.618530472,5337485.750228461,5578032.727702057
2848,4995479.126959536,5002400.327533284,5156213.2430923395,4994095.101402225,5425652.244609652,5492160.086948169,5524391.515966047
2849,4905023.419094348,4811812.117103784,5311247.8459636085,4834266.20759466,5458852.7872259,5272010.983432694,5628388.101961227
2850,4982110.230486666,4903666.084661931,5100232.880997246,4976286.005055974,5385238.371652414,5397603.087758921,5516588.363024028
2851,4935969.084588031,4982382.811323315,5246509.430666668,5017040.850076088,5418109.275356015,5389424.713244667,5515704.447539533
2852,4863386.07769391,4969344.398409654,5256776.654974801,4982029.988221579,5453628.290053236,5311383.230010561,5469348.254128307
2853,4921647.483531708,4924670.889309751,5208561.638061355,4933535.542219476,5476630.805357058,5395964.272366799,5601159.498084814
2854,5007602.174301331,4880541.173172916,5247258.7385232905,5031592.717133415,5373537.556852777,5282120.1651616655,5592042.148921793
2855,4989367.695941843,4887144.811789099,5299362.600216673,4951991.562877347,5434434.72692136,5365077.741321944,5581285.727990656
2856,4926312.84628884,4802404.631912849,5310062.086793958,4882443.695928069,5406562.614738265,5312899.524922375,5593330.460752623
2857,4923040.054625822,4961722.802269055,5328013.129349592,5010582.558673799,5526178.024836989,5365877.976236762,5419428.289085573
2858,4921562.909317746,4903356.464569342,5334785.030666343,4906844.537312235,5484306.926089558,5203434.262609763,5474430.106985183
2859,4863676.678518094,4855773.182388408,5250402.640994441,4854848.231828915,5427184.556287404,5310997.940892331,5474788.64202664
2860,4893652.165081815,4824362.27797995,5199256.8710024655,5033321.077009924,5382393.3969149375,5353248.438476963,5558650.9877432
2861,4999563.111400529,4912825.056254478,5271023.297831354,5115809.192934576,5413163.756123928,5338000.888511678,5649743.011718249
2862,4824759.016987584,4815755.465359287,5152942.991534662,4973374.5783743495,5553029.354808496,5358266.494355312,5451207.456958665
2863,4938778.066458988,5009101.4732483085,5234844.878672347,5054323.594282136,5420070.182577703,5328928.76969128,5518920.165745313
2864,4919115.599820097,4911865.555380626,5292547.807081274,4887038.124784278,5515466.082395284,5218810.407122504,5586467.625988613
2865,4859896.307228549,4882135.997315446,5205527.236155033,5004627.030719361,5420061.091972098,5430268.092910309,5583405.85140482
2866,4938718.533434507,4796702.600214022,5252948.211204739,4896360.883495599,5389400.6334855035,5190570.843128402,5532348.388777692
2867,4942834.297549644,4902950.459894072,5326804.854003725,5019468.603215868,5387794.1439215,5315812.7465723995,5599915.371835053
2868,5015013.169568652,5077204.290555774,5298790.547246034,5017169.241591162,5470187.620513094,5296133.484186916,5559564.488159668
2869,4918955.799758586,4949748.371049842,5301168.340869569,4975227.322631519,5527780.841029926,5194596.176508227,5646159.403758479
2870,4926390.098173999,4929752.559282621,5371574.434417881,4938823.606675711,5553029.1746657975,5366117.721509056,5477404.788084816
2871,4850885.7467661705,4945247.135615328,5213838.12355494,4877701.76108154,5487751.438888229,5334525.260110252,5591479.756456223
2872,4932408.155249386,5008445.145267473,5213825.5451939255,4967968.221604306,5477141.716266958,5376180.304614998,5538533.872096345
2873,4967055.736154279,4902417.572952086,5312831.818561042,4998412.998219906,5516745.768611872,5372620.546047529,5476669.831523968
2874,4988884.735453087,4846075.940352669,5288154.73702612,5003882.147274483,5514120.998353062,5345984.367933323,5546113.144390468
2875,4972034.716229796,4927173.0397574445,5230001.780194073,4897370.12706809,5479429.861323099,5146690.218588743,5410367.0171785895
2876,4891540.824008748,4900333.678259344,5212682.484086136,4860568.9586704625,5342131.563198587,5241236.898557607,5510985.988141614
2877,4909547.381223585,4826234.358543313,5185418.696678788,5103686.967222137,5434251.074963584,5381543.502168406,5599457.104314215
2878,4895123.544044696,4818570.528149934,5117564.855741611,5014909.623799285,5450965.8595058415,5284343.889267291,5544258.59926844
2879,4873383.9107887605,5022894.022529888,5303576.401845568,5003887.910875077,5428241.263257396,5400663.588239702,5593896.767875666
2880,4819646.394400539,4856878.189199714,5332535.71710304,4975450.367901198,5563218.2422415875,5356539.769220528,5571284.652973589
2881,4918871.849497853,4994602.827582621,5261155.927146286,4918291.315914732,5387597.917888475,5421868.97838285,5445369.703431985
2882,4917561.628804229,4892337.9136689305,5197211.904943334,4931103.114588116,5469893.199601958,5288625.925592924,5413127.566470456
2883,4857931.68118818,4910470.498959921,5193636.366352299,4961659.839583214,5306643.298863193,5363753.895071244,5628304.54297692
2884,4972532.888221424,4875513.811966173,5260645.877504057,4994550.915489466,5402197.061841261,5260966.735238665,5645420.047266048
2885,4971382.083802227,4911843.653449814,5219312.424757241,4964204.518287088,5377575.804344855,5321292.607125533,5392713.383848911
2886,4898189.087750889,4849039.832479002,5162438.991089821,4921593.729940559,5405483.5180689655,5312682.42375317,5480800.20608367
2887,4932197.456100343,4963635.547487341,5337273.614856567,4964631.863889352,5494657.385125165,5343477.866587546,5617547.453071035
2888,5058815.954799588,4842743.4162697485,5155495.394900856,4953983.213402989,5387624.486323241,5289727.135050706,5614586.617663152
2889,4945758.55709645,4915430.567129425,5238478.652763102,4906129.602796832,5414145.361744964,5390982.82748036,5583856.244536942
2890,4921594.038057066,4863692.1209828,5291746.60871182,5099813.221295662,5487394.364023913,5287477.792063135,5592733.251472864
2891,4921898.746403715,4945781.530240933,5219295.005656119,4912876.327429921,5449061.404574828,5396539.6305889385,5477065.550726605
2892,4822711.518820297,4856111.2118579,5148555.524455792,4899512.874685886,5409098.4951132545,5316973.212488569,5510176.590742685
2893,4937113.288376529,4841676.728615065,5235511.62586708,5020052.348317885,5492292.6548264,5325429.15881445,5531154.293087983
2894,4943424.007860172,4962980.450892181,5186272.43808258,4929787.12104773,5405908.097335145,5310441.12433479,5551450.155817252
2895,4964618.586235959,5025039.6303223595,5224204.301483906,5104199.817236052,5424365.36824891,5234133.746517231,5614724.995081166
2896,4898481.202068549,4919904.808214796,5244573.943083625,4830314.932506618,5430083.8065179065,5193313.241096641,5549503.638115634
2897,4910958.3543505855,4884685.798059416,5153881.921727583,5001348.195682107,5462131.445949363,5252457.700297528,5632867.888064955
2898,4886813.825535562,4897489.3118940545,5119146.791278934,4843022.48638125,5410927.784544104,5371343.846142295,5542487.212522206
2899,4877675.053602539,4965805.263098833,5242535.095954178,5022729.994725374,5354476.380729205,5347284.656362722,5610226.754251359
2900,4915165.568569846,4903251.105681895,5161303.731711653,4910460.852285794,5505715.265189691,5322942.030743452,5623167.242667059
2901,4898487.881674604,4907898.964805964,5227202.061231189,4935370.8060954325,5376161.277306487,5289059.430369638,5592301.807805661
2902,4918641.921803238,5064174.270108188,5286741.903921358,5086993.224477549,5448656.519753701,5297405.8004867295,5436432.1055976525
2903,5041144.476870206,4929199.711565755,5325303.4154100865,4955305.689834232,5444109.235068848,5361093.776641375,5622773.369061
2904,4919532.239813593,4956922.785923969,5361400.36877792,4892335.28307006,5354986.852752874,5271849.997575365,5491226.267951773
2905,4997462.103251583,4862270.753402676,5159588.889892903,4897990.01579889,5442868.8983617565,5456962.164596091,5529311.208954878
2906,4851476.185204446,4939801.179418629,5235934.310528259,4867258.532004651,5406296.870808335,5437523.172424979,5667859.75270306
2907,4828090.455781003,4997562.501903748,5177931.1710789865,4940996.38492527,5449641.904758804,5189358.824869821,5681926.358712217
2908,4894042.482124262,4877433.559777977,5287089.92625748,4861389.936249398,5457513.650235733,5377064.8592091445,5546883.0877885055
2909,4958805.622276278,4960854.066835461,5283961.896596214,4921102.465704154,5501569.204680294,5283537.179443581,5502308.879814415
2910,4965967.526337231,4984297.138254875,5233233.724497937,5100836.610741646,5483501.329069691,5347669.652716251,5581075.171973228
2911,4904200.760047527,4838465.8006336745,5242341.105833022,4968620.110884098,5345393.250759583,5255739.5226474935,5533676.920838296
2912,4976279.935660141,4941279.340550484,5291063.253217245,5031852.217515921,5466424.359121068,5356774.160962105,5548893.399657627
2913,4954721.282055336,4956745.485359734,5269907.580266939,4939733.371028162,5508811.222967337,5356889.938924836,5613518.115615277
2914,4861320.796732851,4880028.500846999,5259028.859489136,4893011.462682249,5443737.4162547495,5303762.165792082,5437768.910583786
2915,4958303.764519309,4932292.045182727,5171198.386646855,4978884.1602234915,5439833.2769421125,5298255.956399107,5550379.737677901
2916,4981100.894696714,4958846.253723497,5461050.705906225,5071811.102398403,5362703.334508568,5248414.1076485505,5544575.656846074
2917,4951029.218986556,4926328.711611884,5168431.335364056,4966308.471212681,5488701.886954473,5363247.5838511055,5567279.430949199
2918,4892840.30099835,4967393.298465874,5279569.291097941,4896209.661234031,5428044.2265089415,5274114.325670465,5507218.785794471
2919,4909334.092737134,4866053.539420661,5244470.873636769,5003966.482658947,5417519.456854646,5242791.092699097,5621585.236965949
2920,4954606.1546477005,4820719.111624168,5361619.443911693,4946824.264062019,5427727.518851521,5445284.036354281,5570206.128772296
2921,4854090.392520896,4840042.799504471,5156228.137779194,5040252.304279965,5406515.318452992,5365469.678094544,5640053.756262091
2922,4925065.700295238,4852693.815269813,5148384.233206744,5010579.532275347,5457545.333543595,5480621.002773225,5606184.898012042
2923,4984471.695610308,4948580.699870528,5283073.314828859,5004789.012406356,5441116.941358898,5402571.708765489,5501230.200877374
2924,4934031.170219009,4927774.279040223,5385028.120156027,4958433.337088642,5416865.003896077,5405481.104574788,5699978.056976473
2925,4864446.539368022,4804178.449087712,5353610.029668065,4997580.264105137,5363468.144274213,5218692.058215555,5496845.43160933
2926,4866451.210671784,4841537.725717349,5179230.266781462,4967219.511499101,5362800.4884361625,5405158.554841138,5594943.163479343
2927,4918568.862334555,4873096.736062086,5242320.691948882,4849865.868776566,5427877.088354825,5398920.411356315,5453993.419680841
2928,4945436.133992967,4929551.9015831,5319136.729719124,4933493.988944808,5413194.698036101,5227621.793463858,5561056.14778668
2929,4884348.102804329,4919231.790010563,5132990.078260551,4929882.436742913,5392762.857633305,5242241.794655446,5565499.254348252
2930,4874503.8785875365,4883531.798200956,5182764.676370423,4962884.095814664,5446737.837330505,5206551.179753715,5639729.118095249
2931,4821579.4257164905,4975700.665687277,5270322.717394341,4970022.287930045,5436028.792599684,5303829.431922926,5399888.019737489
2932,4913370.090625218,4947641.204368001,5289966.875489407,4969180.820307224,5371677.495714951,5274537.838226552,5566845.483552569
2933,4966792.982694395,4962015.044473872,5173121.827926151,4928288.839913089,5393161.238297529,5377307.963086367,5532504.8602812
2934,4957771.188335993,4927920.959538482,5308337.065685,4969026.6769641265,5395483.814964352,5128840.671958781,5635052.82746331
2935,4927969.829206498,4963844.874949838,5254396.06708231,4892204.1722875135,5492608.569831481,5328501.9149047155,5544754.030444437
2936,4942968.883947263,4917858.154184658,5188028.8821209315,5038338.14251935,5379618.22434527,5225860.317061234,5468040.086324323
2937,4971849.596679572,4982192.534940455,5257484.933353597,5038713.958676763,5479653.156961894,5488463.068781255,5712247.849810716
2938,4866560.156685802,4992013.733860031,5298169.0822307635,5015670.152158743,5435462.696464596,5181404.272448086,5574045.549288975
2939,4970439.221288113,4900037.968477173,5237894.563318043,5052678.290959345,5428417.371308449,5413834.316861322,5518451.44052681
2940,4962004.808095141,4987274.966028054,5269405.682536813,5014889.785732666,5387684.421459345,5429253.884461598,5514388.247714797
2941,4927458.676464093,4871442.779152047,5207011.7312960485,4911018.196275897,5475835.866981911,5376685.163004397,5628869.370264117
2942,4894399.276569204,5042450.5561201265,5301247.0743841985,5002516.924086625,5510351.5496473815,5349044.552955784,5502285.716102061
2943,4916097.376219321,4874338.110828517,5219268.947033803,4921309.727764398,5513598.411753829,5418792.036014365,5586858.468955379
2944,4831440.704683578,4880755.3535231175,5302712.0861344775,5050463.714908189,5474727.118119413,5342556.585987661,5568885.287774126
2945,4892731.23922702,4878258.104468511,5307512.820951963,4889596.271454527,5434843.997790825,5258415.298263989,5526979.804631617
2946,4982100.085267564,4908475.961304887,5319532.2340105325,4901965.524363007,5523516.744550145,5410389.028426172,5666455.485802527
2947,4959294.0439171335,4887635.947994407,5193341.192492893,5036161.48596608,5321568.518266151,5285489.2705560345,5612084.958440734
2948,4815084.828042941,4974453.071419914,5273335.666525184,4925786.803143843,5417052.677322781,5402405.710787779,5661182.378940687
2949,4852820.022732143,4838821.309701637,5302137.452815115,5045932.598140795,5426829.476602835,5379375.110062657,5598920.0668009035
2950,4955489.224217158,4917555.642245453,5299913.962588163,4977119.165729857,5374889.686386942,5385877.837791329,5529778.260943468
2951,4978986.674768079,4864439.37924433,5394028.513274452,4880645.762814679,5438462.5366370445,5353692.821200888,5578196.104494163
2952,4829184.840741253,4905865.067092791,5356709.064074862,5036035.145496745,5443353.902511818,5384537.214148874,5552091.220057014
2953,4976904.161244582,4894854.678641012,5274164.339994815,5065087.442416858,5448983.00373756,5278586.100426482,5621083.612172609
2954,5040817.345268789,5011107.502520279,5235422.744556487,4971691.970827616,5380079.589003945,5240664.624379649,5660107.276256669
2955,4912267.377170468,4894344.681400182,5291714.539281075,5018917.671905325,5414913.835284588,5368309.660805353,5662267.06717488
2956,4992572.42963996,4923673.304333356,5327700.508338902,4866647.371954624,5472193.225951107,5281405.153098841,5617333.289910428
2957,4923934.62878077,4907362.514614412,5261999.223602535,5032023.440489193,5502468.179971986,5287495.2185574975,5602078.317168875
2958,4888667.09912195,4943172.667281264,5268835.585490478,4925291.713247485,5464329.292397516,5211150.163903871,5575397.660157046
2959,4903419.622457389,4872423.014092949,5335077.118708722,4900878.8475362025,5457657.824611234,5222849.601877695,5583180.6611344805
2960,4880113.893207173,4914095.743308474,5166004.293046271,4907324.587280685,5426649.172172797,5280431.449218558,5531149.213454766
2961,4918493.215032881,4940384.040658973,5229468.942383256,4989352.122597792,5538742.182150541,5310560.741111232,5642991.751755255
2962,4930764.195523201,4983595.33348693,5397122.939610902,4956043.587866725,5428706.635992687,5298904.775861059,5602604.966229534
2963,4932503.11744384,4889477.737667063,5345635.4052082505,4998057.211457771,5382993.890609733,5302606.260668852,5559267.982315579
2964,4914962.951971462,4959915.066295902,5223264.950620596,4947346.588612862,5429497.122760662,5284898.398119585,5672127.827211153
2965,4870958.732448039,4915985.370174243,5300027.217815308,4977872.132566193,5440850.085460386,5293282.761259039,5541714.1033908995
2966,5028436.002138322,4964877.936478901,5237172.1653485475,5095874.055827775,5493209.825383846,5407909.908778695,5629897.935399059
2967,4878993.022997739,4913666.208455137,5161934.648295726,4933267.112797952,5396427.966236285,5278128.246924427,5361107.084497096
2968,5055059.189167597,4879492.572137399,5258501.358784645,4896237.486728071,5458805.592045219,5361412.798533288,5579769.012503346
2969,4862008.921693189,5027186.05615332,5183139.853549735,4925678.112929666,5418220.948696921,5312366.854790114,5597847.99246136
2970,4933783.710907201,4871354.06247918,5219867.991576601,4897100.5607622955,5485594.301039664,5391880.7109661475,5573635.014438013
2971,4891071.2983659655,4951332.145980785,5252484.252922617,4955030.341921816,5494727.731325258,5338897.814987912,5585504.1553176
2972,4938115.273634217,4888181.99278719,5270042.649339834,4894321.320314053,5500009.019422518,5316093.759307188,5558458.027550604
2973,4820495.212045119,4952642.231903164,5355022.209442993,5071313.262227435,5521210.702642004,5347670.548695667,5625580.308173025
2974,4918187.243306063,4891505.958743301,5307875.0197979305,4972329.044482899,5448082.127251332,5306980.571993268,5598676.642081892
2975,4882024.16533452,4914800.892623636,5268108.72622967,4860488.256757589,5437833.603828505,5200994.518045524,5555056.652603781
2976,4919708.616638056,4896509.216342818,5366614.894194624,5020556.171517235,5425779.251683451,5440107.012457131,5675372.6977812145
2977,4895695.201647743,4950847.450140955,5231839.84507371,4953270.533196314,5397519.070815941,5143309.223144388,5611892.825602101
2978,4999822.996335754,4913310.818533105,5240589.9176862035,4991038.197992885,5287130.729871085,5395276.2050667275,5512676.4258076325
2979,4911992.231461556,4919842.262788175,5417922.520931653,4916021.875566236,5416518.721710528,5257082.74232474,5700994.855080919
2980,4950965.81372519,4896898.861431386,5364368.594207766,5063628.5687554665,5500283.737894801,5286894.379764335,5602482.118672944
2981,4874122.067377052,4914112.023002544,5292085.025072662,4905660.625729671,5361785.175838827,5445037.033465693,5497729.286661228
2982,4919733.8093128195,4841393.352829183,5264284.108334364,4991658.980153605,5437751.59033285,5367276.8929341305,5481670.976462774
2983,4915002.936606138,4969706.188071863,5227084.821614782,4898125.653521322,5489652.792243968,5413269.137639409,5467733.260713225
2984,4917530.533278964,4909180.002473046,5243537.834168696,5040233.916475341,5516522.749624218,5382447.525565958,5570991.875782079
2985,4909187.399848213,4952297.694339316,5283875.349760145,4953436.198097828,5482738.052224012,5332661.046736289,5503681.1394740585
2986,4869917.112658787,4949226.69499901,5232372.272949793,4941453.501074554,5403981.840876931,5311188.620125047,5564801.941111534
2987,4960588.135862876,4923679.923097648,5219678.405865261,4850944.050237276,5344378.509965755,5287135.229755636,5515152.525746084
2988,4886421.257028396,4866404.924651355,5343455.812268,4995049.569435505,5441229.150629766,5397215.780488757,5611239.531291402
2989,4950273.396706066,4959809.872972243,5281958.039936864,4926283.921696452,5425992.541548055,5319127.540564667,5546013.669584103
2990,4925762.613409764,4949100.163039084,5233202.7235038765,4884833.965652927,5502688.225738109,5339207.594714126,5538113.296431583
2991,4899159.527532213,4906457.114126673,5263230.856826295,5042825.6502784975,5415435.222421236,5365047.1366511015,5562364.23568106
2992,4951523.726603487,4777438.6261127945,5279034.264299343,5002803.919601611,5428187.386425229,5362450.653162883,5536217.422661352
2993,4906129.746828889,4973066.889761004,5244080.585990289,5036711.331989401,5460381.692296173,5331323.113377654,5684681.5791883245
2994,4877471.7691294225,4902966.62466743,5328842.4249417065,4934222.962827984,5450084.345017781,5484715.80026389,5618777.117200833
2995,4986644.727256604,5005808.251106715,5345339.799514694,5003949.666486373,5504632.853514126,5362452.880260302,5732871.9458542075
2996,5011557.308906284,4873146.848340737,5284844.043432981,4921374.790376752,5471803.962817423,5350750.724257728,5482700.50919127
2997,4947253.970472116,5014371.747884165,5251544.851821414,5040503.62229926,5386731.454008987,5212417.442201182,5566167.494125177
2998,4892649.991182411,4871516.533043973,5300175.347971873,4908342.986314382,5271239.291458423,5449330.215980704,5460882.81061241
2999,4853846.149812634,4914715.82186833,5276013.960927063,5022895.014906081,5449826.696789665,5391908.724969262,5592311.5912385695
3000,4846619.958536765,4881986.912451554,5184777.4171070745,4985076.733290434,5489871.248482183,5311721.577370033,5535620.9569986295
3001,4963645.545038083,4918339.441967048,5267223.388853335,4997238.489748313,5482087.70960481,5332948.089399917,5505670.735582646
3002,4931521.820236056,4897061.280700749,5298581.15265603,5064922.890913103,5421733.917846654,5397109.730642608,5631017.352615489
3003,5004081.581208389,4931557.503960657,5203519.354746434,4929868.851585745,5359645.794796544,5325676.725011034,5547857.831372112
3004,5000619.1393214455,4904376.22901228,5144235.743745538,4984836.792477598,5415536.479779184,5358625.6042307,5580227.7503916975
3005,4929020.831626332,4864333.235789544,5340194.066967416,4987128.630741452,5394791.633158276,5353791.901474879,5622822.565041459
3006,4836302.133146716,4868156.630442329,5396104.039217207,4944699.307878505,5476190.747341167,5274935.885528637,5543185.31675089
3007,4961373.5774697075,4942149.411136189,5351054.988854865,4858834.267921329,5465971.624934549,5292698.152565008,5529937.677833452
3008,4921284.231723295,4804810.43314483,5199006.412838636,4994916.124360514,5418651.572120553,5410438.154659288,5527767.761202456
3009,4985403.789549667,4760403.472359451,5152248.035161305,4967379.357129433,5481912.680445925,5410691.199675703,5494650.620569702
3010,4958286.086051401,4951231.472436525,5204808.062265486,5018882.181966544,5366298.493345187,5315731.886843135,5501069.103368803
3011,4937754.500080216,4958209.176691192,5281721.936865416,4884809.469761011,5475633.721559113,5317980.7082124865,5571017.8853046205
3012,4926051.569831622,4902325.231184042,5254052.904702471,4965624.048799056,5531843.495730975,5274452.927367,5622832.353648733
3013,4844286.876319751,4984975.087551145,5185503.406407914,4983865.142582241,5463889.883961906,5235985.730993637,5511682.345101317
3014,4987677.96646968,4981299.052851738,5133022.6574500445,4961334.963849737,5432943.3547407,5472559.452029344,5595056.492313967
3015,4918182.639789771,4978963.0119284075,5287098.533324804,5051901.143509823,5441223.3780311635,5308446.402244072,5674320.679201411
3016,4870065.364897517,5013835.635914725,5235576.467393572,4960868.767615704,5375516.888269296,5309196.541904826,5624185.347603516
3017,4920864.8376809945,4972282.648918208,5376446.91415225,4953353.370977123,5396008.057559267,5361764.539917242,5499013.912507506
3018,4994270.5006954055,4945291.759143847,5273330.802215301,4942588.902185827,5354546.425887073,5329060.626818223,5538608.336556676
3019,4943093.320083722,4922838.548036011,5204009.732409342,4917385.725622627,5478268.596800349,5331743.304959238,5606344.936137704
3020,4879835.270666391,4947928.881286615,5199660.375177733,4996429.979584038,5400961.289231709,5264750.686146388,5533941.856985073
3021,4937389.371620621,4946908.132004756,5379244.225992,5055157.440998852,5515476.830109637,5372476.4886769345,5539444.51006611
3022,4910424.853503985,4900479.076707675,5159891.341073671,4998119.6372394515,5435937.734216167,5318794.946409578,5457592.3612317685
3023,4920834.530013521,4988025.4829062605,5266213.701974817,4910528.033637301,5295156.50675582,5270397.902460252,5417905.129688966
3024,4989146.674281246,4844205.462005691,5221626.11238195,5058502.735303681,5352400.878844163,5351116.833388368,5606686.804732455
3025,4807706.165452757,4902868.37168544,5166044.535968277,5034967.135384886,5454026.76141271,5227903.860953067,5467534.525360555
3026,4954028.840640723,4971342.223399566,5255143.645712017,4874350.366441309,5545762.34847716,5280224.173973234,5597328.617563729
3027,4821193.154887751,4813381.9794178475,5199478.887203324,4966841.873104932,5458134.548207435,5349245.331904711,5528864.510314813
3028,4968995.616867296,4877405.460267488,5254515.480423317,5119664.872086754,5594213.418273692,5343248.800421363,5594340.151838886
3029,4910886.482656968,4997217.2050914485,5322894.143155407,4917163.619587189,5546504.715792984,5364391.798689851,5573152.541079916
3030,4976307.520176949,4898762.057075982,5319912.71511631,4966850.277360223,5375185.504794419,5392667.453317702,5511038.608546371
3031,4972598.816457684,4927161.864624923,5263067.767837343,5096217.935982443,5475292.329396589,5386732.631030217,5437877.40023534
3032,4880756.304917552,4889327.864144891,5354871.266374395,4990182.152062535,5553404.728709256,5277013.785159747,5589047.541081382
3033,4867964.94587051,4925735.181641215,5251003.972960625,5015983.987397403,5356759.817429446,5430932.243737435,5577840.740624355
3034,4891543.162343968,4870800.657432642,5187988.598075762,5024351.917239873,5381170.564915024,5284971.678419906,5597191.309087722
3035,4873587.288683728,4988034.947742587,5291889.982812138,4972353.496180091,5461977.965947008,5288963.639698738,5565951.621366348
3036,4922286.802914538,4900666.364636151,5392631.239236768,4936122.301662865,5375249.891577833,5248969.6868129205,5521208.84071116
3037,4957287.869807225,4861267.785656276,5315770.257534008,4956848.718122851,5393859.876322251,5268594.052604929,5586209.885224767
3038,4910601.452975661,4949634.6939448165,5297091.799937682,4936482.689315448,5367117.05781197,5324128.747053992,5603258.346977147
3039,4963374.812688127,4965884.03376785,5279635.460173463,5020463.813058829,5504176.238664309,5270341.2449672,5650438.235183639
3040,4898570.037329781,4945329.091900605,5214983.692882829,4978319.908304519,5383677.617369658,5352524.997495215,5627266.103132447
3041,4852117.406433761,4934029.556902799,5160742.525704314,4990508.182311966,5436393.740107812,5325608.019878689,5626361.5692694215
3042,4998334.999758756,4927739.233622112,5200660.644964461,4936636.845918447,5411331.850804198,5399522.89939943,5518919.754552892
3043,4877294.841794351,4969213.165912667,5287524.390726291,4985300.41449769,5406380.687803876,5255062.948872599,5755326.831764279
3044,4826514.032369936,4932486.209461318,5217516.064238017,5011465.141978206,5426767.010101685,5328968.489494403,5480499.8791899625
3045,4902889.628007321,4856196.278135508,5278840.284016101,4832654.750472157,5521803.044722638,5306317.126967446,5447199.658495693
3046,4975593.297022028,4921743.035589566,5304126.341667678,4899024.71138695,5407665.638195467,5261201.090865441,5520009.809055766
3047,4981542.041917429,4748354.060710386,5145239.57787899,5106384.729531291,5511906.800346422,5247681.986383764,5492724.282508803
3048,5013866.807229354,4830149.247117524,5118711.841717404,4815982.754560821,5400606.417144596,5396776.408240221,5542228.7695028335
3049,4951716.485250955,5046382.93626715,5244373.171196339,4980205.627041091,5387208.471601891,5249721.494457249,5512788.726806849
3050,4891951.340418969,5037902.342161199,5333968.708984459,5118880.870952367,5430315.833651247,5391649.40774296,5657755.627659171
3051,4991039.683725658,4871003.9436579365,5200561.427789943,5064709.641832804,5383258.879264977,5419630.097027785,5494455.737643672
3052,4888308.869950188,4849370.613052639,5263255.916931739,4923526.463989752,5448639.673865534,5420506.4887382565,5493224.015903087
3053,4881861.882283715,4924271.352211758,5253200.026186652,5023909.916535678,5431705.346065792,5280762.745161442,5563613.384851318
3054,4979957.49008695,4952156.503992173,5215913.551453652,4952014.941042665,5358396.868172655,5437154.514871637,5696925.239679767
3055,4907317.582630777,4945658.497156721,5081575.552671318,4914252.229491019,5366029.135151306,5201562.832966778,5484227.030701368
3056,4974843.37196859,4899534.682799771,5462195.699028929,4977014.838345929,5416876.351925947,5381823.47408741,5626009.4320382625
3057,4980204.922900931,5040556.735441364,5329784.710522195,4936140.868448768,5489088.759062627,5359481.172185551,5580919.389700803
3058,4945831.624620711,5016860.984901511,5291191.661030969,4975502.234982004,5333566.103868199,5208982.710001646,5462354.689329272
3059,4896501.584427647,4957117.71114497,5382160.949445263,4898594.588663434,5406173.67856732,5408074.952394944,5556937.231284759
3060,4893238.303138292,4937792.103993296,5197414.854905368,4939234.478437932,5495353.672794852,5374051.378559306,5503973.869925754
3061,5009537.712035547,4903655.674015766,5150035.7712897165,5017176.812050744,5416832.187167921,5357435.739701263,5597073.122803455
3062,4864109.151833508,4960239.526597142,5255263.405325329,4964599.532818519,5526043.967571959,5273363.489923624,5580502.115187606
3063,4911238.782384725,4924946.2962286435,5229549.6609152015,5087469.204850501,5490097.8267667135,5464458.274833083,5614004.510786487
3064,4943214.684704363,4807440.142731954,5233509.011375068,5026926.836658276,5385709.597821994,5353770.382023171,5490395.458650955
3065,4964999.606227433,4961527.463256753,5172363.123888564,5058357.196001217,5499773.800624531,5290328.801091085,5452776.89957875
3066,4927063.065693423,4859059.975876072,5283781.198338057,4949408.5634403555,5496295.016110006,5219798.677849304,5356011.541493427
3067,4868794.109664151,4932123.364752332,5189723.974378803,5004249.637353224,5525833.896977024,5364012.701694849,5688334.2266255785
3068,4984040.934482422,4967823.311879727,5229132.902514868,4906313.382299766,5462089.086956252,5253448.161421544,5647352.579646134
3069,4959232.06380407,4867330.073052734,5198358.860294644,4917487.464329744,5444537.478706613,5370846.418510212,5604830.176382685
3070,4925868.163083335,4989201.113528862,5251061.339695551,4891918.026071386,5447132.730577815,5371614.441455171,5530203.891262421
3071,4881133.797211695,4955622.150693193,5194730.504656787,4955581.454965081,5383525.982712401,5269462.961548702,5498485.5946092345
3072,4868842.791858541,4930890.63721892,5267070.968773428,4864121.84744706,5447681.442773843,5185294.4336798005,5410701.358821547
3073,4967600.2627845565,5016204.135224102,5238944.945229432,4962598.180448218,5354487.192833748,5421115.537340386,5521621.650134554
3074,4912449.840443297,4757572.594466864,5171202.930449939,4882946.707422559,5338801.489173779,5474532.26421584,5638676.327640778
3075,4974916.205108306,4879046.825096457,5185687.595443803,4896294.957367519,5426877.716201152,5218563.636958484,5440742.480127772
3076,4919944.635024119,4824248.5721435575,5300449.022955926,5011776.414804984,5447084.304846872,5284644.489468098,5475504.368152374
3077,4983043.363597096,4917856.57915543,5327548.520024695,4948203.847994062,5389454.393308633,5274183.032235651,5447100.6858538
3078,4853735.053362876,4934625.7696164735,5330640.537739371,5134424.4825426,5564750.804917506,5310818.840282298,5662273.982423481
3079,4966153.196635064,4961767.778445707,5213039.301451011,4953104.758445928,5445558.295974959,5271949.888662022,5583420.7594092535
3080,4991051.565946839,4919901.464300017,5162298.636184018,4870352.657402701,5383629.522671925,5219203.44869589,5535189.974203233
3081,4972171.106089032,4970124.873377161,5218195.26716057,4921061.898654529,5475429.375963361,5394010.507984575,5609174.49441658
3082,4900295.367792744,5026599.008392202,5302078.148995327,4958010.673930278,5400999.653175119,5279449.032244906,5491395.461659405
3083,4935730.137938825,4873044.262101947,5188115.139213701,4896236.951084867,5438278.594289403,5319034.4283203585,5503640.246300003
3084,4912923.7738840245,4949256.370411054,5266923.864049747,4878168.327624847,5375635.431559869,5321747.060226552,5585411.790523598
3085,4887188.9825931275,4838613.161644541,5232407.363368248,4911801.725799705,5389378.490974139,5290280.906660099,5455713.337591387
3086,5020050.159245149,5040787.532051883,5322063.006514389,4899010.788978664,5425776.561480377,5465273.28529299,5638408.666125661
3087,4896144.693179259,4881349.567870311,5286013.66728875,5030010.682734912,5401830.636683554,5303861.244483065,5561534.554867981
3088,4852682.870184207,4941579.207465001,5323811.1528623225,5016401.503887835,5404635.199519138,5342429.216208026,5508313.6511044325
3089,4967692.401864125,4934295.20094532,5271543.663482936,4940163.797454742,5493897.206757964,5354682.153709555,5496550.88065758
3090,4945398.471096056,4942892.377922925,5201962.951489887,4896063.287677955,5443339.740618081,5255493.636694413,5568917.928507453
3091,5010447.12321749,4907578.879919487,5238807.505940939,4986413.975070297,5425009.888407502,5406471.591303161,5484907.390882509
3092,5039220.905070132,4887138.744546342,5269421.839398218,4993072.731366713,5421661.300101779,5295151.191987918,5633829.9721907955
3093,4824298.286185123,4980497.910459171,5215321.007269539,5012671.4255099045,5407446.768711857,5340801.752176028,5562181.978307548
3094,4982610.180621068,4803412.76843715,5338305.786475999,5036913.45309322,5416549.241546897,5347512.822627926,5607152.206063373
3095,5001945.764197785,4938636.354667862,5327274.719844121,4959039.022071647,5477958.583004936,5356003.057247719,5596202.438961383
3096,4921944.961824589,4849357.073754992,5205721.132187378,4972204.049669744,5390042.808248448,5317055.265692997,5529190.180600037
3097,4883455.720734987,4923064.04965935,5257521.392040742,4889099.518671218,5366457.035515651,5372761.262583803,5493179.005002348
3098,4995734.81749088,4913651.670229767,5337941.947900945,4900195.380809806,5301531.1825083,5290922.130964796,5407532.309905278
3099,4999451.451095917,4904731.62942178,5169281.836825462,4975246.149764878,5478635.462723793,5245792.089397961,5535341.347071744
3100,4998777.090571328,4883670.0613355255,5278514.68108239,4869231.590762704,5459550.984489581,5322918.046458734,5449809.792050172
3101,4812162.363759985,4854400.6564292535,5218744.728532306,4814467.932986121,5319298.876837805,5258281.698806486,5438657.511372378
3102,4890048.607442955,4991389.2671469245,5172283.848477542,5015138.029707855,5289048.867561227,5157495.4378265515,5632668.948686174
3103,4868470.841107948,4855399.608129427,5228233.664939733,4910657.230552511,5434664.579050535,5301228.951984663,5583515.88836219
3104,4962124.10686601,4943858.952086964,5255805.941746542,4902512.329328991,5439848.575433264,5278325.413228238,5429412.182408409
3105,4855262.148490005,4835224.4674993865,5294330.389546088,5029891.209032667,5486341.863688596,5265078.753936994,5666563.145934376
3106,4880193.3993568625,4917223.518540028,5309152.308364185,4912177.193735218,5484309.077916929,5276422.873807278,5677070.375211245
3107,4934482.796241412,4867118.749759734,5361219.9976740545,5030161.140897395,5504711.991184637,5351187.7845435245,5636426.523391836
3108,4863199.936300307,4945658.770294295,5206142.531282346,5032220.819311142,5422258.870389847,5327233.813631076,5481778.128004432
3109,4936477.708035022,4901781.760692355,5248504.433660544,5008961.28280494,5484739.774916678,5313648.542656636,5694975.821400167
3110,4936347.293312996,4978899.903074375,5331476.106875231,4872856.495734885,5425232.94211999,5318310.5134997,5517237.343934016
3111,4867876.510592584,4948199.937855648,5263168.823331991,4980643.566948964,5494154.854290782,5380981.077104598,5698379.698609003
3112,4943356.875276066,4924213.94734352,5234561.076723341,4897813.40137575,5434563.139156899,5420899.734762029,5665985.435538364
3113,4902123.745081666,4996833.198633569,5208330.347321985,4867272.560949115,5485972.0000998415,5274588.578602542,5490114.116832599
3114,4831848.512223611,4954636.96607673,5225177.754449893,4897167.3608933175,5404141.626649394,5365951.773229364,5463956.192149457
3115,4844105.695345026,4977745.141474091,5333198.769196257,5032218.0769369155,5344298.81893968,5185497.624013857,5463463.057974155
3116,4849286.779675647,4904085.285691212,5242985.459317657,4927865.986153393,5446965.407678504,5199041.182394072,5641836.6629958805
3117,4960240.866968457,4911377.866978746,5270140.219486643,5076358.298798661,5506391.962305527,5353701.447369234,5527100.823294359
3118,4816547.399235335,4859353.101578912,5276851.473449988,4993323.538351354,5449590.915691383,5286287.187605234,5510772.44740686
3119,4877615.356313477,4896120.641383463,5281452.468913178,5062393.438041069,5433395.043636619,5283308.802724982,5620376.105286513
3120,4844363.998514423,4972008.903905604,5195564.834390019,4957805.89261452,5411840.7363101505,5332312.7563331,5488491.570226126
3121,4827663.415724467,4909340.836184662,5316107.357619944,4828269.624663826,5493437.978547793,5392013.835400544,5588356.124499481
3122,4848735.641888359,4902881.828129073,5256424.7720206855,4920111.171975662,5455912.051736548,5340283.994694151,5450183.841788127
3123,4847130.170316408,4977272.9493109,5233099.910745457,4964072.593468529,5401315.397388709,5385027.101387139,5636731.166527616
3124,4931746.118943196,4957188.541245084,5357146.4436311,4954595.6244263295,5445756.630665939,5264554.732052585,5433835.311050665
3125,4888909.879146799,4891160.791109651,5375274.223740807,5025467.643577326,5495998.296602139,5513335.175510642,5519244.470721507
3126,4947472.565470599,4825625.94276263,5354541.351676861,4877526.258773336,5400906.773871837,5246070.569765302,5513989.200049186
3127,4837271.726908086,4907796.367602681,5315974.925847743,4975334.598037058,5357644.164178518,5455661.545333205,5622153.428587081
3128,4969287.023794329,4850052.9080627095,5236976.676367563,4902389.861029446,5398054.359212113,5432797.183386689,5480067.019765734
3129,4890723.748649425,4846840.522202001,5312924.641600557,4892222.724295306,5363870.35258365,5204821.854976027,5549772.428542476
3130,4899196.975057625,4843580.804139091,5279021.988445255,5110402.409795493,5470204.872758021,5338810.529507263,5542112.536530092
3131,4993527.610902718,4987837.200525368,5209390.340626669,4996260.8093616115,5481329.077791943,5300737.1953867,5595507.215537083
3132,4977924.653999213,5061916.48017741,5218326.4892470725,5004735.293107891,5378086.557831369,5214012.770435436,5507006.327679408
3133,4867238.869088812,4780792.031134728,5191919.883936495,4969344.970221319,5439054.98315403,5388322.407204392,5569991.330662963
3134,4837297.089746185,4869366.789811215,5271732.223727784,5012402.038838511,5473368.355193825,5339949.1529920045,5519220.621719876
3135,4920016.654371741,5008432.9743762845,5305494.082878919,4960633.633889411,5421175.461609281,5318501.355247804,5532736.553863412
3136,4951826.923831456,4899803.27474768,5403393.814345398,4871402.640774048,5498985.295955469,5336150.621215466,5543108.844031907
3137,4893821.049420553,4967358.82330945,5245666.682309321,4956455.167572102,5529319.224712992,5334719.06372134,5678640.154496156
3138,4932481.988371108,4905680.640454673,5334088.208388932,4978411.222419513,5388774.827938953,5284987.017957529,5576545.723422694
3139,4951486.479207698,4932335.645982985,5128879.50698786,5092281.889251451,5436682.151697491,5337150.063512728,5507416.954600167
3140,5007063.150425052,4850311.416635788,5247211.811594516,4937460.473295291,5460167.403886529,5221236.774006456,5677019.711138555
3141,4932484.4855194865,4919582.859583383,5254114.066863541,4931846.846836606,5363971.72164145,5255489.312136616,5448855.330040174
3142,4926588.360690093,4935782.544733581,5278806.202400455,4930572.433043056,5563963.098549709,5341399.60717443,5586492.576564537
3143,4823717.620015674,4933172.223560125,5200611.385112859,4967454.332841078,5446942.68834923,5337539.624970032,5648767.154706084
3144,4910631.019781,4853742.748047176,5179484.334760763,4919908.914200633,5493525.645345019,5378283.84159665,5531143.889972949
3145,4925270.234850801,4933551.993927471,5187921.701238267,4935475.62846933,5492735.639415368,5360870.5252499515,5570699.307723806
3146,4890390.614411136,4886943.254680545,5192097.101800714,4980538.653497389,5468775.094892743,5298576.663117514,5694328.954068425
3147,4829950.442237373,4924610.606135457,5303333.017452311,4991756.950805368,5463188.353730791,5376573.905956758,5612259.431013996
3148,4941481.747355419,4943262.712388151,5306226.65177253,5002403.495816691,5357123.476742887,5283149.161557231,5639546.275860534
3149,4971237.101301028,4941666.911610192,5304839.339208595,4915487.12726537,5322912.374897093,5360042.052569617,5463557.628052817
3150,4960626.758262074,4877029.175953276,5333538.938193375,4921780.967552763,5505980.943895327,5299283.999354722,5487281.635136656
3151,4968247.650950543,4886916.310367536,5252364.066093285,4974273.087898208,5472040.485426331,5227169.6864385605,5605034.450333646
3152,4911256.950577691,4995536.575526827,5295820.779920341,4941584.281303386,5474358.6942772325,5316468.740791006,5648454.472970629
3153,4993246.51367451,4973727.332840925,5330279.143192891,5070484.681479936,5413977.3444417585,5256351.428608111,5512620.729323547
3154,4913755.671643777,4797932.688833851,5315045.588590439,4991825.240594331,5439821.988476686,5329983.059986591,5563339.463095289
3155,4833294.808033491,4822111.199365726,5315923.245014025,5058718.968295296,5383081.09911846,5316917.1036680415,5602710.687234659
3156,4963777.023476847,4974692.488713319,5317490.063053557,4904002.078096256,5370332.232553501,5176339.498551683,5554094.843883044
3157,4908388.900605295,4996463.802280224,5296880.347112025,4951599.97976512,5528082.044743791,5354319.9943138845,5561958.624182902
3158,4951736.486861037,4947269.727088319,5279908.767541379,4982629.233066238,5504938.313855916,5447094.144604677,5538615.788574381
3159,4952321.311462287,4838795.736370942,5277654.615711245,4970170.525810577,5437328.354982853,5327196.323198983,5497323.758315567
3160,5038145.674333206,4916590.18734499,5216809.239086545,4882049.115096981,5374283.504593886,5300963.188635829,5732574.981531845
3161,4942940.786991947,4895821.617733139,5314865.40269521,4929069.105037694,5419908.483341531,5318812.71020252,5665434.303304998
3162,4918932.888502226,4979863.570976312,5193028.489010945,4951882.149711238,5433442.126227591,5413721.574584944,5487095.063050618
3163,4951856.758932945,4949875.926987271,5186369.625143532,4966108.8381317295,5424665.826412937,5314197.141115206,5604424.122451848
3164,4844699.580575818,4966821.16934676,5388255.3604504615,5113168.641028828,5499058.5342777325,5291128.854163632,5665315.764493283
3165,4922591.087062094,4892575.01158626,5255251.262104933,4887494.3713136995,5369244.836437137,5405133.544068753,5483879.0109917
3166,5000110.108334309,4964573.890726417,5266076.997198709,4925164.002550192,5395482.951945843,5443560.036833265,5552534.715939635
3167,4944886.675594597,4870392.733601393,5337820.660794466,4917320.210182076,5492087.782664707,5379797.258968323,5517462.143545816
3168,4942129.7989821425,4834214.427899854,5343415.963324508,4982449.596017683,5418821.632926422,5349018.613754531,5566817.186117543
3169,4895310.779966152,4889206.812913667,5321436.04956784,4801005.019841647,5430734.502328666,5347333.594712441,5625115.100681391
3170,5022473.345915872,4888189.42159966,5348390.6061034,4971702.240132297,5405169.786127334,5159350.104825039,5461755.261495833
3171,4968879.035122488,4964053.724860744,5319734.107612775,5017530.525654651,5416119.638384484,5366593.063668137,5491134.158483779
3172,4975452.551810241,4864466.200626964,5215571.258055801,5045557.769846036,5447591.163982027,5275584.931321146,5412587.020079253
3173,4939178.864484716,4932891.6105195675,5275914.387842806,5047132.468193647,5404781.7451422475,5374114.733527071,5533946.7449087165
3174,4924202.284867379,4896368.584773531,5157797.645367722,4940740.25507286,5374622.989550101,5264557.364450914,5510423.570244119
3175,4843539.61512712,4954835.62817127,5252188.185245302,4965064.596933917,5387015.273731895,5300650.2720657,5429644.383831028
3176,4894339.6508480655,4873844.672475314,5297873.654116158,5027339.858429574,5417580.605116182,5315841.053022584,5634600.889468108
3177,4994903.525050155,4981297.288272136,5320926.319585973,5115029.736795308,5497043.439751351,5392445.392287462,5560496.176960463
3178,4821480.843338845,4915457.693546316,5224466.286333586,4928086.227853804,5442711.48776794,5319225.513945062,5582581.037805842
3179,4957878.229239587,4872277.487903278,5275840.112087823,4965949.354439768,5384747.441115521,5411857.200462121,5520391.304539349
3180,4919947.573542153,4923456.661950913,5319817.799015422,4859951.752442248,5418610.58775246,5232039.94348561,5533673.838201517
3181,4891616.480108175,4902156.24540445,5214460.51831473,4962917.479000618,5307823.927758741,5382971.659264618,5474987.96635974
3182,4967665.773489408,5007858.504574738,5294481.6859490955,4969965.017827194,5401267.999864407,5306401.65920204,5637308.782605831
3183,4926679.799004274,4788848.985879472,5257139.856350485,4902369.8288092995,5462317.922922092,5382630.666448407,5633551.474290839
3184,4892684.910153767,4963652.042142547,5218656.27324995,5008320.758779818,5437581.2046961,5357987.761857672,5643989.422318132
3185,4843424.89841905,4938406.922320431,5302633.095601291,5027994.064031536,5457506.022353661,5385523.185093391,5534386.507619702
3186,4902105.038424493,5031595.128214869,5280159.357032242,5035447.032845612,5429921.911385399,5357648.591291059,5554931.783771043
3187,4839077.385371981,4887941.82587867,5346205.909242736,4880206.728489022,5426601.863549186,5346838.740474891,5498798.584824628
3188,5021678.515189315,4918545.054750107,5252428.750516292,4981382.764854076,5463059.803513558,5307244.9951257035,5574275.66108119
3189,4963682.783137488,4866330.127543776,5224645.306887342,4968405.1179331625,5413968.174524638,5209314.149648601,5457249.747420333
3190,4851478.440604259,4892310.014573161,5251428.753704447,5011217.876411674,5385812.735128747,5461400.530230534,5668045.751180313
3191,4967072.512900854,4924629.454877462,5242974.395338916,4888669.729832148,5381104.049038072,5320181.935561228,5660736.000301345
3192,4944407.1025968995,4884491.44896868,5329701.19625872,5023128.702229803,5498631.853310576,5225148.509999944,5658019.245978754
3193,4888650.076376529,4854348.550351032,5191929.626934508,4921241.261165435,5478895.536643779,5337586.848187631,5479703.784423796
3194,4862643.519986813,5012033.212141439,5318730.651334044,4790039.056534266,5562926.772807893,5364218.4129037205,5581630.995241687
3195,4904231.305006283,4955192.0912874155,5241071.421371791,5003988.780381818,5400992.072826123,5305321.754926654,5663691.371256068
3196,4961454.002151741,4999990.577116474,5216444.669300994,4902262.42178685,5417385.635946346,5340721.361355854,5500766.10766603
3197,4993632.0796992,4906392.605182102,5180790.504275025,4931144.901915139,5499500.561279491,5413286.636671446,5618031.655200651
3198,4859722.725978257,4986138.014859168,5255602.104443777,5041192.506431342,5442050.828244062,5332170.800199229,5413336.309055935
3199,4942338.567550182,4881678.351673301,5314726.793455362,4944994.174421644,5408366.637217805,5501420.767870307,5542030.960617125
3200,4853431.191018491,4908992.517934218,5271809.580267224,4959519.048770145,5491118.361707511,5332400.808006018,5621833.218304688
3201,4884081.999762828,4897381.315821282,5377172.205401264,4911207.9414361995,5489933.116526454,5304361.897984367,5654742.68078938
3202,4968784.613951329,4961455.645503483,5323115.676148623,4904440.311304722,5393068.121784766,5221193.85823906,5560840.872803807
3203,4891925.767747863,4954569.930009598,5227006.354925907,4963896.979692228,5417661.168863639,5197942.40478186,5387304.429263003
3204,4953294.669307013,4965505.576387938,5349970.954843385,4987587.263794446,5398217.27972567,5310673.3636129955,5623991.547010023
3205,5005785.921554865,4905503.920061811,5239296.117360921,4861039.673909316,5441429.14229329,5446826.101116862,5388671.575635941
3206,4968732.371131644,4889105.919231224,5328063.188990584,4942385.051269026,5458388.840532526,5280737.318215426,5579637.091418341
3207,4876851.9146077195,4902952.906974269,5397672.611421547,4996295.262115474,5481363.983251063,5291333.336070381,5551430.658961914
3208,4847182.443318217,4878739.437362011,5196445.927817091,5022704.0375144975,5370448.912564953,5305670.074354701,5498571.20700609
3209,4981473.373764106,4948419.072526991,5173033.618226396,4979803.9024116015,5425809.121931061,5282615.074966884,5512696.492153037
3210,4849265.657319684,4946386.067143283,5312120.9786843015,4823072.500083171,5462982.488639225,5158835.853613972,5498899.430041286
3211,4921607.427192854,4981677.761672567,5317639.52186935,5018812.213136014,5323726.871078122,5243151.630990161,5509284.233683273
3212,4914157.71738097,4929547.483684415,5230782.928043551,4871577.2574833,5456578.35548407,5369436.486919827,5481086.555835368
3213,4934423.117192837,4894730.764436418,5224505.205654904,4992236.968994012,5464604.964296859,5230459.111945973,5598456.0402399
3214,4972650.584623703,4978822.998996933,5332755.149883923,4987574.077073484,5464796.094942542,5426541.979455287,5553366.015076927
3215,5015572.926623477,5059584.833620509,5374698.589313148,4871419.452339152,5553373.204060302,5336254.82446965,5612362.104261775
3216,4861040.741116096,5000718.525278152,5334209.87958296,4881835.751957432,5328763.84727299,5334621.981570317,5636587.602823045
3217,4938949.830064435,4930008.469078411,5321127.81863853,4945501.659505864,5423596.414180186,5319152.492298823,5579130.351171941
3218,4973327.973819204,4832669.275109764,5332415.348831058,4976268.286163425,5430604.766754307,5410146.521818528,5461462.5074297525
3219,4900721.681745685,4831439.299367456,5224329.66705451,4962045.3472673185,5379675.125643642,5335877.386004872,5496020.437594842
3220,4905583.294299934,4925157.047263442,5259449.948884739,5028403.997757761,5457853.364399711,5241511.706242459,5417390.120549984
3221,4856186.167137651,4863630.787810238,5311129.127343878,4922412.74099246,5415166.234516294,5434071.310359353,5527154.455250474
3222,4923429.441026395,4887889.501054151,5334353.104288913,4922647.131508377,5336909.040706607,5300793.097285967,5390861.747064626
3223,4921461.580098154,4912731.752948801,5302774.226694368,4926282.296528142,5494849.5484651085,5287903.8685381515,5413727.193836658
3224,4931896.955172145,4874953.245411867,5202599.889502851,4994613.9993915325,5343228.51211079,5255601.738834926,5475830.477601522
3225,4959827.037402771,4996338.474327678,5279377.883925776,4963982.971838864,5497985.611720548,5387456.414166662,5541270.655941883
3226,4976502.710592449,4978846.494050494,5317096.899088448,4876745.72839598,5426558.49332131,5421709.929714397,5455195.569154102
3227,4860742.243236765,4973560.497093356,5273706.019109052,4904831.038336962,5433353.641279383,5283390.482705551,5528477.063486877
3228,4871510.45348072,4977971.903869576,5095770.963383274,4875036.171186964,5442962.130116849,5214733.67170348,5482623.167518208
3229,4966101.026326652,4939934.646525451,5218902.769390271,4854444.659104552,5451933.562362442,5417161.776703229,5615666.572363275
3230,4880775.804299783,4966975.341887921,5317169.540353661,4938769.143082881,5517662.286521377,5286192.797628861,5625875.390563233
3231,4892275.817459775,4892513.809525029,5402760.997464223,4946420.1206993135,5483907.430664558,5380567.480522619,5659318.755630253
3232,4937763.005328485,4891804.574954207,5281697.874373669,4933700.456103092,5521647.929571645,5367764.9271802865,5474181.988162564
3233,4874057.213791248,4878217.003483552,5316418.3832928855,4936428.347483871,5505094.442448057,5399684.2644676035,5465514.427076545
3234,4888813.196520904,4920689.83865091,5305215.615294033,4904595.93929417,5422627.878765752,5330665.42500046,5509041.641175189
3235,4899789.957214385,4980841.855466598,5343250.866215159,4952408.93195425,5397611.992883917,5339220.467995654,5555340.3554180255
3236,4925614.51908343,4844410.8111565355,5145655.357737248,4957783.557515799,5447562.881304832,5351430.574813919,5513940.446785331
3237,4888542.274209179,4971118.671304791,5259397.995988044,4898917.543986857,5477641.002357527,5240890.660476204,5519063.0569194425
3238,4937321.385514813,4863299.51852517,5228127.961387699,5096246.660047481,5390962.2947186055,5203803.730597628,5406273.9329339005
3239,4939188.185299962,4949138.209311616,5278986.457362952,5042732.9278291585,5421380.518203634,5283635.498506976,5660208.876898727
3240,4868161.325507543,4986285.103242788,5281335.498971161,4903589.926997144,5425437.6990081845,5375178.7793635,5621801.1759742955
3241,4869005.076512344,4825937.620632713,5239888.120800822,5001573.374154673,5416042.589355821,5272632.523975558,5596188.670226201
3242,4821538.866262399,4889972.273249963,5241392.404386046,4906809.0143909445,5330900.015847148,5449835.369589344,5561809.403051259
3243,4895021.329300569,4898392.204732317,5342925.396827754,5028992.648987459,5353939.686225584,5229460.387668456,5471326.834247236
3244,4971960.97139819,4869657.031828177,5315871.35261315,4882741.200947012,5537530.942681409,5374446.925832487,5667025.131112367
3245,4889084.59834338,4892253.538937906,5328545.0667546615,5030941.857296203,5506661.223769078,5298848.49859121,5494173.220273031
3246,4951952.908967466,4883857.363347877,5294956.7147459285,4984677.695494343,5403156.930913051,5346796.202004799,5493244.788415434
3247,5018932.317782879,4872104.523812262,5228540.580745972,4926102.229870218,5539734.004830822,5468511.905074814,5456100.662616517
3248,4918616.794956699,4906052.827750896,5191868.879837632,4957765.698839538,5525717.251352258,5308970.055024743,5563208.63732465
3249,4833224.619562382,4937455.395014966,5309587.206205331,4963297.588187492,5408548.131366802,5378049.2471143715,5546490.375167639
3250,4940910.8692219835,4948480.068611479,5182892.949807754,5062212.796024107,5384071.950415456,5433295.668032903,5605165.668329907
3251,4874772.671524929,4878291.962456454,5198587.292084377,4995000.500665348,5460451.41811749,5375287.725799255,5540707.189116876
3252,4846798.920551237,4948612.369751923,5250396.460242791,4996001.204304844,5348946.031165889,5364086.59888451,5589775.633235791
3253,4936572.448695316,4880617.637897868,5276838.163881122,4947526.181135376,5477669.095758873,5323255.860799106,5584320.76015041
3254,4915596.073243171,4929198.158626831,5238972.891368248,5012869.66840565,5355670.507325468,5388821.812957508,5552807.698974191
3255,4825535.909912214,4865660.179681966,5338562.150463935,4904218.722980103,5397231.369050849,5247677.964778084,5561290.964935131
3256,4948237.677922821,4899686.062860665,5378422.216144157,4909261.839411889,5504963.810183354,5354212.25875845,5612756.785168491
3257,5027257.026083501,4839944.593614232,5193440.457028102,4920198.400967685,5449692.963488599,5269781.632323844,5546378.0238447655
3258,4884875.243860334,4912445.628266293,5172087.644164304,4916846.333506509,5471077.70203937,5288631.415233716,5561343.227915609
3259,4962794.110455457,4829604.241250366,5304167.152681164,4899087.227632774,5475041.168839539,5258601.614543118,5468766.55918738
3260,4974682.434069152,4914110.643957553,5325427.594719732,4980206.317338832,5447533.291556726,5205914.432578558,5685005.831092419
3261,4895764.343362196,4942576.953987133,5373067.795547092,4951312.810594598,5442125.372522131,5325869.394415636,5641313.634680987
3262,4912512.036276821,4849771.098772359,5269227.932244081,4946232.311017332,5421315.764835521,5416011.542817645,5413780.54263854
3263,4836373.28229295,4999953.588580802,5260569.167296126,4954957.914153797,5460889.480695827,5232650.023742949,5565354.463475954
3264,4850436.338666254,4992465.444739929,5305617.633348177,4955017.796410159,5469312.260014094,5322679.774948553,5558274.179164977
3265,5060025.862535395,4853992.0570396455,5349257.086830328,4901304.791600726,5454170.692644879,5235901.194354795,5469991.4366719285
3266,5039939.719770661,4865569.882587224,5261576.413947271,4992910.484404573,5476392.127428705,5377019.520098172,5631473.279228981
3267,4843801.320552403,4900700.759765095,5264828.328757429,4969977.499450069,5404165.628403205,5346550.735378868,5447582.666882491
3268,4862432.33066753,4904628.269796521,5203802.446033467,4921442.549601336,5402530.104732814,5349863.797330732,5558400.049964942
3269,4847741.970861053,4950235.836366275,5207181.246056471,4855118.039530049,5457625.820316834,5301486.05908404,5550011.053170066
3270,4830891.292363435,4832937.565206138,5264768.177758373,4906814.877427254,5393015.719925141,5209906.675366746,5616212.8885204
3271,4929035.93295601,4852492.441768495,5204336.132862608,4844400.917701879,5496422.688688291,5339309.851593199,5676246.53297738
3272,4960681.003311943,4882538.598884376,5439893.923359835,4959944.159342168,5372669.003285416,5322013.729145677,5565429.832700816
3273,4897569.949958443,4859054.949556049,5151569.028470732,5074926.52796797,5413774.7071461715,5327018.5620847605,5497700.543302494
3274,4901487.146710356,4964937.6833820315,5166129.404661267,5026891.937074833,5349939.974509456,5139150.14073637,5452906.816934126
3275,4980341.965953583,4963335.10039122,5239777.733382057,5017336.928162696,5438856.576176401,5326785.936844467,5634706.668913282
3276,4918235.062410928,5029239.711755524,5315917.477375319,5060662.39532525,5536700.965913434,5354709.694263535,5640089.558012323
3277,4965965.192103758,4837128.622912384,5206490.361280996,4986009.248606261,5406480.555897405,5359825.26735107,5450533.281773071
3278,4878095.947211809,4844948.26731898,5398858.791019492,5041245.724444155,5313855.380334882,5329387.15382556,5600267.859503149
3279,5008745.813929949,4871268.223889562,5163354.4432226755,4876353.32517197,5398040.054004922,5276761.551233756,5472811.558974707
3280,4867221.123032999,4798463.389154457,5227202.1259802915,4990468.151305867,5452916.139011079,5285343.642789381,5546413.345597278
3281,4931654.540267611,4872006.6571700815,5257729.150183187,4923879.148838103,5437716.608720506,5277972.983287867,5545164.247698894
3282,4898453.672705479,4865167.966463203,5200431.921653833,4952594.082697744,5390940.931860058,5383667.697759858,5555919.277239883
3283,4942511.850170857,5009491.789710892,5128798.434099311,4909877.409893196,5399852.362943195,5322445.659674504,5588514.718780873
3284,4916705.005695403,4977063.491523654,5221344.1132393265,4933020.222115837,5378284.695799213,5389139.176322111,5556505.593234097
3285,4824176.064986212,4995872.930890691,5252260.9892222835,4918983.037364388,5326168.965982288,5279683.166180012,5686451.382424888
3286,4821822.584234441,4855177.565492991,5106279.9765897645,4951833.445576321,5382966.815915257,5409904.851371446,5604472.15444034
3287,5058381.150207996,5064435.267913023,5156024.56696623,4962452.837892762,5402407.047284123,5393451.309730784,5635015.849509103
3288,4988895.122665119,4891647.128715523,5309766.050318879,4965581.5768021885,5442658.95477575,5322595.293322158,5594856.4622514155
3289,4921073.898219123,4871677.271308782,5206070.126403667,4863450.76408821,5533843.320761184,5414351.544504632,5662685.042412729
3290,4909858.272266492,5005761.43101906,5242808.711085296,4961770.700680178,5390400.306275086,5208037.34252996,5521115.134738856
3291,4908970.5226909425,4832006.413432234,5343631.497141935,4960049.470908455,5397889.25809427,5373802.929514897,5620782.814771673
3292,4895356.049697441,4852799.923945344,5157635.985407002,4942728.394776877,5445530.093821597,5409647.05873296,5497489.759067481
3293,5008121.916812684,4818614.502335904,5284567.295172375,4883421.6080011,5436671.09532968,5243680.026799386,5551087.994137956
3294,5035741.150506943,4967295.753713594,5326233.56625929,4984216.591672306,5434339.718494913,5393347.564309697,5498393.633073166
3295,4762853.244701081,4935106.285669969,5248931.989322815,4971761.510762012,5428595.558127025,5388995.88209136,5529777.120994512
3296,4985293.041131127,4877936.462105034,5141222.632436269,4907019.769483463,5508001.092163486,5249791.896113064,5474935.194411419
3297,4907865.0836402215,4930228.594294944,5353930.891030491,5001212.196664473,5391223.982971867,5363526.526673953,5535589.177034028
3298,4904183.215497636,4799359.293125908,5352699.409027493,5009441.877151377,5433789.493312284,5332454.625858309,5442789.102330375
3299,4912340.886681464,4871384.204209282,5327236.192900454,4915425.80340908,5389326.752523688,5183035.253946644,5552594.72011016
3300,5003204.479351811,4872113.687361798,5333619.304984274,4945564.805559214,5342035.996566798,5257275.880813236,5501509.406895902
3301,5064941.762656162,4923950.01768,5151337.840644318,4956325.426853448,5324923.981535976,5388325.264184199,5577667.15524724
3302,5054411.395801343,4931820.936242653,5300269.8838043595,4924975.759940994,5398844.098902121,5209325.590325281,5793940.757527288
3303,4866894.705651039,4922349.8215380125,5157242.860430244,4906427.587548997,5464893.4134754995,5298704.912396989,5563750.282145129
3304,4845597.98085193,4773629.414243792,5136502.622904319,4903944.459321943,5492776.712278454,5343313.977006791,5555403.980181414
3305,5041030.87775822,4826401.830786606,5226730.504098676,5047959.630104926,5497074.63361619,5363021.783277564,5446564.260102741
3306,4993323.136769543,4968433.606611722,5311608.450573058,4896552.793838592,5500878.556805039,5373059.76019259,5529580.450466225
3307,4922130.294857051,4851647.731046039,5347243.350824557,4887463.1580141485,5383391.505568807,5299022.507093247,5478802.394095572
3308,4969920.810918432,4959695.685211306,5296735.503892912,5117835.415727701,5423358.210584509,5279249.593794816,5558571.744764289
3309,4853568.709931275,4877767.073056178,5305584.789993147,4912620.629544631,5357533.710275151,5289242.341766812,5450011.848652587
3310,4981275.658919283,4903485.584687695,5206767.390485636,5023262.044735622,5419749.988583242,5338113.143896652,5653666.050830031
3311,4938039.636148382,4995677.238255559,5266582.380498927,4987373.991600892,5472463.288815089,5401720.439981698,5586597.465030508
3312,4916534.994115906,5019494.033282593,5202768.327269111,4954013.28318814,5419874.150192707,5303875.445963964,5573181.201214504
3313,4829435.801495001,4796838.98121866,5342591.764580438,4985837.622349781,5451601.103646155,5337229.285864195,5494927.074545963
3314,4852913.316544976,4843759.249397345,5290180.715543209,4915400.648413969,5462024.826763406,5237161.642573351,5645668.308785984
3315,4960929.58315156,4880683.038463288,5335909.5936434,4948360.393657171,5454658.868518023,5283507.966983219,5370574.301666551
3316,4966658.23476427,4861427.7329806015,5217465.766188048,4927910.148742005,5355072.653732589,5230273.432880895,5497151.137315676
3317,4885771.520224579,4884065.479132059,5234386.851002602,4817937.014758026,5450375.817422617,5304234.866961088,5591277.000830923
3318,4889401.1347420905,4866345.606098008,5348857.496828422,5049710.948829369,5399413.2169821,5274510.145117585,5530454.963085406
3319,4933748.855830791,4911818.488881245,5239521.968289688,4856532.047872856,5385004.9848294,5223551.348323479,5536894.197404898
3320,4916623.927359891,4897391.8609609585,5298578.353441968,4902884.262279514,5418281.359236633,5300860.837789026,5562088.946609175
3321,4829287.786551997,4977743.695510381,5221261.113463739,4971404.847053005,5427975.490070071,5279872.829070694,5562280.942369113
3322,4953558.477570197,4883246.579409193,5177884.481205748,4916467.949854354,5416698.980445393,5270781.507176114,5647591.70851819
3323,4921826.78423137,4835446.903463244,5346987.208051532,5025367.204712896,5416243.295065514,5277289.45959334,5558314.662389591
3324,4912945.473909769,4927085.191808962,5228397.081435769,5011040.345341392,5473763.843449575,5394855.80484237,5510289.906844448
3325,4915770.897820607,4920006.728112782,5209277.775929477,5019500.49317543,5432319.941671239,5332920.254843115,5603489.886692027
3326,4981707.887568929,4934656.604820036,5178455.431202591,5017006.160407259,5379038.356508674,5324157.78706686,5686846.171394997
3327,4996889.603870229,4988619.980140372,5224604.73152036,5015253.460723294,5440562.289224656,5253897.795838574,5488581.953489462
3328,4870329.779905526,5012279.101598795,5257023.959337911,4936202.975293219,5487367.997942908,5277899.9186584195,5588113.852148233
3329,4910296.487205197,4975098.277547611,5182565.388192449,4962281.937618531,5563284.343949238,5264604.317541523,5565856.497910027
3330,4801311.937195281,4936428.397513485,5124961.928830945,4907940.538067369,5539563.608861197,5430565.385838138,5542117.812312492
3331,4889113.109077619,4796205.049677813,5250744.191852929,4873937.089102669,5375175.0793526955,5180244.64239213,5459144.904142298
3332,4943139.345081797,4889564.980936568,5298839.400241219,4980669.591877938,5470916.750091318,5334285.945716562,5480531.916134806
3333,4962326.527180416,4912736.370526531,5183807.322098822,4905258.688590157,5450256.329732532,5306107.073489563,5528298.132223353
3334,4934367.356698519,4913119.567191978,5291320.029955049,4983992.155571019,5442830.575462719,5311201.947409894,5584332.867040115
3335,4848437.850493005,4796402.641385891,5185905.674017046,4998495.010052494,5401433.725175977,5399431.554344399,5693764.474811573
3336,4892585.789994298,4897136.466874106,5274239.919040812,4900046.389032788,5472837.403221203,5408591.667526098,5600221.559725832
3337,4894481.477727878,4968776.694655195,5436393.26051067,5023380.360872563,5391391.281394695,5241920.901397737,5602333.871838499
3338,4953026.752463475,4846358.328784009,5133416.601306562,4922069.072127835,5441262.036187097,5265389.789438954,5490230.025995045
3339,4970539.858288764,4915962.734473972,5113341.3167094765,5012373.125338264,5370970.471813762,5358953.033821987,5474187.641708775
3340,4951371.822087392,4845169.937073754,5276641.435521589,4991681.041071791,5478504.675452815,5303505.693794416,5586760.322958363
3341,4837470.912476522,4864435.419821199,5263432.367901758,5022548.87073283,5378781.972519413,5413637.8675444545,5501648.071682116
3342,4906282.958593963,4952593.450454618,5307894.617785652,4974230.019386351,5475651.914761744,5430309.649041734,5591129.590379119
3343,4963392.765785311,4963947.953087943,5232083.641352181,4999991.339644573,5441364.095449928,5410316.1521940995,5717494.578201889
3344,5017272.483739867,4928880.448104839,5346352.984363198,4936283.002160056,5459023.1045538485,5287071.649576028,5403398.057658613
3345,4946701.154980108,4937334.810526397,5203991.438575829,4915979.325930629,5419550.960574983,5399233.733770069,5535005.948280559
3346,4873740.855705654,4868215.644880012,5214522.2163573075,4957091.201186225,5414091.94699735,5374621.735493219,5587862.010228257
3347,4961811.5133748865,4858400.697635134,5177148.80244678,4915098.704645736,5550093.177690268,5406793.424166447,5541685.146033644
3348,4879633.580500759,4891303.315881484,5232642.917395226,4924458.096287725,5459508.673887609,5355134.036800624,5632921.124550764
3349,4951548.83057474,4973898.59696397,5402443.083209862,4894344.920105726,5416981.371218291,5304209.672612046,5635258.5339746205
3350,4978647.724128916,4910778.077193356,5260135.689249463,4979371.075203798,5495105.873503531,5423883.911063189,5433434.445066781
3351,4927241.03833859,4873020.987750945,5279997.122575733,5008951.037175293,5399593.836001409,5262099.466972119,5597102.08912886
3352,4866116.90189465,4938606.274752931,5244599.991780029,4982303.209070789,5433058.266201036,5302715.889347743,5672813.039317746
3353,4904266.448020675,4894712.156122921,5247017.171191272,4976789.905821699,5467945.793799253,5364942.60486652,5533988.6622087
3354,4914662.016257131,4842562.092490793,5332598.620734296,4921870.82635738,5484878.786486916,5366210.168175399,5546748.56024918
3355,4936758.655540719,4926161.527208993,5226174.911070716,4930485.703745513,5498210.601052902,5333722.796470776,5569890.660906052
3356,4846174.612744245,4860414.416897045,5211628.015410318,5005286.861581451,5384566.15551725,5253246.272391467,5604412.82750686
3357,4951012.044108474,4812259.406203936,5172407.762685655,4915718.783305306,5369320.038073812,5420551.703228312,5527753.349834844
3358,4837927.596626646,4813702.3492049975,5287434.329203323,5047766.763527447,5456396.896453853,5256359.542941786,5471753.068859841
3359,4908179.375063976,4946402.296494283,5210900.366733611,4968866.23465389,5513566.957709505,5292396.428479287,5462316.605748879
3360,4943083.531133075,4858004.92398989,5159932.871184426,4862442.052969027,5478929.839239174,5265435.408824622,5511473.05824801
3361,4967910.746131214,4967531.942948227,5209571.432817752,4921936.088153527,5522865.860154103,5269206.680667289,5496957.135748275
3362,4923079.5974079985,4883720.766603436,5272832.037733918,5048938.293956935,5447347.591255046,5393043.787937267,5628462.40855683
3363,4905481.85957641,5032001.412067526,5329991.943572642,4958264.225175954,5458753.600585012,5263260.153439544,5503149.72094218
3364,4977250.531932081,4903480.180145528,5333647.7338671805,4830078.557681893,5515926.003985778,5387590.882853309,5619495.583098844
3365,4959457.1033809045,4765782.51596463,5261724.041866755,4952950.934735858,5371468.987570227,5256420.985834227,5452500.003865301
3366,4925272.41530077,4875107.134454936,5410976.591535226,5011752.476212712,5427713.5107829645,5476216.461729556,5622996.114215417
3367,4963615.5584871285,4824668.907288476,5140134.415094949,4934600.623564944,5414685.828367317,5358096.250748362,5504049.615611548
3368,4902345.516739651,4906871.430546947,5267907.156200253,4948562.169232677,5470220.542924771,5294816.09415856,5518688.849178502
3369,4923212.263344742,4931890.4463488795,5289229.530220542,4887670.812862431,5421335.893806804,5414695.908611789,5537912.801102684
3370,4974847.897000495,4849707.188455849,5167215.496861843,4899827.575909186,5438410.30051965,5199220.865549217,5638262.964308774
3371,4982819.164813195,4921736.191615035,5255628.904517177,4962728.57978305,5500866.079035919,5406424.767074446,5677264.524491889
3372,4909658.845037801,4998562.450753182,5343282.906938918,4957196.041079298,5457296.717680476,5396643.174591106,5503432.331313947
3373,4859389.490939262,4894768.886896026,5270516.283788229,4927235.238951847,5417090.483971335,5380647.327932331,5537965.061112622
3374,4912858.188242254,4901433.264526779,5215254.253519315,4997895.64122304,5518352.437248327,5316458.290696574,5477679.328189012
3375,4905722.7116220975,4938809.9364742525,5270176.338385612,4956272.929598203,5420852.610349955,5339035.946264266,5605449.2403382845
3376,4908008.097667597,4907833.53805377,5261616.1389847845,4806294.79475622,5253137.515582474,5293409.552446472,5562926.009142363
3377,4859641.509710783,4910344.918439427,5224630.619376092,4983084.08263323,5424925.146310845,5463810.924386375,5590401.922836061
3378,5004916.299849556,4818800.325526716,5241700.81187523,5070715.283262041,5474810.212646764,5374653.128783665,5578048.511097567
3379,4926122.823020919,4967657.948213081,5235314.391258841,4868499.837868232,5423579.491228898,5331698.868019382,5568583.701526487
3380,4911741.183085914,4915217.472664245,5224728.130902878,4877620.339055615,5426912.456514671,5312153.034220314,5511783.200567102
3381,4934811.401654464,4915840.1706262715,5159464.085325215,4961532.512127117,5443502.382043194,5311191.5723592695,5622839.031758621
3382,4892771.86122142,4957890.301575178,5285057.239392215,4928607.486185823,5437629.035163602,5277436.431252481,5544379.510309489
3383,4966184.796330452,4929860.438815215,5268776.577662394,5023429.197555382,5422076.071725084,5445452.520182401,5578596.3145816345
3384,4955240.969834667,4887057.334640379,5296666.3526604865,4981174.395793845,5423548.724886798,5143697.061696195,5581275.53621076
3385,4994113.448134425,4868403.295715979,5348707.078541794,4987533.714174789,5452037.177600698,5205374.45330401,5603485.433679512
3386,4970276.615326826,4863986.753624589,5255928.895827262,4905334.160165438,5476107.953063909,5287826.959613418,5511072.671310585
3387,4928007.010488947,4924810.554285016,5344520.188935489,4980703.51924858,5499826.638867307,5343303.142713363,5475133.052805212
3388,4919154.355192314,4946745.589489266,5315197.51300413,4900260.30234335,5479837.971105378,5322091.384452532,5492430.3299115375
3389,4979123.518107075,5042973.980449012,5088507.803114813,4991443.048896814,5375411.389511533,5282162.691919209,5558187.834885995
3390,4948760.709841934,4967567.033928373,5268884.007792337,5118042.353593903,5473263.061236624,5277857.532263363,5591293.691715573
3391,4857869.767199362,4874761.609550438,5268446.088763967,4875545.343872409,5475161.022396921,5276076.907610905,5387875.869427399
3392,4884477.047134174,4851590.606379623,5278494.178086568,4952030.862928818,5435398.186907413,5372290.806832838,5474040.1138833035
3393,4987573.229659437,4923154.782901755,5319197.371660927,4996485.163603511,5389350.274076858,5366302.015966898,5655546.8682331145
3394,4934291.201940505,4979102.211217416,5257815.599742833,5025753.459187713,5368042.128290764,5320063.805984693,5469126.781657863
3395,4930980.868296084,4957914.347957772,5376684.4060112,5049420.7098576985,5400768.487175062,5280635.812913677,5389874.643477311
3396,4847180.623496455,4805760.872720999,5319180.11691148,4847692.801981551,5444885.254080707,5237895.954476072,5493606.357943406
3397,4809737.604050693,4936634.308053088,5200209.244156843,4903667.503980304,5429602.258539451,5337034.312369865,5612993.5794561785
3398,4978172.651300009,4994150.238815311,5291507.841337419,5048673.250420882,5452496.970722577,5341443.690906296,5450938.804652102
3399,4971273.87933782,4918386.075932857,5194079.398583362,4871333.765842499,5488636.400584185,5274451.735760352,5563987.745183979
3400,4917926.498000469,4961999.498921853,5279957.912962846,5030292.251057571,5484424.218308374,5328124.905309252,5608122.449394058
3401,4896223.770336721,4915473.830242622,5240060.569485699,5055365.070897762,5552409.176538934,5272733.310017483,5642483.98672703
3402,4933236.923274739,4876585.134642084,5154812.277683619,4943475.528567227,5389618.59429032,5424559.5282323705,5556936.653818116
3403,4965607.082156272,4913061.259787629,5255803.136911893,4892266.736701466,5404792.393612586,5391300.882471118,5612789.070584593
3404,4898269.316252087,4875231.8789465595,5219743.453178713,4919600.617892421,5451364.649181253,5388758.005716132,5554658.434728166
3405,4916448.521995452,4897874.4750887165,5212821.311040296,4890677.335231159,5341803.286793955,5367730.596326118,5613234.310187024
3406,4991128.801618772,5013331.78009534,5260098.184093401,5066801.14592499,5456412.508798491,5426259.370874079,5564046.111514673
3407,4900300.1879080655,4888574.2818339355,5283609.435975729,4916048.681033959,5412629.516045904,5241768.1465402385,5491539.759513983
3408,4941526.362119639,4865180.186110841,5273869.826555823,4958568.57150816,5413080.305633811,5303921.010979164,5476340.231585205
3409,4952268.328756742,4991807.577833146,5329781.316732953,4936208.582699769,5410098.0646575,5336073.286095968,5609614.566861924
3410,4892873.010092435,4992405.722367436,5248409.299734698,4864231.495116441,5460001.908885229,5348105.407386344,5436547.810701053
3411,4878948.781503368,4904645.695926666,5348107.629770301,5016442.5630617,5355449.556617018,5389658.463247613,5633771.138836311
3412,4916547.777433332,4951605.387711533,5241811.339099379,5001575.17971267,5397420.405371763,5434284.7494484065,5630509.736539766
3413,4890647.054081516,4873491.820972471,5220329.127772002,4975054.063189093,5404781.396239873,5308676.944052188,5572399.162380172
3414,4921292.85850696,4929813.269981601,5202261.760042861,4937244.8334497735,5441266.3582526175,5410250.978866462,5612977.860443208
3415,4949797.735944245,4927892.962489547,5190221.68587125,5008264.589167935,5467921.055448344,5361884.8894652,5504189.759172083
3416,4958008.4521991415,4836533.803888042,5180492.344767223,4950264.569750461,5449071.574198794,5390649.884645431,5630184.692956658
3417,4967624.2236313615,4980093.764042858,5177611.993269905,4931758.849898063,5339996.145218684,5357006.794903033,5424913.450708399
3418,4954708.754503108,4925443.941893,5280891.77212203,4883828.512683017,5384107.870623621,5373349.556962543,5627631.585014568
3419,4831781.802842355,4901334.7420334425,5191796.081786019,4940669.69336828,5449225.244498246,5356489.101823651,5621197.256037256
3420,4935792.884553658,4926420.781548809,5306235.222924712,5031328.158650626,5529400.14932546,5373550.678803141,5630723.8392264
3421,4839061.640037101,4851837.840791808,5295343.114714901,4978781.610893889,5394641.791869962,5264721.502578094,5499106.61434473
3422,4931025.852189374,4870001.5925904475,5201740.974384572,4834246.474125491,5398803.443706899,5384247.172633247,5617171.896801133
3423,4941400.28156304,4924700.6355453,5375894.341933815,4938628.722905114,5447359.945670466,5303356.671977611,5568127.689627255
3424,4946842.909578576,4873123.810561832,5210327.869904725,4972213.933137181,5411062.497087874,5340152.927851059,5391748.13224678
3425,4926158.092478031,4903048.1000399375,5216875.246910436,4916068.553562955,5474827.502641178,5306357.78134647,5483669.8083934
3426,4942450.764724242,4985800.846468825,5217761.792841244,5030031.366783075,5426824.469700145,5285706.177657742,5573944.930188842
3427,4906475.130267382,4883000.8055281155,5339596.660203988,4948556.132946141,5301229.960105119,5273890.848531171,5527701.495007608
3428,4970828.880902376,4831593.90477828,5362658.543531362,4922920.997662455,5398022.495439521,5413481.657710368,5536166.508164762
3429,4894979.9853824675,4977018.831418063,5179901.718004393,4935113.653041136,5471790.955237422,5394911.309299173,5352276.03872557
3430,4883148.667167237,4985703.8873298345,5242796.178172065,4970655.584369308,5443263.764663092,5428375.135109605,5570472.803701488
3431,4945983.847195625,4905096.951704835,5310574.386104649,4966799.336628396,5438461.9642531155,5360362.596279036,5519435.101737153
3432,4914853.851111207,4922459.901069691,5272267.978122713,5049910.509470317,5360741.293851793,5319115.587928136,5481289.251143838
3433,4992184.223208062,5071417.654482147,5298850.704074409,4997310.003133235,5407600.72566357,5304527.708604688,5480935.5898578
3434,4950706.734199152,4963262.155129464,5153000.387574736,4973521.687199114,5351935.76540777,5473940.748364258,5396752.343344239
3435,4950912.791897399,5034311.5998191275,5313962.573196819,4892098.332736418,5511040.438859058,5460813.33834122,5595743.268996909
3436,5010638.859837776,4802016.324131306,5231887.0993517935,4980578.370913089,5462449.913548345,5414698.977415532,5522344.459620326
3437,4893795.254942879,4910342.79725195,5127121.41759954,4955810.68105423,5513899.215267988,5312473.374219503,5523820.047027165
3438,4888723.955778605,4872787.454921361,5334252.922559997,5078081.985562426,5491426.536853803,5343098.508120913,5458167.067443531
3439,4942946.1452119015,4888404.733211361,5339509.634434096,4994017.504136823,5474291.499731699,5254771.442224707,5513928.07635147
3440,4878368.972392897,4918681.240015425,5280349.997818286,5017733.734530472,5393904.778415222,5290979.170667863,5531045.0249850415
3441,4868583.205860793,4932510.437204445,5315276.537372585,4915062.495326876,5442360.25878107,5337382.164305952,5470260.770776855
3442,4864722.851416252,4943783.292670093,5306403.521602648,4897839.584027498,5367991.905033674,5247550.496435352,5535019.586868649
3443,4955083.719952814,4875152.265393439,5336827.927839626,4922614.974890524,5505322.146909928,5254269.857275239,5601436.976204805
3444,4942699.19681223,4905730.521540758,5231508.329564842,4987468.533232136,5466885.311063297,5344333.8625973975,5555693.7360762935
3445,4986484.25248006,4956442.708477272,5308635.93344102,5065545.0331671685,5515760.163165778,5282966.903089017,5607334.744072871
3446,4872442.441756962,4948967.883449345,5174586.363860969,5061862.651859036,5536637.294016884,5262740.687350087,5581895.975463686
3447,4933974.969441856,4981027.134249056,5238496.8979689,4943304.129124802,5493345.172015788,5435920.0634793695,5603344.728288053
3448,4916223.816807702,4903015.792410887,5241274.154854045,4930875.382569814,5372074.990425166,5309895.427567302,5532255.788992194
3449,4935387.3445269745,4910135.053253325,5294721.209884413,4957440.741180185,5445131.850250635,5208019.833438181,5549756.768934586
3450,4949442.194693908,4980696.163981655,5153563.484835355,5035244.826556268,5372343.63446292,5252547.5815175725,5575284.011511088
3451,4995400.842896709,4865351.4830412185,5243726.555338086,4946888.778238944,5515242.036813669,5359131.646670477,5641438.864010233
3452,4906066.615350917,4967469.548438889,5309394.782039063,4950623.672643152,5492639.016789072,5425102.141556466,5553898.169196641
3453,4956029.009264327,4927647.8253141055,5314817.763641622,4920669.0636439,5330235.246404802,5333825.954769359,5513570.882964619
3454,4992437.098494755,4898494.877840413,5249782.757285809,4943165.0768741425,5374021.147699207,5326674.8047321625,5481591.59596693
3455,4932563.161089787,4891896.631611076,5232957.207855391,5054357.75448587,5478165.7291956805,5314948.842238624,5608793.621841974
3456,5039256.916636144,4964331.449753765,5258491.990744559,5008360.447444459,5501730.768424623,5349475.8942106785,5521666.152647929
3457,4994918.511291822,4974746.436156473,5218129.139861767,4897528.188693693,5452573.178056074,5325054.516640758,5647398.686474207
3458,4868250.144161678,4999861.152510484,5278823.145376833,4993714.30321184,5493401.834932014,5397782.974167018,5489885.972105344
3459,4927949.674001972,4951620.697579739,5309875.381066674,4935928.113505453,5361367.631753132,5317765.868691873,5431815.097153014
3460,4816978.42631676,4942453.846421815,5197472.25967547,4994545.807532081,5441480.741040447,5309485.679183298,5588462.608704837
3461,4927716.33538579,4866267.478905422,5254071.692031991,4886868.952855292,5398155.921575464,5325595.846432106,5474722.213370988
3462,4864107.314877545,4915077.756673089,5332991.37357442,4945061.557835637,5441136.516408478,5197386.979394816,5506229.848297483
3463,4835595.605933443,4866682.194790114,5348859.513356468,5031282.382289059,5566743.56057374,5331738.88698538,5595130.062806222
3464,4976487.520943202,4970720.023952959,5220962.075575193,5066540.57606791,5418430.499788642,5225741.488025662,5515815.141371191
3465,4835430.72795275,4924049.779682841,5194368.341791517,4988334.743058572,5420790.335830375,5284063.048441819,5632602.845530674
3466,4892517.629572383,4896944.871696117,5352808.626789669,4956580.33383399,5556476.6027530525,5328971.867238817,5503836.144489612
3467,4967023.248724749,4992651.297104996,5260811.785861576,5069749.237785818,5505650.725349594,5416351.176710865,5596916.459884291
3468,4940846.893248811,4906633.579639098,5222700.544086626,4962688.794723621,5550730.603903182,5254104.915833987,5605289.528954637
3469,4851465.176581698,4907344.63794911,5217785.365445052,5025827.431155524,5437845.3976737205,5273537.506519895,5536278.6831006715
3470,4956159.215005718,4933052.413983435,5369867.985677418,4879035.604970122,5458778.76228979,5442198.309989588,5575428.16018006
3471,4909327.583782356,4911017.226624153,5151813.434395605,5103970.323961965,5539628.515176297,5424393.01279044,5590653.734896513
3472,4979793.776646041,4958287.228538443,5328459.783200469,4925495.688634231,5423475.650882808,5227813.618119644,5537608.3467851505
3473,4967658.062935179,4984503.696537287,5203158.704923907,4903334.494322475,5350218.668327866,5187272.336316414,5467806.095100679
3474,4928023.151447428,4933052.902218419,5197601.418161092,4957294.141282521,5514215.048399584,5407826.111862451,5471595.367755976
3475,4909845.6445645075,4740551.332267566,5229523.356371001,4990273.600806145,5446255.578725641,5379194.709661137,5582812.827776518
3476,4878602.227891341,4839628.406758404,5229617.893890389,4981936.739042582,5427430.222802695,5311659.098184724,5498838.38181142
3477,4931701.680018316,4842358.377453264,5264173.608178795,4932998.53783218,5426266.58900002,5290630.130036645,5559761.297492633
3478,4855990.44762975,4897494.961262064,5171734.35862873,5044145.756722022,5401994.06095094,5290407.736098198,5570896.615366813
3479,4953779.195548372,4918910.7367513925,5329038.791913939,5074494.42833533,5533176.247877805,5380602.586716478,5581861.994519526
3480,4986603.547195461,4932998.991038255,5221002.187649594,5011012.183197584,5397331.493763562,5530502.094219841,5556957.172516652
3481,4900218.847637951,4877087.337694656,5345016.536937469,4963819.239452129,5469082.08992788,5233850.984364654,5523396.468189277
3482,4908125.706478437,4919966.2514948975,5115125.03904855,4887235.758181743,5455632.335426375,5127859.57485541,5467381.436041398
3483,4874785.781683922,4780784.882481421,5303278.895093354,4987223.019558865,5435166.2803295795,5421309.801223606,5491552.290430524
3484,4875460.750564358,4940288.253672282,5302440.292799781,5002284.6867618505,5501779.98850715,5351976.002906342,5551621.313885144
3485,4899463.892960897,4963246.694182303,5287308.9619793035,5081665.310431515,5450928.968437283,5362734.961816924,5544378.73582668
3486,4931226.737501229,4899008.186585772,5195826.478768405,5049970.009041408,5457009.671414259,5381193.80423934,5577501.366908423
3487,4879102.231722791,4843871.283372263,5322075.234172187,4937455.911035381,5324756.7283042185,5331807.447700115,5383239.260944418
3488,5056785.934328438,4913232.937361084,5188173.126884016,4978437.604600437,5491500.027769856,5336220.957704143,5498764.5362169305
3489,4855621.6998802945,4898034.86346595,5238618.37429618,4868344.701446105,5325070.665677776,5242512.112611998,5584197.346057147
3490,4846217.923121617,4950296.475170177,5311814.86339461,4906802.8402980175,5466686.993348527,5415200.43663254,5613567.267195977
3491,4883659.29323023,4929971.309076543,5372866.679060162,4897669.995248042,5442231.104167534,5278319.579715496,5545693.873793278
3492,4995705.774461389,4968982.4611689085,5309399.455055527,4894018.373179531,5490664.561033191,5268128.078190016,5507200.160957067
3493,4816966.583814388,4903237.045016386,5222015.151168733,4961167.360841064,5435082.272884524,5274641.483513058,5623367.041027868
3494,4949426.118155253,4842487.55115234,5336616.793189222,4856497.151753059,5605227.614668205,5418708.544462674,5511112.87626694
3495,4910577.08743264,5000710.8996898085,5362987.618795065,4964182.184795534,5392588.155984787,5290304.459889047,5571649.3279303275
3496,4897604.286909431,4843206.487563926,5201953.292841135,4922375.584267307,5459003.509188955,5311370.6334142815,5651181.686930925
3497,4987754.106242044,5013604.091075602,5335855.494835597,5096874.617121115,5437074.822410963,5318189.083493491,5555605.596498669
3498,4907632.998597141,4901627.002623596,5194903.90118334,4995710.20884321,5515586.19243994,5436592.523196563,5487636.246677679
3499,4913098.940114229,4918511.73602615,5171752.054994428,4992388.920591649,5401431.5205042325,5353448.407343466,5615464.549228957
3500,4796840.898677438,4899671.185239319,5295838.053033831,4895603.252189033,5540256.353876757,5321372.96007933,5658277.301229343
3501,4941524.938907577,4982697.254029213,5168969.41475975,5013504.261518036,5325986.333852302,5340005.959709397,5488437.563376404
3502,4898899.692563438,4981686.771379868,5201905.010344366,4995980.183779577,5457497.757205296,5303389.834721574,5700775.542682709
3503,4950178.535518261,4943632.726937152,5301563.263407409,5008445.192705716,5476839.7745143715,5396171.695996288,5583795.415505714
3504,4905313.631093714,4894659.26366609,5296200.969125466,5078528.616894102,5437680.919330422,5457058.179056377,5406609.461953774
3505,4966827.2968032025,4950135.282653933,5356947.594458708,5079709.460873122,5507580.5200601965,5285601.32872371,5505171.40517204
3506,4891114.872047147,5010973.67291319,5354326.671489014,4948330.725762774,5515921.4198277695,5310261.433612999,5504306.652016428
3507,4969455.918469004,4907811.125376416,5257608.048713656,4991077.59218073,5295987.5062411,5252990.404899116,5572775.925763321
3508,4907974.795662424,4986849.717473692,5208378.235712561,4919078.963941745,5387396.473982026,5287134.191474859,5409755.424354162
3509,4869160.335203224,4984887.586861029,5094672.635257231,5004736.346537098,5520244.527598352,5277233.326259753,5567047.567058157
3510,4997912.688062487,5034713.531198203,5268743.801958184,4946943.50474794,5386301.367065674,5252903.265989849,5502880.512049582
3511,4921564.128494117,4863626.496494692,5173567.791775976,4987201.9419186935,5395951.093362974,5428856.657763543,5559538.939582469
3512,4936599.4734913185,4999706.291330312,5312507.357633771,4961417.471580218,5431911.539947456,5307702.367469753,5479041.533440356
3513,4931476.921286842,4916651.868444722,5195457.248891695,4925464.208098954,5477561.741624674,5239811.166933052,5516791.818105418
3514,4933709.301893849,5033513.437578265,5269180.283113479,4961014.808954152,5450746.553483129,5273721.402010404,5593958.510367218
3515,4861133.778290162,4890845.421181722,5233271.401272483,4953356.451220847,5415828.776157164,5418571.259590444,5482920.185585431
3516,4886026.7665714,4912455.153869959,5211292.081380306,5012684.7836631555,5345082.286324998,5360531.233410992,5473357.597789909
3517,5000571.651461963,4820247.818245055,5277053.119400386,4968387.724940104,5366802.354666836,5407907.854525149,5500586.489402145
3518,4843326.00314991,4938837.582524528,5183871.279808898,4942157.80858024,5419501.535880195,5371015.814824555,5678362.105755415
3519,5000018.550169739,4927871.729169935,5224302.705966593,4931440.225804832,5454364.981333649,5455541.976948139,5477245.513286048
3520,4927866.420570917,4957260.819954701,5211875.560177621,4978408.7697273865,5449981.933398248,5396444.155394805,5699995.235941012
3521,4850976.679474182,4974807.562510223,5271410.857558511,5039508.901634102,5350894.600729145,5255285.382162223,5436369.011174267
3522,4946221.807560222,4938419.888733468,5265639.849340074,4922402.505854236,5447379.054687905,5244656.394699806,5576331.454988675
3523,4893038.096048786,4836946.391761257,5346332.32366628,4915971.60746501,5549541.441522443,5450979.100075366,5624265.552964247
3524,4980113.633064914,5054809.94417729,5391406.095343214,4888762.97943583,5394951.894524928,5322816.547930073,5548075.854833582
3525,4935205.1468672315,4847585.265894206,5033882.102471177,4945793.69051534,5407141.050834811,5355579.596566591,5502332.551481743
3526,4951902.572060758,4970432.368471652,5198719.782306524,4817545.326578105,5406860.324209379,5291517.760411112,5479752.250250656
3527,5006832.5803633,4950186.715534007,5282546.097134631,5045520.378798768,5524421.117259709,5180513.607573813,5480472.271430461
3528,4949609.745049193,4882715.142825534,5132844.5011302475,4978798.498876123,5503762.178791935,5407354.7626265455,5510899.642610764
3529,4900863.755218519,4842983.77203241,5313713.398359888,4878933.805879808,5434424.90402917,5322568.085715365,5529874.413222724
3530,4941469.183294852,4940461.946089813,5281766.961706027,4911633.056927429,5372155.48037664,5303385.20391796,5476560.342743045
3531,4850107.368610623,4923504.510889223,5211998.548667671,4996929.841566582,5408463.154673776,5369686.321145273,5503593.538140584
3532,4932648.824382009,4933890.631218559,5255825.749540582,4996526.874392215,5370701.860618399,5371754.848033908,5586306.631671796
3533,4967457.648594105,4905195.373851697,5306701.256508217,4888629.647513472,5445005.889333572,5333986.3792590685,5548766.417124005
3534,5016206.728968069,5053229.252699777,5247723.6879740665,4973609.618472615,5514573.466555651,5282249.765717717,5507998.819484172
3535,4856791.467463718,4958690.749759922,5216994.110903409,4957617.733627467,5416366.006110726,5236691.097636379,5519569.297291297
3536,4899112.977038836,4963739.678761299,5332583.221293712,5036095.7987316325,5434043.222625947,5203453.78751687,5578296.849039728
3537,4893875.45824283,4970505.705888933,5313064.226281665,5138401.973614307,5429935.457013408,5428762.033096695,5460429.622543914
3538,4813353.600218023,4931696.822162012,5215060.666055459,5065977.454241896,5483287.066163252,5465150.203516729,5505824.513179085
3539,4902545.238216222,4904996.509811492,5249128.27899345,4855828.325751716,5483803.658933845,5320899.181652136,5664990.34929374
3540,4933998.673157682,4835493.875131976,5325732.872642352,4837816.167527577,5387871.5877693035,5363617.519086867,5554794.545648032
3541,4958675.169843748,4803292.163409488,5296542.639730334,4828355.982004761,5431563.117410163,5337813.173904652,5623966.56233619
3542,4977971.309751273,4871054.829546361,5270754.519069067,4944435.091517644,5483632.438146986,5322202.224486914,5614593.177264338
3543,4903305.294254264,4977103.803191783,5274385.772975696,5019294.961547344,5472320.417849025,5376968.102107579,5631059.523833703
3544,4919863.386438431,4940222.953307316,5244225.727898932,4908931.59758781,5453393.368505997,5342576.0055041695,5591074.015055934
3545,4902621.081253323,4949324.131739989,5290710.398681689,4895060.750133127,5482651.383563269,5302816.343008917,5517176.5236042775
3546,4975810.993116006,4951395.439290541,5225823.050490911,5081211.582717229,5356429.277098894,5267009.083112618,5567201.38956363
3547,4895815.779503115,4918722.727063137,5215237.252584462,4964712.309560327,5542457.099031864,5230160.879541702,5578051.591222237
3548,5013125.500786607,4926382.394508513,5339120.978160944,4912054.015617302,5516599.206851922,5395516.341489792,5569369.188251803
3549,4845935.252956588,4952574.356203981,5352667.022790226,4972659.400637481,5362215.756389014,5339458.791232804,5544364.902111869
3550,4914346.395789616,4897555.547055932,5272513.712729521,4847184.468649106,5427813.17873499,5355541.10401368,5577868.56413057
3551,4956177.67666044,4970019.571086021,5233666.9610777795,4976463.770573263,5463397.418407642,5331682.788364048,5508334.608218236
3552,4937597.280787407,4945989.10055981,5372554.363545518,4948972.129749039,5411764.608257673,5285083.524146272,5690220.5181017425
3553,4845679.253348789,4859088.791181776,5315297.612924346,4994788.559461365,5460247.97093737,5283934.021786902,5575274.29149012
3554,4929084.395868552,4911480.936000168,5206727.935963705,4975902.299963117,5382658.051158061,5237583.197105547,5573686.930450353
3555,4993564.086711653,4837518.545706667,5303838.19833075,5141873.646204812,5445489.602314859,5322174.393233466,5540078.354339319
3556,4914531.377345411,4861472.473708846,5393680.406143329,4865451.288651009,5361080.079208772,5246263.115254293,5469644.688327131
3557,4905866.07462248,4952339.284009006,5312567.866803362,4935683.382109127,5346178.771854172,5230555.481754784,5548010.969772667
3558,4931576.179695283,4859468.191500727,5238284.115142313,4961781.6283838125,5446803.484217253,5369051.789851952,5602147.01030551
3559,4943568.862464768,4969100.748035112,5271716.922318258,4883771.250456214,5519702.940458001,5506924.446151081,5622014.121449078
3560,4973666.278465511,4837649.3189726025,5235118.420675342,4972567.2398308255,5371399.138754042,5195180.862585112,5541139.671060184
3561,4864639.253167194,4918324.497628071,5182606.6357170865,4919953.866148813,5419481.575029199,5351595.4836324295,5583075.65597705
3562,4906363.856490088,4975522.910771521,5209616.899744585,5011429.905602192,5404964.001521859,5365343.941124289,5472625.376506728
3563,4937858.43978358,4947195.761708256,5283870.584395248,4952141.702570945,5473777.303168368,5327648.2388636675,5475655.883114841
3564,4846071.180579834,4918327.597643939,5334861.138684667,5025547.98714423,5534516.358879017,5341317.670869306,5501314.337176029
3565,4961216.288863327,4912382.822450222,5385577.959655763,4933899.082559654,5419494.580622477,5350975.085956491,5570172.6296947645
3566,5033985.794339926,4921549.159048323,5208322.136539085,5091209.136462475,5530571.3423346365,5306147.379761091,5468111.503244992
3567,4895490.3557670005,4858971.089572686,5290678.4426498925,5075493.990305747,5473053.472378428,5382773.370166617,5500990.025868166
3568,4865568.680406414,4901867.172115617,5262394.024248366,4814252.664999034,5507479.150608339,5288608.907341765,5645045.198917874
3569,4948974.333427265,5039359.359810049,5224460.300359613,5036522.524069576,5541362.357707379,5460670.204879494,5711441.009297263
3570,4853445.357323363,4941675.232118107,5319840.56150941,4885760.34213415,5437464.743457622,5354836.61950827,5524084.433755953
3571,4916885.166053443,4814012.32404135,5208700.553530873,4890442.518713066,5303402.04340951,5295260.047168702,5689561.7876884835
3572,4902947.928686502,4960995.409413093,5258391.004048649,5084724.658116715,5471975.887584788,5330345.044113372,5485367.357585731
3573,4908728.610585166,4902607.592978999,5184347.21897686,4955852.720310225,5466857.336252712,5377438.799299695,5544904.345196485
3574,4856122.414812241,4960699.184781775,5318822.486973317,4932817.209553337,5450840.548136347,5301640.177739992,5613340.857941737
3575,4903186.754891892,5100481.573869787,5262330.798733613,4875101.840583384,5412121.893795712,5425980.53523406,5585252.086823123
3576,4935643.161676863,4936511.397073524,5210112.967098667,4966658.056263126,5350463.840339349,5429362.138648051,5571449.096542589
3577,5019674.279767466,4968127.197639665,5273132.533524196,4912828.820909232,5353205.001710551,5196172.309232952,5517100.907148311
3578,4957207.582159598,4916426.461823788,5248626.704891844,4914635.042780393,5439834.847039378,5479852.079273335,5430891.504513973
3579,4795182.897245131,4944968.129779141,5198849.604606301,4928451.719716229,5337973.353455754,5275702.040346388,5598607.648211219
3580,4845379.253873103,4969438.382124623,5295775.233418943,4924761.721974414,5371683.236674137,5327916.577732794,5468951.079779149
3581,4958702.914257252,4853722.911859036,5267407.227453727,4857254.55052191,5483208.640318408,5268814.814023651,5518601.511774893
3582,4929283.826297142,4939267.87993548,5176548.022545842,4976692.147796861,5412068.728908722,5430282.911812069,5682130.5480534015
3583,4879847.2919792915,4968426.9625212755,5234309.21094029,4994982.001638899,5381794.039156396,5312737.730733462,5403009.042932935
3584,5001922.803401771,4855512.242133584,5251632.233487599,4911729.614093853,5461850.078798651,5244265.428384956,5630104.091010593
3585,4885307.2822084585,4988823.157275086,5196164.187691574,5042045.766682756,5472072.936012917,5369488.8472390445,5594731.104306497
3586,4978318.90836332,4874265.9523886815,5183316.642668144,4907925.087040871,5402453.472441003,5271606.935395399,5522936.695954762
3587,4940362.469134402,4993103.497353026,5351909.400715166,4995448.115694255,5581136.934903043,5184248.7146393005,5633764.350085718
3588,4881284.793888491,4943784.583920845,5174909.747385172,4808160.727742144,5478902.792579989,5350571.159165082,5511173.953634408
3589,5032646.256866952,4818471.701769955,5207001.122676567,4953265.325838603,5452233.877848377,5458564.221261338,5610082.374889792
3590,4938389.23238815,4835452.2312484365,5259275.290907434,4930287.654133866,5382426.223990215,5237416.361668764,5438237.509824516
3591,4937689.627091854,4872500.989710682,5364552.696296287,4919979.097244843,5436755.83738723,5362998.460358092,5545621.445886807
3592,4981387.51518271,4919422.359261518,5297523.534935105,5002278.561636034,5488289.302051552,5342940.658906503,5607952.55177947
3593,5010305.329929035,4937724.412222216,5141338.138686169,5031682.469368075,5494248.874429742,5304182.082240718,5509004.292548601
3594,4938003.553938927,4935650.955543194,5319088.1938119745,4925391.736853308,5416854.085932209,5339179.789068025,5448548.83543925
3595,4925643.633036527,4825078.601425956,5255878.152787115,5042372.103985026,5440672.999550111,5436317.490436275,5562054.566680397
3596,4932001.614814842,4891328.366480221,5256548.627445218,4943965.889136469,5470811.436188373,5314743.53936798,5577740.543057657
3597,4905124.954265742,4913790.225538152,5321196.107108547,4905951.7244112855,5376050.863674413,5225208.738102314,5565223.914833542
3598,4893080.331781823,4929999.368544619,5245471.744754446,4967574.6807391755,5440782.8353497805,5408439.451434446,5558917.323221849
3599,4924382.558337529,4907824.130434638,5289959.823483409,4859484.360959904,5407987.583046202,5265762.418847012,5545955.79337494
3600,4974725.835931695,4977680.84666519,5285734.388803793,4996236.109518815,5457626.626713024,5318221.287776966,5535397.287277689
3601,4943758.462831887,4941498.468284734,5201187.749913183,4884351.217718871,5307601.377178834,5455163.134318691,5473998.498752715
3602,4860202.91997458,4974003.723842377,5272094.958322341,4937748.50655716,5391358.3486619545,5339376.224294309,5507163.79837927
3603,4909996.694580227,5004306.224523477,5310303.0315933535,4969654.336941149,5413298.653015809,5282104.4819594165,5528417.491557568
3604,4861029.081098268,4976009.708848737,5157366.583039894,5078821.555761989,5449106.786694353,5191913.222193944,5640304.308501935
3605,5037728.827822036,4908633.325018626,5327004.492701038,4992283.971408325,5422927.2579178605,5349381.276806452,5608166.903994822
3606,4975355.701758856,4866110.266497016,5337572.71388036,4975639.80467579,5442505.765563023,5292244.149715996,5505692.8341702055
3607,4963430.074320247,4904269.279665677,5310899.351953394,4962541.663592182,5464307.491350841,5296254.678791642,5446255.689239529
3608,4875366.592264058,4907317.466115599,5293043.934129616,5023565.650680561,5335082.085136105,5314596.462025732,5532541.333381965
3609,4874475.543990307,4973460.899083359,5301975.064588047,4856614.342991951,5478692.792287065,5380347.537565394,5643899.013486831
3610,4927485.657546469,4986741.563218864,5233156.232642688,4973418.147666077,5489934.527974943,5271564.978368556,5702790.364159516
3611,4911587.694102908,4961560.347247265,5169809.211513223,4976636.245243652,5407935.6663523875,5330844.306405901,5626240.880796193
3612,4920646.456250876,4907055.40939802,5232111.35072398,4918914.301996364,5408122.253852701,5245061.012502015,5544360.363359768
3613,4914902.495809348,4958110.761188466,5147822.625779987,5001290.665363996,5329632.151682373,5213237.937285323,5513248.720130102
3614,4982316.482300449,4987981.201755773,5331546.412778955,4904520.793911404,5457860.398647892,5355098.395263738,5629755.196558811
3615,4876487.790537095,4879760.964959188,5243615.821805306,5035384.636398451,5481591.085812568,5376803.270748581,5605721.337065812
3616,4844244.744862722,4975406.369051434,5199966.190984017,4955756.289434413,5395165.2014847705,5322535.654564531,5533101.495922897
3617,4937681.832347731,4936832.821588667,5260777.018254099,5037326.382344317,5429800.94634447,5342639.430961796,5623841.626526355
3618,4851882.48771335,4948151.587524971,5231270.7187228445,4894276.941916995,5533929.639983743,5286447.746896294,5601957.867007742
3619,4947575.277368105,5019701.190200161,5410819.504268842,4933929.859723753,5531596.342902401,5253955.6318814475,5483676.725743961
3620,4832195.243601938,4963537.736896109,5229933.968406601,4972959.621504519,5417683.5448923865,5340830.981024072,5538007.281072638
3621,5049253.7809970565,4936129.307786813,5201854.336138216,5051106.841484001,5337484.141901529,5335687.085704193,5599090.476806101
3622,4827990.6753089735,4869147.85532314,5327959.719362217,5036109.878923224,5434270.452463658,5240118.780409036,5638447.982288035
3623,4990710.39233837,4910342.819531348,5274354.868010636,4856521.628131203,5576256.020120823,5364142.831230802,5657198.464994144
3624,4994319.495683368,4934325.078245312,5292620.832057624,4904239.312923997,5383272.167862921,5289428.521302941,5444622.2149766395
3625,4943712.975236695,4972457.319511716,5356957.422793352,4918060.562056772,5482141.194742596,5257961.532328836,5542756.625665671
3626,4918134.754087729,4879319.102380764,5354202.601818079,5018681.114618532,5527833.941506256,5316769.274529481,5691199.034447128
3627,4949278.154135788,4893533.131982061,5246075.937277997,5028262.078115382,5467788.639099312,5317345.404762298,5462693.768051182
3628,5068369.949062714,4918698.403247736,5244173.54166461,4905482.037678976,5433109.043663384,5318048.143688284,5632514.041048027
3629,4982841.5507545415,4899672.911529846,5238770.529398521,5006793.270888274,5407390.555332979,5354552.98105969,5548148.502477394
3630,4899221.854680929,4919056.335252779,5146590.87809606,4897097.318071869,5363901.075350869,5288937.389178373,5610448.203074329
3631,4917450.948782629,4960538.931728448,5180906.766745308,4999346.065472105,5442237.256004026,5261425.248680251,5683599.042502024
3632,4946629.985193076,5004929.349412563,5243015.00498548,4947789.3981831,5430881.284280759,5233585.086160842,5613363.553433571
3633,4943497.743352602,4886545.916109645,5288233.599291569,4883836.762904124,5318961.939628918,5413788.820483279,5502417.889746799
3634,4903196.373558279,4933354.867964783,5194932.101446943,5024110.7017514575,5485024.8951779725,5274769.894533038,5609786.974644231
3635,4908768.185825982,4891982.230312508,5204457.068527464,4952739.009233232,5440623.868934048,5356013.939591121,5534982.35222385
3636,4954618.1094420655,4860333.020352839,5249478.854261367,4916322.434941173,5453004.832600984,5273886.870127285,5541102.452883765
3637,4949299.281809123,5008852.566513322,5359753.586299423,4912838.495592723,5406948.397466745,5315419.4205788,5588065.041045873
3638,4897689.943625051,4853738.080609257,5300406.550447356,5026247.566455962,5471898.1645159535,5450968.190367101,5548189.880287219
3639,4873651.887082504,4894577.237292618,5300367.929495506,4944755.727871224,5519798.4575688355,5306053.096874571,5462908.396988822
3640,4938026.9415275585,4948732.771537319,5329030.222243849,4950385.153324156,5534466.500771685,5412285.579694847,5559039.209139759
3641,4998331.735316975,4855584.040890512,5275771.498625034,4978261.948600276,5469126.926117821,5378229.0355354,5522916.627122115
3642,4845522.765308119,4843372.793625441,5231981.912523845,5049000.890061872,5497712.419840488,5462535.460477697,5490436.254808372
3643,4977903.443922369,4977160.293081218,5267587.519381667,5101403.863115282,5414063.314953168,5262181.383398533,5576868.6389547875
3644,4959873.709730675,4954045.755005764,5291361.609158446,5050935.022129137,5371821.818132748,5349042.503129015,5509830.787586382
3645,4861515.789777175,5019086.282720305,5328741.225916556,4780915.823351046,5306474.52093082,5252914.217291872,5569447.889149955
3646,5054106.07148608,4903165.243425857,5208726.182410691,4981474.004707566,5473204.100657102,5305553.697145877,5575941.68438067
3647,4938947.040443778,4806109.489925301,5200088.670268908,4980990.037093397,5455309.431538807,5162236.01308708,5398549.514351743
3648,4870321.488496813,4982236.969812958,5282450.148327692,4943031.134178859,5271339.435693242,5297564.613477079,5525866.432599405
3649,4933465.827826383,4915658.205467988,5203676.407979625,4970549.965756483,5374768.684047058,5173166.902509726,5533224.038383856
3650,4994155.81619477,4991971.320247303,5363253.02012194,4932598.131219777,5461573.696434493,5304596.590514588,5557547.499606514
3651,4903245.860658924,4862110.8482425865,5368059.82649284,4846779.234262161,5448066.929048279,5288071.837519667,5537979.537692404
3652,4860912.408367095,4910825.406348763,5143507.74896973,5087116.240950842,5368272.142073278,5316692.174673326,5606576.930875295
3653,4943973.075261761,5019014.690016158,5263645.306325279,4897485.692851553,5460567.4873493,5225108.471727177,5476349.835248684
3654,4925342.371511294,4873647.859094673,5301162.402713874,5013104.069085489,5347770.652209104,5309098.893361827,5606710.376947089
3655,4983216.7660945505,4986820.732947329,5317696.144226076,4971869.134391121,5409727.911068496,5285190.23272075,5518610.318052201
3656,4845900.2735294085,4946836.164249777,5243074.641609603,5012157.241616417,5515451.619265753,5423144.981783849,5686488.0873251
3657,4913216.635880147,4806887.082715099,5161511.189261692,5007669.401242405,5495874.814060831,5429398.041117532,5511003.183327678
3658,5022384.178998411,5038126.526119957,5388216.735048409,5015359.039505717,5412651.720241619,5268625.298561348,5449741.32511352
3659,4976367.28607934,4829398.048260661,5116086.0751332315,5016803.512916592,5465123.426739038,5145805.245549959,5660127.637512068
3660,4934334.743949675,4799001.308888156,5216213.796460925,4952305.414899476,5450514.387776206,5249197.105833001,5440012.719065203
3661,4890717.188397616,4893291.093893819,5280536.4782975195,5006747.404878242,5484682.225672061,5415062.267672239,5652531.935278556
3662,4863670.363216792,4797683.382726724,5261233.752709292,4880157.775512068,5424076.454438608,5321733.9282868635,5589356.6794297965
3663,4945464.114771634,4976180.096596863,5250161.5370628815,5067235.752418527,5496581.798259462,5301675.7771738935,5664464.125505329
3664,4971490.454302841,4864624.056741679,5288317.098892548,4912704.156790474,5503882.256943898,5303714.318860292,5496650.712962201
3665,4981710.008997186,4965723.96416496,5249718.447237997,4987801.574172429,5325967.84486891,5396205.538227318,5471034.291751637
3666,4955253.921503452,5024785.199056859,5254936.493548886,4992591.892327713,5357334.017563201,5343768.561349306,5537535.938011838
3667,4938721.0003055325,4869697.4000644125,5186475.258306077,4884882.230994167,5414125.4593705805,5318370.561402514,5501249.972385214
3668,4911272.053438232,4890752.728344372,5234137.419084123,4802510.578630058,5344321.078533654,5323844.478552995,5451111.826816093
3669,4983301.245528633,4892707.780041583,5208675.219764892,4961766.334816164,5416138.636605339,5271963.440463396,5568243.302133828
3670,4922194.935371337,5035129.135965136,5247429.442830646,4965241.247724811,5473556.115500944,5288559.82732738,5434690.611008757
3671,4965313.739443436,4894150.634085698,5361047.341213382,5057477.77717835,5397218.516232736,5317467.833143734,5540249.4041927075
3672,4860107.246925123,4920058.619666101,5259628.031063302,4933015.898580965,5433534.023997998,5478263.569675428,5540690.673604455
3673,4898251.251930192,4856661.805614069,5339899.807077112,4992599.544029863,5439956.232944299,5312125.97135801,5294709.728819446
3674,4987403.627154736,5051765.167544418,5189926.960601692,4924613.01036284,5451092.379212445,5282695.665337695,5442960.4083559755
3675,4910096.00123195,4823425.921521752,5218304.745131864,4941963.7554088645,5321275.75360823,5192097.770757033,5574616.645114049
3676,4884386.3773292545,4953688.946715925,5332266.62853478,4986848.913686151,5512001.880400492,5479281.270088627,5660331.091789016
3677,4920869.296088863,4881676.604071823,5233608.7666235175,4935560.9853412025,5444118.583926118,5402759.007855874,5481093.399397729
3678,4921660.532274621,4878157.357114318,5189608.811380897,4964616.141500479,5432853.204665495,5339541.337982909,5645475.235541237
3679,4872931.720240996,4858201.423548266,5276992.713375598,4957353.189793226,5432740.281579948,5236253.354331468,5498324.402448496
3680,4889780.96972849,4906187.555042446,5294700.3123427965,5039451.144631156,5453885.588451423,5306281.469198445,5566967.65773627
3681,4851890.24800503,4880990.449195139,5129493.372627034,5079589.778970557,5416427.89971779,5252941.723784968,5575714.734989168
3682,4956462.108107034,4905822.6205984,5330769.308327472,5039855.821898105,5437683.014621507,5456891.914288628,5462195.110016422
3683,4812629.050517682,4955127.4453334,5216842.632439793,4931573.991586481,5420582.268644879,5322306.57696497,5554153.5620054295
3684,4890973.101703506,5014708.254411249,5282902.130093217,4870614.024372693,5406589.368137142,5334596.918613563,5551061.429637506
3685,4911800.133640609,4837382.722713339,5269366.016107336,4963090.515833658,5385881.981458427,5199954.150799518,5565494.486853767
3686,4908489.1726004835,4950422.420107885,5312204.005613249,4970128.666053828,5341148.796619156,5164767.280985165,5616957.917883144
3687,4923495.596926302,5015478.211998154,5364513.165163852,5065971.836513623,5489091.891937933,5250673.826446652,5569886.209248859
3688,4892152.555284388,4877662.074173399,5271572.037133056,4970725.947375124,5392958.969428871,5286477.903815831,5557731.770989271
3689,4912425.2662453875,4938857.282491123,5355188.416420629,5038222.04378695,5438353.35378943,5274243.831698961,5555405.318572089
3690,4954097.282656472,4999014.731129131,5193337.811291037,4912091.871086304,5412437.426872872,5255866.441863166,5639118.996763897
3691,4881224.972528565,4926028.432333422,5297277.787879483,5134370.9073622245,5478141.282395128,5412356.521111543,5638016.311907267
3692,4908593.331510601,4835260.360406043,5271456.105032667,4962431.140419721,5534763.211800801,5317115.39598477,5586563.813687845
3693,4999713.452397214,4873075.48011021,5220050.613508133,4945717.438031232,5407789.691316643,5346540.528331396,5496373.741344881
3694,4891292.619931277,4930549.748821459,5325975.480896583,5064841.968388958,5333504.177020793,5265249.970710064,5548296.750020702
3695,4923461.667308336,4893691.648299107,5149677.017981272,5008218.837244839,5468862.783822253,5473728.193323298,5568074.851975107
3696,4904143.010467564,4955495.347157118,5291985.2460923,4973985.4412041055,5427978.620543484,5250214.464476917,5546837.404429946
3697,4976916.3772693435,4969166.156920669,5318403.551067027,5077853.265958447,5360310.769611166,5290805.843963982,5541196.927392629
3698,4979258.60412438,4940624.014551571,5228373.233106993,5025231.19146643,5470163.3349924795,5282096.760787225,5524165.946258932
3699,4954439.342111376,4902906.734337665,5243556.746446981,5062411.273419508,5496453.039862883,5338874.468956442,5416975.575238472
3700,4959018.018542708,4819824.573056805,5221214.911646783,4957231.3821894815,5464662.736691311,5284899.003408457,5448450.270626897
3701,4965234.278911533,4940309.834582173,5184892.392578054,4821385.271303057,5476963.067291729,5234650.35946377,5518361.085576746
3702,4924130.87375094,4989051.612946575,5223598.587278599,4939349.943964731,5421355.67882663,5280654.317086322,5510925.961666799
3703,4940261.875827877,5017129.833039,5238262.995051914,4940115.538527455,5324812.8253867915,5366647.643621937,5543090.554817405
3704,4970775.435492124,4880946.602154537,5294137.793289326,4944501.44848909,5453986.8963895,5397592.044980358,5608221.128871804
3705,4924631.590761402,5008316.4263385385,5291371.290349601,4938302.124934802,5441593.780503215,5349177.273451693,5544638.453150484
3706,4924835.041659198,4981849.646206522,5327341.843163316,4870944.328371636,5437949.406559115,5420258.653530947,5614116.734341634
3707,4999062.472718364,4961261.323914917,5253649.9804546395,4937907.332307663,5344038.2709934935,5313506.833695235,5576491.321082117
3708,4921690.951653374,4878757.98844799,5230288.836133276,5027487.067674054,5570684.663891981,5359656.218030979,5635882.617925517
3709,4850125.779772854,4973638.613350457,5306397.716737164,4899107.0595999025,5413327.928295478,5380379.850457631,5501517.736172279
3710,4886017.648043659,4898434.139978614,5274524.019782525,4900889.507589379,5595089.217364702,5341398.226034302,5507614.947703706
3711,4957312.377246396,5000832.504832631,5389334.606597993,4935474.486986683,5381935.502682838,5420459.918251785,5602873.144338238
3712,4990002.836953194,4986977.357655869,5284061.365755354,5081906.275527351,5372062.007971799,5363407.203078238,5594179.869163811
3713,4955201.138231092,4941515.732077524,5313218.278337892,4979253.024086371,5464449.164611891,5280661.74818396,5554103.519021957
3714,4916893.193148503,4878391.135643647,5335140.086249137,5065868.236807456,5482396.429039467,5432063.523420863,5541829.260543667
3715,4965128.769092739,4936874.772521663,5290646.8999384055,4892228.651576474,5517751.185656477,5200740.192585793,5529419.327402537
3716,4958276.238389808,4972144.95579147,5337238.081776778,4984460.885580391,5381432.551137989,5410984.049864879,5597129.204138141
3717,4979707.75400891,4987063.538771388,5181773.438334515,4908939.601185788,5492942.1191536775,5415060.3162572365,5671021.966827045
3718,5036288.281125614,4915061.198812994,5244797.852411158,4969010.241498052,5431869.375045954,5326631.993562644,5503100.83601385
3719,4916205.861069581,4858848.19950234,5191243.134638964,4967143.591731448,5383275.372608496,5222622.847304808,5487792.794242983
3720,4992335.943538043,4865039.55124213,5347552.036006208,4994132.51354078,5441913.348467581,5420945.585361041,5505292.6293086875
3721,4859213.087348674,4959946.702920459,5275183.331581822,5022456.056922025,5442745.6984659,5370308.890277436,5430072.198288952
3722,4961874.766129565,4899792.335763834,5257902.852582661,4922084.367088569,5402698.574493036,5449494.37789054,5582676.544645312
3723,4937542.919060654,4875215.7223531725,5260418.898671194,5022610.670493367,5529176.672564053,5196037.3506912375,5589796.912241536
3724,4973515.428311098,4979840.458556716,5239899.693373364,4927732.596250396,5457414.261898331,5212248.64048815,5467687.404141959
3725,4894148.202456676,5013637.672077628,5277011.877001842,4898984.575000332,5522929.091103822,5405490.034031624,5443625.782196617
3726,4875894.703619052,4793217.731291702,5210374.225042057,4817715.584184148,5395761.372713438,5236583.303616266,5546837.453227444
3727,4909655.398751266,4984451.177191463,5397415.14446865,4998091.460275522,5470413.773646998,5336492.112226846,5582708.867416692
3728,4937710.57929291,4831226.146464673,5332592.943522181,4991072.49402433,5452351.514256469,5202208.9681367595,5571571.58741801
3729,4981815.150124763,4969896.320089452,5302963.465421771,5069808.977829962,5502622.528179955,5315128.524383571,5447850.38535156
3730,4832327.769529622,4895535.748011905,5180486.898470421,4974376.954752583,5490087.564005924,5376381.38986881,5570875.011847947
3731,4989994.487450305,4851095.260537246,5208515.06765145,5014142.227410081,5501294.740085126,5346209.946197845,5582280.077918729
3732,4913250.2184367115,4872936.590685292,5296767.082500112,4955864.675606394,5415509.529930093,5369583.850730519,5567010.648846716
3733,4946100.274535753,4875243.836872258,5317167.690459849,5009448.870157078,5433018.301445333,5269187.37832121,5499056.709635804
3734,4939421.5719505735,4930754.751370944,5247582.0496669095,4912748.445086688,5442605.642874162,5255465.869743697,5538398.503104521
3735,4881174.098978279,4905834.56946848,5282229.6700855605,5032608.707280551,5359030.681703842,5338631.932597183,5463710.988951383
3736,4946356.180053763,4948421.128777346,5314304.14167295,4973319.704884976,5424737.221852103,5364210.448452866,5601801.03174568
3737,4888935.7228989815,4940997.023699979,5308114.647929767,5023110.503509914,5542858.577970953,5295386.074433004,5508198.9848369155
3738,4888290.214807776,4985867.589065282,5251298.477867169,4996110.769495255,5407371.183554052,5330341.547950595,5604482.481098447
3739,5038791.457536306,4855303.987614011,5224402.54760107,4812912.322242412,5485752.613008729,5406240.3042542115,5565505.229434056
3740,4877419.435102856,5003935.888712015,5295091.696688199,5069916.581167798,5516291.713096366,5390440.570690932,5396260.461577219
3741,4953981.272690547,5008766.113958159,5348238.02646156,4983097.470944991,5462694.672186142,5355474.249396982,5514234.417568232
3742,4938358.408493003,4891062.584203174,5237156.760779021,4977562.423414096,5391344.785443597,5425609.058809449,5697222.999394601
3743,4953206.1899553,4840323.549018678,5221730.584022561,4979701.797872719,5485371.317410646,5273609.058057597,5643934.457628084
3744,4906852.601038213,4922210.362557176,5201995.987249162,5036890.590695449,5570241.426853555,5343668.093201787,5553761.906835602
3745,4891772.049976001,4877219.04562586,5232244.840261249,4872200.441150493,5427678.841524265,5292766.987437666,5572328.221043748
3746,4953984.521983295,5020431.648194427,5326445.593856029,4920136.400059355,5372712.545339109,5491850.119900804,5530445.697508683
3747,4849125.12329334,4900229.316858625,5211739.16509502,5005646.190063831,5367926.0172968395,5315172.386276808,5496089.972667169
3748,4884577.933248791,4857248.709581575,5327369.167985692,4825818.820694365,5449672.384801997,5331376.202844806,5502033.478003977
3749,4981526.069530147,4966419.08195128,5361031.7730127415,5043687.87255353,5377303.8174074385,5333642.749196044,5503637.352121275
3750,4861789.178004694,4936046.285127213,5335605.5573519105,5072984.375471118,5490852.929502019,5307200.899807449,5686588.105572374
3751,4978044.103600866,4955745.854946401,5232254.123208164,4950569.80796668,5520408.522039302,5247338.644873455,5473168.847891537
3752,4946159.128355268,4971157.837635074,5279846.116551522,4954086.746922335,5432679.958895705,5325876.282673032,5648577.982218854
3753,4948463.433286031,4969495.789868465,5203745.119821482,4906029.104639451,5424771.265072632,5331133.710386214,5463202.381588081
3754,4915219.300347265,4847747.0888709575,5213528.205016423,4951285.036454264,5500119.967031223,5335208.601356851,5637996.068876476
3755,4979108.867431735,4930660.764702823,5208531.645742483,4892689.639516149,5386227.183337601,5310812.704092758,5572281.46213063
3756,4957672.657318221,4919324.793455475,5290864.647473739,4986652.673921851,5510883.083445819,5312276.484050267,5430500.7592086205
3757,4896772.196361218,4877219.287099593,5220074.444429661,4916980.765663336,5457914.081086739,5478233.896444845,5620796.656782994
3758,4964369.044526989,4875425.236045684,5263237.656682673,4954535.604675979,5539169.894021852,5450196.247499329,5443768.1150666885
3759,4965891.923646216,4891257.123275673,5165395.091837906,4924216.5217328705,5424754.549642598,5282830.846140148,5503916.131829387
3760,4880475.502172782,4973430.661007091,5274502.092066326,5000044.628128608,5430758.059658364,5244417.988951445,5450652.574763863
3761,4891115.167505736,4905536.907436584,5165741.823527683,4945414.391457898,5350736.048809679,5223332.669488871,5458915.016189103
3762,4860548.317345248,4956209.826330852,5298838.186024056,5032748.228620177,5470072.582205793,5413052.272200698,5543681.084383256
3763,4984600.862564673,4978370.076632056,5336043.18087597,4953076.98885117,5446751.438467519,5293066.208115768,5588746.6560018435
3764,4937093.309251344,4897054.396616433,5252795.466811695,5028824.56199798,5415847.56853823,5292965.880041958,5495588.204844327
3765,5000117.559331394,4939170.501615711,5194422.634614945,4765953.772865562,5434317.95858201,5374113.304422039,5544156.448847393
3766,4917294.974274762,4872063.900927862,5374802.967232581,4925201.36348862,5475478.179365483,5387247.696331325,5519155.21091578
3767,4874051.457691904,4887999.986044479,5222163.508783019,5008790.6772420425,5432444.8655350385,5380753.401869845,5470300.1133769415
3768,4886948.825449691,4860693.707228025,5267857.069607645,4976002.218453316,5456493.67661629,5253441.293420876,5604544.964380773
3769,4937283.196559364,4980139.305645211,5170939.507047106,4953203.786189766,5439368.425540833,5294695.31590026,5581063.752759926
3770,4925674.373338748,4827271.213265303,5382857.591997937,4923715.54398537,5405633.886563651,5339606.585662774,5575303.039757002
3771,4956392.640950735,4890028.6196527975,5150079.077773036,5001031.47210372,5304950.0785309505,5181563.573648812,5404764.653420677
3772,4891535.336369922,4905288.596513454,5320618.639999945,4956500.418500345,5442356.90063023,5272888.611175355,5528744.900389601
3773,4916293.677176456,4989972.406834271,5258302.0533220265,5083156.065636022,5445700.133499154,5316626.334809473,5540715.678981215
3774,4979638.851887089,4838833.495395107,5345302.295270484,4974977.907975503,5434387.050508389,5279537.222016178,5621663.786620574
3775,4978545.540944921,4895297.929852476,5224857.08944197,4906972.7293142555,5354731.446526628,5268823.643753753,5484483.269207773
3776,4918043.398414355,5046891.785509378,5302397.304381536,4884224.632216574,5450897.488485645,5279915.230828796,5512673.800358692
3777,4924772.506357459,4801290.5752208335,5118771.734991469,4979797.950850222,5360868.970958124,5236169.050961658,5604861.015586492
3778,4816147.896482866,4962475.100321828,5285002.132770492,4897424.937193447,5494109.266202861,5256625.362426992,5524637.601328779
3779,4991398.5789759625,5030061.534711141,5187985.472899398,4890580.88842976,5296991.206777849,5255600.081840154,5461244.466491358
3780,4952550.130820496,4917168.821786988,5269612.103074022,4967878.333896812,5395668.344028464,5269031.311935018,5607431.694292387
3781,4964695.781964502,4954391.347636668,5227828.270095921,4926591.432709565,5374877.033338018,5292719.316102858,5383429.282522995
3782,4923398.243697137,4855797.386104896,5294361.5678163115,4953276.00107805,5413691.039235036,5270057.306256369,5532970.029885011
3783,4892531.349592295,4920739.310811527,5220374.627475749,4873236.4956021,5418910.037877383,5274784.877830975,5712350.87455359
3784,4969526.886374397,4954121.53390982,5307600.074888154,4983903.5063289665,5416437.140833946,5358807.457788361,5548467.605693078
3785,4983712.826862667,4902483.182267535,5289056.53581469,5009634.166370138,5453245.70322605,5352968.035145556,5537523.592579285
3786,4900141.689426142,4879101.683476578,5346698.401258627,4881209.0383920865,5501908.470417781,5314695.824343008,5535124.8485238515
3787,4842654.292034292,4942582.908092382,5292060.488282162,4943827.593086086,5367503.370043518,5271970.3715845905,5490963.377733778
3788,4974457.017121155,4839578.197351097,5305430.4040371515,4989507.176728932,5360031.2696214635,5276925.055403438,5501962.426349828
3789,4929430.041603515,4919041.811691844,5181250.026309186,4832090.122575886,5344762.809237496,5265126.76607711,5549707.762304637
3790,4835109.8045793725,4910822.441608721,5193940.66381083,4916423.768293672,5357540.857285831,5331922.186739469,5623994.934738997
3791,4884677.6038841065,4945884.543598788,5275694.989036846,4992219.98572247,5402878.187801771,5321221.1122426605,5653494.01663666
3792,4866680.695352331,4902808.255268903,5320910.250750233,5133068.690789146,5510651.728908366,5254721.189591958,5595546.306126475
3793,4923904.332086953,4891500.577507789,5203343.444691656,4922841.629628601,5435058.686389628,5283317.244212342,5443498.997024354
3794,4851570.191993852,4833678.178990326,5249102.353703728,5045294.266318472,5537511.897124794,5363873.666525473,5591082.757740969
3795,4925954.272838707,4857357.79072986,5277519.777697572,5007274.983680002,5395747.163719729,5311980.784728783,5525045.566982575
3796,4942434.860377714,4861466.290496734,5330184.9263046,4979692.120349022,5377064.447703849,5304025.460829577,5685126.818134213
3797,4959577.723565108,4997882.081735594,5288789.479075536,4944217.43456192,5461146.471754139,5405741.190582454,5446881.740004807
3798,4911071.479240313,4993829.147594439,5359640.5521230195,4932739.462471945,5475636.779538441,5374581.865392534,5476785.454441222
3799,4906142.770811587,4858481.012074014,5313124.486956553,4895768.911671303,5401740.412652614,5276306.094614651,5577623.526890468
3800,4918602.305273315,4934706.988628453,5316489.865720118,4980711.401061531,5413106.440547425,5383937.680074142,5581257.994736114
3801,4928802.873408036,4874425.9698198065,5260010.882569203,4989467.817407229,5383835.012459812,5336671.089882588,5476045.949669685
3802,4913471.945885692,4962341.905447249,5318493.092967512,5013633.07070034,5348261.882010982,5328377.637112187,5543390.138621547
3803,5002072.998675595,4866861.79649699,5234790.298712655,5028438.041943447,5408583.312964907,5153071.582180671,5506092.5613636505
3804,4828980.566993006,4810048.839860586,5233572.193778012,4937189.5236785505,5409822.540882181,5233019.916684587,5594083.517630275
3805,4930068.30748532,4813147.668018274,5143194.348114173,4968400.704188426,5520127.13045243,5308426.7552712215,5513090.371043701
3806,4955206.407573344,4990463.029640179,5256726.085220363,4975657.708454821,5440173.090457587,5398728.607097641,5539524.771232089
3807,4842104.134963585,4927890.8072685255,5313642.975298805,4901384.098965529,5375958.789466902,5354898.91579167,5670443.959409061
3808,4955014.6783022145,4940671.146437028,5223452.342721524,4853259.706339435,5456099.485547337,5249633.036099641,5404932.509936273
3809,4835172.367361073,4927697.165683718,5172912.354873771,5066805.760798754,5421610.520289247,5272878.448815551,5454643.524938
3810,5059645.739821898,4898825.44999718,5294876.319629936,4972509.900217823,5426280.714011697,5384620.182356786,5570325.248149548
3811,4987361.632553863,4875161.332150748,5278070.523302581,4952154.594971471,5446642.735864744,5272527.73063389,5565622.455171527
3812,4881793.954872654,4990442.343452736,5172005.961236267,4969236.973502135,5466169.772908065,5307465.232539005,5334727.967128968
3813,4979761.67894738,4873275.475294522,5330214.157053285,4952004.991948795,5508931.101536684,5395396.254131301,5492653.850210573
3814,4841452.529214846,4990521.62994689,5307835.271282419,4994404.496696217,5439917.761235483,5324650.199802062,5533134.138059129
3815,4981982.647281115,4945602.5851933565,5327650.888460681,4982422.551912322,5372438.724801986,5329858.2874675505,5659377.388918663
3816,4893044.309278897,4869795.940645164,5225756.175419446,4897877.206999872,5399537.853113284,5220140.887385869,5451673.384735389
3817,5064565.060451575,4884919.2943138145,5298835.659945913,4973306.534936256,5525398.349930022,5205637.724281941,5542523.027009631
3818,4990218.942171903,5006261.699630063,5307407.99878073,4969232.27199659,5552217.573311664,5439018.308778889,5668872.9715744695
3819,4891653.223476395,4953372.965378416,5324424.323315225,4870050.670512438,5421775.7268154295,5344196.852200198,5662570.411009695
3820,4876938.487797012,4925361.705442981,5246601.83793355,5042079.87858237,5468906.660977709,5461709.505733783,5616241.659051666
3821,4907871.028883074,4830379.463930374,5282795.355013999,4835140.17541963,5465597.890085267,5346631.931652894,5512896.46764331
3822,4936129.08809702,4972345.176286457,5289519.48187441,4999199.9746027095,5562391.290916111,5217707.068541892,5467885.349768922
3823,4799136.352142965,4883960.03367103,5282685.638862496,4917102.3755768,5369261.690358064,5345370.126124544,5519994.236091425
3824,4859036.3350193305,4856198.311731694,5207020.855009219,5073571.50674698,5463672.504731286,5363287.0179544985,5471709.335133359
3825,4904375.9885307485,4853755.879990311,5337257.56664993,4881380.350656551,5395376.834533411,5417165.122761048,5420267.320062165
3826,4927204.905966984,4984584.08808339,5273606.866773941,5027097.988919869,5520579.7645524945,5418342.10692489,5728160.711234723
3827,5009064.200971709,4867290.382390428,5327865.769988162,4966746.956740518,5525527.768937605,5365339.012962761,5473050.115409547
3828,4862117.945968277,4904516.305046596,5228947.317916283,5043506.188152831,5362458.963095895,5247634.505977171,5496047.207339175
3829,4893692.931698441,4868606.876882862,5267964.493170222,4925359.121590885,5476523.9358597845,5180996.01774386,5464703.106245969
3830,4981485.572185929,4923463.112704127,5279663.174408339,5031587.197105063,5437686.33181662,5419633.37463752,5484665.42648016
3831,4980483.441192798,4859130.514959363,5391237.26085863,4952213.78434827,5462501.818185223,5269732.343951444,5504717.731710054
3832,5014060.285706665,4829916.3195378035,5215623.84191544,5039412.552350963,5368078.601503559,5285013.402799547,5437831.180851377
3833,4934460.149128967,4969822.159067271,5212440.458842742,4977777.4089029925,5473737.201932533,5390451.1041135155,5550361.333252915
3834,4925596.024794313,4884053.93368812,5305126.269644804,5028101.4654692765,5529421.101339178,5324759.959672823,5540017.885819341
3835,4871016.35617818,4881977.186486458,5204718.420217859,4982506.214798495,5589260.364555451,5394378.654259317,5561733.664073727
3836,4942231.2777155405,5006284.006366142,5295261.110876519,4982598.301469994,5410806.315046368,5326808.737763411,5638678.8746426385
3837,4854590.041645235,4892077.576407349,5185876.20924709,5011621.928726623,5319914.98762746,5380174.205028923,5616607.039801277
3838,4979496.318047344,4922029.800462976,5330646.946150301,5042858.134326558,5576576.525641533,5317808.9140098095,5649419.582453318
3839,4953446.737367885,4868982.297149758,5234529.163355602,4911231.32259112,5371084.871436858,5366475.8980080215,5510910.756774531
3840,4992224.4054652825,4864761.696577045,5373770.556203313,4920277.855170421,5424861.266384635,5312965.562045085,5449398.995472202
3841,4966855.56481547,4898276.523021683,5364719.030466451,5094052.603794521,5391440.177389993,5278595.810756835,5679491.66718333
3842,4933074.894351106,4898118.729695229,5323359.727670704,4990696.628306767,5448633.3120343145,5217433.514660694,5586935.643575104
3843,4913980.651100361,4904952.72712203,5319264.230096545,4908677.303471473,5462551.654020804,5314345.1805655835,5408262.457247636
3844,4920988.682429197,4901732.106070571,5345761.9074150985,4908578.850329789,5360497.304814637,5390862.923017874,5566087.873305272
3845,4892388.349885692,4892664.03143087,5311069.159769682,4797381.554224368,5464529.957846043,5274097.941814839,5489436.85282238
3846,4935790.721747443,4973836.643522352,5316084.14417727,5011525.52916605,5488610.572342322,5347403.336649321,5552230.527743909
3847,4977188.298489487,4954296.556161267,5307596.843297833,4988751.6203877535,5409609.455813868,5146388.8735792115,5533794.88861519
3848,4896677.276010071,4931000.909981232,5194488.026963213,4937039.904083316,5444334.261691121,5171961.811102155,5655698.555624605
3849,4927792.65604843,4843196.398279843,5208700.838898421,4859187.004534811,5418904.356152754,5227459.248428725,5527219.975414146
3850,4902372.5029704515,5047434.016517372,5279983.058116823,4971273.7211231915,5432474.601215295,5351011.5782432845,5482152.706699225
3851,4805054.665209743,4879287.379647217,5293077.682718544,5044632.603310996,5544705.142040266,5308084.80824294,5586413.408179173
3852,4916686.407653951,4925562.944009322,5257285.811385997,5052251.308858147,5462238.426765308,5319288.141755223,5528370.551641415
3853,4891398.859236096,4925108.845301698,5160347.970431569,5011697.5168219255,5492393.400994779,5338812.918261452,5692934.3576309765
3854,4906496.493961383,4945641.19552284,5379390.5719495565,4886338.257727296,5395862.903187163,5377885.03067185,5455217.226964708
3855,4927132.943289707,4875357.5904018,5217427.861035774,4916609.607463268,5526575.173270619,5220651.113945887,5526462.82469664
3856,4900441.981424869,4967338.06512304,5150531.700287466,4965058.449181445,5492479.791282171,5367961.782924933,5700452.132935726
3857,4945197.658370416,5000508.371340191,5220825.9771613665,4854783.823232556,5428931.872448879,5419918.595047646,5464844.768129203
3858,4869726.342453976,4885542.2690508375,5314612.442667307,5005161.451694634,5485622.36544162,5349480.496173106,5606447.758007964
3859,4923055.497623734,5003835.879028762,5314831.449664799,4918182.055883653,5489495.5639802,5326819.328206642,5664964.303116887
3860,4932692.784984183,5031241.026632665,5186039.350297276,4969526.762379733,5425743.648711884,5421503.16037149,5638634.005898319
3861,4911860.857881907,4964282.756400937,5159209.350293299,4932647.871823652,5443477.121674281,5357657.23560867,5518361.534546804
3862,4916095.295704305,5087242.942195432,5275997.554950037,4908268.704508267,5377297.477822494,5319120.086960066,5551584.533490005
3863,5004164.941862865,4933457.23611419,5281187.514985914,4951177.149472803,5488508.247789841,5323987.974832544,5577668.409960056
3864,5019716.879112071,5007367.308973417,5255509.31841355,4960812.210067958,5454333.796430568,5297620.578931696,5606329.542110274
3865,4902118.128964029,4887427.9744056035,5284752.337490047,4976506.149084326,5547589.969714371,5437887.114173441,5645878.906426167
3866,4967351.760537908,4938596.372776632,5188026.618863468,4889873.046642774,5397332.941668902,5354835.942762542,5501539.78475792
3867,4939357.615932014,4857270.220372563,5246391.828252032,4997323.415799789,5352302.514709208,5261045.236717867,5548891.897962412
3868,4907583.914320935,4940388.513861146,5194781.580301113,4821600.661210419,5425104.858147631,5312916.741726752,5554066.940718601
3869,4912593.037209948,4954200.403581459,5190401.2327982355,4980649.116473555,5485834.15079212,5306189.535129153,5552130.3448565565
3870,4851850.703296525,5027225.223528964,5196670.793504494,4924092.040318122,5476689.247819209,5225720.507013692,5560781.708384594
3871,4867271.312014834,4968920.711449625,5310395.1369786095,4913436.686525164,5411642.060328425,5362225.8245118465,5529624.85465194
3872,4778575.44951963,5002135.345290062,5272275.329131776,4923668.463641924,5425047.581083978,5293499.734473943,5618773.116169476
3873,4917913.021335604,4944185.907535467,5371850.182044896,5014065.795838134,5380698.686292151,5258234.068729383,5713535.688121133
3874,4960801.13128921,4919529.344469285,5274006.554451534,4871860.094721471,5481015.726376432,5385939.851621863,5571223.087285144
3875,4890337.744237882,5041184.397066878,5262304.3854654245,5004711.133530015,5446964.354223476,5324068.110891651,5604947.696852366
3876,4952294.29084705,4921004.922611569,5261818.787948142,5001619.8998290915,5471471.328491383,5380030.80602642,5618151.627369749
3877,4875277.376660655,4920556.745023152,5352283.348331678,4873650.648593052,5488104.056163222,5328450.178409867,5595761.390239311
3878,4844934.13927317,4906619.633450342,5278233.4177919645,5015618.604011854,5475185.7023453005,5301915.871230062,5525559.58208678
3879,4997304.967245344,4889954.901247613,5283767.088716056,5028277.750647574,5313700.11768264,5401945.98314587,5499111.947022103
3880,4963207.401316377,4795881.594065648,5327286.986469482,4975433.883669104,5364895.84173503,5272702.602710931,5555618.45587437
3881,4937282.804443555,4963931.562681126,5238945.745337893,5012521.395469091,5493520.858359478,5315264.029108071,5694413.537161358
3882,4933248.237961489,4811305.871795923,5198203.756813173,5025179.573878083,5420389.136196484,5275688.2282158015,5426528.774089773
3883,4880386.430063888,5036881.556289955,5162972.252525633,4946246.599873409,5383913.607194158,5277462.440805953,5537635.3005525395
3884,4901251.8028176585,4959200.975984912,5214784.506951992,4927518.922888144,5503249.635746865,5382951.959945712,5652096.59421395
3885,4996626.315393971,4816289.024555457,5255542.07492894,4982578.664657383,5508567.031515902,5334442.768331623,5669895.200197935
3886,4807171.604379875,4887401.651183385,5273437.844869663,4953303.113162503,5493577.988208301,5212871.214161074,5512475.565869359
3887,4902281.974874374,4914777.400706895,5268222.558200141,5086174.81131871,5431955.231237352,5360459.705116023,5606966.394485302
3888,4914892.948732029,4962205.720289351,5216978.816062329,4879907.440534463,5541549.838545573,5317646.511068336,5535308.362412625
3889,4917413.932849618,4909646.829106962,5296841.512017854,4948642.545635083,5434620.445734419,5277672.877982559,5538084.395294236
3890,4937809.588166622,4987774.3988717515,5305803.207231812,5064254.265485015,5440969.414935614,5335554.537728767,5644702.651719812
3891,4953711.445337008,4975069.163995955,5245637.530461444,4950224.79824935,5473440.3420963,5301335.318598316,5438852.219415452
3892,4921924.394081626,4984768.812663758,5313931.5550004,4995612.869648138,5509746.262032727,5320333.4956807215,5552436.346334519
3893,4909556.0172476815,4870075.129879194,5241051.332279112,5042192.901149602,5486575.365072144,5405486.418373154,5656899.836064341
3894,4852156.215978696,4927379.703659342,5166164.566704372,5007061.252959459,5387088.79219356,5412594.705769886,5618324.52267645
3895,4977774.243013395,4966805.405302311,5285737.510520469,5003834.933715368,5386191.712068869,5498895.491355725,5562071.436321054
3896,4991833.001408139,4907528.394842777,5358432.029082126,5041775.614616199,5405408.092157441,5260895.391622198,5495827.424720965
3897,4953947.80911596,4898619.95824407,5284880.279871531,4934144.467319108,5377814.616236031,5309288.451168053,5465143.80120876
3898,4835221.399284102,4894201.2292915685,5272271.370924411,4926375.588133473,5522412.94875681,5267977.429569662,5563492.6364413835
3899,4966010.777227834,4981916.637195963,5218433.359764357,4834638.370723463,5406507.336525552,5408204.78617357,5658924.862342697
3900,4953870.102608584,4949082.568515863,5195309.64604617,4950723.950598806,5490638.159142837,5425138.345087299,5480299.941981722
3901,4972188.759666666,4902702.146914725,5250700.75095417,4943593.927270944,5438687.656556465,5309594.011704524,5446501.141294386
3902,4870639.349955923,4877368.755576048,5281774.578376906,5009839.789739198,5502594.339057045,5460709.50142386,5499587.577674201
3903,4911479.913146871,4980673.219510102,5372844.071262161,5011280.774736878,5509608.044948053,5304131.158419399,5395025.964391609
3904,4932961.90505567,4821513.9176976085,5282545.001847499,4894901.534373354,5490098.818131119,5310927.7151260385,5544831.49105102
3905,4971606.334579628,4886290.805809803,5333807.989360547,5059311.822495312,5327342.036144121,5283723.099743916,5527362.587894507
3906,4900925.292579372,4875313.793889927,5172281.434482038,4984810.018601654,5419721.137207995,5382167.355148086,5624311.024599929
3907,4884446.170510786,4906784.951959444,5209312.887687919,4923623.382557966,5427213.163157346,5366511.543734503,5481698.451161109
3908,4964109.767546268,4872502.265896569,5133477.46722383,4879379.960374383,5460549.539959537,5365505.120528808,5560931.875744878
3909,4932610.493707198,4834551.881870315,5396823.047181195,4963111.993968906,5507069.5849094745,5266861.21885594,5659664.901202685
3910,4922809.0875520045,4971544.400699469,5195203.963949709,4881805.378073001,5459772.570043075,5314860.663725483,5559463.065071979
3911,4845235.492795019,4907611.152469675,5223566.988981131,4863954.434750147,5381641.0533563895,5391563.848942708,5662997.682972454
3912,4953499.767215611,4848502.484973347,5126110.654381797,4925037.502877113,5515485.289861987,5238197.093124865,5503977.912269894
3913,4911771.303959951,4996621.323901437,5169448.785577368,4973573.565163294,5505517.562589398,5400769.18861062,5632931.890777206
3914,4903905.095609841,4955971.316393827,5302148.551719226,4886394.595860687,5503806.477610912,5375363.855915915,5533698.765859623
3915,4892597.179912395,4910113.318360908,5280428.518454426,5099442.2400979465,5408863.2446549265,5344180.746474773,5514493.443671374
3916,4975303.722691587,4883140.979447883,5191911.363605643,4884336.163322827,5363810.507421883,5268929.786976734,5599922.219714795
3917,4944405.01875559,4855294.827217594,5228539.835824271,5045504.972031439,5513054.920112144,5319366.803602936,5582255.647077894
3918,4921565.651934228,4946327.410413602,5127826.849745929,4965267.975045051,5328962.417745913,5422286.5064214645,5629982.932130689
3919,4811722.153549023,4972709.546469078,5248580.736935651,4878457.354432425,5339747.100319829,5205331.487032169,5659437.520360986
3920,4998741.8565560635,4895235.6005962575,5310810.235952561,5033784.894519025,5406986.398297122,5304622.118268237,5513633.721727779
3921,4973236.25303496,4868302.865812635,5247213.186979787,4974491.3233429035,5422485.723899061,5240744.348581532,5657281.659876068
3922,4941828.447350475,4953197.888506293,5196501.738700683,5066296.31118365,5434740.445230943,5514241.820595119,5551892.400327162
3923,5035791.061111152,5025347.912927065,5350190.31097627,4914740.372661799,5444837.787859859,5462504.672983368,5581161.490020191
3924,4876065.302940556,4841840.914409242,5319314.136686853,4992146.747873222,5376954.497832218,5312690.462103076,5577917.072516402
3925,4929985.938348859,4808695.060460543,5376373.76439931,5029379.961136391,5418798.816531731,5370880.825803507,5543558.185898904
3926,4824528.915825338,4830617.772478854,5337252.246035274,4960007.758951451,5418719.635643917,5434071.649895784,5532735.040819511
3927,4835246.18257056,4915482.543954779,5257701.332088942,4994212.236593818,5314602.175549351,5184070.427578491,5623619.816328037
3928,4974846.340461759,4890912.667119616,5375975.6165939765,4944207.21159411,5475585.892469512,5362493.02099495,5457612.669900257
3929,4955739.357808949,4961770.505637731,5234778.857917822,5001016.335429104,5412574.150930189,5382792.357377898,5550458.921957654
3930,5035762.091612524,4932364.624960412,5290272.912572877,4836753.331141768,5529249.132902463,5379768.467721481,5649883.699463384
3931,4820050.394520195,5004217.880909568,5242287.600974889,5066383.866148328,5460594.250577152,5320349.080420835,5591895.664017321
3932,4909266.09566535,4803067.709088234,5216786.809300306,4986276.611413723,5461543.297042448,5175272.639726432,5528085.849232124
3933,4940076.068070709,4854080.092369335,5270254.800287118,4927094.746777723,5410000.014754677,5235732.558642454,5416356.061067069
3934,4924360.824419229,4963305.064263821,5352923.338785552,4809078.639712845,5466048.672263966,5343610.178067298,5646135.888426046
3935,4929639.336280149,4943857.7838727925,5226152.276891548,4926417.9073519185,5489980.6996641755,5362000.131977416,5669219.676137315
3936,4926983.706705918,4914015.065926146,5318768.2505561905,4932107.8821557425,5454596.66273563,5234328.99910571,5573901.320073344
3937,4928617.816732014,4831045.934910547,5332843.238373263,4883377.124129908,5461004.357431545,5336556.361236833,5587223.828806949
3938,4965855.422867114,4812228.653694412,5289811.240712085,4908087.605565458,5421091.993586204,5453475.376774875,5664424.76020196
3939,4895616.889353445,4935433.926149345,5271298.661730373,4868623.157744065,5450437.510767544,5239936.422703074,5467775.107483188
3940,4914021.945565034,4900161.404692977,5348206.537754644,4895527.780990592,5422209.169722463,5368828.979198156,5502732.431615602
3941,4995745.1396889975,4865886.484909172,5219199.584747338,4976493.751003156,5469515.382489617,5335091.70225346,5517320.666049973
3942,4876322.552430686,4869657.353468826,5322613.154018626,4946329.597305316,5372512.116003902,5216370.623452286,5583285.582187774
3943,4904129.37306695,4828518.384935827,5251076.037714102,4926937.160841252,5471870.166708592,5412018.3617346715,5593123.251429895
3944,4912680.93455247,4804965.6566824075,5272252.5406325,5028384.061174868,5482879.22889457,5314745.0809666235,5530838.791571415
3945,4932703.145240598,4929853.5805093935,5339458.686802787,4923029.2060060715,5507852.986541852,5363246.98502635,5458790.1184652485
3946,4959659.267236497,4852423.777124466,5186962.620164473,5004322.719880348,5535679.593830768,5390359.242364406,5511425.344917255
3947,5035080.208460284,4954487.334341543,5278884.920155164,4903448.988116903,5426163.79041219,5374337.9974666955,5527018.761263152
3948,4984470.181741875,4947722.2746643815,5231635.761097307,5012607.055209819,5434841.467865338,5365596.2159956675,5606340.62727276
3949,4969302.9576388365,4916718.290371777,5302029.607464876,4998506.679099187,5410528.95854861,5303071.339870598,5547396.319682036
3950,4950456.6035014,4796122.210158179,5322583.9993285695,4966583.705041166,5476347.84911116,5311906.958054238,5582219.77047671
3951,4903974.292370069,4978565.1841744855,5279719.637276505,4904674.101774152,5447593.732311556,5372853.734343032,5585006.848262826
3952,4880389.621812944,4911067.027595809,5130015.617789306,4937118.187293054,5438029.244991334,5366838.844643859,5481845.819822291
3953,4911762.977371689,4927376.029573636,5315736.248322516,4978254.334650349,5369978.67066799,5408479.001633938,5588814.522276553
3954,4888268.82233824,4930883.042493307,5264972.637303745,4907257.288822543,5483273.143792276,5276974.395181101,5488064.087086164
3955,4975254.137411691,4851910.239909074,5160338.154606796,4957895.61601435,5405686.245234212,5266055.655547241,5580662.62559934
3956,4818219.908111787,4915571.682288295,5226220.850700956,5000481.73339008,5508507.75405645,5226167.983339185,5528144.619224859
3957,4903820.686753095,4951321.814092975,5277120.243842982,5033198.806186179,5548138.3107880065,5406687.6983435545,5670130.614554052
3958,4896026.03672519,4784574.212546603,5177063.725073808,4961748.252270903,5486769.121979276,5237951.958548509,5545221.206477701
3959,4909120.596753915,4984257.26756524,5223806.376031612,5005450.669960849,5451335.621155007,5363776.632124061,5463334.94812723
3960,4895876.482933809,4980418.678719293,5392163.762388681,4920540.600888518,5505095.997380634,5240088.856913559,5553575.89803262
3961,4968312.9844365185,4846109.879829864,5237200.073086354,5003087.276411555,5413302.870381709,5311796.350884301,5579161.0966533
3962,4908367.039627889,4892805.41111438,5206058.123486437,4910825.813864771,5423679.93824372,5266247.160223225,5543127.101121002
3963,4857654.0079336995,4918569.634026179,5325205.886686817,4968504.401960303,5426032.781731964,5317278.860089049,5558283.410293275
3964,4917515.062560353,4977737.173882234,5350219.095650245,4924172.952409523,5424893.473836067,5312661.140379045,5610938.750437243
3965,4940721.748720998,4888888.040391374,5151100.353539797,4968422.370149865,5455306.607477788,5282253.049884964,5474956.135022406
3966,4916911.236059639,4866292.047914939,5291714.37246233,5033107.374509483,5381225.711325814,5322168.4554398265,5488597.281520428
3967,4987657.8972527925,4860880.753627512,5282692.868799855,4846127.028527059,5468217.963304327,5306817.243616101,5487368.428643863
3968,4860413.173804348,4944947.963993203,5234999.553059372,4849760.243811378,5440215.072455351,5408079.42266418,5490329.742637174
3969,5004316.246139856,4925508.355597058,5278466.25612526,5059718.539785151,5417381.595099084,5312336.093930115,5585669.429762879
3970,4958585.365614835,4884595.366217064,5284399.955456659,4936396.872505632,5390041.48602953,5418162.79226577,5564113.044348425
3971,4874944.888786677,4903754.07390479,5312598.594386224,4891430.626406011,5402128.212142589,5254251.900150694,5492969.221259091
3972,4878168.964186677,4941085.611271195,5278377.246121156,4940736.463740676,5409958.842090053,5352872.232030519,5568912.62623088
3973,4921358.075426418,4975821.370047993,5303508.831718086,4923065.533837826,5526678.81800295,5222112.629301188,5593813.756069414
3974,4973012.6603614455,4928862.070389307,5241424.346999563,4977872.228246139,5451963.272227105,5354938.527964048,5421372.571650685
3975,4855282.675194497,4959557.530752579,5375252.680972671,4806701.560970958,5554777.032158176,5322871.1577926725,5632475.92635137
3976,4858714.644069677,4827971.928149773,5207969.88719916,5034303.601305791,5479026.806817601,5353420.76354191,5525792.4355432615
3977,4952503.075799216,4943002.125560807,5327385.6952432,4985266.608222502,5437855.255133771,5312374.521873303,5548994.19700575
3978,4907745.185873474,4934680.656793451,5373166.112474277,4935297.826346239,5457450.366321406,5397498.8210145915,5567889.841349014
3979,4866404.562480105,4934165.224630334,5319518.8590671355,4956182.37703496,5474738.435611827,5255261.736154299,5458119.385783687
3980,4996071.306840625,5054953.439598983,5166156.8879360305,4970854.33683739,5474693.802195443,5393331.701786944,5517490.918023111
3981,4908709.927304704,4949331.098433739,5143764.696491389,5008675.457417923,5434361.3144056685,5366069.55598965,5355001.721452839
3982,4949735.076613205,4882582.8690918265,5296663.783371555,4910705.145092466,5446914.14253747,5381163.715595365,5574692.022974188
3983,4913369.031301304,4961942.934070052,5186424.87201574,4899577.42021851,5492618.62179226,5277787.669681971,5591730.649816651
3984,4913058.333687649,4934017.49914526,5283707.517847418,5020234.568430657,5524699.056901545,5286348.150303593,5532983.189152532
3985,4867828.249320557,4983713.154418381,5324593.135700803,5027449.659851556,5396817.111163306,5311100.9422724005,5635094.911827573
3986,4903248.5673788665,4924490.349142816,5282535.655214658,4921966.178732251,5534518.246643271,5410393.718111761,5458931.513860168
3987,4938695.313355366,4961500.3673789725,5260454.539784945,4943127.161897592,5482048.827523264,5348875.147855712,5620651.839941487
3988,4882911.620877827,4934339.888669999,5261144.446006871,4993140.432564364,5365517.788391769,5359339.77331018,5650377.334731279
3989,4935555.46376277,5019819.027974923,5232005.623065874,5051064.050826989,5473220.571679549,5307882.22541196,5549671.93488215
3990,4951655.154913148,4851374.847275307,5255728.019900529,4911002.572904312,5442461.380786026,5349248.549417865,5550442.395810335
3991,4901589.290076331,4899267.008888914,5293870.733622895,4957260.254645772,5415323.778443363,5327712.564472008,5470083.695098706
3992,4918260.74111241,4979353.449038522,5302713.511482932,5113946.397218169,5504732.631667243,5291112.999527695,5540756.914748291
3993,4931152.927601148,4923644.043459504,5287247.378291299,4833870.033556603,5339395.167247878,5276370.987331683,5637805.45228054
3994,4900374.074918351,4934999.283935557,5220816.966582991,4970866.035082966,5440613.872356782,5277027.675980914,5551771.5587685825
3995,4810535.07508078,4897619.202234997,5214168.505014018,4891951.1293631755,5440381.065294998,5392535.288038175,5614193.907457993
3996,4938103.779245225,4962371.532776639,5233087.9233806655,5069071.501432804,5448731.242855918,5332120.981146144,5496351.301903224
3997,4978326.342585126,4841594.058127674,5193704.85064672,4958719.410339147,5487902.937480662,5315802.628644135,5591244.252167608
3998,4955667.862795367,4938049.826152404,5254708.624492005,4924176.240483435,5378364.834040195,5290842.406877726,5686405.7950874735
3999,4924356.147034223,4902201.3013499435,5267722.649825812,5056033.393835081,5406927.242191884,5386294.357365752,5498645.255495242
4000,4830474.252261702,4904941.226015376,5158889.756923165,4905236.047068729,5439990.613070017,5253540.191132492,5541595.750657286
4001,4955794.018100204,4822920.866899221,5317610.081391486,4902931.783781215,5411532.394679554,5312988.877778171,5558532.944809704
4002,5004291.724563787,4938819.780171771,5191007.20294038,4926511.944446985,5417670.441413781,5362104.517244471,5466048.150156618
4003,4887662.260247456,4988336.408152246,5131447.586766035,4915585.656851655,5441514.278723645,5365678.111840083,5613999.846842151
4004,4880905.19904655,4960777.911982273,5227864.969610574,4935286.435678148,5363522.672281032,5251639.6359122805,5465626.746021392
4005,4900766.121888996,5019503.191809773,5234262.541138393,4999039.164320592,5472358.688053103,5361623.103552975,5649072.469916793
4006,4921259.745984336,4950228.369637481,5227190.856214952,4953330.9245167915,5325075.834861905,5325960.366155033,5466484.1585561205
4007,4935301.282648642,4799569.508394907,5229719.60293153,4925678.02553241,5396444.9275579,5429338.372193362,5468983.403632132
4008,4923596.092761168,4950728.484935568,5295196.221883011,4949402.911589236,5382256.466566054,5410542.735352591,5491050.901088301
4009,4872248.808526115,4938495.350637069,5259610.827855099,5019135.437324339,5427750.0746154245,5277538.274136458,5528432.449276406
4010,5000783.059264772,5018336.903461978,5231715.615759952,4922928.153779441,5446078.153852594,5297008.541241232,5572340.526950416
4011,4923132.545831837,4870101.095054433,5217832.4339551395,4926542.322191341,5476531.6423110515,5319942.704022437,5510049.837257426
4012,4907486.654994241,4790799.395385587,5253508.624367169,4820138.155911253,5591428.0246203905,5340742.871401795,5733158.505072239
4013,4828402.9727818165,4973091.242310987,5215397.689884003,5031393.3787834905,5378882.851233252,5305814.082964938,5640467.800182512
4014,4870057.488197956,4876442.73704382,5336561.840148467,4926394.227453225,5525692.52263839,5193395.967413515,5503521.537452153
4015,4892657.604200588,4850865.797188622,5191949.401334289,4955471.9005899355,5448532.178845473,5358086.6136657195,5619922.812697077
4016,5030158.764686692,4885485.252424988,5270506.034615265,5183185.3767172415,5344174.200104455,5292666.524969437,5583615.9002868915
4017,4896559.477052485,4887635.258668253,5292491.200453166,5072802.741229565,5507814.680422586,5429965.469485025,5574490.57357135
4018,5007017.58186426,4947079.737185371,5252537.407294965,4936118.256021358,5438876.511304766,5351133.099557444,5470679.430430908
4019,4969172.352317025,4900869.616363891,5331594.469495774,5040482.240296672,5446934.054297306,5334596.016831334,5538306.488324748
4020,4922440.044949564,4950912.485366096,5309417.209297742,4979910.718912476,5393440.158661146,5308971.6989085525,5608905.96571048
4021,4893807.215594217,4865973.190156462,5238934.277497727,4883885.37651881,5416150.6673850985,5360569.607010425,5452055.330676067
4022,4868803.067020303,4986785.492509779,5284399.133405529,5003957.712583986,5441405.859404266,5456393.889138064,5614325.712673139
4023,4863345.842281914,4971661.807551627,5301431.162930269,4974295.522441975,5343495.247000679,5333620.5801015925,5466970.0974762365
4024,5033819.2964463085,4878513.891748685,5213124.083171565,4886906.617706522,5404217.771518391,5287309.106724148,5655708.612597158
4025,4914248.910056364,4887636.08205582,5304445.096249851,4958114.9264366245,5364525.742789044,5223749.505772376,5543605.774074053
4026,5002045.356226434,4910301.057850103,5075235.9029451655,4858810.331213355,5445351.993280172,5253868.0362037,5691779.111143182
4027,4888796.306865347,5029204.794561278,5234421.569863147,4977896.202575025,5282840.216621656,5431387.139609568,5503094.281520872
4028,4893525.274341012,4888210.817714476,5234363.07699612,4797820.24574346,5403189.314231345,5266164.21309634,5375294.608217525
4029,4958464.323831538,5036580.981456752,5328095.332901067,5035131.178157121,5451254.136779355,5249452.225422982,5635809.804196115
4030,4900256.581054996,4819570.103457808,5201037.70958578,5035133.2948807515,5405597.441371918,5315141.241707216,5673491.7764285775
4031,4960681.039086682,4958048.5938442815,5126888.990263287,4956147.625478125,5446634.446996715,5342211.213259375,5706626.352482259
4032,4948219.639230005,4915624.115320951,5231606.892046904,4991087.930966241,5420694.773001667,5261441.630662741,5554570.6895300355
4033,4849650.423363125,4978086.555515848,5179314.547124289,4796639.705405091,5308572.397581367,5275366.443586869,5649268.82447142
4034,4938683.016770726,4948668.002619411,5260692.581574972,4911567.24318276,5390190.06176597,5271985.922025487,5556206.087156805
4035,4960818.510334903,4953012.075968041,5272334.436321668,4992780.0217026165,5465313.153521454,5384989.945261287,5580809.16790018
4036,4917990.375289195,4950372.1822829,5148306.5715692295,5064378.985560965,5389562.751207595,5315972.238734993,5572470.622168146
4037,4952116.663493611,4984993.575135428,5301590.17388956,4971361.874620408,5487108.426433753,5329833.381578998,5577292.772420287
4038,4893328.855555747,4864058.577839689,5223733.49121161,4919784.452530914,5487443.675067879,5317610.72488522,5638635.108748077
4039,4975546.929645154,4855603.290910774,5310342.336040141,5009259.957387061,5430008.668753106,5271573.2768028155,5479778.434748308
4040,4991901.503567376,4967562.199548835,5207077.314559009,5032440.665086719,5369549.148565095,5469317.005200336,5624509.708405638
4041,4869678.207173371,4958427.576119758,5197458.00970871,4915598.765386775,5447843.812007342,5256997.994021321,5603235.851581702
4042,5011372.098450928,4979946.052871553,5406287.290867461,4956149.960426062,5441273.214382448,5351865.442801377,5534802.068988307
4043,4901167.229466202,4895211.095577341,5246310.229084901,4869835.126166132,5426984.701779887,5348080.974515872,5487688.703542991
4044,4989562.369216134,4869500.100485425,5304561.624888601,4827654.207657941,5336505.32344515,5333010.812905439,5542584.835319648
4045,5005831.6788285505,4988546.72087384,5298220.145421826,4932643.168127207,5349253.821221539,5399218.057647254,5637632.170338345
4046,4942337.073732616,4946179.760163075,5176877.123023987,5002491.819732459,5508984.627387738,5298527.566246161,5615257.751296647
4047,4936200.33394916,4845516.922106416,5131337.373679595,5031631.440315419,5522089.298552484,5294295.218918536,5542915.862539789
4048,4960697.25196281,4992348.588145555,5268616.759213983,5011108.046610984,5519807.743493361,5428611.40615998,5607747.68184033
4049,5036057.479763694,4928571.562600398,5303542.600302712,4950572.117228828,5476189.317008051,5406889.395322019,5543020.620207011
4050,4971224.648094713,4899749.267878154,5192302.841318099,4918494.4193093525,5477961.193713022,5411828.745064011,5482373.2562393695
4051,4901124.5069786,4890029.500650331,5380661.29307403,4870843.830337781,5392347.213764343,5206914.505397675,5550500.2040471025
4052,4897091.709437881,4815953.795357476,5344974.245455858,4996932.644000999,5418846.255676443,5242516.8086406905,5585173.580044116
4053,4892031.638297582,4832669.594382921,5179094.078347702,4849047.175849869,5397806.84555703,5382628.99175096,5606776.503127133
4054,5004694.638170084,4966762.034718936,5301598.955505198,4965126.317571484,5472173.763784907,5342264.433278158,5450548.5616801195
4055,4935562.6720557185,4964602.139324384,5273368.816219483,5012312.7878332,5532875.516077261,5244175.440624558,5544190.886120691
4056,4880699.899362481,4881094.0343845,5407200.51840315,5048284.564339805,5462074.601398585,5388079.272154271,5551503.174346307
4057,4930095.455415247,4988403.498891278,5388419.081409858,4831233.011436422,5479083.484551515,5328037.044911595,5454086.902458278
4058,5000812.731004687,4855169.509069313,5201404.207455869,4850202.860456562,5458508.776150454,5317869.058388953,5542168.7440636065
4059,4924650.40410923,4936186.186086764,5256876.0479387315,4962643.064009788,5447829.44656107,5307831.179514554,5544784.320394702
4060,4981545.157761225,4854488.860932576,5350058.689219249,4991151.378534148,5495114.261286169,5334494.460611493,5565123.891367199
4061,4925698.107820307,4903485.397321964,5159466.278091547,4904547.058159692,5370509.298473915,5384427.5230667805,5483454.2218510555
4062,4892204.743198521,4908470.361950782,5292695.70005281,4904710.243041306,5412593.91440996,5327673.5461085895,5594753.779951598
4063,4910041.502110108,4870491.888722097,5295756.788372794,5041227.196635483,5409805.062301118,5354739.218719765,5574655.315565665
4064,4921123.088594705,4852743.847807011,5272486.028188434,4934977.049000846,5420361.646872412,5198978.808928932,5487881.212791814
4065,4863147.634194455,4890551.062545005,5338315.352931882,4985507.664786328,5304398.839830177,5298134.293987254,5407291.403790202
4066,4948309.067455262,5016071.916276494,5285341.972098175,4911634.858267788,5519555.121947976,5403647.748970695,5511122.896053916
4067,4911399.203935076,4875156.941700692,5318461.3798273755,4953754.015250743,5493349.250122553,5220025.367087381,5512519.474814718
4068,4976633.863714608,4900921.549677038,5360945.377218647,4991600.800056977,5507582.248781569,5265790.825941146,5636071.96718716
4069,5024870.394311678,4815744.011909997,5145092.071619214,4906128.430578795,5435783.176258588,5284585.840605447,5531135.710086172
4070,4974542.744502818,4976941.899098757,5254769.376479164,4929002.160548583,5503024.549843391,5357823.869246947,5704085.875966777
4071,4922333.313246804,4952885.649462357,5224103.450482285,4991595.634575035,5402076.3552295435,5219545.677389155,5528517.749695655
4072,4902258.386040669,4917533.259402269,5182317.186194898,4975264.021860801,5403291.719801407,5329396.260461262,5570847.290020132
4073,4905917.550747766,4869672.7941351645,5303338.1017811885,4979363.175232446,5415595.080790192,5417191.158481265,5643304.180076139
4074,4945965.433379157,4954944.129893857,5333722.88181973,4919052.60704843,5403906.854832686,5293234.258205911,5445055.892323759
4075,4910788.425048678,4930973.338628663,5217790.620247434,5005481.266558868,5369204.008433736,5410679.724954258,5595540.409241463
4076,4830384.719633383,4913044.763245912,5308964.1379817845,4928219.060221257,5379319.015725,5343186.996730838,5551249.665113993
4077,4989490.881338741,4905621.213551538,5102044.496431936,4936218.074869007,5387729.282438512,5318244.2659960855,5544323.940543813
4078,4929610.505265096,4858188.818965405,5124266.866390104,4875357.485086569,5418207.120317515,5280483.825042504,5582414.714647851
4079,4872733.751704823,4933066.636050976,5275113.635046521,4927043.062927539,5431595.673433995,5130625.290651748,5431518.953866437
4080,4912585.060795293,4832978.552497856,5279066.153359858,4896960.502696022,5419116.459141161,5218054.683560729,5461214.943935658
4081,4856985.1282362435,4850211.78653557,5129298.933140499,4844574.770928958,5342814.125914892,5450325.354324021,5562073.7838039985
4082,4886109.712116282,4926269.99489497,5217127.420611487,5049145.721920171,5417471.091818093,5321163.023791585,5535699.662372145
4083,4876180.522203604,4904223.114405548,5370096.292621815,4925265.139306803,5484661.423323687,5309523.096802569,5513504.326771024
4084,4918875.548688224,4989396.581257394,5329850.972500663,4887381.150245067,5388003.64621692,5270641.600726831,5483182.079686413
4085,4865533.941342857,4938131.374598708,5321159.451053615,4929924.936176132,5433315.009905598,5297813.988281986,5441681.719653532
4086,4984989.592444609,4874229.710441645,5158252.395513423,4980443.013334982,5391859.563657155,5352127.941258789,5607872.124606584
4087,4992217.126257282,4976134.714908622,5170215.337755404,4962587.953008404,5399653.751834779,5385685.664753857,5595837.687911777
4088,4891624.426267442,4869833.6791042695,5317405.153622666,5031498.809147577,5391907.855771372,5288134.807121856,5639010.164073024
4089,4928114.572924576,4995281.794629608,5268828.118111368,4893653.199212114,5369775.864888929,5249363.962107301,5549090.788069677
4090,4900613.923199528,4944649.399417228,5244166.254299822,5104697.550546774,5417889.88497989,5403358.422102683,5589020.952067345
4091,4916214.802241331,4908632.780026035,5220391.69415999,4974824.28924805,5513725.875186567,5346943.037071263,5658975.158829263
4092,4947761.630077442,4956684.463414304,5157790.825190242,5016825.765699215,5429928.366659552,5407257.80887618,5593697.816622615
4093,4950682.520599318,4932659.488811601,5240108.801493477,4847654.299847135,5460970.8189198505,5357303.414038539,5548404.425822125
4094,4976510.698649019,4970214.038146233,5270440.670920372,4926296.904057037,5405713.5564849805,5428821.79107096,5558900.456561991
4095,4951300.576503696,4981656.535521937,5344556.107446109,5047594.69894,5401634.894947208,5329481.861157654,5474075.805735829
4096,4897457.824309936,4938678.416355256,5224726.043172228,4998704.138612491,5447333.667516938,5384325.205222371,5662906.319813721
4097,4793703.471962576,4942334.236909147,5165869.986033123,5010158.318257303,5419432.572260759,5266812.981188751,5489718.876598806
4098,4907318.0662022075,4867803.358895984,5376541.953025469,4938662.634336349,5502556.240920296,5238527.400099439,5575751.267577306
4099,4784641.733429936,4895589.686609707,5242183.265236394,4882027.521036498,5462088.442215099,5290274.669051317,5471101.295053254
4100,4919623.505339867,4840030.144854087,5190843.612275151,4976311.746164451,5320035.421066006,5290510.876615403,5680816.101568785
4101,4958819.246820225,5008406.755678428,5231300.939072977,4953360.099384243,5509118.626636151,5329593.208077766,5593802.694355074
4102,4949048.33450167,4958044.261161981,5224839.354978398,4983965.199411272,5423332.178614004,5417521.288266845,5643301.5734403245
4103,5019945.540772869,4862967.68224702,5196595.755449062,5012071.760608734,5340789.002805067,5163509.130290249,5433255.630199995
4104,4824523.142181472,5010087.997987619,5331381.4159961175,4861291.217038179,5427860.111360803,5318541.670256317,5546508.802406846
4105,4989840.4115223605,4918964.607443897,5262884.689028915,5053312.56546369,5460030.980593611,5195103.0899565695,5542186.081372079
4106,4927282.110307951,4875136.284617724,5268009.186924922,4872582.812124535,5485364.574517197,5262356.915081631,5570120.704626685
4107,4894149.672234534,4971888.783336912,5291819.146122519,4884881.615163286,5507248.410844775,5377830.372981094,5495035.596951239
4108,4916092.956138506,4910698.334997534,5339027.205512181,4889893.772836324,5385700.774755652,5224113.657237057,5657604.263888315
4109,4893027.906862099,4954049.2792037735,5234373.8253029855,4932752.857489928,5426388.844736951,5297066.545407091,5537998.477888897
4110,4958400.565529556,5035393.98526045,5411210.619289776,5007023.838942271,5420979.681636278,5331259.032893367,5467747.143706927
4111,4909365.979808783,4865486.219113526,5363346.264196501,4998985.010249076,5426431.2163419165,5393986.483612151,5545932.323618508
4112,4942458.817066164,4972460.179781736,5310983.2672833875,4978779.749871645,5464205.948928467,5303676.197690038,5602929.868409958
4113,4889159.378557034,4990535.077525088,5186556.900271273,4977623.229037972,5481813.510432411,5370505.615418589,5572802.388913588
4114,5006193.511262963,4979541.288696157,5177459.723760519,4914230.953059396,5450449.8860025965,5252432.832273726,5477798.663031482
4115,4879556.182828987,4853961.165070181,5282685.064348023,5028317.0225953255,5451732.034471131,5305020.457340024,5535224.169569409
4116,4935348.465934557,4871516.4491103925,5238981.327816391,4933023.604855701,5438842.932332176,5371664.821995385,5530817.952709053
4117,4872060.308937034,4930104.089422955,5259411.209291893,4958750.249187133,5428945.967298868,5310484.539177784,5613194.964763605
4118,4866306.256108196,4928865.003606489,5290499.88274544,4956579.426028745,5487380.565139421,5351741.007199555,5674642.077195425
4119,4948408.691439998,4903873.510044776,5260277.042276623,4921228.348873486,5435466.082729372,5423607.753241051,5607413.002361451
4120,4980230.309645931,4946363.873119102,5221517.453520917,4920588.772107775,5497623.942317953,5330224.889460941,5769461.733932367
4121,4925349.544977842,4860750.120033327,5329963.865261475,4959901.623554613,5488999.375741141,5295757.19565191,5462612.203187636
4122,4880404.623821599,4907077.51654503,5240213.17054363,4948702.621751902,5392098.280138863,5314544.508130541,5457880.141297907
4123,4865810.530188071,4952329.13487839,5216378.533505248,5033243.24530617,5438786.971450578,5332333.621771663,5548456.259773668
4124,4830141.503151423,4979643.459574783,5278552.220627393,5019642.826357273,5410869.472382581,5389044.623283066,5602004.778977309
4125,4878727.600652587,4917266.646914145,5314879.781244578,5014402.485723673,5431375.803129238,5276746.521609305,5507629.990251774
4126,4853062.671274773,4829636.259510488,5199729.233724988,4900277.0575504,5342154.122960159,5319456.029785937,5681168.866265572
4127,4831656.021451212,5010856.430816617,5358349.6626583235,5040253.485949324,5424511.387073629,5300216.972342145,5529497.3833123995
4128,4924009.28242247,4842720.722801854,5271188.085511614,5018201.302115542,5488594.46104529,5205163.382820109,5491764.983552165
4129,5054430.672668554,4970206.678488168,5307136.686290393,4886919.961229584,5375335.872451242,5341210.640804528,5641363.044329613
4130,4871219.3409249475,4976245.777467921,5193936.576378994,4935864.9423100045,5358881.407211129,5398011.768792792,5651927.5538621005
4131,4900926.410449454,4939096.523513606,5199508.281765108,4954310.008113764,5381706.3916599145,5309700.8582538925,5536020.3759647235
4132,4897704.47040593,4883062.97056167,5244516.524466353,4984173.798641147,5405671.630365467,5312865.361242925,5576742.783422375
4133,5042181.743221508,4910231.254387879,5251053.256985499,4911707.632528327,5478697.309806145,5429021.213706448,5611820.791061172
4134,4941192.856935827,4954084.245533396,5292751.410948307,4968847.089129235,5532783.906642698,5386171.281818149,5577583.392225655
4135,4977850.502454705,4834097.2647987,5230658.126049232,4902643.803512705,5454387.776462039,5291886.1149680335,5648156.748807045
4136,4865971.280654652,4855161.515718,5322140.649427435,4892290.545024768,5364160.825517798,5323752.838917306,5666683.0856362665
4137,4967638.534685712,4936567.682523616,5242966.020776865,4985783.812239989,5480290.000024277,5458189.917953429,5457904.200057759
4138,4924456.9150938345,4971067.803145984,5200800.514971221,4882866.6499495655,5307029.337270908,5227367.432168822,5503051.610591548
4139,4827551.721075,4914119.246025493,5210386.196223996,4894923.465570103,5425700.2610694645,5424852.582683556,5533243.625137286
4140,4985885.7062755665,5010135.758648999,5171973.87645254,4831409.573743887,5406707.335592737,5264000.2833481245,5480225.402767303
4141,4996832.306569496,4987765.077924901,5338927.495729962,4922576.4204603005,5450410.463585268,5220156.636449864,5587774.515974297
4142,4927566.484247236,4929691.892971395,5231547.131347064,4963368.7408903,5581130.215445986,5266871.163981686,5429176.682723061
4143,4880096.917428211,4940673.085789944,5206607.405830809,5070137.421242772,5470649.6520211445,5488330.713645435,5541469.698200456
4144,4912594.726948056,4960475.150413509,5261271.778348721,5084291.3685653405,5467606.843843863,5344151.349095685,5623565.507130196
4145,5013626.444867793,4950263.745209247,5171181.785252824,4969900.398723715,5426436.5848589465,5287567.476937553,5568649.162825441
4146,4887051.018718236,4873726.399979463,5210958.743950316,4914641.40787101,5471401.737208386,5353790.350837217,5501913.629115706
4147,4901718.783301121,4943419.988435945,5243212.828830638,4934996.792722902,5545598.1132488195,5373467.594473994,5612077.516207828
4148,4931849.66537055,4941958.894312991,5229781.784385242,4914465.22681291,5374436.932370711,5398536.96681229,5667463.972087177
4149,4948069.081143888,4823937.622073686,5170323.248593612,4931807.602356993,5469568.114074129,5329148.408747339,5707111.141626233
4150,4957551.387874733,4894129.781493131,5171510.548357471,4949886.065595718,5445840.170394542,5369434.224941389,5629323.1968726795
4151,4965388.787479266,4935576.289486415,5189854.546938896,4849907.792164217,5469051.761366726,5250567.857659578,5545494.861551178
4152,4963452.137407932,4951070.779269591,5265997.382000667,4946170.88532836,5415080.011531016,5359302.65157673,5488151.966300782
4153,5038181.353749531,4946885.212022462,5189583.436593121,4903541.774569905,5390825.627429892,5363056.618157744,5530666.12530123
4154,4848886.972440675,4820695.1724627465,5342932.828355938,4920153.742326099,5406474.885880957,5334175.278871924,5469090.176752124
4155,4961841.262875269,4978977.477704169,5366768.267723392,4961051.050065413,5412723.880401944,5421460.0453584995,5500021.90224174
4156,4923765.203967601,4944182.044476874,5173574.921492854,5016117.54389555,5393493.379298407,5306562.996746581,5440645.245416647
4157,4839310.596413934,4961996.1843846375,5322867.319637675,4980099.409941983,5415482.88397414,5415590.992598625,5475424.969621699
4158,4976307.44502427,4840471.165119519,5213895.058758024,5037502.96272164,5490201.394531316,5389256.158221834,5587888.851711179
4159,4895359.486042341,4919688.312251405,5291309.109411533,4958226.141837861,5474666.121117168,5327015.477651855,5499538.7076568445
4160,4814609.01353498,4775505.419835318,5219964.7830797825,4985555.138582658,5481925.71025139,5283667.800642606,5522503.138615368
4161,4993138.794572754,4974978.607512793,5293029.702478222,4997199.436518838,5389921.25184452,5338068.814257353,5586742.392095206
4162,4931500.673162009,4838669.314281194,5189751.18671727,4932422.435331632,5403277.600562267,5271374.3443486225,5569641.255675271
4163,4942899.138726514,4955260.190074107,5243847.997182845,4959470.267612468,5488286.625767658,5207065.715331955,5631420.327662404
4164,4920604.285509607,4969277.658084644,5306990.0193943,5038170.857613487,5446113.668207414,5282721.242365824,5416118.1226360835
4165,4857431.278899878,4975736.971452915,5277744.925967548,5024817.479772927,5474834.627330146,5378325.040923372,5645565.829576601
4166,4947049.934037628,5023997.55917089,5239210.248851915,4966718.794720049,5460930.517127978,5248193.440863861,5530380.737970413
4167,4859788.010593213,4967423.216421946,5272106.688735241,4961523.717077561,5442507.3366508,5397938.092862551,5682971.23832485
4168,4939958.95642007,4937641.173340168,5282870.108182657,5010409.001408214,5352357.905549939,5397799.469696279,5373035.9213179955
4169,4867347.117184974,5031110.52271975,5332955.966007621,5020409.078612425,5430626.931870233,5476260.842073265,5683763.092081694
4170,4967407.458379101,4894161.278281875,5286794.011795971,5089705.20489159,5540264.304197377,5358382.9196951855,5550746.539966726
4171,4982560.615559677,4903291.271333227,5218423.863665499,4863611.867338932,5352930.3932952825,5194112.455330134,5543246.082210608
4172,4881800.877126365,5041635.808759695,5370095.699590932,5011771.26089381,5484189.473302843,5373206.296790053,5621549.180795483
4173,4858992.641291467,4940235.022952535,5221783.235485671,4870843.176461516,5410777.492903881,5298888.5572280325,5583261.386627421
4174,4999280.867201502,4843459.193250314,5331486.056370724,5023639.550355237,5410748.577987554,5332866.086588405,5651699.7019542
4175,4847129.905599767,4890004.345273317,5240119.287355883,4904378.607709166,5478376.603187388,5312445.824223923,5464548.085716067
4176,4857884.308024613,4857344.569883975,5221280.915049131,4946538.880497092,5422036.251272177,5237235.700096495,5581037.695560677
4177,4956014.572290357,4994410.525570316,5150662.961440897,4864349.776164099,5353256.648694344,5280606.191090183,5463288.643565598
4178,4907183.2459895685,4933349.474347049,5185552.145864297,4900637.612377392,5539561.819787821,5411202.795778019,5559396.320819029
4179,4952419.105707565,4855674.664733758,5283918.8555336315,4816077.253176925,5569493.197022338,5372042.194379263,5599389.499560745
4180,4982237.977536982,5032329.393512954,5307616.036068424,4856479.200789954,5456734.06965752,5376901.838445672,5511394.046537209
4181,4963106.325802216,4804506.163657352,5139614.851680091,5095820.320499589,5527429.076299879,5353963.589238078,5496369.821510957
4182,4964235.776401719,4869227.303498784,5281813.8276013415,5026127.012268375,5475560.665045269,5267897.022661649,5581117.644468139
4183,4945249.232898556,4864987.208867806,5293256.06198471,4935535.958745117,5515298.390792245,5390996.539739174,5593390.9419906745
4184,4920659.149789166,4895396.958683936,5224175.688431529,4955101.395525912,5435868.096786265,5298815.0344759,5614939.694165804
4185,4986048.079859595,5001160.098504876,5223708.0556663815,5053517.882528575,5456199.883519758,5275997.853812824,5627171.394154228
4186,4937193.346007364,4808839.763721831,5233489.489927798,4931177.237684375,5431019.675333417,5267831.63659801,5651278.953583818
4187,4948850.55329316,4954641.702557574,5146752.293626561,4968475.914728783,5405370.696714336,5326103.488071494,5539836.749819256
4188,4904123.68326704,4944241.3225614475,5227904.842833679,5040519.418324743,5488938.686104016,5385979.078278656,5485938.699768813
4189,5044300.32033804,4794379.776893865,5384945.390975875,4947076.779507158,5557908.686093856,5444558.316460816,5593147.874427542
4190,4901100.352953356,4953589.435922366,5233436.606223387,5072354.440259097,5544301.173995685,5384902.0047662705,5674677.706609068
4191,4918201.089015746,4984237.986803933,5130367.194260534,4913947.336916366,5465868.864042914,5317447.332745417,5461820.508589761
4192,4866279.607374928,4900161.200976975,5250917.273842494,4960584.198385236,5527493.005191449,5419544.50374401,5579113.54546877
4193,4963541.504811348,4918414.035845242,5242954.998342388,4904397.613106392,5399288.604949325,5296882.700888752,5474825.369090177
4194,4912892.851280126,4923929.528773867,5300143.742199114,4976338.456890397,5433049.304371805,5443011.383946423,5635407.215733184
4195,4861279.193682343,4931396.153455211,5445001.033861417,5039448.540568182,5457730.03087507,5326812.853404556,5484187.726711618
4196,4827871.710961364,4921846.545778176,5322726.536178872,4944551.189547811,5439868.606619755,5253347.037405325,5524087.907626228
4197,4967476.004718746,5010669.206367281,5235222.301933997,4967709.405450564,5329296.382792165,5387818.052704921,5574048.867106099
4198,4910343.434435857,4837127.659535037,5184972.417478278,5021718.359159433,5448916.809060652,5419321.981492641,5617841.671835296
4199,4904262.1290374305,4927532.159574937,5403244.872817305,4950472.9052529335,5477900.7744339,5378434.661086528,5592950.820818304
4200,4858744.229702113,5016641.199403064,5310797.702585211,5012791.053295307,5433001.223535379,5408832.424460376,5639974.057350361
4201,4889225.444896098,4925428.919392649,5314918.4250943,5003617.636311689,5490365.414435923,5392956.55062676,5528573.585003687
4202,4961719.681154791,4894432.514612123,5349273.818414419,4967704.020562368,5418007.502554665,5222089.12700159,5475321.726537405
4203,4888170.08553531,5004747.3993810965,5220720.6089027915,5000269.026910535,5461665.961656097,5275974.398224467,5550853.5404990725
4204,4876829.127092116,4909244.65479809,5234679.609051244,4868728.422836176,5356947.49586089,5223029.471960301,5510690.585817336
4205,5050022.622313039,4934589.596690545,5298958.233207609,5077096.773516823,5486528.155962464,5262735.7281807335,5459179.250063318
4206,4893366.063820791,4927779.537887465,5240214.089502538,5020116.8460212685,5471641.681972028,5336268.629626032,5470109.467195581
4207,4842895.289181985,4977565.243883638,5270197.589236324,4922443.939445317,5517704.749139173,5301009.164796108,5442269.718852825
4208,4946076.48366646,4870293.576686509,5377674.5229994,4861420.435661637,5362967.89480051,5262075.20809993,5512876.625366481
4209,5054085.41215044,4937602.105906031,5383393.32641032,4893747.8240304915,5434650.715979296,5232346.729616308,5487247.452388391
4210,4895313.448811283,4954763.900440959,5301242.304174726,4879645.803727141,5510361.155804583,5300508.145828246,5587493.66112422
4211,4970439.145606211,4896179.635861646,5396077.269313014,4922351.53275638,5441580.17821353,5267766.513787076,5501566.937582424
4212,4967768.842201028,4962487.580268687,5243455.318260759,5052778.374766344,5399089.209341781,5395698.560497293,5573850.94305378
4213,5007930.015881927,4876826.111378083,5207688.691972725,4956648.617013551,5412135.445427903,5429633.375996488,5548180.705936585
4214,4968476.811319718,4968442.899069091,5374994.096595667,5048107.528627786,5471222.784281949,5330270.712532001,5558848.813587187
4215,4961893.615562171,4836452.820652954,5216585.289579251,5003760.6578926165,5416280.533308219,5361648.42911209,5349026.196111038
4216,4976969.1654198775,4884621.1848268155,5337403.9317218745,4959174.4757320285,5355073.825047923,5459471.994012089,5568636.220699128
4217,4888443.75333804,4917566.642558542,5203176.530116396,4853488.907566089,5408133.843008656,5375713.031279882,5436962.555636817
4218,4924681.958173223,4973800.837164316,5188160.522347265,4920797.282306036,5615026.520388658,5418242.408070616,5597608.879644226
4219,4938136.68312475,4963874.925815798,5343177.79430808,4923753.243551307,5366221.693898148,5324090.6214461345,5488622.899821935
4220,4948354.795850607,4938797.93163873,5342659.516079992,4951892.049982556,5342297.417521075,5273673.6222609645,5504005.624780065
4221,4868746.027288916,4862775.267449072,5259324.563423447,4923695.4622912,5414539.331076859,5282867.435212605,5491649.095737224
4222,4940318.6073036315,4884114.1233116845,5378485.970832577,5034606.642092373,5543179.100936018,5238499.440789734,5688974.790182105
4223,4978567.804226066,4858030.271526886,5191036.220363146,4837487.114088676,5346773.1036592405,5318627.194876007,5391637.80693288
4224,4850558.772126849,4899461.065297235,5246731.04665089,4981806.080360158,5475884.149195494,5309180.743275219,5564378.095302187
4225,4920306.853379227,4885313.853524292,5271100.185671378,4917058.043190454,5388317.633551216,5410497.237509438,5692018.158955605
4226,4811816.474549264,4907019.3322823085,5226226.6760739265,4845853.856631213,5431346.017300018,5227694.132899411,5584170.6618239
4227,4904923.5865914,4837677.975218733,5267647.5674094455,4956228.6999439495,5439842.972456518,5295367.72824606,5570863.419887367
4228,4859576.4244138915,4880072.30502619,5208488.012711033,4932478.771626513,5374204.378088549,5217822.749239894,5597818.074324062
4229,4919065.400424932,4878197.507871774,5295049.775275308,4867133.819265977,5385463.866307007,5260942.101133754,5653672.837862033
4230,4969533.99833426,4934977.670200158,5328762.7116236165,4925098.917731962,5447943.9837869955,5257640.505002967,5464590.016323719
4231,5023966.930108968,4951012.659483331,5329910.097192591,4885599.344490421,5554771.261409065,5205618.318850792,5670159.688797349
4232,4893904.591932993,4963121.255688434,5234922.698664573,4999801.201847454,5452116.215675758,5392144.624552535,5541083.059133548
4233,4879963.306829782,4941056.994420481,5307835.27775574,4969284.091481068,5425681.700149108,5532966.70093502,5560370.998663372
4234,4935286.090103926,4964937.885343271,5218261.978590884,4936051.517169722,5461085.976021028,5236579.554645498,5618844.538798304
4235,4975025.7460432295,4946086.132405626,5198155.894450209,4976199.228927457,5434163.111863514,5240715.950657269,5545825.866923802
4236,4914537.875953769,4980399.430886746,5289620.643235288,4864826.344258464,5414354.271460729,5255929.043178376,5527332.3286335785
4237,4928742.566138843,4925181.393315465,5268520.666157069,4997776.251299395,5514441.959691474,5422104.936848851,5673338.9530893
4238,4977541.549639052,4898158.763323334,5203079.367340201,4991300.30563396,5463854.067136467,5325415.555422745,5579101.162028515
4239,4858722.8727914225,4886266.090357015,5200571.299295608,4981296.751723159,5461111.878876229,5441052.958497978,5490245.602676782
4240,5015082.0944066355,4942239.680694276,5134057.23162096,4887934.338640275,5465712.883288346,5384964.154237998,5426674.91633556
4241,4877942.80190093,4889353.290412463,5119957.182558255,5043232.209376456,5386525.677795244,5264231.688294357,5564655.868202457
4242,4963569.2989340015,5036968.051042794,5335191.312690867,4975462.511576175,5434841.1173311295,5275182.074841948,5526638.841743434
4243,4856026.553122727,4921445.047960889,5343295.026633664,4903607.771495053,5490359.410121492,5390010.759606031,5520542.602363788
4244,4857254.857153567,4942743.203509424,5339138.458578339,4942631.137964674,5459700.257780518,5488398.927963859,5621452.450152336
4245,4835414.616094983,4948016.443510812,5321103.051605188,5017720.014769523,5386095.109739305,5319940.311634492,5501158.932430001
4246,4995663.318133295,4863133.554323774,5249437.352126163,4930965.370914687,5371380.3326440435,5247409.832326693,5517260.057510291
4247,4990834.893305927,4932868.630913008,5197751.222241048,4908897.708919771,5406792.209153348,5281679.52928063,5498565.667614458
4248,4928812.977933531,4856142.992342575,5183608.62373045,4961271.70107343,5402952.6870212965,5306014.4281452065,5571904.531898316
4249,4927638.292443938,4968363.707240571,5202710.787784694,4942662.468802912,5407633.882919114,5251895.74845415,5467494.507097065
4250,4963754.622758009,4930656.013354113,5407949.796920237,5023233.681156632,5498336.019943103,5224570.3023859225,5600672.967706865
4251,4960179.100701945,4942959.595200124,5389926.839362176,4888356.267397367,5443629.607135316,5279889.031657453,5490442.68717949
4252,4874698.7102257665,4785553.590374689,5353172.571932857,4939757.841021586,5468861.4819368245,5189918.059587844,5538347.02192148
4253,4908727.699436113,4876612.856975794,5333389.809461556,4979051.40739039,5418661.155680552,5403711.663474247,5493041.863746173
4254,4965300.7155170655,4968143.146395045,5362787.683156447,5036037.064176939,5440658.562999622,5321326.704876753,5629916.703564631
4255,4968213.974328878,4809184.406837254,5332702.783097635,5027128.94989249,5381072.287211931,5265635.22672632,5456679.183972565
4256,4940928.865666421,4921148.523110028,5353436.920664478,5081647.036731746,5572054.389010447,5361867.84141057,5683909.362528437
4257,4916997.734951926,4901400.144928176,5153282.675449166,4894077.061762506,5430719.009459242,5309434.692803541,5610026.100583691
4258,4843825.010320317,4841066.977447362,5324742.487226193,4890354.173123414,5343523.153092279,5283464.258575479,5609480.252558976
4259,4916478.665580128,4846719.020979561,5309945.241633553,4929414.999081472,5464903.033691637,5288738.895896936,5602572.638201179
4260,4854996.48934238,4858019.493065724,5344118.992926666,4930996.734718639,5452301.22967414,5381186.948895866,5545516.4923889
4261,4803125.103725426,4857384.284544278,5340251.652861805,4954750.829560391,5466450.367657552,5420084.110330416,5546146.696327475
4262,4986917.83362652,4887248.724816736,5251781.73965887,4957539.113564239,5506973.4402531,5316304.716101344,5566666.631538484
4263,4910974.100724076,4979089.436740261,5265440.753914087,4983481.600730126,5513817.218279098,5342001.13230803,5668523.178887923
4264,4961169.66099857,4901319.8607667815,5312816.865749644,4892910.670568062,5580107.21073992,5358522.8064604085,5631561.132975137
4265,4791163.266445202,5015154.414159118,5247231.948743432,4962676.116305012,5399987.142852132,5441103.313075491,5425407.904464361
4266,4932355.215742855,4958273.859783017,5167619.513422328,4943937.5556564145,5446903.464471428,5415996.107760831,5461687.249091273
4267,4975560.054433247,4855813.272542794,5179563.049007691,4935996.910099339,5414750.846304583,5417608.750970416,5537129.085746957
4268,4939491.891957307,4906578.794295517,5204107.763964396,4910806.859300138,5428436.193015274,5300231.156078923,5630420.278146591
4269,4968503.905677611,4943114.677411093,5202067.595452704,4960224.029318494,5512155.4381047245,5316937.71601995,5525741.34503009
4270,4928202.7468215255,4914945.015593043,5276571.447921197,5026546.760866442,5390595.100428129,5384271.043577986,5608097.2373594325
4271,4878147.64500003,5010898.084877396,5358114.721704225,4920631.705305758,5505630.878694389,5294257.241635696,5621806.739787123
4272,4925407.52006217,4956724.644476597,5292080.80671485,4977816.179927029,5537604.63038153,5264049.235650278,5577945.421719503
4273,4876042.124933306,4880111.795429856,5238496.557273686,4927540.5533727985,5516298.369639914,5267746.706307388,5547527.264516983
4274,4954821.696122075,4888198.499337195,5354876.720977247,4912952.541998468,5378856.985384468,5480170.649288502,5695516.679592506
4275,4943065.306631351,4874674.678184518,5326422.361073355,4995263.718873586,5375690.545591685,5273647.0803788975,5612812.614132425
4276,4961635.210940256,4852635.022004508,5249170.792742662,4926861.293163336,5483914.150680623,5311623.140688606,5535617.540088881
4277,4897265.2304201,4949950.897669966,5309752.174820231,4948818.820749522,5477321.467561039,5315287.16761028,5499842.720860003
4278,4991222.459335874,4935822.619455744,5226196.760522518,4979962.700273951,5341051.439778239,5348561.826444626,5480149.254205586
4279,4889268.154360658,4941979.376241185,5220415.764015938,5005220.626418696,5340569.203674919,5266916.15074594,5467290.899008307
4280,4948758.529524554,4896756.524922614,5256134.851346176,4851235.47332279,5462371.1640013475,5407769.724318514,5522164.505870366
4281,4856365.167451396,5027449.587385974,5276098.598007302,4913173.921186001,5413141.443224724,5274191.373398183,5499572.167235015
4282,4869861.275643878,5035751.891711205,5251803.794679043,5031537.528562954,5439091.382396703,5430825.296701997,5583879.723853559
4283,4953866.242861159,4918512.8489443185,5268229.498239402,5018764.512089903,5393273.351322008,5345898.7766776495,5588643.401066428
4284,4841625.109307563,4928281.872097948,5349536.095497204,5052970.738314951,5571745.107008366,5413836.811310691,5700889.038046678
4285,4969436.522148105,4958530.331478667,5329541.978301588,4999751.872489606,5458798.291876918,5371939.339417021,5465623.461288215
4286,4958094.83795692,4916918.923692124,5340140.540676352,4882869.107339679,5338033.631050592,5343188.060500306,5601895.127003254
4287,4911760.823068742,4895492.247430812,5360033.987906113,5100780.909230327,5486516.1792403795,5291276.175358224,5551791.03597591
4288,4900585.98579742,4939146.448925301,5271314.317851379,5080671.098450915,5509660.860829799,5226719.028340136,5537948.488569535
4289,4890753.059775002,4915612.932250373,5317721.642159629,5024780.84853053,5440545.074881837,5357561.393075777,5462697.951440103
4290,4984722.850751619,4839442.173630387,5169149.411757098,4973533.787836938,5494303.128931676,5225660.223725386,5559284.991700341
4291,4949795.622302926,4868166.370677356,5269438.058172009,4992495.008584553,5453815.86350109,5412718.226350423,5681271.42889488
4292,4835034.449753168,4963147.444606645,5264093.7935343385,4943283.559560016,5399934.310681388,5494544.942311741,5564268.073130655
4293,4914822.457585685,5029624.434996729,5215208.95987227,4963658.946274142,5489217.8762047365,5407596.29995751,5488632.57200351
4294,4968926.133845159,4886520.92918042,5267773.262052026,4866471.914915339,5501379.871820143,5330558.321101222,5567252.170437025
4295,4913112.016941338,4947345.22300416,5307282.487174848,4945929.333064719,5432515.977537215,5389333.947777765,5566196.6328915525
4296,4898900.484633187,4826310.0842026565,5205187.173051675,5086123.834098743,5506471.250042686,5358577.136394683,5560046.324001302
4297,4915967.083652758,5032770.385018978,5272768.250581779,5027222.258169832,5419260.710580895,5367912.148707991,5606694.041026417
4298,4912421.513344284,4813000.768147409,5202255.975160745,4883134.344377795,5431555.098754627,5380262.141755117,5421979.363567719
4299,4913136.039104124,4985029.613973029,5317063.347506174,4934971.37033506,5510910.663746295,5338908.325078654,5594568.160941946
4300,4980922.927854122,4975112.753902054,5262017.4011355,4980077.10639045,5363533.865168421,5354652.926855609,5599558.5036233375
4301,4992400.277846167,4881888.90274919,5253254.158974313,4973420.240833371,5387080.522421123,5288232.343015174,5549552.966350186
4302,5042690.797761322,4911836.42065754,5301518.433506502,5003386.492170739,5449210.430845624,5265281.7876909,5556580.072863787
4303,4888442.148720774,4967844.596636761,5264145.902905069,4908741.540879973,5449925.380736268,5418539.241983855,5639114.105707666
4304,4862866.305449999,4906109.517022802,5283731.091086511,4971977.152841256,5444366.696082717,5362303.122712076,5537846.125193821
4305,4784252.0085783005,4898642.342941439,5349868.268434427,5011566.790589366,5473267.590614296,5445355.581559636,5575716.977927934
4306,4882152.287415956,4930830.860754494,5300454.626292048,4942288.958817745,5377001.325220578,5269339.69063564,5597420.29993686
4307,4889541.994267665,4938834.684062889,5263788.902392226,5030712.231088493,5345932.051371914,5394625.074155055,5640518.661238814
4308,4895856.896920811,4935602.649138459,5265338.70588154,4968707.176950949,5367659.311305434,5351740.111669161,5484456.449239206
4309,4894703.500329131,4945995.040054528,5168778.715267965,5022157.514619192,5479900.820532932,5436520.67546092,5351427.296919929
4310,4848158.004385574,4891530.5136559205,5236029.543482117,4998173.44053008,5520394.32941761,5306841.362030442,5497279.129043892
4311,4897960.665226009,5032665.923925327,5186749.926142677,4915688.100725997,5453693.195937775,5310372.667455519,5632220.852269677
4312,4893755.392121591,4894445.613586701,5315723.166687361,4982239.87624152,5395440.110644746,5324950.033382818,5573002.474529417
4313,4888497.811683551,4914894.281091876,5228296.435270031,4987837.238283655,5493333.479865797,5351177.96137587,5566230.987118016
4314,4869265.597896088,4950325.779831707,5282774.996397413,4999386.175895284,5355837.125191584,5295554.048118841,5447950.550047332
4315,4953252.994785897,4951627.353118989,5278217.886083059,4896309.66080022,5420007.846252178,5349354.89511431,5624550.005287284
4316,4855722.7652006475,4919929.530295853,5336250.5426709,4875708.35739951,5432888.974625566,5343768.658898484,5578373.062245989
4317,4937695.3483212115,5004129.996580954,5254365.236714368,4952814.5036466075,5469757.1608821945,5246378.625649101,5480998.156054134
4318,4859858.074098702,4870453.533214291,5302294.113309482,4945357.173583264,5602162.155368944,5276186.30401108,5606650.093208297
4319,4983794.820804661,5010507.25903029,5317551.071769577,4931401.326815628,5477266.461817101,5306826.503215403,5567563.985408921
4320,5030351.041009335,4979874.520268604,5238884.652334046,4877546.261053235,5466115.018017806,5263395.3300170805,5513917.727461724
4321,4892023.480666866,4974116.757537457,5278818.538416319,5053885.521658041,5402933.187589202,5186443.681900795,5622568.985864577
4322,4944389.988744451,4890172.250303543,5334541.78174741,5110520.15237457,5481783.828210153,5335095.9233222185,5451295.690511614
4323,4994814.467792886,4957758.877227884,5213765.936294045,4910715.9682426015,5355535.664691866,5245621.960703307,5616905.64551311
4324,4933787.237335848,4914580.717390557,5377498.113203554,4876461.520642385,5369911.9422328975,5177425.550917203,5630403.48453527
4325,4950173.439007912,4958124.914789168,5268088.52367654,4975123.926349981,5397133.944227692,5211204.105436877,5495154.7149790395
4326,4913978.652752143,4954464.562182548,5187989.952017789,4915579.5732193235,5478513.2640693635,5364318.173589025,5562161.129320912
4327,4968924.031208492,4868249.797788257,5376912.183373971,5004385.430879476,5508092.251996337,5342964.8645001175,5545378.996191555
4328,4960268.353188108,4988607.400549548,5291285.860989158,4891204.317464487,5447090.787933575,5315687.005509194,5535115.643768943
4329,4978318.379134251,4902213.473132343,5264682.348550218,4955536.563397576,5409961.177350966,5218272.438446499,5558569.51209863
4330,4886042.970960222,4940539.423763075,5276388.506923562,5042052.286727592,5413053.361807566,5382015.334500479,5552147.388617665
4331,5006215.36770301,4975721.649804847,5327549.304495458,4970285.460884747,5472416.07968729,5313271.121847275,5553382.039558855
4332,5016082.256992912,4979011.856630681,5322969.918735265,4895518.731807143,5450366.946811173,5289605.533296624,5521058.241537126
4333,4814729.869200579,4771990.679677575,5252071.410732118,4965758.53334351,5415945.892896042,5232905.307651462,5637120.109498806
4334,4901290.316823686,4982766.1417928375,5389215.945223115,4948444.730496156,5549667.062205663,5450864.851763868,5623364.596048264
4335,4946737.3748132475,4876423.073324871,5224443.1837764485,4953089.361592569,5486641.916964823,5393482.700712366,5538324.674652774
4336,4952385.053762395,4880719.189650239,5192089.470102441,5082893.176607469,5466245.982146753,5465222.424136704,5419463.672610567
4337,4958344.62388263,4933161.3228641,5206179.290460802,4905899.65353946,5465388.101143061,5448564.9628380565,5634189.43068195
4338,4850237.21874278,4970833.623234974,5231718.159642422,4911412.737665552,5407918.856131453,5330030.007872932,5503549.456993782
4339,5034348.2126074135,5025545.186259976,5190835.643351344,4943590.035918087,5424686.003078398,5313786.189217894,5625735.99295034
4340,4936432.333698159,4959345.75903799,5286591.871514886,4915939.6797292475,5401071.036295896,5273772.039970381,5560871.412852991
4341,4865998.187037279,4917557.41744546,5202714.102139035,4884944.813686158,5481943.358638318,5470696.702244629,5490959.094712988
4342,4957119.991887486,4892553.8419910185,5274522.834487115,5001777.52137175,5535529.899995574,5332713.610063715,5538307.005419334
4343,4959688.100877714,4892019.362417884,5344132.265075016,4897117.1894275285,5416767.449697813,5399495.741247354,5480074.99696538
4344,4936814.739922278,4946883.197910629,5272209.408904135,4937418.343515798,5491035.256181507,5237234.0288882535,5670288.399263879
4345,4999202.989394451,4909962.698571428,5222941.700267525,5022387.551722025,5480201.755156048,5392171.511241813,5600629.148703554
4346,4910121.151160133,4905969.1223626565,5297589.979285249,4929962.966569457,5406304.523493884,5332180.593145158,5551919.878587383
4347,4983642.404782813,4799466.753331319,5224279.280774632,5044269.105766514,5438063.129744829,5239489.823346763,5713401.95005882
4348,4993652.278292966,4904690.275493619,5193635.09055018,4997458.430507157,5374576.798119895,5201580.080204718,5529136.811851401
4349,4875146.660810208,4948532.605123604,5273850.194987822,4908740.326920231,5333347.838321762,5312819.603489614,5573445.199116329
4350,5020966.624183165,4817719.7965892535,5283854.75701659,4937943.286146148,5399713.354731717,5361826.799718472,5642267.615484099
4351,5006088.066077868,4870784.929722509,5383985.209778012,4972105.631569586,5444233.820211374,5425402.485800417,5489153.75114681
4352,4913264.622598763,4911807.273032991,5275645.491483524,5029068.634354609,5434751.936170289,5240347.841257479,5545373.76397896
4353,4856456.246632683,4895805.7271026755,5287037.55820532,4894164.538107633,5509353.791654028,5399855.772294097,5523544.431479994
4354,4986441.143015609,4981118.985933553,5178906.556077861,4942542.510798981,5350126.135125071,5305810.477512218,5599493.902349098
4355,5101150.236886558,4934109.790455223,5278560.081758149,4969014.850666197,5472216.508082791,5388520.124012818,5563875.764205329
4356,4937434.796140286,4876507.241892582,5227655.16061693,5009534.786692067,5370003.3264687685,5139695.973071402,5431475.836623082
4357,4962291.096548752,4947826.276629792,5251733.45697192,5060639.785891426,5441290.052696405,5341773.0151666105,5614686.2393095065
4358,4931323.571720484,5028267.355011199,5241592.4119110005,4885829.067096653,5446543.503530693,5211786.966980467,5575404.256727416
4359,4857942.61755402,4981697.680755418,5195603.316395907,5000968.93128383,5429564.81118217,5371493.545022658,5470864.382430572
4360,5021069.501329629,4939661.566451634,5236351.430162583,4914916.0197527995,5485183.383250117,5407658.282048204,5657973.177975708
4361,4835002.230182431,4920035.976225744,5264303.778147313,4962849.7776289275,5406368.258996805,5418433.198058451,5546607.318266747
4362,4919536.093311465,4944251.007175938,5196872.804513485,4924631.690956347,5507209.552409275,5281179.594384164,5570628.3521445505
4363,4921175.881292382,4880702.059353827,5325778.666801792,4991083.007195855,5505509.154738235,5459316.385938091,5609749.248402144
4364,4908464.6913173655,4923335.46554788,5397728.430296651,4972174.182104121,5413851.309893766,5449827.5819672095,5735740.581594943
4365,4943609.472960434,4969581.758217164,5328430.35401206,5068731.853632547,5434217.501837848,5242284.634423041,5516880.310260313
4366,4913919.20909834,4933967.233166072,5400759.437647743,4926071.524398667,5414523.719339292,5275597.217710273,5489896.786315561
4367,4993882.167018402,4903667.789900888,5299948.163877174,4924479.777322971,5483961.676133083,5457670.458655351,5555173.241112315
4368,5007964.918330362,4978796.120807646,5341915.664407548,5091710.835060639,5334981.523264038,5188012.140886837,5708814.774192942
4369,4948496.533689645,4851438.449206149,5303007.000458615,4837637.976564241,5341805.623632879,5417628.065855165,5586871.248828138
4370,4876395.7774782,4934141.973048955,5227511.792954579,4972003.1086209295,5482908.978031792,5276244.405195005,5489961.15701254
4371,4914301.2678127615,4887731.817128792,5366393.166025166,4992564.8665118255,5343693.934612473,5254317.472317075,5703223.260046502
4372,4972405.936493109,4893626.768988533,5288083.677395778,4997992.277305056,5444079.519243353,5366706.799284272,5630689.933133241
4373,4890860.011659772,4922354.273917803,5222358.770847656,5059324.0683724675,5464596.811100652,5280762.7728342535,5521038.736218173
4374,5004265.044185669,4921003.196476361,5270205.798887926,5040449.591658465,5540917.138922384,5273720.8371125115,5648792.17521608
4375,4930715.142612946,4797833.870143052,5201133.394790285,5020862.017527902,5388497.067954633,5264410.2308056755,5546027.236718282
4376,4915956.98457597,4863297.762842141,5228530.52530044,4888246.439713661,5359424.384893559,5320118.477173021,5513000.392253671
4377,4933951.977009104,4854303.092088569,5265740.517688463,4868728.521984226,5401901.068789491,5349302.574396014,5512671.6183651285
4378,4915221.056541057,4879041.65461878,5207970.756750255,5015372.964862662,5414771.831787507,5260383.300802539,5639653.118767722
4379,4871151.777897662,4914634.126512483,5207157.838722115,4930201.3182660565,5476088.123613855,5301192.326235015,5521656.540320908
4380,4879973.07001729,4945542.7616905235,5293425.634663618,5029780.855501929,5283595.671332026,5360969.680344197,5640116.7626139745
4381,4981692.693756371,4988854.179392328,5325241.561217941,4872825.173186899,5470956.267592955,5426117.773118411,5614566.384887213
4382,4905455.862939794,4875165.747762107,5342332.795831633,5029564.025602124,5548312.485169012,5331495.5571779255,5563976.687946193
4383,4885930.0556567935,4829024.32439877,5205755.78618263,4892847.674789569,5389073.831372952,5419536.578269469,5676031.298378516
4384,4839375.831305245,4848102.185027548,5280419.058139861,4852917.710735537,5494181.612181945,5294323.644898189,5539739.608220235
4385,4843878.970568482,4988056.810646476,5128659.208924482,4918368.487601217,5548242.89095387,5264826.640595142,5565623.769843405
4386,4970642.1083417805,4967614.445484261,5307747.527206079,5009252.421812069,5477010.625474061,5296562.762159902,5692860.428333483
4387,4960546.227373015,4951465.876356163,5314064.3552650055,4905974.926417178,5348286.309830529,5316933.732347647,5691794.306386253
4388,4901680.919970568,4936310.789166911,5267588.160237244,4991407.800495199,5518795.844807744,5355948.712190995,5474264.898983836
4389,4833189.717945122,4920097.585106566,5278464.810722113,5022423.663261013,5405855.436139803,5347095.219429715,5569023.453997664
4390,4953077.8713386655,5007977.002770048,5229662.411196989,4886731.608906873,5388501.483215328,5315938.740106709,5559735.27588329
4391,4924422.511525147,4808886.905919413,5280722.67771294,4891800.754157722,5530645.974934649,5332352.788324614,5552190.341674895
4392,4897800.292367656,4988511.879193554,5332697.8613550365,4978711.161570368,5437101.85897905,5353653.589946989,5473336.978248361
4393,4946998.735924471,4978241.935905554,5241529.326917439,5025798.018901818,5476506.966639785,5228940.3231441155,5534304.266489762
4394,5005191.934340096,4969038.478249694,5161993.742553313,5023795.03657143,5359733.769961017,5173574.2155324165,5548304.93181217
4395,4959334.738699606,4965990.024016021,5210630.614589351,4896702.700998569,5254277.928445558,5285310.255853865,5533958.731733826
4396,4878493.373953228,4885957.2979547065,5270106.1969379,4959944.1757079605,5433988.256126176,5495619.310974576,5565583.185684236
4397,4904726.299503552,4875608.337707862,5255969.226735598,4914187.52955699,5452836.843591322,5355723.083044918,5601120.0634630285
4398,4885525.062248786,4916226.627754293,5190407.646952018,4874314.904306378,5507638.07746773,5225912.527722178,5604745.699191897
4399,4908306.990380836,4902502.002756396,5210735.122699942,4948999.488579886,5390680.861963544,5453500.545584349,5539118.956511034
4400,4944490.357977813,5014880.554055709,5184960.494633434,4961024.568797281,5327385.684425735,5369606.422622853,5513011.800897389
4401,4923101.128169483,4897958.23847313,5294278.434478844,5051519.5898908805,5419724.515652919,5295626.5527360905,5564872.685222151
4402,4932812.610744197,4881086.463148539,5279905.024385044,4993219.024185539,5331633.993918515,5335169.77084662,5681639.100566535
4403,4926264.978529349,4989577.10764498,5334042.949636632,5018002.067001942,5574531.239632111,5373126.178652245,5480370.026017721
4404,4906943.97462819,4879498.318916384,5125757.975459114,5011863.110558837,5418536.737560473,5181887.667990659,5610750.528619051
4405,4907550.014934479,4906967.056047828,5121187.653940935,4925002.800887147,5428840.9966731025,5309052.890099787,5457584.209098268
4406,4948136.012908576,4953461.240441134,5252170.75446134,4961048.379198899,5486187.126621808,5441701.832885556,5697205.653268283
4407,4906844.538512251,4904780.127703667,5285318.204011454,4969751.607455442,5490344.374608479,5215285.398840485,5483546.934704007
4408,4971490.141707521,4878565.105475389,5149492.202758023,4848537.5831065085,5472119.957414159,5254142.189392445,5562153.652824877
4409,4910639.038440922,4886453.73493463,5195776.268665015,4860585.697006151,5401364.283511393,5468368.26410374,5514087.588047104
4410,4931999.953202184,4937439.981141689,5170139.25378817,4904761.103422643,5348662.265419243,5388783.02287269,5606311.260538744
4411,4944475.109967169,4836310.745607472,5259639.837216607,4942207.412367875,5458335.24286934,5335051.19553576,5407191.5991279725
4412,4860412.842151366,4815994.162027993,5224299.765684495,4884901.281347865,5440813.906011113,5265094.769459916,5482811.206518712
4413,4951723.463572941,4850105.716618665,5201127.798045147,5015998.513159217,5445436.03223714,5300900.190196115,5506623.585373757
4414,4892598.072672242,5019543.130863619,5217866.727561803,5075331.988854775,5355035.886244105,5434361.408700602,5546677.564188017
4415,4932228.861745179,4916312.2762044985,5118310.818464597,4917553.372154841,5419917.282738846,5352438.909136404,5710445.811742613
4416,4856455.917046152,4872462.521271363,5241021.218786706,4929102.6482004775,5499425.297034327,5350352.930716654,5750227.693524473
4417,4961314.045235986,5098044.42568938,5231090.932924823,4966131.638071062,5406003.556267865,5233100.267098289,5536721.977356039
4418,4795103.177425769,4834691.398226676,5395671.337931048,5039795.030026909,5391159.253436831,5225425.271377893,5503117.682435101
4419,4876192.8349073455,4872090.166553441,5255654.144665206,5043557.54647016,5460633.106284678,5392009.607669061,5505765.923394257
4420,4905036.2855089065,4978712.302917815,5257994.806013804,4975032.29951331,5457268.168505396,5229816.213200565,5538660.228887005
4421,4991626.725878749,4881682.411653803,5356443.258291045,5042168.626315985,5377312.523527883,5428329.529573804,5571295.61400095
4422,4901109.495107313,4898425.795862524,5341387.032181081,5002781.228838888,5411349.7510028165,5293125.996143622,5557328.585944996
4423,4845669.208720667,4931388.362637972,5341784.714102384,4875869.581474469,5304153.067121636,5367858.917338258,5490736.644945901
4424,4957224.142067164,4981292.544017822,5207904.365239015,5052109.502757439,5364280.372866119,5382384.91048933,5548987.369579035
4425,4838326.769524729,4931299.904102535,5298032.06203977,4978679.474327212,5418450.0346352635,5311825.2292146105,5577352.730231646
4426,4982290.46014449,4938929.959775548,5297915.809352288,4946538.532570029,5404643.872737585,5344069.130702376,5359596.435982222
4427,4958243.390182915,4895965.132461354,5131367.121179906,4981803.38398271,5444432.651310443,5304491.806226382,5622519.894905524
4428,4946273.529142227,4894388.6025545085,5280126.462371909,4948093.083091581,5437115.310402111,5404108.213768287,5560451.164488441
4429,4926965.467330419,4978993.3961494,5282024.908139305,4854706.21723208,5439801.161303202,5400292.135803515,5505948.933055071
4430,5046437.992267691,4786008.407205978,5284950.278541651,4990075.3757171575,5385439.69991282,5228880.061104868,5577817.669418585
4431,4974789.481604737,4877903.704960441,5361444.453151504,4944821.70215137,5528044.059335469,5485218.16155603,5555829.924908095
4432,4999469.2516396735,4959194.274327429,5207873.664826461,4945564.658930407,5492706.853630343,5328406.931619736,5525720.430065484
4433,4979757.248110478,4915139.110184654,5327727.047591582,5013509.564181136,5408138.393841977,5305385.754867837,5573702.65617317
4434,4996978.04633882,4972012.470167791,5214355.5955684325,4978440.436819725,5484192.531498636,5330340.613472079,5523241.931753431
4435,4852662.056190002,4962410.500372792,5324453.265449617,4926448.097227399,5426290.425030514,5391235.739578709,5492430.964120267
4436,4955636.36356114,4888121.483340519,5192015.738846062,5090842.341101153,5303237.6525762435,5351926.900666745,5446875.469489642
4437,4938284.780281629,4907422.009979204,5206165.033878281,4989303.602033319,5479204.848428797,5311909.483139042,5490098.663225216
4438,5007779.796997664,4858431.620460966,5340311.758394131,5054867.141587698,5450724.092168747,5292328.996470997,5669737.611368374
4439,4929057.621166168,4882891.713671739,5183797.0871578185,4923220.718892767,5470141.30458416,5398378.789615033,5689724.15065303
4440,4920945.116915524,4831801.247713337,5246541.867364513,4950771.519795384,5392347.834693257,5268714.512691424,5553609.461050102
4441,4907989.386567579,4964542.38864537,5335136.6144235525,4991057.723061152,5482850.238524308,5215439.967769426,5507251.534672547
4442,4983493.05101859,4969662.331927421,5247635.267352871,5009547.282874575,5434191.330926509,5239460.759572571,5501301.986378481
4443,4951631.853544413,4889048.252995289,5222044.411906123,4853496.353313532,5388232.385927253,5355532.978762151,5585533.002463777
4444,5021465.506856336,4933683.298686938,5312922.792192518,5001028.417710935,5406161.210510427,5252065.02379351,5358458.259758811
4445,4969092.853955919,4980062.263358446,5274652.599286347,4885638.110149927,5385991.714792022,5293182.861701205,5443499.006262322
4446,4968666.491896736,4836906.038269524,5296139.665061286,5024837.907820685,5417054.701090221,5317405.558318742,5546847.3723685965
4447,4924657.319394654,4855774.123748953,5327205.165048899,4991965.147817068,5545851.908126763,5362436.831047669,5587731.195082853
4448,4996630.738962865,4884969.10663833,5246865.798653949,4905799.940780327,5430468.8978944225,5325317.214901022,5444254.669867217
4449,5022003.058154471,4916370.979292127,5273585.761868379,5026899.155586668,5554352.193423742,5396888.239827926,5604295.862282
4450,5018872.519132786,4946323.872030801,5330100.281713832,4909966.199340238,5463893.256085832,5275083.166845044,5509826.69608823
4451,5062399.844299598,4939353.242557891,5353511.855776401,4951884.1484861765,5422678.33358591,5500418.8180358065,5523365.788689066
4452,4961083.79679557,5036844.1283565145,5407713.561953991,5045287.161804928,5457161.731818788,5238851.696401984,5620032.678303483
4453,4878472.659731496,4881072.353623691,5143507.27465622,4935025.774671335,5372454.73385992,5308003.063079963,5607068.108359272
4454,4913357.655463055,4946829.367406349,5260450.744494308,4940491.364895715,5410441.686545252,5286130.060011723,5570920.773066753
4455,4930935.988546999,4983962.770216017,5287026.039924844,4797768.708908382,5399446.004945732,5331352.499872721,5583059.694451875
4456,4869082.352808706,4887686.471778691,5293913.96943979,4936415.289574164,5437675.469163028,5198280.47796906,5538214.576040977
4457,4862455.632405106,4826820.038023781,5347782.104193089,4905969.52114023,5355668.794163587,5223521.30186416,5608071.267832926
4458,4903238.954961629,4931339.11852897,5180238.715370194,5010847.048975562,5293866.61408354,5181473.787126295,5541678.288671589
4459,4896772.836044881,4933920.0044702375,5309456.61888433,5065062.4344106605,5409255.095219461,5435093.697094966,5542014.417388201
4460,4911930.086719813,4875022.157803717,5229116.55301331,4963062.9415754955,5366746.276726656,5351520.085097576,5426436.609192444
4461,5019668.026133288,4855488.283506735,5196723.660051518,4956657.331295258,5513701.363920194,5308127.823513787,5475024.8976381775
4462,4954513.593490799,4946725.737713988,5190359.252428965,5067222.8209624,5457373.5852174,5239402.798714952,5616962.6855374975
4463,4885793.418307952,4906830.643293289,5258799.138065014,4951743.9717194205,5411140.146665059,5320485.478228757,5489668.177552283
4464,4954277.894799714,4944671.895070073,5314883.792823894,4982601.486124147,5464434.464043239,5267782.917933993,5530065.5209054435
4465,4990098.863182148,4952493.981517289,5423109.783842611,4973844.36752265,5450733.713096113,5352691.060235023,5529398.069944218
4466,4945427.16921465,4922185.40488987,5321106.855814961,5043206.776974519,5446761.873768432,5429633.765911621,5581504.371359493
4467,4878094.80570291,4900543.222841799,5353858.47522223,5028684.96394414,5423700.080962559,5252842.3934659045,5617881.0403342275
4468,4888285.51351632,4892612.051375465,5286849.303532513,4925803.4137667725,5454861.750499459,5281260.813049306,5593124.265245131
4469,4889845.15295701,4883720.897858422,5269543.156107519,5070909.050652077,5442598.008886727,5435966.580563939,5592294.471233772
4470,4925420.413922672,4910276.99680268,5301041.360308091,5040482.418046364,5470651.048902907,5322332.999271757,5551268.96096482
4471,4911366.634145771,5017913.665596399,5284328.877227207,4890696.675762298,5415657.289169673,5280312.291830296,5554945.68049966
4472,4935464.27992432,4906173.291564436,5392891.102704204,4934608.23243577,5412544.542599514,5337223.142551609,5605212.287247425
4473,4896023.480614628,4929097.531648304,5156000.732888224,5023937.107153738,5489427.517999876,5326742.389339728,5649986.690200709
4474,4849864.004261732,4979890.734963399,5214595.852071001,4897813.8043862935,5532796.265699817,5319529.270636648,5589790.410995595
4475,4839259.964864141,4800439.066893481,5221149.512247195,4943027.685103867,5366986.393330503,5228202.026387836,5466559.175366122
4476,5018548.288438637,4982138.669251566,5300759.245897582,4991451.608874684,5502620.66535683,5248571.3181678485,5623880.201094404
4477,4947524.899529937,4956405.932166465,5293544.749041305,4917131.929324064,5312504.121974175,5309970.089577045,5469625.624377651
4478,4928049.378938928,4924603.2455993835,5267337.410908065,4962323.060378523,5449308.029057274,5262938.907908369,5530968.979726883
4479,4912753.223043542,4887707.918733154,5367833.927227574,4861641.873757756,5426226.633396671,5172483.57177393,5550575.290160529
4480,5020060.220583674,4872742.904776748,5277045.420166824,4949883.827437123,5523333.1902763825,5404305.977685012,5655781.436883576
4481,4928016.299763953,4904915.169438318,5094735.094111189,4942664.945485188,5335951.29056116,5353808.877511546,5510527.395370771
4482,4866234.255883424,4904405.260220993,5236259.753776592,4907472.736936846,5330190.310547251,5284783.190221615,5602615.7217319235
4483,4845419.219254014,4947622.935729582,5225455.612415865,4913179.526165968,5499434.119208251,5429179.012961625,5557024.567450292
4484,4932672.662809353,5000193.609580259,5306657.347700936,4989847.857046625,5465761.682831676,5396769.361307932,5502615.169472281
4485,4891425.872417099,4918825.625079282,5241382.533575625,5048088.403887104,5276829.439773874,5202541.477149209,5468417.2872051
4486,4957397.802098505,4945255.136690402,5266250.20028345,4891002.386105979,5461315.4386234805,5319755.686173583,5524511.85268249
4487,4943071.639284016,4908260.485525239,5183104.776850094,4909052.790262046,5517950.117530655,5290292.459445886,5521772.924061597
4488,4928728.160572552,4943685.892645271,5231150.533415036,4905627.848696006,5421650.506112174,5177679.551424118,5457651.8047651565
4489,4890230.363717595,4814343.064740695,5086873.851954927,5007508.660418277,5465565.280094784,5339134.634244937,5630983.517868749
4490,4870169.112952256,4931818.473324505,5307314.292559195,4958794.740113229,5470037.885047137,5307956.938581536,5472961.336316824
4491,4902896.519352831,4959699.440397283,5226628.330972105,4978676.2519635055,5436720.395022456,5277066.539643429,5574032.198703425
4492,4921970.60713401,4948029.330719805,5212338.6791730095,4949418.859163833,5465894.082862151,5386710.028857783,5580771.881893548
4493,4842201.66271317,4905616.78407178,5295027.975430871,4980076.343030794,5440807.340665746,5374069.501684008,5448787.283759153
4494,4856819.473240108,4885836.869553526,5210888.489960741,4976335.145167412,5355425.951620698,5318371.513961613,5589971.289502109
4495,4960132.53795868,4853332.303624371,5280827.7288678605,4912319.412005504,5503467.961727925,5367911.057875333,5583002.855865862
4496,4985393.7116704155,4915614.240611502,5305844.658996285,4904325.626697959,5408217.0675739115,5271025.131048328,5522442.639214488
4497,4887719.464952621,4937052.713040699,5236294.705008175,4939212.550652519,5373864.068007907,5388641.092971101,5679522.809483548
4498,4891859.444333349,4866703.250893446,5207012.597466979,4928513.676327965,5429177.261181027,5280330.374269003,5458322.291655405
4499,4905203.134327173,5034490.22768671,5254624.071552598,4904326.648839348,5418039.252505883,5363958.352856087,5675250.526931585
4500,4929762.73074117,4876394.913552341,5204745.788322537,4962865.264547948,5379804.127341772,5374310.940569294,5570551.931240973
4501,4865428.980793156,4887590.984330988,5334461.584252335,5059952.389525993,5555771.7609028695,5458022.06785907,5470105.505876479
4502,4936379.035711797,4895431.693693486,5304253.154112982,4941402.4157583555,5475926.568257326,5350188.491622643,5592129.230569648
4503,4887077.91631081,4877962.699920973,5273721.786144041,4997028.263807232,5397505.379884609,5303339.752580208,5522284.687257372
4504,4976833.668490853,5010223.462129129,5284511.696412129,4897334.201224443,5421197.1689155,5291899.131187018,5713622.315844178
4505,4859371.348341696,4910196.957021759,5202408.792778822,4847085.940958939,5318194.475707525,5231469.317377852,5550337.556661536
4506,4912987.52432852,4988093.620607654,5285205.355315485,4992149.379489938,5476309.243649377,5276770.280308639,5414163.627930813
4507,4917342.725316263,5018366.408536226,5267847.5458950745,4917638.560823342,5432146.134124045,5296051.687261363,5608118.349941978
4508,4920362.041544176,4883788.558403396,5286335.10555199,4907165.356326745,5324988.297228393,5350829.455472797,5487198.61790454
4509,4949847.692947852,4972170.867596106,5282607.898500945,5021771.063105784,5430110.690023264,5224572.925737911,5599713.948089095
4510,4920556.996993272,4835138.4988803435,5143652.499370186,4891979.611964179,5481859.076765045,5246319.032352825,5658288.920401999
4511,4978416.741893231,4965633.778978513,5120832.2701591095,4972016.926004544,5425718.688742178,5396945.864708698,5496915.973021715
4512,4798140.959979664,4974753.672633383,5265513.454021101,5013996.80600766,5412136.765790389,5302379.954668552,5499081.671694208
4513,4924339.573616704,4874163.800187964,5246281.192908264,4983045.103539987,5361687.932561407,5217447.414594863,5478859.135051228
4514,4982814.998141077,4939726.446038666,5219315.940643996,4953907.4916205965,5577122.956424495,5338634.241018493,5670180.080661493
4515,4905686.606839519,4968304.457936593,5276666.602565099,4930593.5445852205,5412285.8945771,5387345.242353913,5566842.430633236
4516,5016709.29128422,4883183.855038918,5294977.068748751,4961375.828814219,5347806.511434203,5349525.613762086,5476281.859271313
4517,4882849.165163614,4860355.168916245,5257401.250420299,4940751.074039935,5485211.958402886,5327504.062348446,5658592.841306252
4518,4862993.643664458,4985983.421072273,5363231.899475772,4985329.84699639,5478610.310694172,5460356.795348439,5659294.912701216
4519,4873444.891261748,4961088.484998788,5308830.024929232,4822073.438831463,5460836.56917226,5315843.6841325965,5509238.124714748
4520,4927703.699460559,4872583.778096086,5235150.643723022,4937434.697736077,5448479.497087499,5497489.591854306,5640237.188696503
4521,4920586.317556081,4873945.09195405,5239228.960801701,4984237.711403842,5576088.176149102,5339990.1751541225,5536044.296843536
4522,4857571.9578182325,4993773.750475691,5302151.080789339,4964392.30808506,5433073.75596207,5399172.868449998,5641293.247435551
4523,4871890.959919378,4942109.03481062,5268735.069520136,4935386.872618223,5395454.370026624,5337261.876423843,5539813.619039592
4524,4913895.746981228,4833349.675270887,5258548.645093496,4961714.555991634,5336204.707129734,5334495.629171027,5622668.357386544
4525,5023688.067310859,4949879.33813219,5402702.268182948,5017294.441823954,5529915.635756683,5254746.698203406,5488628.5288386885
4526,4981529.0658289725,4926028.569370928,5182015.329706512,4964928.3748847395,5532909.68927555,5385475.486967477,5456268.893755569
4527,4883068.869814085,5020562.4432229195,5221304.533241379,4924225.609757634,5388147.953683145,5323783.964536867,5472248.395376142
4528,4881226.124785529,4886003.766836334,5366183.523499799,4974796.616534935,5404758.505922445,5321947.266009601,5430802.744221744
4529,4942610.194203432,4929317.599068012,5242618.514016502,5020156.694472513,5468154.36993365,5305147.891156561,5580061.320754227
4530,4986987.141592166,4984603.371036702,5214201.510255638,4967505.047652593,5435276.991076552,5435824.544322643,5553166.0021192925
4531,4988147.524980329,4837658.895338486,5394832.589610382,5009946.53158072,5553686.734158439,5350788.374251147,5396032.202237442
4532,4985078.483905544,4929316.937622768,5312199.41857515,5020724.214454667,5412842.749169413,5257945.173431503,5508176.476513915
4533,4914831.084998782,4914615.538707607,5233314.271675082,4985844.159648098,5365476.34928249,5402366.494177988,5496746.433491719
4534,4934459.648128115,4936618.911340208,5361774.2831976805,5040360.420530877,5463544.2877256805,5501675.124334954,5592365.830310844
4535,4905498.2877033595,4897760.0756874075,5197293.559823955,5001157.69725872,5446539.669077908,5290493.031008094,5584575.683188132
4536,4953978.677928441,4895397.542289941,5175354.366325122,4973265.432320602,5495819.921299212,5287737.481500184,5555426.568664301
4537,4888980.428632559,4961280.034901949,5277998.239793111,4967419.346768402,5480269.917864434,5384094.53579257,5430279.471847825
4538,4875278.263918563,4931711.323892629,5243190.565911049,5029962.452452247,5493885.218611134,5372388.523688235,5601482.4024659805
4539,4928197.696062695,4951106.939705432,5199928.673661279,4992017.119904953,5385484.694901845,5235462.957231518,5509870.975812602
4540,4895575.888257533,4966151.612183151,5183289.624786438,4909462.084883998,5449173.216856645,5325326.946230199,5603180.868201129
4541,4878561.5617839815,4914278.52315518,5129287.647322035,4996781.313435078,5434372.38571283,5347599.154649147,5578844.330661949
4542,4910400.826750406,5066693.593567803,5209576.651107236,4927228.009512443,5499526.809607398,5175743.133856527,5695845.536525961
4543,4890445.303080046,4866511.498684966,5176075.345792136,4841173.907280283,5523103.083750872,5317729.055586247,5650239.4116578065
4544,4938985.087497033,4977981.7665307745,5330953.516681213,5006382.77055009,5581297.574665839,5475824.688855823,5522936.965640057
4545,4961154.359528783,5061036.4811799675,5108494.621135897,4988105.880435908,5349315.270897962,5185815.757851017,5497777.176884165
4546,4896157.811756122,4903536.25012854,5156902.436145129,4892465.897068942,5301140.40532993,5328312.17966212,5500440.212343657
4547,4901020.483733267,4999309.225311843,5328689.261310224,4937979.586403135,5369351.885050106,5347191.893199765,5478230.560426714
4548,4898719.125339678,4943296.267157893,5219316.549268807,4926764.1507779155,5429239.724691387,5300394.413415478,5465721.365765057
4549,4966590.78338202,5008774.26284711,5284533.241456875,5102899.645115217,5542346.5356558785,5435568.135353815,5547617.89183463
4550,4960319.284811165,4967069.673695134,5205275.968220662,5016931.571075952,5457688.516539831,5440061.973635982,5573802.60856329
4551,4898576.345130528,4840153.658154075,5187808.9346376145,4886127.787410839,5388129.301426338,5228986.432129928,5499029.11612085
4552,4936189.347073819,4937059.889275175,5229211.752284112,4949987.734844588,5440846.259421946,5346512.717736899,5592274.179401961
4553,4863704.243520892,4890937.313947929,5224590.237546955,4952843.9972662665,5519645.990985667,5313822.538525509,5533410.800464208
4554,4853814.080696296,4930103.941372997,5185915.219818766,5032533.83887876,5365626.374328155,5338079.286574095,5600349.046049573
4555,4843105.764903585,5000957.497535214,5201544.837967252,4975607.311256925,5472148.759869885,5296554.849228399,5611984.714529213
4556,4881914.669524494,4950039.913103861,5251215.926415687,4918151.918954241,5540570.138603443,5342465.917978651,5551578.361252917
4557,4944196.516501997,4951951.7408358455,5166261.345290664,5015790.232653177,5379119.22771461,5252691.772197915,5501186.994804848
4558,4969117.196723361,4832499.823472788,5149890.318771813,5046384.322028996,5487967.095748896,5391449.083693366,5597384.983330431
4559,4866760.752362766,4879827.156350008,5315784.4839439,4821516.193868358,5496004.825013847,5461881.228812802,5529508.06973324
4560,4959225.268672993,4902969.412671028,5355711.419461898,4916875.418445673,5295572.670175911,5302394.049639506,5527925.086023215
4561,4876685.432475458,4937452.815617934,5296681.433903113,4974090.390609952,5351407.544653807,5333691.281046361,5513858.392580939
4562,4927956.137161375,4912399.432539936,5252698.600271864,4995711.168180667,5481191.7179141715,5393129.891380831,5586088.554907488
4563,4885531.7197449915,4896969.441749684,5266465.228685401,5059990.29161392,5489952.205171674,5350709.041780783,5574161.191608477
4564,4829598.290370634,4971551.458000064,5312063.665875625,5001678.983947811,5330939.259095785,5334206.088487611,5537203.138332833
4565,4987618.478007838,4875262.16853429,5150873.741473953,5122634.182660683,5325004.848722639,5314182.213856048,5453257.648122146
4566,4925565.844299668,4857407.269622808,5283806.924941179,5010552.966097323,5496860.998017005,5317688.312388299,5486954.971156443
4567,5007233.241615019,4908076.487988496,5286450.5716289105,5016671.84948337,5579764.534602274,5391239.936244453,5664066.033023879
4568,4926182.649756045,4801033.396162576,5375547.395641111,4995174.4910458615,5539801.247193431,5321065.825713234,5527522.726081881
4569,4949842.76963571,4964025.382399135,5284642.428116418,5066833.969532251,5486912.021023089,5263688.814668737,5557958.302058574
4570,4941804.5544147855,4899915.212967677,5157818.982564729,4755943.639532684,5358394.998623978,5226695.174629613,5606908.238735501
4571,4863227.001871584,4875305.577518666,5185444.837642636,4925409.504389712,5365367.997450136,5237308.576081514,5416637.021856832
4572,4934187.0583543,4888753.037644589,5283880.682929011,5020275.67608786,5552461.138958259,5412473.372085461,5497892.48737634
4573,4859435.234498102,5001424.18892706,5388020.323233748,4941468.506804383,5443996.322288987,5200105.117955229,5472402.775276799
4574,4961179.080420433,4976586.213155897,5242674.121347739,4970977.551898437,5462847.353096299,5283308.159448479,5492807.929949216
4575,4986584.160557254,5031987.701933958,5280387.1050541205,4996742.186009268,5451781.913989755,5331663.973888769,5555064.182508471
4576,4877525.460166167,4865989.455188289,5279789.306665675,4962361.646368116,5426168.011704336,5338394.643823645,5494491.381543094
4577,4856894.618893569,4926666.242554205,5257183.843260925,4928948.080014136,5450009.74009504,5375570.26323242,5485391.855033501
4578,4889203.109749673,4802328.697685692,5359956.146601597,5014677.179994846,5479927.800472059,5253163.018805234,5597702.256006569
4579,5031785.169547949,4960737.179492987,5336869.269736704,5049361.423733736,5473407.5370676825,5307046.464790817,5607346.5691577755
4580,4975515.120848565,4820523.631934724,5371562.009486393,5009801.168712769,5381930.5218179505,5190662.000224397,5479500.161850187
4581,4914726.2921417495,4956623.2049030615,5308174.084014544,4931676.755021796,5424124.608253091,5339757.860229421,5507434.141050392
4582,4973753.831906157,5003739.678344255,5235175.059934152,4939432.242065985,5414432.667877302,5296587.468789067,5674575.350036815
4583,4917631.682437136,4927426.860389528,5271519.173945814,5015144.765594725,5415548.609352026,5211473.709920829,5615301.213479047
4584,5007000.721112284,4971893.824208666,5327906.98895367,4942580.177973645,5342627.132923817,5332885.949595694,5378338.833351988
4585,4931731.12419935,4872842.284596324,5351809.489907582,4961361.581749365,5364769.332546679,5304490.7016009595,5376987.410488634
4586,4864787.90416098,4956063.960557533,5267409.358820536,4962719.407205535,5478918.936707817,5239251.162760729,5610129.890883548
4587,4981969.48226017,4887571.901360487,5219997.058662666,4933102.744127242,5481441.915621599,5283117.771397685,5520904.999421316
4588,4950311.526023036,4890666.976560618,5288260.739700807,5051329.356188032,5358940.959803399,5365357.7869672775,5438640.340737084
4589,4984004.877332565,5006122.577634677,5305683.640834611,5015746.523603014,5483910.1334010735,5363979.196234198,5536128.380046812
4590,4883585.2194424,4912651.708012449,5205831.554225103,4991012.20990017,5481925.160334535,5254318.919981025,5727960.849131336
4591,4914081.846120762,4902188.939120069,5344881.918457462,4939710.781780457,5436524.853210187,5339369.47163078,5628195.03959619
4592,4919064.48615848,4822285.778148783,5188178.20646378,4821110.110210181,5413335.856195666,5295190.018032404,5493593.579252449
4593,4899597.8696256755,4850861.451216911,5269543.967290633,4816393.342729534,5461168.565873104,5320633.336075598,5529804.546716425
4594,5031240.3025358785,4890994.101520047,5203441.586716108,5008389.259022042,5518913.004594402,5383232.185567327,5594978.207886852
4595,5029435.78324678,4872022.553963848,5321794.434723164,5009268.890213792,5345241.169451021,5333257.296385145,5587338.192030026
4596,4865258.69341342,4922061.6212899685,5271784.383097626,4943596.166536345,5404484.754599974,5226276.724987863,5605167.0193143105
4597,4965544.199639555,4929264.711236611,5331367.348109983,5020093.408866537,5441758.434618076,5344213.806639906,5690736.9583352525
4598,4924925.069985924,4922224.229591803,5272165.522822307,5002349.137918541,5371459.745138711,5369509.221868763,5471702.80269208
4599,4917384.050267514,4935107.349836716,5279244.54975076,4962002.928748254,5359289.99891808,5323553.167678654,5542107.972370571
4600,4883926.589826807,4934146.633547356,5149148.220322832,4955761.225230476,5313381.9721719,5253731.878860992,5577385.928143071
4601,4943126.358178394,4830588.481816453,5287037.571779326,5007719.020133491,5504425.161339518,5401456.8242867105,5651331.343910579
4602,4999033.271294509,4833910.956304267,5345376.885396212,4934169.376026804,5532717.641755726,5296053.2644750215,5573309.151149122
4603,4946311.565220915,4901644.936673395,5155343.721414464,5033553.083732553,5439284.0933481045,5261542.824687754,5582241.085849058
4604,4954341.498412502,4940394.494848627,5179743.691422591,4903705.712962758,5473669.107164899,5340715.9003535705,5572459.472462626
4605,4980369.56051398,4927455.552570124,5267036.173680149,5046038.7857347345,5443218.626793723,5418291.642343357,5617384.314946352
4606,4898696.546652324,4922923.9257821785,5175517.042883603,4930810.847345332,5383464.643596347,5335324.011969126,5574879.59579103
4607,4779719.70697329,4972789.142489462,5249417.7705585165,4873978.466309101,5371661.625976572,5416978.802682256,5454291.225797102
4608,5027167.10630698,4815979.536143646,5196125.138767755,4993183.631203283,5388540.91061722,5321833.093387705,5479985.632934919
4609,4942926.5383529,4818863.459597153,5217664.307983249,4899948.316522132,5402860.647762741,5364316.64740662,5559576.548601007
4610,4930391.004088665,4865708.0503734555,5211611.596382271,4990642.71825223,5454590.557742976,5349292.310723217,5586809.308085428
4611,4830897.54187815,4919579.072837768,5301156.697849147,5004185.433211865,5290999.489725852,5275303.794584822,5527129.5003016405
4612,4948533.2440915415,4924476.39226579,5370252.726982327,5002702.907918091,5429070.557165865,5300289.019740549,5398492.485450402
4613,4977887.743492339,4956026.037256672,5268044.928582598,4959991.828122665,5502158.711798781,5300284.163603462,5606374.011759386
4614,4950896.23889066,4964465.711447309,5230225.801490151,4938622.018286498,5524489.162076345,5306651.715822771,5621644.008502899
4615,4961795.604893864,4850870.785028838,5306087.568357604,4970169.986864594,5408594.83059087,5357055.292314302,5559189.733262694
4616,4885433.948554609,4922374.374559336,5207308.388898267,4982406.658720622,5427131.199288904,5291168.646727946,5615628.385074235
4617,4989267.541450461,4881706.380968893,5172622.810200243,4819054.974412571,5362411.184015759,5324901.729687161,5545367.652728138
4618,4979324.014740797,4969668.601237846,5263875.125369718,4910737.999437043,5458911.922880786,5271402.878359459,5597429.281763658
4619,4878431.430199527,4942239.924383569,5259378.528959947,5021407.828627434,5451462.077571118,5294407.959387007,5569244.241431584
4620,5002215.730546595,4899857.837515755,5174402.39767623,5077888.199869414,5447619.540053647,5289092.67227834,5580459.295997777
4621,4997837.099049529,4926918.030232658,5321917.9468784,4922728.4205534,5452352.825094832,5217685.822307799,5475778.34944308
4622,4892855.235947046,4995818.356440675,5295450.595477377,4948683.718511131,5394945.673289158,5398042.594737105,5438526.460407188
4623,4875862.615143629,4861413.818248003,5375776.398664337,4944731.570068605,5361619.379097922,5199198.265192861,5488322.511566681
4624,4898621.995245371,4917067.083619456,5317360.434994581,4956111.876743508,5371635.449461443,5344222.6555338185,5702932.903595246
4625,4777020.172160984,4858654.574423848,5366880.220362021,4942250.340043701,5383063.414028508,5275960.2056304915,5515248.024997104
4626,4940938.504807227,4872511.147904673,5179309.237822965,4889415.255556263,5421807.72669523,5243576.103138378,5377628.673306121
4627,4820589.232184254,4876735.797436508,5293848.030050142,4910285.374870788,5402031.6183407055,5289340.080451163,5495980.241943224
4628,4882928.189131882,4913618.549684301,5203281.33712194,4963007.299229495,5534918.46796345,5332970.612757264,5500394.522458142
4629,4973885.226608077,4950141.762072613,5366386.9058818,5014924.588580603,5442078.463428028,5404673.631651409,5487579.102535747
4630,4888500.701263848,4959528.02373611,5143779.580779525,4988606.460475283,5344857.138005001,5262593.231582147,5440338.295016279
4631,4964282.493108122,4923441.774310967,5222088.758064754,4947708.537599839,5408706.334979906,5413318.037632398,5651995.354012468
4632,5048205.668793318,4916447.895344439,5306647.159075583,4966213.917554664,5391059.009431192,5310936.297794317,5506767.556453494
4633,5044020.087437965,4925151.457826671,5224676.206437579,4953445.18028274,5395721.480287967,5286934.468759443,5605543.3476824965
4634,4953014.311018902,5039112.11304116,5368042.115305428,5099893.613741072,5375296.252657959,5412536.568306644,5467431.405044807
4635,4933054.009606812,4902372.376946247,5272691.668639781,5012253.95916626,5382537.376509128,5468320.538220795,5572907.657615039
4636,4918132.595404298,4995731.287352052,5275235.682161209,4866557.992041355,5369963.059277086,5143976.023048,5454848.129819698
4637,4874127.660853214,4827468.029648247,5121240.64081175,5057982.609545955,5462369.785596635,5225103.606907031,5677492.4262737995
4638,4837888.77858375,4893893.931267774,5215356.475546319,4897772.896357186,5481150.890591686,5333506.8968074685,5448014.804937964
4639,4950694.033075554,4864116.967683017,5306935.564877888,4974109.0551286675,5347819.0199412,5316053.794276323,5608155.587395823
4640,5040439.602034213,4872475.37665976,5194742.581402709,4927265.6312866295,5372391.397306578,5346150.673491575,5522718.375531685
4641,4887195.15749209,4864935.926913342,5323571.608776916,4951063.917676624,5488351.939152133,5326085.164525354,5577833.732999665
4642,4954757.368363634,4923673.967544677,5381857.944633545,4909862.109658889,5350908.6816279,5393072.971609978,5514352.736276272
4643,4930540.750996516,4941941.586783525,5310830.523418135,5080659.96259195,5596278.249474457,5432012.9515435845,5572026.745528124
4644,4966718.172142067,4890287.544214232,5177975.218529613,4962430.573070688,5457648.582221163,5274638.628827004,5646096.918476967
4645,4914025.29266931,4885642.7535987785,5304066.876191449,4908856.76969784,5366293.894553999,5272228.624202775,5449620.893819806
4646,4943102.307603076,4883660.882291577,5230935.956713715,5005032.553148464,5429998.220296656,5382162.661875968,5498147.45274961
4647,5014935.62582589,5069155.497147337,5248563.001825088,4914366.9703836385,5552102.506706918,5272093.883080751,5526706.739921373
4648,4866434.848008572,4787687.9142354205,5266666.18284562,4896897.882661032,5471630.145639103,5294402.966229616,5584338.673626225
4649,4903916.176350556,4877195.632370727,5191093.472285926,4969265.504724682,5342099.573303066,5308101.209208063,5430812.3166835625
4650,4818978.282871841,4870783.533773266,5314310.137887221,4903249.02727568,5352013.683768964,5289547.970136589,5496081.870918876
4651,5021774.776503027,4987989.8927398855,5271587.178718151,4972209.297094993,5442478.269905541,5365226.59137238,5412723.108936919
4652,4878249.379392884,4953777.596037023,5164706.52778716,5024830.476765562,5477818.568203969,5316369.640179016,5603573.356704553
4653,4917772.718949184,5032915.890908209,5307484.8254043795,4979773.511465516,5502387.8970657075,5214594.804163855,5487890.011177214
4654,4939390.395033514,4856106.532993523,5231855.088253976,4959053.259130889,5426067.292247837,5369605.975362839,5582004.5134469615
4655,4896981.657082119,4879308.452046612,5402084.470955389,4933317.732766658,5431052.213500173,5383074.569288823,5543253.117165983
4656,5022244.856053657,4872302.151231526,5344944.9182214495,5027088.498273843,5349412.440716241,5340605.236832108,5516484.924791276
4657,4934551.690998557,4949031.701101951,5335932.1346821375,4947458.884557806,5454836.535348462,5323600.954453325,5634889.617734924
4658,4899226.215266661,5002759.854213851,5322003.748160402,4829118.287330954,5402009.010312283,5256297.054610178,5552056.281896313
4659,4900652.70566023,4943706.62074927,5277363.762561939,4947376.403302867,5379457.038793511,5323734.880743466,5423851.345011334
4660,4876047.943995722,4798291.813213155,5229203.619495132,4912475.034762189,5431865.505596977,5345273.513943494,5621116.150232427
4661,4917012.060718998,4914343.548605738,5336657.78789808,5008868.984825933,5522639.865227014,5385251.700499283,5488149.230639919
4662,4933460.0812073685,4937184.674721498,5340610.261610869,4982853.91262726,5383265.817079016,5224728.46668599,5580566.727956039
4663,4858593.551434292,4989658.555222848,5328815.50583685,5077197.038328354,5449912.941765745,5297293.744861948,5678985.322356917
4664,5009886.488521285,4896060.4672840405,5276744.685091342,4968869.173996638,5470273.5646357825,5321044.180531638,5564103.222601222
4665,4931061.087741188,4982366.142690784,5130321.802502286,4933580.350462185,5527152.61750871,5275182.053146437,5487610.138559575
4666,4937182.420931649,4932002.849720484,5267845.632101962,4966457.476434672,5462055.035837803,5290842.82073081,5520130.571359668
4667,4957047.052784955,4946351.822306355,5296005.084668062,4925453.612255603,5392831.905348594,5265468.223935446,5563279.241586167
4668,4978488.533855555,4971274.103178479,5322929.805160083,4909642.832290766,5372385.124397475,5311747.409405617,5629456.487503363
4669,4952320.563168807,5023410.344879002,5186401.722352432,4926292.408172538,5441612.251031311,5245048.821953209,5629564.801541139
4670,5002503.8378477525,4949566.576649469,5202667.785964597,4981291.605767062,5519899.002195575,5294593.910904305,5474894.626770236
4671,4961378.115806728,5011492.460528982,5228343.323776735,4993303.734336388,5363780.675813643,5266872.282602781,5637500.545833903
4672,4926366.162005149,4869069.729579904,5276066.319409923,5068010.35613838,5478429.313659341,5359730.922104687,5591058.984180225
4673,4909508.087776943,4946713.861372627,5284710.621609289,4960035.241665577,5451263.987697291,5347735.137554294,5511206.050055104
4674,4934897.672271006,4882945.468258092,5151216.181035123,4847135.023280675,5445928.068899832,5277326.047728507,5613237.850037917
4675,4986556.630359704,4955416.745833595,5225337.132804321,4897684.252835183,5507231.54525803,5208558.9820761345,5419463.101954568
4676,4875534.533757754,4832357.377097594,5263662.903811336,5104260.482527016,5424057.311367585,5248547.401904134,5357889.206224946
4677,4918844.888492868,4981152.076809194,5324226.9755052505,4890309.7861753935,5352970.744110158,5289014.369983713,5516974.725170566
4678,4885755.817269541,4938803.442201712,5227833.373921209,4937521.8236371465,5452566.13604261,5316015.546507935,5325956.204044255
4679,4981355.910619706,4972030.155618787,5291300.788802452,4853370.338879758,5490048.831140164,5371746.952160679,5669563.048416881
4680,4862185.870495336,4869699.282022692,5277062.094096613,4901795.595632725,5426013.986727797,5337139.583980901,5494012.586861253
4681,4952818.805145759,4929590.90110213,5234187.64173568,5059538.267302455,5491264.360511698,5355538.099282687,5547175.382911851
4682,4863416.642446703,4916275.15937092,5218202.987607722,5008352.17367806,5497604.392138325,5346291.66754126,5567719.230301457
4683,4888443.379444977,4925836.853970233,5270884.297452944,4944952.703506478,5390709.229134278,5294192.759201107,5549393.523166278
4684,4928506.910874837,4981398.133516079,5302936.173677504,4922257.498671598,5413622.759487894,5329431.280737613,5491185.628137558
4685,4872824.69582193,4900286.1631053025,5282711.141530485,4991643.084383669,5461466.770257341,5356015.706334728,5607153.095616706
4686,4923575.954120288,4941207.106930863,5275574.8867079085,5095077.572558005,5419225.911582743,5301710.163553788,5449267.184461221
4687,4927894.268152161,5025056.117707874,5215787.789464613,5045509.915743335,5483354.349561344,5291333.377425289,5552812.606845506
4688,4910726.561623819,4953878.019006021,5178991.62615513,4963765.861696037,5422704.761874627,5272169.00572422,5530965.710773893
4689,4858988.77266641,4811448.451415579,5338103.673726042,5004579.882746838,5482865.678676144,5439550.692277541,5603633.24757172
4690,4857860.815470163,4849682.61931143,5177517.364404436,4977790.5591559755,5411363.270642888,5390909.100338666,5456480.649962867
4691,4956709.890298983,4882289.501323196,5361958.22852503,4929045.461740098,5527888.855499586,5435198.578896965,5644163.399275001
4692,5048988.960658341,4748086.989912782,5144300.086161513,4881486.4913905,5354130.5296801515,5326314.010494372,5513356.621650896
4693,4880301.011760577,4934678.645644325,5221924.077633146,4866568.16687664,5446505.09436862,5331894.717125565,5606115.678824961
4694,4960788.148546573,4896160.115355995,5199105.509694321,4964128.035377912,5324402.734800044,5370220.765013006,5458351.266643395
4695,4987541.414542152,4915348.0995398015,5300021.295708474,4969326.228883124,5541136.014336651,5335609.391448922,5650852.249362855
4696,4871070.89537281,4926820.328694996,5288869.561917584,4966393.2289824085,5494776.814193855,5359073.908187815,5509095.085667461
4697,5050756.035429682,4894659.712291028,5219842.411539216,4919099.493993503,5433936.785569697,5306668.476854483,5577759.735684134
4698,4902455.62790021,4923487.835827597,5268434.029851658,4998680.352534426,5404475.4474422615,5299554.231826585,5514825.484566116
4699,4926156.357631747,5032555.208608233,5408903.920822611,5040317.593527678,5468525.52453215,5191127.902784726,5613890.0609537475
4700,4969918.634259321,4884360.516089367,5266123.85658856,4947520.477012418,5435712.845332517,5366305.811692813,5632630.66992461
4701,4960894.785183867,4952654.101212535,5287648.721757756,4987483.400459794,5471365.352468332,5308136.61439517,5481179.491652676
4702,5042944.526320791,5003567.619613433,5404276.943997649,5016731.688885074,5434539.851510929,5456273.7497440735,5604258.284333298
4703,4943341.5890357215,4872989.568053281,5268360.2517864145,4990302.864163034,5510467.898948681,5350738.370567063,5520801.058276936
4704,4950848.505715985,4964995.576029443,5256372.705036774,5019898.518997932,5476039.568536646,5353611.192423287,5584176.560101105
4705,4846321.543064751,4963541.472322997,5313647.884679433,5073751.824680731,5454954.155697242,5410355.563984503,5531846.042829687
4706,4921273.012715892,4830851.588008472,5240084.407857031,4904335.951632617,5536867.97127273,5312180.760014715,5528663.512712786
4707,4926827.618885818,5008772.7373314,5278232.050329574,4940251.281714988,5401919.798854025,5444605.351282904,5683206.097915439
4708,4850446.197887744,4887911.611752925,5222365.512495877,5047153.197160751,5371974.088365531,5185741.35023549,5621886.959361998
4709,4997907.986560093,4924464.469739067,5201003.102284541,5007869.634293817,5484907.748789311,5287888.11223539,5562506.229003578
4710,4968028.591468696,4804093.745421468,5336749.62287508,4984509.715573728,5368852.8712302875,5411579.1071766745,5567959.357444404
4711,4926571.874814537,4992763.088008964,5298783.192653502,4925120.786700431,5503539.672446719,5394029.980875485,5622369.899212731
4712,4969166.108825766,4921616.690260489,5084678.325803185,4933528.645926551,5396350.628468017,5286836.795294432,5514471.8296628
4713,4960922.299153563,4848716.391885198,5204811.194699227,5040918.788961205,5518529.647109036,5396639.756815671,5649749.011561393
4714,4933463.475741909,4913302.170067532,5296432.365470213,4845281.215978983,5365950.658272268,5371557.522847526,5516814.448982293
4715,4962909.063696594,4832936.708535757,5235012.7869174685,4976411.571262535,5481231.842652374,5178905.0690007685,5597930.369623546
4716,4910408.617568795,4838178.339767056,5258554.233209407,5031555.9293676475,5672187.239657519,5428252.0883962475,5498741.412387336
4717,4973142.233797688,4969069.936139953,5201420.316682536,4956887.2941874135,5493832.452603588,5230427.021213434,5567744.280306221
4718,4907254.793004773,4864049.388761241,5142299.515353534,5030005.147488677,5472798.676506158,5372768.443498959,5387105.283557983
4719,5007541.83722159,4921291.986230385,5203839.149490736,4857742.0282927435,5395626.400098352,5218587.155849241,5653328.118705054
4720,4876748.972420799,4847221.812683603,5241645.506817879,4954801.578631791,5477234.161600692,5279792.440687867,5467456.160432868
4721,4950117.646586943,4870276.82859592,5332342.763464984,4785912.639502925,5410178.761128828,5161992.721687391,5573390.924364308
4722,4923681.934559352,4860585.924314514,5294373.250680768,4966351.593678525,5480113.582645409,5405782.574036515,5572127.149867413
4723,4949284.194402478,4932793.7667455785,5184989.0646634735,4916417.81799891,5491476.721573788,5317725.815090915,5543314.607473368
4724,4942286.739909884,4895203.386827661,5278400.484716938,4956162.209783852,5446701.540219159,5219671.408748921,5474317.606520627
4725,4832677.363520218,4857329.923553689,5121285.697533204,5037506.06324109,5437216.415375745,5368278.877437276,5657030.283247124
4726,4864839.2012488665,4930615.438679155,5277955.148494731,4988017.938796244,5343655.053442232,5430746.117330916,5624439.029425393
4727,4980984.92678616,4896457.670987777,5292451.806809323,4855775.118264698,5451247.5418884,5411338.189182527,5473023.784454206
4728,5036839.042048332,4933457.121742862,5243139.616434004,4933127.963065524,5433104.4201317,5298734.382040671,5423798.267197514
4729,5001701.965050081,5034715.096864926,5195420.566914926,5036502.222518537,5393092.515204802,5292555.502403449,5454503.210061109
4730,4922585.818706966,4873296.314964237,5200628.341708749,4947009.131209773,5404314.965812208,5199545.047161425,5548104.482527753
4731,4842963.831612712,4932780.802425818,5196908.12300994,5035487.303908875,5422557.680955462,5203027.643860254,5494400.241225351
4732,4911517.82827987,4961852.640585805,5175235.462654472,4950340.73587168,5480288.369516692,5245368.447501639,5461406.900814047
4733,4831231.90621662,5037557.1925472,5394187.907421202,4982821.795971026,5546247.634962207,5389051.6614019,5634496.985919766
4734,4864998.808259535,5024394.84181641,5300769.413669672,4997716.981560983,5449575.943972949,5314548.771903827,5380103.547831094
4735,4933340.910706476,4851581.189249881,5269224.162524363,5063848.2664863495,5434088.643497622,5310100.707607934,5470320.001076294
4736,4925720.895565546,4916570.358462284,5323531.024073865,4968127.889305222,5459275.3137445375,5224660.985053964,5633321.086969268
4737,4947288.592953519,4988536.81881156,5377617.739712433,5052028.89130711,5497868.829967489,5259192.768640808,5536183.040928562
4738,4779599.64013705,4936132.642909032,5230822.188481118,5009887.226042929,5462906.363527886,5390808.587094292,5513022.148470163
4739,4968875.806819235,4942686.4572868515,5248407.233557044,4910875.728631751,5470485.674776128,5326893.378476903,5404448.784177534
4740,4829138.555077745,4951847.830471775,5254108.260874214,4955050.02165354,5434592.683366498,5269198.347544184,5496956.415242914
4741,4947611.925210078,4948110.518272359,5282735.244492362,4977704.70988573,5454356.226014972,5441356.177328214,5581918.49140297
4742,4942265.133032313,4921616.194535736,5288671.172907917,4884021.305792607,5334436.618878717,5363327.938544939,5585274.6140934955
4743,4975247.708195979,4945007.606661193,5422576.3577318955,4964150.44988099,5390582.3319692295,5377414.370011099,5607170.505822778
4744,4858824.419174266,4884067.3330812715,5338405.368465978,5026216.7869591,5554007.19104072,5386454.187408415,5552204.909235651
4745,4870028.250533924,4940042.492076267,5194805.626398461,5092472.890997181,5343726.1179055795,5368428.369294608,5501745.327404519
4746,4870037.836097096,4968813.64463602,5205574.731563496,4860209.407409764,5378440.125686821,5273068.111362246,5473100.462395495
4747,4870934.287848532,4869491.497420598,5264955.753989823,5004431.013984018,5488115.033353402,5434787.787819741,5486141.165903645
4748,4927947.8968266435,4982314.8357725255,5158992.422238055,4945985.770299041,5400018.064879208,5381471.680672362,5496671.28350232
4749,4975121.311103819,4889416.538919168,5203700.761273561,4939218.115190694,5308265.715036303,5350486.588241834,5445077.614661992
4750,4900569.953750514,4784258.9445826635,5105480.045203411,4998927.586802089,5525090.6679880675,5297959.705289786,5591398.460809538
4751,4925822.861147974,4873033.01060674,5291474.2566461265,5108624.210549564,5492656.477095825,5378897.575336782,5513488.2598245125
4752,4892787.191764882,4772500.268594698,5202669.60647634,4901379.224997128,5396397.015498629,5312432.9448024845,5492164.092848738
4753,4839509.776347543,4993707.704417792,5217038.695223601,5033604.413052427,5505557.589602521,5443530.445796325,5658127.282468123
4754,5021378.86567211,4878846.028898783,5308088.274192853,5071682.252065341,5423771.047551417,5384453.532563033,5497295.687088847
4755,4979922.547187159,4987796.933113102,5253571.694900526,5041566.91778645,5431969.831124492,5263773.609036631,5516401.927565294
4756,4949574.88567796,4975440.481067294,5209818.014320066,4929508.5265292805,5493801.880092917,5290479.18826838,5497300.727696136
4757,4913123.983855579,4878854.367925124,5264463.517473571,4990476.641156854,5536709.326198674,5283709.020892897,5522593.559733715
4758,4870456.302065097,4926436.31360697,5180826.509506288,4979044.892024313,5328194.106964097,5314823.772429816,5567757.993873383
4759,4850823.780286585,4894233.1457152665,5317793.114764623,5030698.270399009,5393760.76746645,5406940.984815276,5588633.105841621
4760,4945450.196578213,4958355.599735107,5208098.995321273,4862267.579837156,5482026.360132993,5286591.146105374,5438059.82621511
4761,4913678.508392466,5038599.804810379,5234919.975814866,5029125.034746265,5520818.764403874,5314511.543794362,5418667.401531504
4762,4943085.629990748,4968302.850650439,5352772.516020961,4951050.251696353,5482870.781535625,5499405.834876766,5602125.452225365
4763,4881016.9163611755,4888254.38348651,5222495.224018751,4952017.063495897,5434355.654283466,5231283.44821766,5594930.904345505
4764,4876567.911360144,4931717.483550204,5283427.047346173,4896344.156765997,5409893.902458775,5394328.745183286,5644221.197188865
4765,4975128.062869691,4903950.060389623,5256131.373759417,4848758.457000047,5412218.513290492,5285826.679282737,5488132.104233288
4766,4860579.737902983,5014952.20211142,5197413.227165758,4908944.372874566,5445968.846243449,5446057.534631872,5551043.505735988
4767,5003247.182886947,4888662.53168397,5163077.874050241,4918741.622195123,5339266.1684089005,5168635.5638620835,5549720.191244279
4768,4910247.047242628,4979390.154465055,5150457.663521099,4905367.220815148,5391743.010599477,5326880.334573057,5591633.534565672
4769,4867369.451844504,4984033.026110825,5228888.2519512465,4922721.545158229,5498315.525490846,5324666.361025244,5541296.9414224345
4770,4945092.254904786,4985397.623924488,5253937.800927645,5020668.828474305,5345818.768545634,5350239.586093776,5403398.5589277055
4771,4870525.097978936,4870138.073894851,5279489.955461337,5025259.104075136,5413523.515080824,5420726.043704478,5542674.783125509
4772,5002601.461586169,4988538.691471128,5321641.808096215,4997630.739768176,5418005.353003766,5373227.523808264,5500339.90205233
4773,4961911.238901635,4840436.553611427,5240982.662375685,5052192.043593075,5417508.474777445,5424224.391696438,5503858.664554764
4774,4900185.961613259,5004317.316062126,5317144.220941293,5062151.629209672,5425094.237302575,5432012.385630858,5664249.963225998
4775,4942613.625364399,5050230.665511509,5277411.004084513,5040517.386229435,5394147.929246452,5259962.705803904,5455964.178041231
4776,4912794.825190387,4907978.407183847,5186178.723198432,4974341.062552566,5498571.943693209,5347647.011038905,5561740.8362263255
4777,4880703.607912219,4878470.640397841,5104669.695327168,4968517.551859995,5469816.148805762,5308887.470980494,5456412.78254262
4778,4937739.778359079,4913002.615552917,5213202.549514105,4937473.4762481535,5359518.877679618,5353888.191952781,5550833.60102042
4779,4938356.735604952,4835487.885485025,5260568.38812407,4982290.346242277,5485337.382292466,5346232.102022866,5658019.504877853
4780,4911058.614054866,4842319.100816606,5294540.082073307,4972625.318791479,5425119.199657062,5357641.6437659245,5643481.433270766
4781,4993662.612042142,5025889.34960395,5349416.596595388,4976039.4377667615,5499364.207415909,5283617.728011657,5448236.5120605305
4782,4901002.108238811,4843097.471496723,5350306.669889094,4998323.922220514,5426917.9368057735,5279590.451707967,5665103.319291909
4783,4964808.126361713,4868895.672814824,5194090.008535495,4936558.646114199,5286787.377172187,5315685.15363686,5668355.543666012
4784,4898572.604027301,4904578.113744646,5316698.50046496,4893174.1141822925,5492770.991573987,5271761.186190227,5619570.905968189
4785,4841261.866792667,4913649.787406862,5249185.566159177,4910262.006128855,5425626.96832224,5180630.412969059,5488551.295540684
4786,4883154.087470966,4993421.080284685,5354754.790229734,4917476.268496759,5453482.493234239,5383333.365282991,5520487.376524916
4787,4920365.732148745,5004847.777115677,5201469.113459064,5007567.971263005,5403979.775723069,5353733.605010992,5575174.735726504
4788,4858411.601722228,5025255.280615136,5319736.56041735,4977116.609651206,5457288.731583744,5411846.809778501,5501063.739884139
4789,4972018.673055455,4998678.044498485,5287578.0833767485,4920718.549711632,5323158.780921292,5395271.0155665,5401218.565724187
4790,4966071.838916545,4953197.743909977,5281209.889499988,4789243.746024977,5374292.488212261,5319224.88205496,5468083.843710362
4791,4888336.624286277,4889575.473175704,5302597.491795731,4992028.373754593,5463356.622558575,5380106.433101177,5603809.369272765
4792,4861179.541246545,4878330.096721932,5324151.941549709,4921993.895269232,5370715.34699307,5244315.718277299,5398841.1557914745
4793,4910065.322419313,4958976.743420404,5247145.320926273,4935601.837532661,5387534.772389823,5232992.654147288,5447877.119220046
4794,4883534.967756037,4953399.223372251,5348786.7446852885,4933254.901969052,5465409.590529063,5200661.094793175,5507398.59903962
4795,4933320.634566198,4855359.431283062,5309975.086699071,4985892.271060496,5400648.5092402,5429181.118301563,5426008.850821102
4796,4927381.313314325,4936527.516524486,5226943.438876031,4870260.103680413,5467257.3061070535,5274550.860035058,5524073.705015708
4797,5045489.021272752,4983786.773648863,5282609.962886788,5109402.88100679,5464793.263327212,5368979.727369303,5604419.634142049
4798,4943353.640702706,4848868.680997323,5251259.319616163,4960315.027488759,5548359.532788092,5394881.5989069,5505237.864366944
4799,4856941.87495563,4814796.211970578,5316987.225759784,4985738.715306478,5483091.073436468,5389628.934175999,5490050.907422487
4800,4921577.206219371,4850801.535849601,5362683.005818707,4969994.444650194,5362308.673276044,5297465.586486823,5431972.264157118
4801,4983118.807621891,4930894.34541435,5263022.370711938,5074695.714342814,5357322.8262285,5318834.048207551,5506166.518991323
4802,4939894.735023376,4896739.125864986,5355989.218071831,4847056.951390157,5353607.644043233,5412573.10738713,5628607.073035776
4803,4974618.075787685,4877169.385321894,5155773.333804071,4894594.678676761,5412810.726005549,5262352.007851785,5427573.734062889
4804,4887796.114510127,5006700.609793113,5312279.031644306,4894414.3134310655,5386752.733904884,5483367.849244684,5578367.567593075
4805,4925016.737922168,4915634.791767454,5325346.184131105,5079914.729662066,5303037.182344643,5273625.276265293,5411276.132748866
4806,4952300.658108944,4818670.8004937135,5301237.277505236,4961966.38516427,5480114.56876092,5334898.022352897,5588741.537768505
4807,4917041.935660916,4867327.042321305,5275753.705247109,4978496.017187249,5377158.623005286,5400844.767879345,5496974.679321453
4808,4807870.914250952,4980216.177263065,5209789.60709304,4883311.124842467,5418103.067267528,5265751.8096375875,5580006.7197308205
4809,4967559.869048422,4759108.388246668,5219698.768579712,4946447.250551701,5509567.775305521,5365103.955008817,5619817.726779157
4810,4951989.719908888,4943491.549557892,5250540.444630304,5009983.490652046,5410879.09718532,5339386.660696205,5560919.685889134
4811,4956202.284579436,4897019.288762843,5242318.00568927,5022435.746369276,5363490.358275795,5311987.516095299,5557921.339112526
4812,4992672.271804855,4972377.170860728,5192424.132268152,4898909.762078227,5487994.897125296,5249761.136580717,5493498.76479102
4813,4898921.93709128,4989774.450175459,5301529.891176665,4922738.54258556,5342260.12685772,5250589.124650734,5629811.010268488
4814,4980552.293326315,4946532.259444516,5222458.324778769,4931632.903523669,5448954.267340852,5425367.697567257,5528792.665108049
4815,4816459.440471392,4984075.225364333,5322430.536181809,4918928.369389684,5368721.019610774,5322289.421542026,5592041.202321091
4816,5006308.92178238,4885368.236900942,5338362.713730367,4885369.066127631,5381707.0051356,5316205.377006928,5449952.424908539
4817,4892677.917736359,4837303.249997797,5168369.828373533,4788171.294244028,5400874.687557015,5367071.464569367,5513488.055678494
4818,4978233.558830341,4947149.390312864,5356540.424356664,5052991.369369704,5489916.8984507155,5285267.052236093,5650659.730128957
4819,4983792.66318416,4882725.84131703,5245023.087715189,4950656.733078059,5368159.9485259475,5298264.360173624,5410738.1276679
4820,4872833.649248376,4796423.2574233115,5274711.490540055,4957674.493868363,5430438.782968568,5314891.835737755,5627131.455518264
4821,4894698.695052855,4809686.504243357,5170752.275153618,5008206.198273924,5444084.422160754,5349124.6487518605,5550734.277999032
4822,4935439.618518422,4947385.710714525,5169024.622156389,4983959.6301202895,5365346.602316629,5209535.118624917,5652858.902043958
4823,4915895.027460985,4950489.925158021,5259252.324108107,4943782.830414507,5403356.837877373,5329386.438988689,5634847.213748513
4824,4941829.058200277,4899243.0330868615,5269880.46946558,4959930.780145698,5494182.128376653,5382503.3834358165,5599889.589602324
4825,4817041.1271971,4961151.169275817,5268941.326422665,4970272.295127443,5392084.083173587,5376431.661184808,5496066.203301346
4826,4987173.247640067,4966602.440469108,5227537.993120786,4917390.550168709,5480247.695886463,5299312.685621181,5569755.479571388
4827,4871990.81313762,4947133.891771656,5251105.58115883,4804704.500227474,5494061.285301329,5377750.315316143,5526897.018522355
4828,4918532.719601893,4968358.163330822,5206247.5605779365,4991441.585415213,5423223.655940016,5399631.390915494,5558659.277554495
4829,4960217.288250293,4956973.82877104,5340162.598430367,4957373.152045934,5431212.287844922,5432186.460646071,5532487.831956554
4830,4856049.698343014,4845240.71930689,5139140.444036404,4881518.37759261,5322880.331954403,5330643.820065986,5584108.292775625
4831,5001211.630445643,4960010.337810803,5277150.279938415,4993058.126774987,5476658.9262295365,5411847.881648889,5694647.899938584
4832,5004375.717532546,4968791.785583158,5254693.096634125,4947843.592089021,5390738.691856923,5212388.386142449,5614239.536827792
4833,4950035.113633463,4898635.861979772,5277659.115847254,5048703.659716336,5485153.775824169,5303116.375513617,5633036.974028364
4834,4814539.784926303,4988372.839866875,5376714.179852205,4932530.9865152445,5526502.233105451,5351804.8101937035,5632806.7996627595
4835,4900428.879129345,4955825.497648675,5252683.575542805,4894515.235126036,5373669.748312241,5344862.865659008,5686260.271871822
4836,4930407.652398307,4904366.353818875,5189000.882282419,5045175.207043732,5385433.409033809,5410171.036222563,5668029.9994171485
4837,4923208.6267664945,4946380.900655968,5208366.897772869,4974678.293161307,5514230.256770692,5393010.897000349,5605826.396376395
4838,4937379.743114697,4857900.5926568955,5191386.063811125,4883380.566894444,5372378.013623577,5350172.902470349,5576669.73013504
4839,4911322.358688289,4909090.711591036,5229493.504516877,4951339.35701182,5496862.506592257,5213758.298419055,5378716.027350059
4840,4870374.2538441615,4893098.452547494,5437827.511868413,5001521.57591745,5404589.108171567,5273466.752734851,5589896.704552229
4841,4896349.450157784,4910825.10762236,5346174.169223977,4913299.330352643,5476223.8781964835,5337643.262849716,5499805.842493586
4842,4938012.457837526,5010161.280938528,5342729.326146705,5005504.217715234,5426851.793542992,5369197.132194969,5610974.772109588
4843,4919661.478178911,4902992.115950887,5258602.739276363,4908144.927784223,5355414.431946855,5305016.495146352,5530687.32769199
4844,5051032.803997683,4914222.443968601,5292017.393401924,4902887.850202024,5380781.919861769,5405830.206593291,5298820.97453362
4845,4811027.426542414,4933243.912466778,5173524.329187285,5061745.368931965,5408144.331956725,5454730.511634368,5570114.546709951
4846,4834789.468174101,4875112.042215908,5105369.985019829,5021170.243190025,5419141.112251073,5297275.0440773545,5507852.63227527
4847,4951830.167084833,4897627.223648407,5276632.748817496,4905728.334767847,5356422.809492178,5176196.763286099,5449136.955081266
4848,4871351.229761468,4848587.676618653,5282208.005925598,4951183.103995116,5407240.3025922375,5287521.9843748985,5611322.64309749
4849,4909733.811071869,4952653.4842639165,5355336.775841708,4953543.161547635,5367311.788924878,5509382.275386754,5639939.264075224
4850,4908688.85405035,4985614.284097635,5380900.99281336,4989982.667747295,5347741.320086957,5443013.024242971,5518902.256627901
4851,4958874.051244741,4853295.202294865,5258104.050797917,5079627.67258068,5328906.86139421,5268311.751392545,5544548.004077311
4852,4827709.166995574,4952968.9409951735,5301066.5886592865,4934879.483643248,5356387.106335491,5279928.671305513,5542625.915383365
4853,4846073.535812202,4995399.550170087,5179889.132027079,4970699.068823651,5477511.957863198,5454292.993332922,5528777.713762569
4854,4952381.1231231075,4966191.074776613,5295116.121484821,4956275.449780087,5319152.253781039,5352004.486445315,5598798.11928723
4855,4829682.738871932,4860545.484095992,5314309.776000512,5044658.783928387,5602304.996415755,5293535.829923797,5671987.145463966
4856,4827750.112882129,4870176.752204497,5230279.633480875,4958241.457580449,5475844.611675535,5279172.609579705,5621286.732032583
4857,4992837.678786885,4963415.357552772,5251202.336770515,4941707.804242203,5444750.919171646,5220756.047879608,5512786.515941501
4858,4959147.513425673,4902558.826819078,5304245.390993927,4970646.396617606,5567726.226714952,5298813.044775479,5575594.781208501
4859,4824307.464162361,4917861.050863055,5310318.347294221,4833658.279489353,5442984.486714991,5285159.963888732,5446248.016582845
4860,4834546.551645771,4972775.716951596,5263538.0602343995,4914716.662291963,5439670.443345526,5273969.132525799,5515617.329718156
4861,4864857.362261691,4847480.761024045,5258146.132324778,4864998.060883063,5372190.741764726,5358837.38341475,5668183.617200001
4862,4957452.476923784,5001271.558669824,5380719.328693277,4931490.281919923,5486321.651442528,5369763.575013174,5558966.927065937
4863,4968113.309062375,4960973.722508128,5234501.671960154,4933845.913386815,5470598.127519899,5279362.485042933,5565520.945351173
4864,4957053.6094204765,4924619.9997897865,5339229.891823292,4989275.72091983,5443060.485173251,5360720.258537724,5577835.46399352
4865,5037961.581393146,4971833.586796738,5141402.843030174,4963949.915575533,5425371.705867721,5395761.27162765,5452478.202924601
4866,4899877.160394061,4916905.242748417,5353256.604720466,5062007.817367636,5432756.626005514,5430566.825440144,5473049.535599239
4867,4849629.176297827,4900549.287216686,5220121.147311245,5005248.775409051,5448252.032644035,5315219.888220888,5513333.8222503625
4868,4876351.135917043,4973806.256227535,5258536.363840816,4962339.648640061,5548416.267832592,5332648.356516271,5529266.891254336
4869,5015633.0234971605,4959308.705571181,5302921.480696124,5002003.519275561,5386357.352840677,5177785.134549472,5581720.823951827
4870,4991020.6876997175,4872438.915494666,5201193.899278296,5000548.994432291,5399994.275477475,5435443.646637572,5552292.186718663
4871,4886951.066813207,4915712.677901082,5406497.916444511,4815438.014412998,5448011.231534705,5306400.945833264,5580861.657961322
4872,5032266.925432356,4957367.629445491,5230082.21434127,5083559.139933325,5390205.50989577,5309015.712035444,5650242.629620221
4873,4900697.156925252,4994295.649771612,5312739.881021789,5040165.322229224,5390785.532550492,5399194.878872113,5531820.9869313715
4874,4964916.946339715,4943863.813833328,5383279.114584465,4927332.1572633665,5444567.352540159,5285160.338896592,5473450.31370724
4875,4947294.857576254,4961594.051640493,5298251.747716741,5019736.103469229,5376527.9888499845,5301004.904308675,5486735.362260743
4876,4867993.527876494,4843689.41589376,5293140.389954903,4973660.879570765,5494360.429476313,5496114.369512047,5614492.198609118
4877,4951226.365820732,4928266.718103573,5207657.797960988,5032207.35237098,5397326.3314134935,5378279.724467388,5665056.099564413
4878,4973111.256536469,4976220.59547496,5209843.540350898,4902584.556148756,5460612.423223259,5396333.281942634,5578358.819220504
4879,4969729.727483875,4955705.6504859105,5246477.074726298,4896321.442744353,5384535.63768358,5324901.067702167,5630315.057309107
4880,4830930.650493798,4967308.717015761,5232065.631405037,5035455.635620528,5399155.013910947,5403617.970043859,5583916.840408212
4881,4880972.01519376,5030168.182344166,5220997.52060546,4915835.97630376,5411117.725003478,5236603.0019920375,5534155.500549139
4882,4868237.929293081,4802819.69381289,5205616.360230749,4898392.046283786,5445992.284041806,5359544.132257079,5455111.237136085
4883,5020830.003447915,4920713.172508785,5163491.545923755,5040712.128798299,5499057.572840994,5290973.023285484,5624124.611522817
4884,4852591.405215243,4910018.447914561,5320312.816428143,4980377.155432843,5497719.700425702,5421657.366355709,5625712.308204313
4885,4887156.818130998,4958991.553049709,5398912.811516186,4864961.151986985,5461839.109339154,5237424.830932634,5592425.976811051
4886,4947203.716007298,4917934.811277548,5355410.625195052,4968559.773718475,5417464.099565665,5375074.6771752415,5501256.427929497
4887,4943741.317267684,4986404.900532799,5240040.043257412,5047304.219748431,5427471.161495276,5393147.925562834,5655800.68785511
4888,4919577.818989536,4906237.955277381,5142524.65451269,4992526.570542101,5337264.149317331,5277010.367424909,5546300.755053355
4889,4920881.488809567,4961551.680358603,5245240.302201193,4932469.861599822,5362955.270154939,5439291.414201183,5614090.246977141
4890,4987360.310970323,4940179.067524819,5300341.882336371,5033133.25712509,5465034.81571098,5383774.998391485,5492103.678816594
4891,4978524.723757617,4908561.888654555,5284782.4218143,4878721.927008405,5445698.366169121,5397307.8317183675,5440142.792713264
4892,4965624.72865025,4844743.12578305,5234708.2077736305,5032582.096504455,5400074.649343131,5315429.612005465,5472584.569083443
4893,4982822.341874526,4996817.706474639,5212109.129439616,4942429.595462618,5288069.219318186,5360086.071184663,5552159.032147563
4894,4899960.3427612195,4940222.34935682,5270716.358272155,4935452.715164694,5476658.800139917,5483314.186234543,5644413.747872426
4895,4833445.935104689,5029844.0575827975,5205185.889383826,4874989.147632357,5317144.215016585,5373515.555348529,5455842.013112467
4896,4922839.740749392,4919799.278922,5268134.304916323,4948517.46017135,5338883.793983689,5267029.334656041,5547224.609786085
4897,4956887.315683598,4933610.994353014,5192963.670263873,4930863.258111198,5377241.076669577,5382452.4043228235,5608966.443684769
4898,5001903.013340352,4980577.382564513,5331918.915901562,5052837.226963053,5446147.78461222,5409013.550709527,5562316.674494078
4899,4875738.669499719,4970370.122964353,5344483.527400408,5003665.205280234,5415107.152601863,5390264.534127252,5542064.184792019
4900,4922264.027922139,4893508.252000161,5339657.547393408,5026646.930448678,5415665.257685451,5452568.115033923,5553849.294291209
4901,4872073.456060842,4884572.114750445,5264399.065411853,4990056.426528948,5528644.295319181,5288591.407364495,5539827.806439379
4902,4988826.053006492,4972608.301151362,5247169.4880091725,5027275.615742764,5429946.606493394,5283260.469466386,5652239.438063601
4903,4823652.054862375,4872660.122888664,5251129.18350935,4913571.389040427,5461795.060167163,5411355.216610072,5440957.614535308
4904,4863528.670550974,4859222.464304495,5240631.672635201,5013456.894494821,5497120.191756843,5286081.1821861565,5599372.455787826
4905,4947662.485059757,4913690.6127057355,5259586.332483714,4944152.6803628085,5384699.299300669,5291063.96649917,5585353.968781199
4906,4910826.999822616,4928457.325534902,5203715.744874334,4975220.803108443,5526567.5362464,5354005.745923662,5616324.468613176
4907,4904425.27373441,4872223.698910798,5103467.079803963,4891550.793426781,5347173.65234028,5165299.141499669,5504310.550850268
4908,4861144.345999455,4840464.5363440635,5232507.39719183,4965382.743085149,5412877.092625793,5385457.672912169,5572045.066991614
4909,4830395.425797278,4955341.472754744,5300949.078813547,5006157.9092554385,5503310.887795701,5425261.440819304,5570621.6541506
4910,4936437.366452208,4957793.4623974385,5240589.759417525,4868315.249163965,5506689.744552414,5245620.000920026,5385480.130924847
4911,5030703.34214494,4825592.925747381,5247722.652953911,4979796.46893283,5363969.436817671,5355121.372905951,5436553.554784767
4912,4895992.652025486,4875530.030274437,5275581.037142799,5045054.624912033,5449773.358880886,5292351.710854875,5644012.377594161
4913,4923189.794233711,4840246.3178209085,5212377.370213382,4887312.953234863,5472416.143182771,5215778.661276446,5495965.390920232
4914,4909212.288110493,5044719.0799396485,5314914.655446537,4934519.875475519,5370404.356440999,5450053.569311468,5546539.467542082
4915,4896754.892084743,4968257.468969234,5206728.700290817,4934564.542648094,5374545.011799413,5393445.9423397,5596271.796832497
4916,4936338.978349373,4964100.582751007,5158286.131302975,4898740.635496325,5452930.980186535,5335803.707887403,5498174.198747716
4917,4938394.085048066,4932991.703613614,5368371.906486522,4975011.63026492,5402279.235423055,5266122.236525156,5589240.283749816
4918,4917482.91171634,4855384.706330777,5267925.571904945,4980443.63482382,5350829.829786763,5409249.017689212,5570745.205851068
4919,4889774.900319247,4951955.4229083685,5355627.496326861,4815061.912864216,5427158.850316079,5281333.871379156,5608021.155840427
4920,4913045.618709082,4948352.766780418,5286261.622781338,5000876.59121761,5383721.549885903,5343070.630737616,5550928.4948035795
4921,4981050.40226325,4852298.273225403,5279751.11564455,4977137.295561368,5469437.208624726,5252728.577534871,5605140.305341114
4922,4902314.943024396,4900059.395378698,5248092.465215916,4916038.659323145,5479073.932059145,5285236.054628158,5551194.504094241
4923,4954753.008477409,4986865.863276411,5336067.283762857,5000521.036099575,5456252.159675786,5349512.221382682,5449825.693559204
4924,4948728.421537834,4875992.221591096,5244096.19613318,4971301.748614363,5469313.172353353,5192010.917789852,5452271.942361566
4925,4859296.576178407,4936934.692146347,5283734.127353834,5066945.019869069,5464723.75839677,5339793.840445914,5655915.004324344
4926,4952765.333558025,4940097.857183208,5265105.161350385,4911321.7536841985,5394300.4911179915,5311841.610558068,5655432.811032236
4927,4872805.176293559,4826519.266655956,5280712.469451806,4936348.409207024,5375272.252218923,5275017.8958315365,5575047.332128684
4928,4895970.826488526,4852440.621117343,5289940.584429824,4905290.670083977,5385458.543938731,5310609.640752313,5387849.380883906
4929,4949459.878853314,4997615.931201615,5197969.58295735,4913326.675230165,5462865.280984992,5400180.338928367,5540959.369964992
4930,4914417.722801569,5031881.853874025,5247384.2344697155,5002707.389139029,5349634.605182185,5374593.363425009,5554505.965098341
4931,4929652.61598627,4984526.831520132,5302454.334591787,4975071.261510845,5402946.948555348,5338276.404983088,5505752.972436988
4932,4895828.793903237,4877793.575164963,5264722.749070544,5117538.272744026,5335874.353073281,5266617.458417876,5631581.992495724
4933,4922453.097569123,4999447.829346392,5325373.051188868,4962704.203108298,5501103.836401867,5413119.388660248,5665263.631489834
4934,4976348.528250104,4860053.2879622,5280571.349100526,4922581.3447150625,5498257.257485321,5373434.776091406,5602263.918697009
4935,4925075.720524137,4975917.139563248,5223998.060806856,4905598.081274552,5464247.716234447,5387644.529973727,5699034.576360512
4936,4936736.567549308,4924033.843370676,5326113.734415201,5079333.547742663,5591377.154537728,5296557.9756822195,5472689.165632352
4937,4952496.591165131,4987162.278132137,5261928.343575105,4935487.807977936,5479100.438237871,5395015.307278348,5640288.309181253
4938,4895390.428973065,4861706.075525179,5348891.834625376,4886991.6144086765,5464011.135649537,5337679.7315140255,5448157.231594222
4939,4973820.997138123,4886297.905042572,5245852.0835094955,4957964.263825107,5388551.630737495,5419983.059266438,5676605.052441486
4940,4809526.219188888,4905201.264798774,5237623.2938353,4929112.874836342,5428586.628453365,5317230.595079364,5523836.826791454
4941,4913238.1940030195,4959118.323929422,5309374.680652364,4899142.43640867,5401248.653847842,5326642.915966032,5608957.558982834
4942,4989824.900092671,4851808.374239605,5356897.217850895,4938226.724952579,5428063.112796379,5304056.074657988,5557669.082596838
4943,4844626.709068118,4954372.295449006,5393408.760789939,4869742.6811722675,5402189.898259232,5365821.0552749485,5521402.03185302
4944,4985167.9832317885,4859354.337525716,5305728.356658924,5002517.19403313,5512106.770003544,5414655.025858991,5580569.925594049
4945,4924984.846642804,4815944.883544901,5298840.566030745,5000499.5503635835,5404670.911414944,5321335.929193992,5561375.819501424
4946,4930748.815338112,4832068.047030426,5246667.511796749,4833432.676269774,5426506.332298485,5287483.384872507,5421031.056522516
4947,4934416.584087832,4938790.6083762515,5235277.989007408,4988184.106040732,5409272.523819026,5302063.327368314,5529451.300510816
4948,4984226.588125383,4861902.443743917,5109546.117225764,4950416.575304637,5488310.154938858,5321310.049988583,5493265.5319378255
4949,4850100.091795383,4932534.4965290865,5258035.119005404,4825220.31968346,5459126.4135012,5232928.093314478,5572288.39297498
4950,4870031.2369384,4929505.26802776,5204248.719008559,4832409.4058003975,5522209.507491504,5248597.126432713,5499436.663319992
4951,5008514.236611899,4948897.361193953,5196634.001822833,4942979.825247947,5473134.746927229,5261738.003884213,5488899.289285864
4952,4903964.18892759,5084654.628588568,5323185.476538467,4930163.473701309,5356646.560663969,5292545.533128726,5542039.883414732
4953,5030421.250146257,4926523.880605794,5261114.018820029,5011851.369225653,5419425.306682281,5261750.408960865,5515658.408679418
4954,4781117.997670173,4895583.046590412,5132103.651686099,4998080.377149052,5340261.809450757,5174163.527754275,5451975.610385755
4955,5033037.53924822,4957973.9151031235,5340899.144289963,4871980.835965315,5417994.955673516,5404356.483648541,5536381.461386762
4956,5015611.288635814,5004655.566361795,5418440.4308820935,4958225.664416952,5505228.023119088,5407527.681861708,5568321.075431464
4957,4992121.00055123,4941047.9331526905,5136329.252106802,5010047.734329271,5429550.80758309,5210001.384699969,5490034.993654142
4958,4917499.366401805,4922466.238636656,5300709.400901804,4870310.166772636,5277765.431917065,5294143.753558075,5491893.013938508
4959,4988179.015832399,4855849.674944133,5290908.134599978,4993828.404476169,5453649.969944923,5280913.5267407,5661054.4433784075
4960,4927221.04646742,4957526.130244423,5254512.267721605,4940458.551858797,5424310.3064334,5252734.820177311,5517827.5089374725
4961,4924757.893040688,4934453.246839341,5395350.040750357,4935046.631659849,5434801.795194823,5301147.662457483,5596578.916866089
4962,4975472.469016243,4941503.513036608,5192537.196861318,5026193.258605045,5340967.866582138,5191570.771959005,5449864.696251337
4963,4948609.908283067,4946867.6989275385,5325393.895222945,4987260.851676765,5437032.606201611,5216689.031998575,5667037.696713656
4964,4938484.7694418505,4936000.356764704,5175775.588841664,4933513.1160962945,5467808.195538754,5362425.395983097,5649807.013843192
4965,4887381.0817332035,4873385.829907721,5227968.303194213,4989266.092921606,5496588.125611751,5384137.916495752,5598496.2251729835
4966,4928405.631867813,5005982.942181675,5132618.981465025,4962328.467549441,5382532.7911888175,5227883.587082459,5557825.778709611
4967,4863671.910809377,4878904.86862568,5223048.505319294,4983796.67665997,5379229.7969206385,5330114.368066466,5435092.449255429
4968,4962955.065345286,4973201.650463115,5341574.15531163,4870725.156583258,5400010.794039087,5304491.079501884,5619500.606620943
4969,4836772.714452671,4975614.641516659,5190514.957981731,4909735.484231146,5354558.35922664,5415866.332334768,5612250.253409357
4970,4974968.328651582,4850660.551122759,5311068.543224127,4871906.533686966,5460509.18931487,5331336.370793924,5512511.749697763
4971,4898669.159773903,4860638.687074508,5285422.574313957,4937636.950586049,5529422.593350731,5223033.30260328,5479176.076965673
4972,4905643.854497061,4927770.813886058,5240618.161492847,4960949.285966645,5370841.927129903,5255928.735858611,5556905.066404966
4973,5014074.485103231,4903728.681316536,5191612.944486478,4886647.20072747,5427972.19816492,5347008.431654506,5585333.710950138
4974,4897624.395415425,4869475.806588065,5350624.913295861,4920188.566649617,5337908.309930047,5247704.250844552,5480123.2018659115
4975,4986610.475540647,4901294.02048972,5180937.807873791,4908676.020890491,5410097.26906148,5448509.718202282,5686690.847089182
4976,5029489.467739463,4802293.206399288,5230948.736858768,4959321.816161013,5458183.615936507,5356326.585986322,5498791.90336634
4977,4942124.269984436,4983334.636375191,5245530.3924609255,4937433.397421196,5481532.094181418,5453918.8214587085,5566923.523384463
4978,4866138.250324753,4964236.726562772,5396304.230410511,4978787.897011493,5392163.71112982,5229879.256092122,5513923.543141395
4979,4910337.396512748,4898197.747708181,5305411.236717042,5030024.100935698,5365613.749542169,5367254.689106207,5528734.577151254
4980,4950171.578403192,5059165.764040289,5204846.190009809,4978945.131803633,5426623.445590427,5322374.152000246,5576622.10775336
4981,4943686.2115975125,4864630.012499114,5282186.813480678,5001539.627985213,5375241.753633964,5284553.146545349,5469695.816866927
4982,5022060.683618221,4877101.661419992,5334938.134027177,4916756.727997485,5343320.780421759,5239366.777441882,5544570.545691664
4983,4936231.296513745,5004089.824775653,5280974.433062342,4882179.843939981,5538704.70826681,5366647.17677482,5590646.383061086
4984,4934299.363488613,4924976.7901884075,5244741.0103754755,5064029.390766526,5458139.886103009,5396168.42855075,5583527.76297372
4985,4975671.967989789,4973292.783827287,5209863.8202203335,4994240.256625256,5408048.4603029825,5347974.243891651,5498449.405139491
4986,4985513.271482047,4834330.714820281,5248765.629703759,4838959.869491245,5369673.119242741,5315150.307578793,5482601.1088893665
4987,4943170.560680171,4978789.4491493935,5346075.764920189,5021698.530015061,5406874.124303948,5460847.301105577,5420710.43825669
4988,4960580.280135481,4908151.03059558,5247492.6736016935,4792815.550336959,5457864.788183084,5296147.511849724,5499515.038925003
4989,5008841.960005018,4983119.317819551,5267416.558037,4904346.034572248,5421815.133842889,5365223.858586097,5555330.090014389
4990,4967930.522339657,4833694.146604029,5280935.883176404,4897587.9781710245,5446405.751165897,5321874.819446727,5420978.917396219
4991,4800634.121067872,4906548.237400858,5262353.482144844,4881106.409050703,5417592.627315131,5407531.69381235,5587766.430384552
4992,4875534.065297229,4884036.692365341,5194262.84072439,4973740.997428176,5453434.921244476,5317211.859564988,5502513.88146195
4993,4873839.603923043,4859460.068834009,5176102.0268281745,4922274.083939233,5449157.67721293,5194523.016397472,5582354.694974625
4994,4835978.090917476,4915819.886291091,5257058.472494014,4973023.384958644,5506832.830063564,5267116.690865203,5554127.809192225
4995,5000360.779740508,5030385.019532316,5159638.606513097,5024553.4026547,5465102.061621645,5354324.541250716,5524607.310130999
4996,4945055.7918366585,4803770.395497712,5221988.035954271,4986362.749469864,5399978.466028122,5327529.040776974,5433497.303860506
4997,4906746.814897722,4846112.593539493,5306165.498301684,4953007.123959371,5280924.774187441,5257809.580160827,5554590.641467209
4998,4827651.011968571,4916908.6915348135,5229847.9108692715,4780201.2180963,5405951.080183917,5445701.739966465,5531639.555096981
4999,4984199.287523661,4985466.7731192615,5183763.392187064,5030691.502129195,5495982.170725326,5486484.739503017,5608869.484831599
5000,4934933.694172582,4952092.146633096,5282119.340128096,4925049.978454217,5379762.056525577,5340591.823676695,5605524.725228927
