测试情景编号,问题二方案七年利润/元,问题三方案七年利润/元,配对利润差Q3-Q2/元,问题二方案滞销率,问题三方案滞销率
1,36622242.195191525,40801473.99583147,4179231.8006399423,0.2668628031294411,0.10376229651488532
2,35606368.38014761,40001966.028100654,4395597.647953041,0.28106986855309324,0.11617308227866456
3,36448304.23427818,40878672.284646355,4430368.050368175,0.27632374721309494,0.10296980139568938
4,36576974.960944355,40948986.103479855,4372011.1425355,0.2813033317742836,0.11298819401060971
5,36157609.566796005,40414107.94381409,4256498.377018087,0.26959785414881265,0.10306105849933263
6,35684173.32976816,39889120.962506026,4204947.6327378675,0.27085380370648293,0.10523419010792512
7,36114158.02440847,40385768.957437225,4271610.933028758,0.2717105003766627,0.10144409131383843
8,36117227.28253783,40377009.98982996,4259782.707292125,0.2742091367721419,0.10811773744365465
9,36098690.07171383,40263469.262791425,4164779.1910775974,0.2770131862119916,0.11367099371493207
10,36481087.04888602,40710663.45565356,4229576.40676754,0.27672753261365524,0.10783260827346171
11,36540456.18172426,40805322.704576835,4264866.522852577,0.27808744317422046,0.11451325867886827
12,36683286.471540265,41025037.329729974,4341750.8581897095,0.27282203265176874,0.1047604187595629
13,35996508.90824283,40488578.42552396,4492069.51728113,0.2806352537772931,0.1088453177373065
14,36854531.57785658,41207710.5379708,4353178.960114226,0.2694994143870657,0.09821683424785986
15,36055719.726791576,40310451.79687897,4254732.070087396,0.27373013598445983,0.1066152564937562
16,36559136.49053409,40928206.721655555,4369070.231121466,0.2658422046231283,0.09545194318426149
17,36100236.37496344,40390812.37525283,4290576.000289388,0.27706752933583895,0.11229160548732416
18,36708552.71212776,41094582.32133399,4386029.609206229,0.274044349978356,0.1067843803620383
19,36514817.5025268,40639985.233014084,4125167.730487287,0.2757399918724818,0.110219470135989
20,36091799.27524362,40478938.66718084,4387139.391937226,0.27326069252666446,0.10565115251304054
21,36773841.82742452,41038727.34129992,4264885.5138754025,0.2772690887034564,0.10978829613384511
22,36345770.9436412,40596237.67840333,4250466.734762132,0.2736549415288422,0.10764031370150767
23,36532654.32986671,40793242.976864204,4260588.6469974965,0.2732127617625533,0.10725392167053285
24,36357246.82230155,40464322.389208786,4107075.5669072345,0.27685835847966994,0.10952033298728263
25,36039206.9317463,40386469.39212929,4347262.460382991,0.27597517808100447,0.11306830840167292
26,36260949.997687526,40586620.56427932,4325670.566591792,0.26776730921870523,0.10475503149446222
27,36410888.838898346,40739115.6536368,4328226.814738452,0.277453131239403,0.11254375256066983
28,35917103.2390966,39972097.42410767,4054994.185011074,0.2623307787561624,0.0921725616510993
29,36539298.92583593,40873862.74377717,4334563.817941241,0.2720520493801612,0.10909595964270846
30,36504817.256865904,40849265.54148704,4344448.284621134,0.2769928614118854,0.1067388225296872
31,35930364.35207894,40314753.272359386,4384388.920280449,0.2850952442493852,0.11338518944068307
32,36573401.27111563,40846008.801177815,4272607.530062184,0.26960131395866616,0.09846758400075159
33,36792942.387436375,41117123.26739769,4324180.879961312,0.27451040919846137,0.10724045384692969
34,36698168.150861405,41032176.77327716,4334008.622415759,0.2725378466813555,0.10552574491638166
35,36246938.124985665,40583824.547834985,4336886.42284932,0.2800667860163217,0.11081344122956013
36,36527406.4743178,40866265.01630187,4338858.541984074,0.27303415743173387,0.10272507011190424
37,36683469.45469461,40998463.52450786,4314994.0698132515,0.27558392517988195,0.11023914806535277
38,36998317.18086737,41267462.0823565,4269144.901489131,0.27834939796120123,0.11501654633297094
39,36420830.790823184,40570521.57100183,4149690.7801786438,0.27124713283954655,0.10603781586852244
40,36455527.480758645,40664573.8468275,4209046.366068855,0.25854647582351914,0.09256146747051847
41,36403701.65028069,40808635.44856427,4404933.798283577,0.2816294492520305,0.11059818302986611
42,36166091.77294948,40384834.78040931,4218743.007459827,0.27508783466953635,0.10949654357714228
43,36138852.04900514,40425335.00184843,4286482.952843286,0.28483622227772076,0.11437864082421247
44,36130989.704377845,40350406.24316403,4219416.538786188,0.271946691005466,0.10263840460725353
45,36666526.72212129,40855051.75749581,4188525.035374522,0.27817237048725096,0.10605712166711449
46,36858984.95517932,41288351.88317159,4429366.927992269,0.2679593543190751,0.09976033821180817
47,36753996.67997283,41265677.1146475,4511680.434674673,0.2759656066876368,0.10543645267394389
48,36628221.08356036,40905327.87475586,4277106.791195497,0.2728585793079117,0.10694058998863257
49,36846890.32733238,41058581.253070995,4211690.925738618,0.28513432003077105,0.1169736685294646
50,36686168.55292807,41084586.99644648,4398418.443518415,0.2813308132887443,0.11343682732154185
51,36533456.26354532,40608288.38415805,4074832.120612733,0.26571805448449326,0.0991610525478526
52,36389595.77917579,40658434.49267261,4268838.713496819,0.283167378805468,0.11372148965631294
53,36423040.94789709,40742506.00049328,4319465.052596189,0.2844426817090175,0.11796819284741066
54,36708339.62545006,41134522.7258857,4426183.100435637,0.2754797737013812,0.11177300238901261
55,36326462.70489673,40595074.01789373,4268611.312996998,0.2746667329883851,0.10889529705151418
56,36252072.88212515,40627969.49454485,4375896.612419702,0.2839198178038668,0.1159410241221467
57,36237318.86653016,40627608.29148985,4390289.424959689,0.2763159607563476,0.10235638071956557
58,36610604.20830788,40964543.021336064,4353938.813028187,0.2760727514278268,0.10657545169995564
59,36233206.44645177,40650098.62849569,4416892.182043925,0.27944179223357074,0.10895784938958465
60,37151067.32269626,41516672.94571438,4365605.623018116,0.27420876736915933,0.10381939483385749
61,36111796.7548783,40546087.302863106,4434290.547984809,0.2793082794437682,0.11022490191780991
62,36943829.184933215,41323590.26601643,4379761.081083216,0.27580414525046243,0.10718703166744296
63,36132817.381160505,40182887.34176617,4050069.960605666,0.2731507179427214,0.1086806620939291
64,36301454.69193011,40615606.54555487,4314151.853624761,0.2728036434393187,0.10938385016886869
65,36822413.97981837,41226623.086825356,4404209.107006989,0.2781827647497208,0.11597496471895076
66,36220472.55317852,40534157.36965156,4313684.816473044,0.274809968305852,0.10412828194956787
67,36646781.47860139,41081481.733393274,4434700.254791886,0.28029698756471244,0.1110719421142429
68,37082887.62779088,41370627.517993525,4287739.8902026415,0.2768510148995858,0.10857739914107556
69,36319857.55056483,40631301.760763526,4311444.210198693,0.27242431730066785,0.10674746934694171
70,36122096.71927586,40365139.52585659,4243042.80658073,0.28385600643951836,0.12140641480535437
71,36312125.75354511,40475398.461875476,4163272.708330363,0.2697571943863257,0.10248346877891566
72,36445418.995611034,40708687.226116054,4263268.230505019,0.2680495433104601,0.09874585388195986
73,36595891.9172356,41055824.919899546,4459933.002663948,0.28218233959752675,0.10842165139431346
74,36494606.57530987,40901471.25062491,4406864.675315037,0.28292580064204703,0.11751097166207937
75,36421405.20146332,40773312.111662254,4351906.910198934,0.28190106126897546,0.11472525444708176
76,36305308.60291212,40500047.31644645,4194738.713534333,0.2711491883504158,0.10739861043004391
77,36898131.61313523,41075908.14991865,4177776.5367834195,0.2672836824704933,0.10013235022909756
78,36325083.353441656,40848034.68758574,4522951.334144086,0.2804059205572285,0.10692830425927516
79,36754029.04717792,41103572.080601946,4349543.033424027,0.2737225246079762,0.10335116104622417
80,36957983.455446996,41269995.35063879,4312011.895191796,0.2714935001771379,0.103061582811918
81,36379846.362701274,40613332.66894967,4233486.306248397,0.2768499499493957,0.11082844093266754
82,36287573.162919395,40497790.85849461,4210217.695575215,0.26826135597200174,0.10267148883391676
83,36543202.486285634,41008588.7743591,4465386.288073465,0.27583756633312995,0.10423325970342909
84,36553402.87447563,40877234.7629333,4323831.888457671,0.2880557524266376,0.12176299871996767
85,36377147.16030276,40698794.2777975,4321647.11749474,0.2722190767237712,0.107473079232226
86,36168179.352031894,40611441.638596684,4443262.28656479,0.28562319051713037,0.11660841169099055
87,36524650.20982599,40721856.652893685,4197206.443067692,0.28198667132980726,0.12126664879751864
88,36366320.91658123,40691327.58784743,4325006.671266198,0.2700996499617102,0.10220480882448188
89,36657550.270567015,40780313.61821575,4122763.3476487324,0.27506762785255046,0.11073776139708373
90,36070548.662320435,40432824.842730135,4362276.1804097,0.27639777232455376,0.10495671118525353
91,36310391.00786378,40481641.555479884,4171250.547616102,0.2790349547162159,0.11708197697399597
92,36859488.061112724,41468077.77148325,4608589.710370526,0.2890335162235711,0.11881108245842356
93,36535851.47256769,40764991.34541367,4229139.872845978,0.27435552599467045,0.10620976055176941
94,35971704.66959913,40209880.67767077,4238176.008071639,0.2717656476529562,0.10208415266382183
95,37133352.77249579,41417045.75043309,4283692.977937296,0.27125683571537523,0.10668190280827751
96,36376519.08910433,40548805.20434067,4172286.1152363345,0.2619481567438356,0.09213523073223462
97,36057982.58241841,40431617.55400885,4373634.971590437,0.2707119708934119,0.09864125538279658
98,36452814.8404899,40799413.96202116,4346599.121531256,0.2802061941552452,0.11327665275656022
99,36620716.26862975,40869329.10464304,4248612.836013287,0.2691512954210488,0.10369586552918428
100,36475577.03426345,40715670.22355759,4240093.1892941445,0.2762538708627498,0.11131378844388255
101,36890166.69098,41152526.23062754,4262359.5396475345,0.2790782502950081,0.10968663968264451
102,37046465.60635431,41236385.81004665,4189920.2036923394,0.28229743156679127,0.12167471924797543
103,36709469.28424235,41097916.51945245,4388447.235210106,0.27416939055776857,0.10495787814654248
104,36323557.66566474,40464343.62578962,4140785.96012488,0.26910289357943773,0.10332368712937966
105,36656920.69043412,41018949.135232285,4362028.444798164,0.27376168674289375,0.10338934762040689
106,36106330.67537387,40274822.77869099,4168492.103317119,0.2682493176888857,0.10303131305124914
107,35999801.28861695,40442523.96392845,4442722.675311506,0.27322600485019294,0.10408287696753622
108,36713760.492438406,41023663.34041226,4309902.847973853,0.2698848663425805,0.10262031002962033
109,36212971.37245536,40537816.293805376,4324844.921350017,0.27303561545030014,0.10202252319908409
110,36022528.825676106,40286755.3580475,4264226.532371394,0.26434781095647447,0.09549891423888995
111,36091922.13452435,40460407.48528953,4368485.350765176,0.28241333553206127,0.11794597498201481
112,36517694.86182959,40854529.26636525,4336834.404535666,0.2757727097561854,0.106537581008209
113,36165276.28697379,40645473.03792088,4480196.750947088,0.27454173684514693,0.1039510066072602
114,36379581.45265095,40608608.50077297,4229027.048122019,0.2804133825663206,0.11252292713331895
115,35868275.69563438,39959290.59762007,4091014.90198569,0.261730383080944,0.0957464728903573
116,36390495.64267892,40494045.353006,4103549.7103270814,0.2678552712338428,0.10013027082866069
117,36121715.60718332,40500868.81271926,4379153.205535941,0.2693915275996783,0.09836334138070899
118,36017603.64623889,40339569.20981714,4321965.563578248,0.2761454318359237,0.10609889172732363
119,37027772.92042824,41398864.46427539,4371091.543847151,0.2722456994472946,0.1011858885207973
120,36253938.60725231,40777422.136939086,4523483.529686779,0.28106302235128877,0.11011050149810321
121,36326346.76297355,40637070.5476603,4310723.784686752,0.27583929820265296,0.10606538014661122
122,36045743.797285005,40424524.2917917,4378780.494506694,0.28986982683469636,0.11917195057174465
123,35976461.67070087,40212180.42664389,4235718.755943023,0.27833103751287963,0.10609667442331802
124,36571512.24151146,40868703.46166258,4297191.220151126,0.28278249828520374,0.11907451288742024
125,36922622.506628394,41214984.684911,4292362.178282604,0.27601290244813215,0.10711240161865998
126,36106063.19628103,40296851.06753552,4190787.871254489,0.27178359491593,0.10316797614176741
127,36706972.7462737,41035318.05288131,4328345.3066076115,0.2780379137915956,0.11129481059069714
128,35973118.290923774,40094046.28234593,4120927.991422154,0.2784404139682516,0.110031084940593
129,36628771.27703407,40756328.629041314,4127557.3520072475,0.2600125591129598,0.088206346665363
130,36348869.92374877,40718833.146701016,4369963.222952247,0.26596329276608915,0.09658433476879907
131,36175118.57758326,40384631.437870935,4209512.860287674,0.28041868588391483,0.11718760265622079
132,36051974.818814896,40304698.78252975,4252723.963714853,0.27192871120248113,0.09769143453141614
133,36756725.44931073,41152527.158650376,4395801.7093396485,0.26469702968302994,0.09946137269097739
134,36370838.85209537,40671856.554262236,4301017.702166863,0.2764070029978436,0.10683195572932924
135,36310941.88900989,40749943.22167273,4439001.332662836,0.2737410580397762,0.10902274886483672
136,36450762.02779157,40761080.354593284,4310318.326801717,0.2864953118692754,0.1214042206260636
137,36486611.770199835,41038526.26196792,4551914.4917680845,0.28022335126641507,0.10752957936812145
138,36120406.11689178,40470663.00121757,4350256.884325787,0.28129851585366816,0.1138199958248571
139,36811076.92530834,41322670.93614045,4511594.010832109,0.2738872864347135,0.10311005931923649
140,36517044.68989874,40757992.06861848,4240947.37871974,0.2821468112314794,0.1172332272309513
141,36147153.46786956,40524849.145257704,4377695.6773881465,0.2764869016241877,0.10980060774085143
142,36316339.02357609,40473855.60350681,4157516.5799307227,0.2710115976808094,0.09939544435414273
143,36263931.6344858,40495271.63858734,4231340.004101537,0.2834552322227192,0.11549347328821599
144,36461408.10704142,40659676.83082488,4198268.723783463,0.2736768006498366,0.1078451673765499
145,36471511.80258166,40613369.10365489,4141857.301073231,0.27000047991587334,0.10509663382424533
146,36456283.338860676,40781657.46358476,4325374.124724083,0.26794333061645237,0.0983122532909997
147,36484441.41717264,40721386.06747362,4236944.65030098,0.27960921977174175,0.11112138956500203
148,36787566.095784575,41178509.753995895,4390943.658211321,0.2810158298630486,0.11036413235943687
149,36197462.30328139,40412939.80648153,4215477.503200144,0.27309597627239357,0.10765535581581306
150,36966044.30591917,41279694.43845163,4313650.1325324625,0.28126821999123225,0.11559335586659439
151,36118155.05063897,40438361.007351086,4320205.956712112,0.2742050947516917,0.11076227659807465
152,36503292.66990975,40721530.6153434,4218237.945433646,0.2742046673957352,0.11225741124734806
153,36097745.226615496,40224012.61152378,4126267.3849082813,0.28976222987403477,0.12494750906514271
154,35803381.38390051,40077563.8287256,4274182.4448250905,0.2785329246495601,0.1150884320098603
155,36376473.8502948,40459314.2712305,4082840.420935698,0.2691278849029413,0.10138909995157908
156,36139117.165324055,40724147.49369064,4585030.328366585,0.2823932389888443,0.10961511391710871
157,36393899.84459811,40676775.23298666,4282875.388388552,0.2703212156331587,0.09990686475151306
158,36270491.5508824,40630238.21609389,4359746.665211491,0.27043025129130427,0.10673308172005427
159,36530827.0813027,40755682.62279466,4224855.5414919555,0.2704605233026812,0.10294870513486068
160,36183283.19891013,40580369.719395146,4397086.520485014,0.2738405547236377,0.10422611731036306
161,36235125.56907744,40431501.70555689,4196376.136479452,0.2690337856841906,0.09924727125149661
162,36709856.86519692,41137129.86684971,4427273.001652792,0.2777056635707533,0.1076520874037957
163,36594448.424234055,40976444.03762593,4381995.613391876,0.27819692315628763,0.1088119241143262
164,36734162.13297111,41141250.210424185,4407088.077453077,0.26934635474821944,0.09939604600165505
165,35992909.48031798,40305319.45996071,4312409.9796427265,0.2677864886558295,0.09657803168637989
166,35893131.4919165,40233505.52925545,4340374.03733895,0.2702510781863869,0.10134369806170457
167,35731843.21701243,39984046.207159206,4252202.9901467785,0.2726306850054313,0.10283327534826268
168,36091839.62583171,40511267.88931706,4419428.26348535,0.2814020421769752,0.11519291087109648
169,36542210.81212154,40849869.33051963,4307658.518398091,0.26957905062421295,0.09988805612745837
170,36608384.079194985,40961122.805788636,4352738.726593651,0.2730675053457771,0.10479236659601075
171,36567710.98378883,41011111.740090825,4443400.756301992,0.28310332190519905,0.11290398225421765
172,36227425.89585069,40438272.80914804,4210846.913297355,0.2798018799810604,0.11241170406087286
173,36146720.73023091,40228167.1517794,4081446.4215484858,0.27747104924670396,0.11510419629979204
174,36465382.3527527,40793950.548368886,4328568.195616186,0.27222754937626037,0.10560368964092888
175,36332393.22644984,40482488.53167222,4150095.305222377,0.2758906079714454,0.11477548320840375
176,36529047.78030421,40779793.99219592,4250746.211891711,0.27452567250402093,0.10811739996414393
177,36461434.25558064,40794096.93046825,4332662.674887605,0.2734717703693976,0.10924836700555225
178,36699050.29872329,41107934.34919434,4408884.0504710525,0.2676630269401989,0.09930853333608296
179,36391242.42985223,40584781.28233874,4193538.852486506,0.26926589201008694,0.10331336099701562
180,36052173.66416955,40365803.792008005,4313630.127838455,0.27099700216320427,0.10080650022234132
181,36411197.23849572,40715615.63538419,4304418.396888465,0.2817535328706492,0.11275454920232905
182,36423640.637395725,40534928.07793258,4111287.4405368567,0.2742591902215883,0.10658141036388999
183,36141097.56348427,40356829.799792714,4215732.236308448,0.2680724328970589,0.1028435384246989
184,36176233.85563005,40242109.6652104,4065875.809580356,0.26769970554640143,0.09912068160910176
185,36459438.32043443,40668843.21924963,4209404.8988152,0.2754073609484094,0.1094151400431435
186,36531892.39173495,40811380.3249681,4279487.933233149,0.2634296504000843,0.08920740895567388
187,35914212.70644832,40107436.553535126,4193223.8470868096,0.2734449762587961,0.10339179550406395
188,36296674.81389935,40622783.7722737,4326108.958374344,0.27853006319111095,0.10818485388472747
189,36422444.03599133,40678967.30237783,4256523.266386494,0.2773533114547292,0.11223904467645593
190,35969981.913384065,40309542.04649943,4339560.133115366,0.2794903866481814,0.10525606673575777
191,36306447.78955422,40635061.75089811,4328613.9613438845,0.275749355636895,0.10470195047223825
192,36249386.41103314,40675564.168262616,4426177.757229477,0.2816661261349909,0.11213169561503855
193,36493682.6473083,40857440.22259648,4363757.575288184,0.2792244927370795,0.11135915574394578
194,36203576.55498576,40430105.17431253,4226528.61932677,0.28629234079541793,0.12207287341244748
195,36519153.65906042,40923300.55677358,4404146.897713162,0.27899979752970117,0.1121319589183337
196,36909762.12168329,41266948.881278485,4357186.759595193,0.27487151580649666,0.10769592019649804
197,35815691.441743985,39944770.52016434,4129079.078420356,0.2656831762349069,0.09964540940985706
198,36148799.230135284,40422853.97025629,4274054.740121007,0.27767534049799514,0.11053097823257023
199,36329362.09051522,40551907.30275815,4222545.212242931,0.2791346781855132,0.1167881096889532
200,36393603.93886264,41012336.61399708,4618732.675134443,0.27587387951509534,0.1007887980093987
201,35884497.92605082,39828374.96548912,3943877.0394383,0.27639517891550536,0.11765260633672363
202,36628733.61651016,41034465.073639296,4405731.457129136,0.27715699034430347,0.11059093664557226
203,36688926.95558079,40924366.388209775,4235439.432628982,0.27601422301953876,0.10961234429740467
204,36458028.15304734,40694253.074939184,4236224.921891846,0.2777950283914154,0.11041800950617471
205,36814587.7929534,41066245.99890667,4251658.20595327,0.2740240235541302,0.10469897346254996
206,36474006.67660431,40966935.84965252,4492929.173048213,0.2731275888568596,0.10241296809733144
207,36768592.598211974,41277116.2879858,4508523.689773828,0.2756304104729274,0.10536093334127007
208,36770647.30792195,41211312.319889516,4440665.011967562,0.2948928585823166,0.12838210970408512
209,36170914.325292304,40236999.79879256,4066085.473500259,0.2734912697491685,0.10592789467252282
210,36523220.40094431,40806225.42435365,4283005.023409344,0.26718644809467557,0.09645426727342256
211,36165767.09605401,40491416.516791135,4325649.420737125,0.2652276464817896,0.09667283887723374
212,36301803.619374454,40762782.8684285,4460979.2490540445,0.27876485576663795,0.1054349204604773
213,35737733.4597759,39893524.04952876,4155790.5897528604,0.2671371522772584,0.1027637681349697
214,36253997.02558111,40671306.917059466,4417309.89147836,0.27549602108521826,0.10544312241395185
215,35852487.506383166,40157646.00068913,4305158.494305961,0.2754550619811117,0.10731696301315506
216,36504541.99990413,40903297.54585737,4398755.5459532365,0.2795229607983716,0.10729530942583114
217,36333040.80737731,40663858.45388403,4330817.646506719,0.2729743124060725,0.09872109574027252
218,36838618.301509544,41227127.94508273,4388509.643573187,0.28275900812495613,0.11524890863289322
219,36652615.84688554,41052732.59456727,4400116.7476817295,0.2807407822384755,0.1088666901881943
220,37338391.22709898,41950595.848010875,4612204.620911896,0.27869049930350726,0.10680361305501487
221,36446888.01266393,40701986.75620982,4255098.74354589,0.2698067382376879,0.10134601511331605
222,36642101.50658954,40910031.67341973,4267930.1668301895,0.26888988574691775,0.10360249145991196
223,36038514.72323257,40502518.44623279,4464003.723000221,0.28698477962225544,0.11808048359582
224,36714214.83948189,41031274.39051313,4317059.551031239,0.2806894272254215,0.11619991241435655
225,36054289.5076909,40295956.030909814,4241666.523218915,0.2687414036511723,0.10148528553415226
226,35994913.70236938,40373179.01117538,4378265.308806002,0.27963493776960774,0.11640275059857597
227,36476192.72971167,40506211.80336289,4030019.0736512244,0.25766091660206736,0.09204228024291446
228,36267679.60068506,40711558.12394975,4443878.523264691,0.280138865437771,0.1119281363753137
229,36783773.22918384,41249180.636680186,4465407.407496348,0.2852643865774499,0.11522049445708246
230,36004371.159040384,40255196.99700263,4250825.837962247,0.278048109739448,0.10697904430735909
231,36001642.916620135,40198285.60814598,4196642.691525847,0.26946027309732273,0.09680435054769967
232,36535321.47380273,41043989.04060729,4508667.566804558,0.2822661228180667,0.11004340436499033
233,36635735.58141552,40976356.64542645,4340621.064010933,0.27362845961607646,0.10809062026948581
234,36313694.515920155,40624484.325225614,4310789.809305459,0.2770521469136848,0.10880203325412378
235,35980667.70339669,40219399.04571648,4238731.342319787,0.2741934036944671,0.11062127035802921
236,36195243.22884807,40581057.574295275,4385814.345447205,0.27278029137246673,0.10282061575749013
237,36445208.718008734,40819790.986492395,4374582.268483661,0.27281404357666256,0.1013389059039439
238,36049293.51732652,40276963.46011078,4227669.942784265,0.26285119429851417,0.10242403595966079
239,36276526.87814924,40504695.170768894,4228168.292619653,0.2777078472032895,0.11034948907391028
240,36395539.1131006,40750496.0398436,4354956.926742993,0.283040372540015,0.11586276434652748
241,36334951.25468796,40692211.19428237,4357259.93959441,0.2755974738268745,0.11043426044867657
242,36412942.0389667,40617783.17466971,4204841.135703012,0.2695591525513935,0.10751613580023818
243,36105440.06290465,40424225.00766647,4318784.94476182,0.28005301831669294,0.11091198207288808
244,36629867.89225905,40882156.693272874,4252288.801013827,0.26929073233490514,0.1071492105206399
245,36605273.9311612,40870228.400256865,4264954.469095662,0.27895888965085186,0.11037122662659826
246,36541916.449218035,40868894.634938985,4326978.18572095,0.27547953625701466,0.1130131150965224
247,36828603.69393572,41131876.11271684,4303272.418781117,0.2770625157263734,0.11101602300072325
248,36232172.28737631,40501409.02616933,4269236.738793023,0.2776861868357507,0.11002194828825863
249,36907146.22626345,41252286.99013314,4345140.763869688,0.2649843547111198,0.09842298683321736
250,35984500.397167385,40247890.608513385,4263390.211346,0.27238310123062326,0.10295330142962035
251,36906281.76244322,41223488.46607749,4317206.70363427,0.27239445823451625,0.10454093872201242
252,36624805.78488006,40799372.306095704,4174566.5212156475,0.26769946091788605,0.10054888670367688
253,35983969.09472043,40252966.359341785,4268997.264621355,0.2698621457655378,0.10389634132538549
254,35701978.92000552,40191058.17221667,4489079.252211146,0.27183572933227174,0.09807628412002957
255,36815049.03170748,41114178.52285538,4299129.491147898,0.27437674824296204,0.10479357628681417
256,36421229.126689464,40741037.82822521,4319808.701535746,0.2711725511559391,0.10733478824004473
257,36451153.453993276,40500890.97044948,4049737.5164562017,0.2695381054910734,0.10281421844509592
258,36252151.28945439,40346527.19602161,4094375.906567216,0.2722601136207272,0.10236833599984235
259,36306019.0356874,40627921.17308319,4321902.137395792,0.26981380059044807,0.10298039101372623
260,36317920.147654794,40705156.29094978,4387236.143294983,0.27659082669416307,0.10771571933341435
261,36020700.719638236,40446770.03290345,4426069.313265212,0.2739246241175425,0.10357329302963246
262,36207319.8161474,40441461.12274568,4234141.306598276,0.27540745391839627,0.11072159892900216
263,36358275.61500606,40576516.14370782,4218240.52870176,0.2730298675986965,0.11227939244156093
264,36001227.86687909,40199706.12399563,4198478.257116541,0.2823716748801747,0.11379562102453174
265,35800110.29751892,40004802.321595244,4204692.024076328,0.26671252125943157,0.09758752352545352
266,36381851.16832474,40537873.38415317,4156022.2158284336,0.27618065440003003,0.10950585333924283
267,36013678.59311153,40382895.125973076,4369216.532861546,0.26501408304437357,0.09932119254607467
268,36698600.14284718,40918266.11941892,4219665.976571739,0.2643514712969297,0.0993700639589192
269,36910560.92199161,41309239.87894118,4398678.956949569,0.2762509122071026,0.1052119212576264
270,36231480.86062663,40694964.20644926,4463483.345822632,0.27768928187603503,0.10527808302353932
271,36561227.43730995,40995509.173864655,4434281.736554705,0.273703407831232,0.10818395655394669
272,35838763.72900943,40099506.68271443,4260742.953705005,0.2685531445007041,0.09696935446812056
273,36397788.22897014,40928034.98115394,4530246.752183802,0.27973692617920753,0.10946173705973454
274,36734605.338665,41260915.78719279,4526310.448527791,0.2788060462349798,0.10093610029063432
275,35898184.26086508,40018833.26945266,4120649.008587584,0.2696571666477539,0.10589598872281625
276,36452184.90706274,40755433.59461564,4303248.687552899,0.27595376673925515,0.11002612282863065
277,36482297.32611415,40900904.36223522,4418607.03612107,0.267450463277281,0.09891137378622396
278,36133985.2803356,40485421.10861541,4351435.828279816,0.2839492078947661,0.11472720998222677
279,36468175.62298329,40699233.34678894,4231057.723805651,0.26779684722366554,0.1029352389424458
280,37119503.95423428,41466221.045256965,4346717.091022685,0.2742702680376305,0.11016725420623733
281,36053338.1417292,40341614.05736495,4288275.91563575,0.27637695167978743,0.10738578800116333
282,36275881.48258752,40504945.79406309,4229064.311475575,0.27600597894584944,0.11111372717674264
283,36677411.11847795,40991105.82849411,4313694.710016161,0.28548897372127524,0.11917497524365003
284,36211583.77407878,40293131.880530894,4081548.106452115,0.2644821868613505,0.09721413477406385
285,35585045.60427422,39802710.85412621,4217665.249851987,0.2784756364362212,0.1096264873882907
286,36339603.856175266,40582931.52912632,4243327.67295105,0.26656314693679656,0.09887697505360976
287,35910605.94389503,40271501.12526697,4360895.181371942,0.27249567986485884,0.10520720500827094
288,36109993.804599926,40407937.65624553,4297943.851645604,0.27445058493831065,0.10442726666416254
289,36476564.90246415,40590611.70022721,4114046.797763057,0.2724416323263372,0.10902831183108003
290,36449438.69186604,40841136.999723524,4391698.307857484,0.2743292201175015,0.10365906307756637
291,36036380.0862861,40588074.98352156,4551694.897235461,0.2870071455718789,0.11302476049233132
292,36453698.36412654,40912717.065426484,4459018.701299943,0.28032325055735624,0.11306975762561948
293,36638253.49483492,41006196.63401129,4367943.139176369,0.27643006717270335,0.10839769088375541
294,36349524.56130176,40658841.20217128,4309316.640869521,0.2675027027046684,0.09851240695716038
295,36116643.97495134,40460775.218763165,4344131.243811823,0.28041537055608645,0.11211434203664704
296,36721721.203390196,41200116.325978145,4478395.122587949,0.2745115149834749,0.10579790610586254
297,36811112.57738865,41195684.785166405,4384572.2077777535,0.2716219262053651,0.10661692135674986
298,36853831.32475033,41143875.32313948,4290043.998389155,0.271085079873637,0.10424957171565817
299,36605247.347385906,41042039.46364986,4436792.116263956,0.2757800902500387,0.1120700988440575
300,36366782.72923088,40839106.43214537,4472323.702914491,0.27741065222649114,0.10854593112323845
301,36552970.958151996,40893672.698924065,4340701.7407720685,0.2729327757708079,0.10509154352163874
302,35800415.356612235,39962576.960308775,4162161.60369654,0.27532536577050515,0.10368371830781124
303,36332353.96684183,40593262.597130485,4260908.630288653,0.28324073153411095,0.11828728433191958
304,36742730.19778056,40931170.97093541,4188440.773154855,0.26636971628082223,0.09630265068288907
305,36130785.150767766,40228963.25179005,4098178.1010222808,0.25995190306910554,0.09930781398193837
306,36273314.67214245,40495774.338824466,4222459.666682012,0.26463126461477393,0.09678881397372387
307,36241959.20638462,40559116.087510936,4317156.881126314,0.2711401360665597,0.10476846770248939
308,36373883.2686918,40699854.92327333,4325971.654581532,0.273419097606696,0.10450921897097953
309,35848295.521005526,40177338.64493318,4329043.123927653,0.2753146425945578,0.10330766226850481
310,36382502.939102,40627727.40392131,4245224.464819312,0.27067927873896264,0.10943724706154735
311,36196532.40711034,40269264.08878838,4072731.681678042,0.26450778765659216,0.09752076025873396
312,35689614.47784296,39811748.17572424,4122133.6978812814,0.26392976002841145,0.09573100175516133
313,36785028.119258694,41109445.6830164,4324417.563757703,0.2747816614579793,0.11275795400241947
314,36816464.64811918,41117908.37337579,4301443.725256607,0.27007877159030685,0.09919249354140106
315,36046497.064879365,40297413.89676456,4250916.831885196,0.26357496830926885,0.09756082842345995
316,36940174.23635187,41298972.93510811,4358798.69875624,0.27179478492611325,0.10365086288882407
317,35599330.562626764,39946039.28716569,4346708.724538922,0.27370111387243246,0.10089498111909247
318,36008082.78962351,40362908.636523426,4354825.846899919,0.2722188095439591,0.10281611165947976
319,36666547.856213376,41061787.16119472,4395239.304981343,0.26894466237943243,0.0984409458560004
320,36079452.591912955,40388255.629920095,4308803.03800714,0.27215585863019504,0.10391799039918587
321,36415292.31108443,40682051.96910755,4266759.658023126,0.27749366389602104,0.10845515456054858
322,36371126.24652232,40649043.58273628,4277917.336213961,0.2742425039255641,0.10650756818653548
323,36355016.13688132,40649798.30567478,4294782.168793455,0.2731208859425354,0.10276290948073663
324,36024544.191858396,40373801.34822684,4349257.156368442,0.2843018436183275,0.11944962743013987
325,36209069.34475317,40523452.63739634,4314383.2926431745,0.27539727724296903,0.11198895312494014
326,35848892.69917932,39948510.10576369,4099617.406584367,0.2754108906740476,0.10930126674046223
327,36178004.30935627,40497110.560504824,4319106.251148552,0.2822486790581984,0.11816495365874366
328,36568879.532021716,40754879.962385386,4186000.43036367,0.2713160209329716,0.1022753688367114
329,36390881.268950835,40821019.54029668,4430138.271345846,0.2782683019347211,0.11115872415380575
330,36949769.58022255,41350603.87992205,4400834.2996995,0.2758400256567096,0.10487435346891415
331,36322462.89176976,40537607.84545891,4215144.9536891505,0.27779421151981293,0.11613219277772915
332,36406979.13602121,40875256.61807652,4468277.482055306,0.27910343641662727,0.10683605503146493
333,36335623.005370915,40456116.234380186,4120493.2290092707,0.27220508525522163,0.10942235521253835
334,36611542.59828451,40844701.70102608,4233159.102741569,0.2757301727947116,0.10969025643917737
335,36653274.30189796,41069055.80407062,4415781.502172664,0.275939376358967,0.10503482736413429
336,36724630.83959656,40973447.01491858,4248816.175322019,0.27915161248384895,0.11373718379050388
337,36410226.70453107,40868118.81281479,4457892.108283713,0.28702342154998517,0.11923767217459624
338,35545288.01793571,39670742.14546036,4125454.1275246516,0.2630007652640541,0.09231643734828363
339,35924644.40576181,40022233.32151296,4097588.9157511517,0.2686860839710076,0.10005174331758253
340,36259255.30304824,40571724.829908535,4312469.526860297,0.2816722445444247,0.11307292104970938
341,35986320.817532666,40173163.949295804,4186843.131763138,0.2748666416786502,0.10951756591123363
342,36342274.696609214,40571355.07985257,4229080.38324336,0.277560481989862,0.10616317009753236
343,35995985.7599984,40399714.67779306,4403728.91779466,0.2769345005963444,0.10635404710899451
344,36306486.849303275,40487097.0864646,4180610.2371613234,0.26807280900461755,0.09991178849439451
345,36177461.56021847,40620733.30717917,4443271.7469607,0.27455452262126234,0.10269837791728378
346,36617482.360440336,41095533.94313802,4478051.582697682,0.2735704813933332,0.10191367540322574
347,36514524.26394947,40935899.78958451,4421375.525635041,0.28089234496494103,0.10859210549360743
348,36105201.212662734,40493715.02295028,4388513.810287543,0.2796512104483488,0.11218960074162657
349,36626913.68156785,40971910.58278421,4344996.901216365,0.27519734055785666,0.10582406173276956
350,36620364.89187254,40933367.49581663,4313002.603944093,0.2766210088787511,0.11202299924353715
351,35910346.8673241,40413373.41736582,4503026.55004172,0.2858161578730443,0.11521420177668931
352,36273283.68158294,40647894.032998785,4374610.351415843,0.2724439386382625,0.10307406972276943
353,36236922.50148929,40658865.227370456,4421942.725881167,0.28146434204832405,0.11393522132068493
354,36662021.648620576,41134887.94704031,4472866.298419736,0.2850074432324308,0.11517721149039585
355,36337532.73912973,40550337.57737918,4212804.838249452,0.27702855293930173,0.11009427198022018
356,36233329.99921027,40624986.203488514,4391656.204278246,0.2816139525387912,0.11077908432114086
357,36507815.77530116,40700818.12440757,4193002.3491064087,0.25927439867676055,0.09454076655452891
358,36158599.277151644,40543019.1494292,4384419.872277558,0.2749100994106759,0.10779616623671037
359,36267023.36744899,40583067.63854662,4316044.27109763,0.2768381375957327,0.1093652750962368
360,36585974.554045655,41011237.817840196,4425263.263794541,0.2825244712525977,0.11642734562606245
361,36399329.92922048,40789948.82946099,4390618.900240511,0.28642548215859154,0.11799633686587174
362,36249539.78716067,40335752.549259916,4086212.7620992437,0.2749623339402819,0.10785242464419315
363,36773409.79798976,41054538.48924422,4281128.691254459,0.282739279500326,0.1168365742402608
364,36006006.10635152,40346647.914151244,4340641.807799727,0.27603870643705664,0.10427779956005784
365,36375388.6015286,40809073.80370482,4433685.202176221,0.27202241352529893,0.09960987704093094
366,36349850.91237909,40571945.89100818,4222094.97862909,0.2733464596217554,0.10758119537488468
367,36521704.30666938,40703187.02999768,4181482.7233283,0.27423999274947847,0.10739214793164963
368,36485937.2128177,40813841.15549443,4327903.94267673,0.27838238563924084,0.1114032471151969
369,36954488.6383681,41337359.19688952,4382870.55852142,0.2634955986715409,0.09243846783260078
370,36384172.8445518,40637683.51838483,4253510.6738330275,0.2622734352614672,0.09543287393009371
371,36510720.367459595,40807678.248573974,4296957.881114379,0.2723837459659874,0.1035391311872562
372,36245093.93219942,40633833.24279165,4388739.310592234,0.26793828174843803,0.09904758866438396
373,36108012.980938286,40411883.6348063,4303870.653868012,0.2753475490475702,0.10728679022609418
374,36305824.333032936,40796539.73379322,4490715.400760286,0.27281716571844167,0.10088971417685301
375,36389133.195307314,40843320.562357634,4454187.36705032,0.27385008212439954,0.10781766428881771
376,36957780.844750896,41270398.572720565,4312617.727969669,0.27323111058746785,0.10594300767461669
377,36351028.55102797,40361541.59560619,4010513.0445782244,0.2695052136088124,0.10640438578938768
378,36112398.63859184,40191722.17113911,4079323.5325472727,0.2687887902265445,0.10613859765279093
379,36549656.736522816,40903528.89041754,4353872.153894722,0.27796439388109023,0.11076117858355287
380,36108748.66386125,40469160.59656065,4360411.932699397,0.2708150188753335,0.10079192946735425
381,36260034.49512825,40478305.12577494,4218270.630646691,0.2711862020666481,0.10209459139539577
382,35890115.68498681,40250077.92345408,4359962.238467276,0.2790830482722478,0.10917797473946665
383,36660842.34537223,40835179.832655124,4174337.4872828946,0.2734987290322791,0.10731384728261677
384,35888281.16626404,40001773.19494804,4113492.0286839977,0.2776276045132922,0.11233637673509306
385,36008742.16088831,40346475.3848861,4337733.223997794,0.2788763110514148,0.1051945870945795
386,36041771.36678089,40289763.80667703,4247992.4398961365,0.2763101779544289,0.11155924360491816
387,37071686.09439151,41380583.48682049,4308897.392428979,0.27362506182368035,0.10909437888095679
388,36191391.178438455,40416196.435472205,4224805.25703375,0.2857829093269732,0.11972411884906395
389,36952878.405831344,41164032.59108904,4211154.185257696,0.26611617967571316,0.10075419717273185
390,35822043.80331982,40174491.3398124,4352447.536492579,0.2765529927821235,0.10981996922933544
391,36535142.41252659,40769880.82212864,4234738.409602046,0.27623105878680765,0.1040018284855396
392,36937129.32857667,41307856.19696938,4370726.868392713,0.2786800201956319,0.11141704833308093
393,36158974.180106066,40033411.789421275,3874437.609315209,0.26848735417441916,0.10901403406246331
394,36367706.7391055,40705854.230843775,4338147.491738275,0.2796593527259764,0.11333348064250624
395,36799842.10326979,41143679.15361194,4343837.05034215,0.26406572065837863,0.09873333665659306
396,36833131.096556544,41020805.325282216,4187674.228725672,0.2696059532716513,0.10342993074831429
397,36528534.734656304,40846394.15204463,4317859.417388327,0.2775883282898969,0.1086791199761031
398,36523267.7211872,40802076.67047434,4278808.949287146,0.273789411583699,0.10644031598488912
399,36094086.58744246,40352843.00788084,4258756.420438379,0.2671598906910079,0.0999782410232802
400,36342326.20432569,40542363.20495275,4200037.000627056,0.27458798079039626,0.10696070069336645
401,36406525.528819546,40693627.22827421,4287101.699454665,0.2724340511614391,0.10355241619080433
402,36350079.876981325,40717311.61101442,4367231.734033093,0.27046290670112466,0.09957742500604519
403,36525355.13183731,40883021.82147001,4357666.689632699,0.27203236123708546,0.10116668315970741
404,36097670.37954368,40213965.95624247,4116295.576698795,0.2646735483152965,0.09666969553634847
405,36541901.05325776,40461332.49991664,3919431.4466588795,0.27140331725408867,0.1111250435276488
406,36208904.834495105,40722782.661651276,4513877.827156171,0.28376164310795077,0.11508827553470492
407,36621396.60010439,40989764.967074715,4368368.366970323,0.2812119498402653,0.1110945769378645
408,36676396.73714835,40922908.24295398,4246511.5058056265,0.27017700498792935,0.10044927740805998
409,36521253.86677941,40781199.34918458,4259945.482405171,0.27727721851296205,0.10972120410458008
410,36469232.22317496,40820552.26824308,4351320.045068122,0.2796577086706239,0.10947158732206397
411,36178705.835549004,40613434.17351942,4434728.337970413,0.2824036203363909,0.1144748205656097
412,36091237.98211882,40464098.667474985,4372860.6853561625,0.2742819949203644,0.10368400035222153
413,36706298.89698571,40976651.3233622,4270352.426376492,0.28499495383210083,0.11709171351694046
414,36370134.18229384,40778075.07376501,4407940.89147117,0.27718197261817107,0.10739774369759768
415,36541593.91561271,40739500.23566607,4197906.320053354,0.2661320553951701,0.10531762314607503
416,36177855.38224689,40704852.39437437,4526997.012127481,0.2852573784663612,0.11870015540595555
417,35925983.701314405,40361652.35855709,4435668.657242686,0.26458062087222006,0.09520239230347667
418,36190457.91045527,40668034.24428904,4477576.333833769,0.285795119444912,0.11712190809189517
419,36110254.67539368,40406861.89661797,4296607.221224293,0.2819825637806088,0.11765335796198269
420,36410059.366314515,40877424.413295925,4467365.046981409,0.28908645746092865,0.12207477937396555
421,36613692.98990628,40826823.87569339,4213130.885787107,0.26513774518116745,0.09169879227740026
422,36825862.275134474,40977137.283782646,4151275.008648172,0.26653391787894276,0.09966984642980059
423,37138424.57086727,41421066.732393295,4282642.161526024,0.27005734900298467,0.10390341261200006
424,36197586.12889388,40557592.61342844,4360006.484534562,0.27580955495400855,0.10599917705591687
425,36566753.81891693,40686575.74959894,4119821.930682011,0.2665938427683864,0.10588737509641272
426,36091586.25992622,40343286.98483379,4251700.72490757,0.27160238217805677,0.10313484098809321
427,36557474.104972295,40950906.542718336,4393432.4377460405,0.2733387713449302,0.10296906231599562
428,36876664.27446446,41051972.12730787,4175307.8528434113,0.27162249186352505,0.10762100191555093
429,36756096.7518116,41127826.288260154,4371729.536448553,0.2727296934210353,0.09916983399599484
430,35823549.039346084,40121330.33089531,4297781.291549228,0.2737346884475094,0.10559729624303689
431,35981984.70383101,40211429.668889076,4229444.965058066,0.2695767186207766,0.0999041873315112
432,36608506.376791514,41008647.88116828,4400141.504376769,0.2826169290071726,0.11426903166055401
433,36343698.9929508,40756822.533444285,4413123.540493488,0.2790103562398085,0.10899770806717107
434,36624809.35862219,41244157.48585086,4619348.12722867,0.2902802381798944,0.12389038483006673
435,36889334.114875875,41391212.86173556,4501878.746859685,0.27237429389751855,0.09838877710323668
436,35722422.60331068,40388854.34525154,4666431.741940856,0.2812931749723357,0.1051109059742906
437,36760704.32292195,40891596.65255234,4130892.32963039,0.26143183654886476,0.09655642263193319
438,36456215.423187375,40633761.43894519,4177546.015757814,0.2840390890844202,0.1193011218063266
439,36408689.910107285,40617811.01906583,4209121.108958542,0.2707749214651879,0.10457665934830583
440,36242508.30955513,40481734.871248126,4239226.561692998,0.27734136239308643,0.11661152637916528
441,36338088.02911731,40527803.768451415,4189715.7393341064,0.2758932923343835,0.10896817039952425
442,36480467.82418251,40773707.3030006,4293239.478818089,0.27776484558681,0.1080785082475294
443,36633613.99386835,41125070.82430805,4491456.830439702,0.2885071646056971,0.12064997857363319
444,36512860.34366637,40899039.3963494,4386179.052683033,0.28428039016825635,0.11694704791852402
445,35906642.047976404,40149286.44421959,4242644.396243185,0.2652976373354913,0.09618323545555596
446,36174943.80013815,40319753.81402948,4144810.0138913244,0.26924112267614553,0.10087670945829232
447,36396198.35800541,40595814.94088965,4199616.582884237,0.26563076497709914,0.10017201962803393
448,36248868.955794655,40391036.151706696,4142167.195912041,0.2768704832215268,0.11618248844702427
449,36174228.91627677,40674601.227973275,4500372.311696507,0.2794575769132571,0.1081244165605804
450,36167744.693036586,40256086.5066641,4088341.8136275113,0.27563708751155014,0.10863707687396118
451,36561391.83221335,40798359.50163526,4236967.669421911,0.2818927564108131,0.12075877896352165
452,36523287.108117014,40927250.367758825,4403963.259641811,0.28220267430687684,0.1104004251575738
453,36844278.9370646,41190629.9323254,4346350.995260797,0.27397612415874373,0.10573536217310796
454,36308476.89628933,40486802.80497354,4178325.908684209,0.2665604609424558,0.09895250046148571
455,36828345.16950678,41255541.68924128,4427196.519734502,0.27424033893933353,0.10447892897930751
456,35748689.660463296,40033178.06594303,4284488.405479737,0.26499101931802016,0.09197427087856974
457,37210783.59897476,41449717.48067697,4238933.8817022145,0.26922344993573755,0.10400264573989819
458,36970757.366554365,41289848.9767872,4319091.6102328375,0.26940417822928553,0.09904012677213368
459,36408095.758298725,40615294.32540484,4207198.567106113,0.2786448960390473,0.11788992308343053
460,36194509.18066576,40561102.18650237,4366593.005836606,0.27177204412592,0.10216108184301735
461,36366078.80715483,40645373.91076539,4279295.10361056,0.2761997603854255,0.10878405165943802
462,36323166.9968854,40658779.90860177,4335612.911716372,0.2702811888412301,0.09840930948226027
463,37341022.5093161,41965678.87570233,4624656.366386227,0.28398396218895827,0.11589194739230979
464,36036448.29191523,40329730.66449507,4293282.372579843,0.27336779130151956,0.1071016587324602
465,36609079.59783321,40876512.08801914,4267432.490185931,0.26728502687673594,0.10028768384087851
466,35951249.408763744,40133818.2199135,4182568.8111497536,0.2814495461543744,0.11929891191777683
467,36786980.194474265,41153620.31514192,4366640.120667651,0.2796855259389565,0.11551442773723275
468,36689697.48662974,40952134.9192089,4262437.43257916,0.27794570924460643,0.11493551401541856
469,36857716.92092782,41165058.89338971,4307341.972461887,0.26542944426076476,0.09747486858711717
470,36645206.77186822,41073724.88888883,4428518.117020607,0.2844435913960533,0.11248597461762191
471,35880178.21049096,40249088.64563161,4368910.435140654,0.27009156798413675,0.09869660831482614
472,36391492.310692996,40657652.69321646,4266160.382523462,0.2776169026316515,0.10913004075132193
473,36713082.97277103,41086526.00286049,4373443.030089453,0.2734105947179833,0.10757305156537682
474,36345319.93501834,40652488.61956292,4307168.684544578,0.278332850129971,0.10556979862555813
475,36020165.28260835,40401082.12898859,4380916.846380234,0.27450662082343197,0.10330278814699057
476,36096535.427705616,40380119.616621315,4283584.1889157,0.27207702461544725,0.10271112671713277
477,35910695.776028536,40263348.8464015,4352653.070372961,0.2792008445136864,0.11314740331673807
478,36617176.33952571,41057027.0729354,4439850.733409695,0.2723837852196515,0.10356415198863712
479,36769686.659059115,41058851.50123139,4289164.8421722725,0.2760666562699616,0.10949928080164752
480,36634917.6090221,40889475.651817895,4254558.042795792,0.27192989541405027,0.10975793134137696
481,35928335.656259015,39880963.3306929,3952627.674433887,0.2684281726554168,0.10557504120129696
482,36319178.16017783,40579999.35263277,4260821.192454942,0.2705866006199794,0.10042762318975249
483,36296613.68851379,40728974.30108504,4432360.612571247,0.27354865826961167,0.10279772386789558
484,36825283.60007471,41009612.32977397,4184328.7296992615,0.27021882081835863,0.10548629356293304
485,36481075.2313635,40711747.72024085,4230672.488877349,0.26759774257308905,0.10376563172549447
486,36737461.658885196,41169582.030415624,4432120.3715304285,0.2850762167647396,0.11874167947849287
487,36470233.85626779,40701842.861009985,4231609.004742198,0.2727864144127736,0.10511439197596187
488,36629964.014098346,40786935.984683305,4156971.970584959,0.2704541039609427,0.10416197525353081
489,36813857.93237923,41194354.41002244,4380496.477643207,0.28444996829359037,0.11865050510446623
490,36389285.4356181,40854933.378433935,4465647.942815833,0.27963163230251065,0.1105858046909588
491,36577202.15833114,40940614.36674353,4363412.2084123865,0.27455593377720927,0.10597437098948131
492,36088608.09238755,40291637.873536095,4203029.781148545,0.27967443457677493,0.10855254615731232
493,36478299.28020829,40777630.958509244,4299331.678300954,0.2808426454374915,0.1113626003241781
494,36742790.26819895,41114294.544463515,4371504.276264563,0.27784403385636997,0.10784480772417863
495,36780915.38019169,41177200.57853676,4396285.198345065,0.2853453466514375,0.11757527151154445
496,37132964.20443868,41577158.82277026,4444194.618331581,0.27426046424593764,0.10578265685780208
497,36124365.72114286,40651067.86594045,4526702.144797593,0.27844951688864866,0.10955260621828786
498,36042267.23040278,40194448.828673445,4152181.598270662,0.27396209044879,0.10480892727855626
499,36327109.70699204,40453903.59439103,4126793.8873989955,0.2702858292932596,0.10604611631366431
500,36502446.521918885,40793050.8463002,4290604.324381314,0.28445506101807083,0.11457667190342068
501,36117060.44106043,40448694.31713475,4331633.876074322,0.2708520494677445,0.10166873056637879
502,36831903.41089578,41147371.278062984,4315467.867167205,0.2657465927175962,0.09988855234672975
503,36475834.109346494,40843476.22629141,4367642.116944917,0.2773519475068976,0.11237688125881273
504,36096928.26808198,40541039.53875459,4444111.270672612,0.27537370961607366,0.10725729564603409
505,36376333.01937519,40805339.82173188,4429006.80235669,0.2779466011212317,0.11000120938001906
506,35923512.10880947,40271526.97421492,4348014.865405448,0.2726854753509729,0.10103075178960129
507,36184566.5938239,40444172.332793705,4259605.738969803,0.27179921188379524,0.0987952672150896
508,36338423.06884936,40550882.02671984,4212458.957870476,0.28520709072573613,0.11864285233902751
509,36367186.26447208,40634187.30555417,4267001.041082084,0.2727530209807701,0.10911901137804157
510,36202653.84980453,40257659.216360345,4055005.3665558174,0.2732979094141617,0.10391468991311531
511,37151454.335474305,41682421.02387226,4530966.688397951,0.27506718361121246,0.1079233925347515
512,37029407.766664416,41485526.29546942,4456118.528805003,0.27531219122030565,0.10182520515430714
513,36434690.854947194,40959793.41600654,4525102.561059348,0.27884334460325777,0.10574402769174461
514,37045050.33405481,41460121.343851864,4415071.009797052,0.2820770094170092,0.11112338532011648
515,36636224.62592585,40995070.261444755,4358845.6355189085,0.27635517665167564,0.10739779565657695
516,35890180.65568286,40177552.465376824,4287371.809693962,0.2755809457876288,0.10497402741550148
517,36966227.734783925,41337624.41634319,4371396.681559265,0.2801578648344526,0.11267389635762247
518,36377751.209362395,40794905.546878375,4417154.33751598,0.2781100521107955,0.11132650959156307
519,36739524.97966713,41139852.61471636,4400327.635049231,0.265282613973647,0.09633906624749201
520,36620081.817386985,40921829.70580511,4301747.888418123,0.2742710693939944,0.10600617980160498
521,35960408.99250905,40222274.64271088,4261865.650201827,0.267965147732832,0.09967109467657416
522,36344028.60003829,40442839.368682094,4098810.768643804,0.2710300058010068,0.10131605814209284
523,35957235.90973374,40164254.85279589,4207018.943062149,0.27435365658424177,0.1052475372103447
524,36904798.48490808,41379928.92305549,4475130.438147411,0.2788102843786202,0.10651527228713846
525,36705566.644278236,41218158.53664851,4512591.892370276,0.27169598340531,0.10274573879424286
526,37089230.88248354,41276539.413467444,4187308.5309839025,0.2695087280080031,0.10485758977585045
527,36424486.039038375,40911691.86292983,4487205.823891453,0.2829066870730368,0.10903963388018242
528,36307972.19402976,40547470.730557114,4239498.536527351,0.27833713367596385,0.10942584864153311
529,35752303.94868894,40213620.4665217,4461316.5178327635,0.28404723037140717,0.11269826885673444
530,36210048.530125685,40398625.16455273,4188576.6344270483,0.2637546412384496,0.09674193371457125
531,36778320.58187533,40990418.98892527,4212098.407049939,0.2751079628624903,0.1094942935346543
532,37087857.504271284,41395545.41019124,4307687.905919954,0.26416784341773303,0.09695570955830357
533,36359402.36347219,40672826.4901403,4313424.126668103,0.27939520584675576,0.11249519321923462
534,36160029.141465716,40386746.49742769,4226717.355961971,0.27338979743551894,0.10470958058729424
535,36746358.27265225,41121573.67285636,4375215.400204107,0.27989078334384654,0.11999886339008908
536,36094044.29908436,40391393.61912271,4297349.320038348,0.2750573704474769,0.10812172431502604
537,36288934.53011439,40476248.14618737,4187313.6160729825,0.26659210637713926,0.09536147803864976
538,36445337.50642082,40793754.92454134,4348417.418120518,0.2769149706620899,0.10727505988904454
539,36356546.76151973,40583223.22372003,4226676.462200299,0.2738186425926908,0.10459167268188906
540,36156023.85641173,40384051.89145863,4228028.035046898,0.2736320401503847,0.11118032068802948
541,36450687.547082946,40815415.608508036,4364728.06142509,0.2852291818927427,0.11480797179508838
542,36344645.82365014,40731091.552184135,4386445.728533998,0.271533408190866,0.10364724702258088
543,36016773.416685805,40375774.364231855,4359000.94754605,0.27947731148077515,0.11113050696740175
544,37197403.36234854,41553427.14182244,4356023.779473901,0.2781016425722329,0.10832732953907251
545,36424464.96938351,40727413.96543892,4302948.996055409,0.26818012634845756,0.09809509584853933
546,36269196.03214199,40449749.01875628,4180552.986614287,0.27909686049233406,0.11237403916563496
547,36443880.41717657,40864391.171326846,4420510.754150279,0.2708415043781716,0.10454277959304822
548,36494680.0518819,40828094.17347796,4333414.121596061,0.2887387380000599,0.12462024535184398
549,36455718.44126825,40656958.88793311,4201240.446664862,0.2753290162677015,0.10582867998460453
550,36647991.049579926,40857058.95317308,4209067.903593153,0.2689404697083853,0.1070777913295711
551,36202823.310140885,40576900.191007204,4374076.880866319,0.2825383320237802,0.11533636529803784
552,35921578.4856896,40162842.68268823,4241264.196998626,0.2725615265619798,0.10652917198911145
553,36414764.33690686,40749081.52262907,4334317.1857222095,0.2795675903943866,0.11245620942299542
554,36334730.31142595,40405108.05886422,4070377.7474382743,0.26935548023577743,0.10608371358345048
555,36390257.88779904,40701187.365829974,4310929.478030935,0.2784166182383174,0.11182125140406252
556,35917391.47609508,40163049.61415841,4245658.1380633265,0.2729614445489678,0.10108828313481595
557,36694784.78120235,41047664.289260596,4352879.5080582425,0.27173890097094244,0.10318682979599904
558,36250828.26903599,40680032.505860314,4429204.236824326,0.281627409295589,0.11552566155174243
559,36819063.26804641,41267783.49152943,4448720.223483019,0.28369136751226465,0.11240948622963398
560,36574153.8582766,41014671.46565465,4440517.607378051,0.2706519348958718,0.09947018404289754
561,36953768.00527168,41119909.93618989,4166141.9309182093,0.27242907792642246,0.10944885106619962
562,36032801.51519719,40190769.23892714,4157967.723729953,0.2724545070702324,0.10603579747639082
563,36307693.1493075,40708976.043039456,4401282.893731959,0.28215559312716104,0.1121266171730105
564,36683572.53150087,41272786.694811046,4589214.163310178,0.28132189832908866,0.10567653315070283
565,36204525.552560866,40575844.341456845,4371318.7888959795,0.27855617054013426,0.10950674817715413
566,36744776.041118324,40912499.092056975,4167723.050938651,0.27456896140546383,0.10989784947765263
567,36125472.96847641,40297641.21522182,4172168.246745415,0.27483360371169,0.10698270814728306
568,36080759.00423212,40313152.3091239,4232393.30489178,0.2637814797399619,0.09392744561547632
569,36521893.128122,40609222.48266787,4087329.354545869,0.2591667856705883,0.09716404452159695
570,36538762.319399774,40704818.208592415,4166055.889192641,0.2759322056490588,0.10942863767784801
571,36823621.01964406,41305968.18581332,4482347.166169263,0.27743436779095426,0.1052400959943784
572,36174136.53664402,40494662.01699351,4320525.480349489,0.2695256646062834,0.09581072929053226
573,36258675.30942164,40613554.64432783,4354879.334906183,0.2754311690501452,0.10403242272429238
574,36543287.05062908,40958699.65910568,4415412.608476602,0.28285656466157616,0.10825943638788783
575,36436868.91912578,41030714.010252535,4593845.091126755,0.28091576750485336,0.11505347717520265
576,36011325.87724529,40262659.73426103,4251333.857015736,0.27529622828933775,0.1066642082439995
577,36253315.70566495,40610152.63639194,4356836.93072699,0.28016351612674717,0.11304145406628002
578,35901827.33528834,40226829.34411738,4325002.008829042,0.27221902092954653,0.1095483234729331
579,36443468.18823746,40887103.32712771,4443635.1388902515,0.27885801867582094,0.10713936972701685
580,36078094.49308114,40116177.41341042,4038082.92032928,0.2610441380196617,0.09590446452910872
581,36179574.0481517,40411892.40302858,4232318.354876876,0.28139814724488843,0.11833541581189262
582,36612453.61645211,40918444.40288307,4305990.786430955,0.26881344267770924,0.0974394358507681
583,36043935.30055633,40409130.042286955,4365194.741730623,0.2720760756739529,0.09754668784477771
584,36735819.83851042,40986770.42387188,4250950.585361466,0.26804624823438833,0.10064454680277368
585,36076516.21972824,40386743.98708871,4310227.767360471,0.2779261045521858,0.11036113827139622
586,36690272.28254769,40882538.69380362,4192266.4112559333,0.27701971757373167,0.10884389024104778
587,36257534.62789535,40593040.153611615,4335505.5257162675,0.2656010292920773,0.09197157110239385
588,36410222.88009903,40775104.97590813,4364882.095809102,0.28205216632598656,0.11951986413680785
589,36255781.256652765,40556638.66758459,4300857.410931826,0.2725966569178572,0.1042780264745597
590,35841670.683887504,40123608.78066153,4281938.096774027,0.27697409878000573,0.10511791225398899
591,36480427.08695809,40624538.38663555,4144111.2996774614,0.2617984001121716,0.09457770915194341
592,36487411.43161075,40673560.13836969,4186148.7067589387,0.2751805813614575,0.10854166768003548
593,36542801.95766093,40789789.90111548,4246987.943454549,0.26799364044099244,0.10069939961682124
594,36036765.606228195,40200464.48821509,4163698.8819868937,0.2744602445073187,0.10335964137085432
595,36510874.86171049,40980862.588324316,4469987.726613827,0.2847013457106366,0.11158288381668764
596,36338280.21769483,40659312.04936924,4321031.831674412,0.2669042391437602,0.0991204376587235
597,36588468.48938158,41018462.75351319,4429994.264131606,0.27834414963669796,0.1099312212087202
598,36578431.34336844,40745614.814033546,4167183.4706651047,0.27619234786871844,0.11119341056530663
599,36409379.220571354,40719871.620949395,4310492.400378041,0.2819764743912948,0.11727762693734066
600,36308452.798808314,40503968.29590041,4195515.497092098,0.2690943349674341,0.099263842659005
601,36752224.81848112,41124142.03162375,4371917.213142633,0.2743985552837992,0.10160992375615394
602,36503249.42990382,40788192.049835354,4284942.619931534,0.2719768533145324,0.10370061494229957
603,36423503.37995526,40860220.78587742,4436717.40592216,0.2908105941038967,0.11967893515950632
604,36291591.32969636,40414313.71174265,4122722.3820462897,0.2778544433133338,0.11370815209419055
605,36448016.454127505,40768940.46906786,4320924.014940351,0.2724666296732351,0.10427330955303887
606,36279980.28516984,40552181.77125153,4272201.48608169,0.27252820073798617,0.1016860727685994
607,36685777.61489548,41131381.56861544,4445603.953719959,0.277632236801301,0.1083188105306381
608,36428318.08130599,40972501.88291178,4544183.801605791,0.27807770603924936,0.10447866823390033
609,36300981.22357686,40574482.30372725,4273501.080150388,0.2732623334704202,0.10578907075994305
610,35964777.51693906,40182046.043752044,4217268.526812986,0.2774829995031383,0.11297621539859612
611,36492287.508934736,40837006.104716636,4344718.5957819,0.2796939218536437,0.10872726379149703
612,36271725.90614666,40648110.623151556,4376384.717004895,0.28254402713044624,0.11114268199142995
613,35825085.69805848,40204493.5984059,4379407.900347419,0.2905924397092731,0.12459128337463708
614,36586228.96365393,40991832.85556445,4405603.891910523,0.28467466717613354,0.11550752850939129
615,36540764.09052656,40887121.826679274,4346357.736152716,0.2870158189090295,0.11994365211860382
616,36824920.94332698,41236595.0585538,4411674.11522682,0.27733007843391805,0.10677170063268548
617,36570870.98729319,40840311.56060482,4269440.573311627,0.2782127854946646,0.10792978439926955
618,35999287.42506389,40265396.84367452,4266109.418610625,0.277687881073437,0.10789530726876838
619,36637553.35398502,41207722.88930428,4570169.535319261,0.28253879981307767,0.11086095240290926
620,36264836.596111216,40552697.781921506,4287861.18581029,0.2770651658317192,0.11493020785355232
621,36813976.713951334,40996995.15672327,4183018.442771934,0.2736867776950708,0.1117781200938049
622,36234788.46836527,40508407.70349601,4273619.235130742,0.2764186653799565,0.10772240652676252
623,36471693.01855865,40827532.71015198,4355839.691593327,0.2763257483708545,0.11215288400760097
624,36767554.58232838,41015821.02894298,4248266.446614601,0.27422884546402587,0.10607831999806497
625,36729826.8888592,41122986.79764028,4393159.908781081,0.2814611571430699,0.11884120264827955
626,36506008.61074735,40860362.97956667,4354354.368819319,0.2775573971497646,0.11282377254727072
627,36433184.49238505,40840459.195210345,4407274.702825293,0.2831964761057985,0.11083750202418806
628,36466082.395772085,40879787.31903881,4413704.923266724,0.2807841469903132,0.11141187104215171
629,36155553.97273555,40354806.018846214,4199252.046110667,0.26538491098415057,0.09728563081646602
630,36228706.07744149,40577775.42604454,4349069.348603047,0.27762358553281974,0.10579443196712948
631,36159136.38979777,40340167.21920252,4181030.829404749,0.2673074557805465,0.09947527124502532
632,36076129.42270185,40353031.48561374,4276902.06291189,0.2682214269571758,0.09615011633878257
633,36445309.695206225,40788261.14776301,4342951.4525567815,0.27339249418773826,0.10758874667972161
634,36716676.167395204,41088018.945362136,4371342.777966931,0.2769247306000885,0.10794134229459201
635,36471073.32562475,40767788.475294665,4296715.149669915,0.2770751950736938,0.1109802279525048
636,36420367.56604176,40887434.14977894,4467066.58373718,0.2751619476481944,0.10879671221558733
637,36142041.69567197,40351792.64595287,4209750.950280905,0.2822336936192529,0.1168551793966518
638,35905757.53175319,40218899.05822937,4313141.526476182,0.2807694867094952,0.10518668652882733
639,36845818.13914794,41055940.767282546,4210122.628134608,0.26363798101609565,0.09633665956048411
640,35796348.65666928,40101508.02665719,4305159.369987905,0.269046734283498,0.10307710036721651
641,36208409.9727468,40437864.01490747,4229454.042160675,0.26874009006135074,0.10542332689072087
642,36446654.88661714,40837466.8141053,4390811.927488163,0.2776060838959478,0.1109279649734672
643,36560368.234288104,40857354.29939763,4296986.065109529,0.27662824722564877,0.10613752803031012
644,36680318.54215512,40798158.734546304,4117840.192391187,0.2713378550945644,0.10446594439846707
645,36878428.597008705,41256578.20173839,4378149.604729682,0.2792528373606856,0.11420872085356641
646,36599740.15606871,40971738.31472185,4371998.15865314,0.2815212310326565,0.11197174475828496
647,36765928.314451024,41094043.501089305,4328115.186638281,0.2783825053398165,0.11197503373023246
648,35946931.7721933,40182614.71263803,4235682.94044473,0.27502792953258604,0.1032206842483119
649,36374141.066135205,40818551.991294555,4444410.92515935,0.28550805957389286,0.11695907330641264
650,36303571.36373983,40460208.259583704,4156636.895843871,0.2553600614390539,0.09074913258419966
651,36910807.60551747,41365040.05798418,4454232.452466711,0.279876413233418,0.11376680220537568
652,36446841.77809734,40783363.87144655,4336522.093349211,0.2673679544000084,0.0983591594229303
653,36591063.76693401,40855983.79441649,4264920.02748248,0.2810637653015742,0.12065595018282238
654,36081672.570035964,40385887.88880463,4304215.318768665,0.2711100484241099,0.10257290286364563
655,36186262.87762313,40607354.531396694,4421091.653773561,0.2884004220898333,0.12175383253347939
656,36677952.99939624,41005230.381167926,4327277.381771684,0.2748772468946843,0.10629107119968012
657,36579772.40883457,40959372.27479607,4379599.8659614995,0.2696259853934066,0.09844605241279668
658,36540018.12369982,41041865.495423734,4501847.371723913,0.2885321351564062,0.12031782218713158
659,36572236.40576532,40745629.329781935,4173392.9240166172,0.2813869263798949,0.12023808133439341
660,36044829.92173006,40514645.68128564,4469815.759555586,0.28520717805433743,0.1203563582066909
661,36740110.87402384,40893248.49522309,4153137.62119925,0.27073528314855244,0.10551515796967832
662,36735953.068715364,41043403.53453434,4307450.465818979,0.27306429051562014,0.10370090991021919
663,36904157.07517404,41184804.22012404,4280647.144950002,0.2726451129386907,0.1036614010276641
664,36061602.734815314,40138197.36689481,4076594.632079497,0.270304814222687,0.10293777276817295
665,36401625.52047902,40542335.50625302,4140709.9857739955,0.2767571116497233,0.11199389610906772
666,36506019.35413349,40813800.29935275,4307780.945219263,0.2790060107334815,0.11010133153367632
667,36037999.9211191,40191870.23782852,4153870.3167094216,0.2775410574088972,0.11466368035855366
668,36821859.39398881,41217101.079648755,4395241.685659945,0.28603491189342856,0.1163373437376604
669,36234922.85224867,40714938.88603401,4480016.033785343,0.2826143281625169,0.11181918342693814
670,36112017.72918086,40445110.495975696,4333092.766794838,0.2685640664041851,0.09955730382116408
671,35859250.19026413,40071003.622988455,4211753.432724327,0.2774963572628102,0.11089203289491721
672,36370690.65003911,40671299.97507429,4300609.325035185,0.2784325431206755,0.10870344046331959
673,36767949.00216237,40977869.68017487,4209920.678012505,0.27147782893868394,0.10513078147095656
674,36660719.413080394,40985431.794777565,4324712.38169717,0.28437882030926637,0.11798095742299072
675,36844128.85525716,41235092.590075016,4390963.734817855,0.27946168254524195,0.108647124854626
676,36334334.57709854,40680967.0329124,4346632.455813862,0.2805481920484284,0.11427333167603103
677,36612712.13526781,40922383.91479102,4309671.779523209,0.2855036631489871,0.11933256501685294
678,37062184.10263161,41323106.770464055,4260922.667832442,0.27087794541056853,0.10270667044886174
679,36268531.97653566,40523839.28993396,4255307.313398294,0.27377730632389724,0.10791967613311085
680,36220790.46505743,40644995.82836185,4424205.363304414,0.2640058047187058,0.09538697538470804
681,36322322.570749395,40611131.03339414,4288808.462644748,0.2705841423235189,0.10485567868114484
682,36304001.15651865,40497973.40468213,4193972.2481634766,0.2677227888183524,0.09875829452215741
683,36348981.33822053,40525159.98144914,4176178.643228613,0.26461228066773884,0.09802601741152409
684,36534113.6867148,40826336.94468642,4292223.257971622,0.2667397940434612,0.10197979730754506
685,36470253.089156546,40919678.85606485,4449425.766908303,0.2782326273859612,0.11014984908392848
686,36230411.4710345,40306919.20016431,4076507.7291298136,0.2719673341611631,0.10928539793358069
687,36208775.00490297,40508575.6269748,4299800.622071832,0.2804259182022066,0.11152115333206569
688,37187884.28853703,41560718.41425515,4372834.125718117,0.27382612330999045,0.10763756952387951
689,36493455.65761151,40706036.37805563,4212580.7204441205,0.2713177511468496,0.10662586272309224
690,35930182.327619724,40331690.30540854,4401507.977788813,0.27137883071849234,0.09645151165903514
691,36724310.516466714,41051889.9316567,4327579.415189989,0.2809028555229083,0.11498386451710979
692,35985860.50456438,40212505.79226053,4226645.2876961455,0.2659253985357159,0.09136551793283869
693,36712695.64951567,41150597.74695356,4437902.097437888,0.27028449317676356,0.1013653444078908
694,36566295.04397978,40945484.521377906,4379189.477398127,0.2788931117255682,0.10957778427257181
695,36426565.360287905,40899663.53729632,4473098.177008413,0.281111468282972,0.1123648678638118
696,35977620.88398645,40069663.952904835,4092043.0689183846,0.27449418570589573,0.10474288391706625
697,36541020.87970192,40850537.535520196,4309516.655818276,0.2810089385409602,0.11712206095862063
698,36880843.23605046,41299314.803536095,4418471.567485638,0.27904420309041483,0.11141654254937954
699,36718885.457785815,40902695.21939184,4183809.7616060227,0.2759108900159948,0.10920658601363228
700,36323996.11427825,40656958.24444554,4332962.130167291,0.28265594776329084,0.11636959515405204
701,36493160.14627434,40882571.713702865,4389411.567428522,0.2847610213839895,0.11547008287289993
702,36261718.19043514,40564277.34296196,4302559.152526818,0.26932194600795395,0.10043526892796287
703,36391167.18743293,40637243.90161228,4246076.714179352,0.2759525793044024,0.11186377799245564
704,36640005.71084381,40974476.73071116,4334471.019867353,0.27716654496141085,0.10961404690262319
705,35887974.545999356,40231923.32872163,4343948.782722272,0.2766501795749835,0.10906468317855252
706,35846471.25742984,40316847.03505708,4470375.777627245,0.28493359009611724,0.11555915348275773
707,36197565.3791296,40661130.8633321,4463565.484202497,0.27483969674482867,0.10141898682986773
708,36562879.54531483,40892612.37339096,4329732.828076124,0.27568158023229716,0.1085738207287688
709,36278148.98160505,40664635.879740365,4386486.898135312,0.2793474457518733,0.11391588994640874
710,36715440.359488204,41145189.24951192,4429748.890023716,0.2725393492286554,0.10537760274441321
711,36539667.71423145,40883355.981265344,4343688.267033897,0.2754257985603723,0.10613639471559981
712,36627863.35251596,41064235.931927465,4436372.579411507,0.27358877680916155,0.10205374700705286
713,37055309.175093696,41295893.20501148,4240584.029917784,0.28209497380318554,0.11735324126621387
714,36178383.23127221,40333111.91865893,4154728.687386714,0.26745921828926217,0.1002567403505475
715,36410205.72221428,40628772.72698301,4218567.004768729,0.27652614997981767,0.10864508947719052
716,36620772.06511724,40889172.659831196,4268400.594713956,0.28066773894290303,0.11257323293598566
717,35913928.70901335,40153117.613635935,4239188.904622585,0.2769664675981892,0.11122603103869642
718,36083436.64920966,40263492.62725544,4180055.9780457765,0.26778918971237586,0.10014187317994346
719,35657825.88126067,40114485.306518435,4456659.425257765,0.27776816136581034,0.10260638315156424
720,36079082.857644096,40224539.332087815,4145456.474443719,0.27135635381679873,0.10311482532090996
721,36626771.643229894,41103246.72077938,4476475.077549487,0.2787806601708614,0.1044665693674135
722,36422132.204074584,40961865.06293176,4539732.858857177,0.28387771893481456,0.11358677302385421
723,37074651.752384596,41348666.17184225,4274014.419457652,0.2795655275357724,0.11470477513146747
724,36189769.31666438,40386235.32049571,4196466.003831327,0.2767144958953161,0.10736592028963408
725,36601747.90735978,41130092.29150564,4528344.384145863,0.28961905007822475,0.1187582240495263
726,36085777.109943286,40306337.56438869,4220560.454445407,0.27385052275453553,0.1109340507782824
727,35960856.53735794,40340765.00320594,4379908.465847999,0.2803481088613557,0.1120032263588219
728,36203071.64550733,40652878.176480524,4449806.530973196,0.27130164767452625,0.09997245932404863
729,36052732.32872964,40773524.16412065,4720791.835391015,0.28398969924750916,0.10802637671231634
730,36577847.204364434,40900290.141648814,4322442.93728438,0.27868725043883746,0.11160198128894415
731,36534147.18043545,40772610.10689156,4238462.926456109,0.2678089663787658,0.10079218450955142
732,36940791.510256864,41485490.4406503,4544698.930393435,0.28428445103859573,0.11448685844779594
733,36328175.691642545,40650953.87928799,4322778.187645443,0.2767747246317723,0.10787698186211638
734,36373482.64328586,40937108.53396972,4563625.89068386,0.27727888230587333,0.10622323957609806
735,35920199.54374358,39935047.85957132,4014848.315827742,0.2617180782606958,0.09961516752802028
736,36680358.0008344,40961794.51557264,4281436.514738239,0.2751983587695735,0.10431124436485169
737,36682499.495090894,41063932.13462788,4381432.639536984,0.2733794748402146,0.10415375608789575
738,36746188.43509927,40931686.97567315,4185498.54057388,0.2708374724823172,0.10460536604197157
739,36239924.80516429,40387236.410743006,4147311.605578713,0.27229261732683213,0.10661927079649598
740,36158203.99165113,40426412.26542648,4268208.273775347,0.2742136853736798,0.10535527875547468
741,36223924.945296235,40639089.49243578,4415164.547139548,0.27268835733520697,0.10692849486373701
742,36192477.00975798,40406153.47871692,4213676.468958937,0.2759879431561474,0.10956976448264036
743,36176248.408849105,40202011.26608742,4025762.857238315,0.2644913899051914,0.1008329367925218
744,37377523.70806873,41750721.126493394,4373197.418424666,0.2774413540653945,0.10579900545025321
745,36492955.086503245,40812987.87901151,4320032.792508267,0.26557783188867057,0.09778738271438513
746,36282553.69751554,40818006.33061564,4535452.6331001,0.28075745941269964,0.10655871633833884
747,36056668.30190804,40245507.99089025,4188839.688982211,0.27580607950894626,0.10998123245080532
748,36256315.545298904,40248267.567154735,3991952.021855831,0.2674660262762773,0.1012011080400852
749,36035681.72016398,40292964.59419319,4257282.874029212,0.27061480062796495,0.10215458482007082
750,36458047.51161276,40763672.93222951,4305625.420616753,0.27970236671537474,0.11523488692429737
751,36445248.26171433,40682209.80366699,4236961.541952655,0.2691116078712966,0.09749142702087149
752,36269183.74270045,40552863.423505194,4283679.680804744,0.2689593832946246,0.10076134604924984
753,36388256.39618974,40700290.08504911,4312033.688859366,0.28486995169983975,0.11820678600484065
754,36567493.67567223,40898609.76901518,4331116.093342945,0.2812258069705453,0.11140715281702657
755,36395969.43251718,40595173.661678724,4199204.229161546,0.27839862103162105,0.10697734359497497
756,36380921.696356244,40717202.767362274,4336281.07100603,0.27492116768054115,0.09941102324235616
757,36399223.63954179,40628741.43041202,4229517.790870227,0.26899045931361243,0.10365276256696226
758,36342367.61932984,40803998.22000782,4461630.600677982,0.28281491305700224,0.11910961227320745
759,36772833.21638259,41269121.85712888,4496288.640746288,0.2778120545081389,0.10713686148746492
760,36639418.49946487,40732484.3942376,4093065.894772731,0.27145923522592336,0.10465972194753778
761,36703599.13622176,41201960.084429495,4498360.948207736,0.2777652290991207,0.10551817244406453
762,36536500.39930567,40831027.47307622,4294527.073770545,0.2739918209346356,0.10375499229995844
763,36041323.51377051,40184856.14047926,4143532.626708746,0.2681326951355289,0.1018335854223355
764,36299123.87623033,40551251.600202695,4252127.723972365,0.2657569059844531,0.10102378281336688
765,36928627.642081045,41358764.01276691,4430136.370685868,0.27082346356675074,0.10545754261451215
766,36468439.0996435,40764594.36509469,4296155.265451193,0.27840981334067333,0.10879952314899642
767,36372666.293568134,40808833.27554079,4436166.981972657,0.2833106596319847,0.11080701287610549
768,35984386.180708945,40403733.07250929,4419346.891800344,0.27483257490488616,0.10313896333016317
769,36441146.731738366,40382832.17193769,3941685.440199323,0.262598842141813,0.09442447500371476
770,36381909.02847743,40684201.849370755,4302292.820893325,0.27454421051861666,0.11063469818513774
771,36100953.918944545,40337815.719081886,4236861.800137341,0.26775293809374556,0.09631591231147313
772,36223877.453655064,40439345.19577883,4215467.742123768,0.2777943916410394,0.11045051687584752
773,35927353.88804392,39938779.14056775,4011425.252523832,0.2764918607193454,0.11025337580201777
774,36660633.74095112,40891879.374969915,4231245.634018794,0.266684398480487,0.10201884599978632
775,36221323.11596252,40511903.47409643,4290580.358133912,0.26691799084937606,0.10121125691109534
776,36415855.66533318,40771306.04547815,4355450.380144969,0.26811358071763863,0.09617153808801286
777,36014493.71160014,40241903.035672404,4227409.324072264,0.2676036846627901,0.09921726695052385
778,36079917.195347205,40168646.79169479,4088729.5963475853,0.2667391742912226,0.1003745779135834
779,36099906.04165652,40286647.71884603,4186741.677189514,0.2652603266275444,0.10080500576079438
780,36619364.72278838,40882589.79804864,4263225.075260259,0.27693414622751605,0.1081824141801899
781,36314409.67052634,40568171.18060261,4253761.5100762695,0.2675941972064333,0.09798625881722897
782,35875193.36050393,40086506.82631472,4211313.465810791,0.2727660870301568,0.1036890359648901
783,36790494.41219921,41168054.052211925,4377559.640012719,0.27475109031269596,0.10528573947754176
784,36004088.105716616,40255272.96724913,4251184.861532517,0.27839257600119355,0.10976984491197574
785,36102409.12738528,40339824.77414039,4237415.646755107,0.2883253276304235,0.12707430616806462
786,36176030.75062891,40360628.25028082,4184597.499651909,0.276782820967189,0.10656477257517757
787,36222083.47306659,40478503.964884765,4256420.491818175,0.28170250933178487,0.11372811892424499
788,36617168.80817121,40906216.70885528,4289047.900684066,0.27207809764614743,0.10037468776398717
789,36349772.72952978,40721021.3537935,4371248.624263719,0.27661906102483225,0.11093289732287565
790,35760079.8075844,39977423.21769935,4217343.410114951,0.2741639490020762,0.10538311630596449
791,35986985.684907235,40198497.42225698,4211511.737349741,0.26932056188051723,0.10397933671935444
792,36394658.56285439,40604331.01320811,4209672.450353727,0.2631024796967933,0.09498448582776878
793,36506447.47552124,40939377.900778055,4432930.4252568185,0.27254591003640544,0.10724562068908645
794,36027092.09779525,40508790.356658466,4481698.258863218,0.2833919627012347,0.10818613550640098
795,35881837.11612968,40017305.30691612,4135468.190786436,0.27961209463530656,0.1169375156784656
796,35878216.068842694,40204834.78949912,4326618.720656425,0.2708239992968057,0.10189356105659118
797,36382529.29491845,40772868.217935845,4390338.9230173975,0.27746752304430977,0.1119241699331061
798,36105683.22403409,40532507.20683617,4426823.982802078,0.28321938245005807,0.10876860993458147
799,36563781.30290744,40792227.26487632,4228445.961968884,0.2725395517152134,0.10455225212404382
800,36366400.17598046,40743361.187162206,4376961.011181742,0.27810658165546737,0.10601477563767665
801,36805608.00215167,41107253.72284925,4301645.720697582,0.2736436480501064,0.10578672721820194
802,36382671.00065388,40612417.07825598,4229746.077602103,0.273732650869735,0.10436587261178383
803,36557309.71900701,40948187.23489431,4390877.515887305,0.27916276878536994,0.1152173876143262
804,36519160.369571306,40744064.79627609,4224904.426704787,0.2763846054408165,0.10897380617980258
805,36343875.1089434,40516283.08644939,4172407.9775059894,0.2765941894925363,0.11472023407337803
806,36719223.23101132,41109497.30539186,4390274.074380539,0.2768625359360395,0.10239564517467273
807,36715530.779450685,41131917.78273276,4416387.003282078,0.27760386065989073,0.10758747598604587
808,36588311.868212365,40814843.11654115,4226531.248328783,0.2703003044161393,0.10179965165115575
809,36166633.16242729,40373527.373126686,4206894.210699394,0.27496701499605375,0.10785067078754643
810,36387010.85593279,40706078.00895208,4319067.153019294,0.27519160972072754,0.10225549921510146
811,36585532.58620543,40783915.592101336,4198383.005895905,0.27705661704711904,0.11376770328248088
812,36564098.75217572,40842138.69606202,4278039.943886302,0.27582425580507314,0.10622765483592801
813,36778158.36627474,40943907.34823815,4165748.981963411,0.27927689813163953,0.11454948578535266
814,36530584.22871602,40750513.85627333,4219929.6275573075,0.2744224246675077,0.106364738738272
815,35861339.37546336,39893859.231183894,4032519.855720535,0.27854624721726967,0.10987742247550578
816,36938010.56143479,41385243.317916505,4447232.756481715,0.2722499349196674,0.09961750650317046
817,36107834.086286426,40358053.7892279,4250219.702941477,0.26204835930756304,0.09209991560676173
818,35802828.466046944,40158562.37336333,4355733.907316387,0.2754557922409058,0.10303120082538554
819,36258912.66044108,40708789.63434232,4449876.973901242,0.2816292236426563,0.11091336256012352
820,36554614.271771245,40790901.85911875,4236287.5873475075,0.2748190252280604,0.11015016977103209
821,35962139.97623871,40334343.20003568,4372203.223796964,0.2832574515873806,0.11131753497287805
822,36084975.34701289,40448023.93749384,4363048.590480946,0.26862438705804276,0.10024737082413053
823,36672187.447727725,41066906.57800309,4394719.130275369,0.2705580439156336,0.09870116892096817
824,36988120.78525648,41287107.43580921,4298986.650552727,0.2793026748871174,0.11433322529156084
825,36704004.55965291,41185059.59173435,4481055.03208144,0.2853633202669135,0.11830254668619238
826,36341477.6943285,40811549.11264286,4470071.41831436,0.2779835185474676,0.10987355061097112
827,35827988.32821146,40139103.59695355,4311115.268742092,0.26493133656053186,0.09686897504442846
828,36868047.95369629,41041402.54635,4173354.592653714,0.2714982331721847,0.10927701560800139
829,36612720.15671172,41047878.715687916,4435158.558976196,0.27505845982519256,0.10263662675441936
830,36079806.910976924,40385949.10972564,4306142.198748715,0.2735314462174919,0.10405719658222494
831,36477645.54669664,40731897.80007784,4254252.2533812,0.27824554564294995,0.11642320559755592
832,36435928.55337824,40688439.59024794,4252511.036869697,0.2780454669977486,0.11132958900088463
833,36558387.69231492,40871162.534938894,4312774.842623971,0.2735952605798909,0.10594251878907203
834,36081242.32667583,40486110.56587267,4404868.239196837,0.27638220153986054,0.10971628735037227
835,36091738.818521574,40236861.64675969,4145122.8282381147,0.2781500703321184,0.10950133798156889
836,36752541.9103216,40961828.18181425,4209286.271492653,0.27471085136779716,0.1060491718673492
837,36273210.71017843,40450447.564997986,4177236.8548195586,0.2737944697652427,0.11168371797952723
838,36277502.22777139,40528164.06767558,4250661.839904197,0.2832675574430614,0.1172514287310759
839,36642542.679770395,40907058.195091054,4264515.515320659,0.2761465470331109,0.11178633920964394
840,36649522.489725076,41057534.089590795,4408011.59986572,0.2704726618837542,0.10362917766020237
841,36235019.62680852,40534851.209088355,4299831.582279839,0.27826521674722376,0.11118969821339957
842,36614347.45599593,40894088.46799126,4279741.01199533,0.27829582470009445,0.10813861828881108
843,36283012.857616596,40576659.37014645,4293646.512529857,0.27846329587164975,0.10992680543351045
844,36741636.56500965,41192901.919229105,4451265.354219452,0.28881666010149853,0.11598136014563086
845,36394036.9599713,40634279.5654339,4240242.605462596,0.28510640635715767,0.11862541124402838
846,36477370.03231129,40805889.31700561,4328519.284694321,0.27578637100529846,0.10598492800493796
847,36157995.170624085,40662196.427269205,4504201.256645121,0.28595150750074305,0.11823638589946209
848,36042049.293199,40380335.07475664,4338285.7815576345,0.2790465187645066,0.1157905041174308
849,36696937.200899035,40849104.34381238,4152167.142913349,0.26406417879162164,0.09519763243072327
850,36666598.446034215,40894059.12905911,4227460.683024898,0.2789984654324861,0.11511955067122667
851,36743535.60131579,41107441.51641926,4363905.915103473,0.27628005058639543,0.10826372403447716
852,36474886.246113285,40729602.90446839,4254716.658355102,0.28032744795883113,0.11068726585024877
853,36627499.79375616,40831144.2288221,4203644.43506594,0.2692159660765703,0.10505958241916691
854,36539384.289519556,40980420.467115894,4441036.177596338,0.27811497812750663,0.11023245680460743
855,36095088.89090107,40538530.707795195,4443441.816894129,0.2729204821741532,0.09944805632071085
856,36623343.51476456,40859079.077789985,4235735.563025422,0.2673911005165239,0.1033251943038992
857,36002912.79823539,40294499.324840635,4291586.526605248,0.2696639321190426,0.0985329352848595
858,36549897.65056452,40994222.8760855,4444325.225520976,0.2698435407452724,0.09969357126252017
859,35974602.34013202,40176513.251969606,4201910.911837585,0.27505576471038684,0.10790401585103176
860,36491426.13889445,40776101.66390727,4284675.5250128135,0.27011969432833355,0.10659023492272834
861,36274739.75895263,40577417.02939734,4302677.270444706,0.283910313320443,0.11185161559718218
862,36579810.6750816,41030357.6784529,4450547.003371298,0.2777429706703777,0.10701520592101266
863,36319598.255136155,40697139.187477544,4377540.932341389,0.2768181216150847,0.11031714476267213
864,35653592.39642158,39773173.85607752,4119581.4596559405,0.2772098655038232,0.11062304648476497
865,36548316.24693498,40890476.6760139,4342160.429078922,0.2790411690413128,0.11142757308255889
866,36960564.12216342,41406845.75742715,4446281.635263726,0.27429090105632653,0.10837649542100865
867,36692752.67235491,40916989.6640422,4224236.99168729,0.26646710169046917,0.09865433929791735
868,36076481.342479534,40250089.45861093,4173608.116131395,0.2663708673302022,0.09639767412939663
869,36630450.998373844,41123938.3482882,4493487.349914357,0.2750131380065139,0.10612770724866773
870,36508754.908395395,40913975.741084784,4405220.83268939,0.28011630906567436,0.1114372177485598
871,37071824.677968904,41653794.18647736,4581969.508508459,0.27823267722887773,0.10617723972743766
872,36312264.23452016,40788088.175298,4475823.940777838,0.28468540757718147,0.11545578797661238
873,36120866.687279485,40289440.046483,4168573.3592035174,0.27325463947603706,0.10942447558967625
874,36625291.80842157,40904601.512814306,4279309.704392739,0.26612898186495487,0.10123469535045283
875,36180791.06927322,40435483.71551273,4254692.646239512,0.265571852120291,0.09824052944497925
876,36228380.96855891,40789076.160405494,4560695.191846587,0.27330045668036007,0.1041165543121146
877,36462140.411552906,40787379.067233495,4325238.655680589,0.2781114242418313,0.11044744628595636
878,36686914.461084515,41068186.66880311,4381272.207718596,0.2745026023957675,0.10819172242274654
879,35993349.635132134,40399932.91692177,4406583.281789638,0.27805109812592715,0.11227925607663873
880,36183739.74193914,40495124.92813634,4311385.186197199,0.2787727627761542,0.10508180017784084
881,36114185.99776036,40368569.45645501,4254383.458694644,0.2774327401330206,0.1062184155963394
882,36297684.395146556,40600071.87777681,4302387.482630253,0.274832531365463,0.10462427079686254
883,36298688.30717963,40567287.70678296,4268599.39960333,0.27495167551211647,0.10465883016470655
884,36033997.966941774,40374501.43691114,4340503.4699693695,0.2730575436349135,0.10870520296533176
885,36768474.978171416,41130840.024991654,4362365.046820238,0.2757190497792674,0.11238840383296174
886,36139724.546055906,40465718.01379952,4325993.467743613,0.2671152891866743,0.09245970277446897
887,36439364.36714991,40793408.44015074,4354044.073000826,0.27016456223823887,0.10178654110790612
888,36595338.07414505,40924105.1121935,4328767.038048454,0.27518017466923517,0.10595448626577317
889,35917461.97603633,40040375.91457489,4122913.938538559,0.271514612385695,0.10532423110875123
890,36628884.925521374,41173385.43990248,4544500.514381103,0.27706869956550473,0.10312599756111991
891,36906410.909034796,41067495.38572357,4161084.4766887724,0.2736531244362281,0.10253435191920067
892,36299097.230679326,40836312.58021219,4537215.349532865,0.2789538076372877,0.10633068572788867
893,36390003.64286369,40680467.05491328,4290463.412049592,0.27571515159312093,0.10899327308562735
894,36662783.9955742,40807237.82531747,4144453.8297432736,0.2749638798250816,0.11028067416209458
895,36964690.03662651,41489570.464215845,4524880.427589335,0.2827916037277814,0.1129700160551867
896,36625483.5333448,40984154.7732562,4358671.2399114,0.2673896131964406,0.09808172530197921
897,36241125.35015099,40626996.330391735,4385870.980240747,0.281523621338835,0.11148691499601456
898,35736008.108343445,39991347.15030231,4255339.0419588685,0.27101609166484963,0.09918030536165183
899,36705976.479208626,40875429.18778407,4169452.7085754424,0.27238157574853916,0.10629094945120719
900,36555382.246834055,40761939.33884039,4206557.092006333,0.2735791761238214,0.10186049712258843
901,36289247.75892165,40579102.61014873,4289854.851227075,0.2766034666858391,0.10690783344466243
902,36140280.50509186,40386189.56223959,4245909.057147726,0.27594369098726157,0.10303974468305994
903,36112807.11280911,40475019.27581026,4362212.16300115,0.2767765183537394,0.10483051124922617
904,36554080.3716761,40834929.326564156,4280848.954888053,0.26662593377511734,0.09633344589028953
905,36665417.98435007,40928687.49784693,4263269.513496861,0.2757694350794149,0.10443449514010428
906,36087850.41932457,40351449.239266224,4263598.819941655,0.27476961431508523,0.10800966320907406
907,36186113.8319131,40430651.86943523,4244538.03752213,0.2720544308831699,0.10259321042448451
908,36525524.14663319,40681190.6846925,4155666.538059309,0.2701739361281375,0.10596015847445858
909,35938672.54726133,40297683.44998585,4359010.902724519,0.2696950499542972,0.0997850403808511
910,35909163.596334755,40010791.64809444,4101628.0517596826,0.2677376875376499,0.10205180232605104
911,36777245.22291945,41090516.19185827,4313270.96893882,0.2768672412740689,0.10951996405411693
912,35945358.661385804,40403139.6727301,4457781.011344299,0.27323747524955655,0.10309799359470095
913,37020964.08595598,41550205.01077302,4529240.924817041,0.28937938086304243,0.12331259420334208
914,36391822.150563285,40535134.97956694,4143312.8290036544,0.2697911998635574,0.10715436868995126
915,36267261.797414094,40664050.411240734,4396788.61382664,0.2790490122202499,0.10531854603396264
916,36379764.49903073,40723023.9786052,4343259.479574472,0.2761263057068369,0.10790411602795841
917,36099855.20441613,40534912.67753647,4435057.473120339,0.2847774837683411,0.11049379113757708
918,36252523.65788523,40378590.73822926,4126067.080344029,0.2804222422471483,0.11654934572984917
919,36308914.34674981,40422667.709952444,4113753.3632026315,0.2710321295582055,0.10604704405403632
920,36498162.79567375,40750166.51471896,4252003.719045207,0.26834172321008964,0.10711913951184195
921,35870525.05195882,39860194.11081623,3989669.058857411,0.2693753403078065,0.10811056134048391
922,35973509.425679885,40284758.46871844,4311249.0430385545,0.27258595280810893,0.10267477418594079
923,36236887.10384649,40515323.21422096,4278436.110374473,0.27895302437387937,0.11174002446556022
924,36734508.4928958,40991457.87016512,4256949.37726932,0.28587372894765856,0.12035835336193242
925,36466935.94333956,40883110.70970682,4416174.766367264,0.2772416881558746,0.108458479079167
926,35901505.62413833,40069247.03484606,4167741.410707727,0.2779975184047459,0.11222361740286795
927,35981660.66147033,40524792.350524075,4543131.689053744,0.29242175995447955,0.12466277192295484
928,35839225.41135654,40077814.35971931,4238588.948362775,0.2618397249503209,0.09278331145860769
929,36285323.3063976,40643113.95312321,4357790.64672561,0.27890948992992265,0.11056595343979032
930,36221634.16604592,40499506.259154655,4277872.093108736,0.2740047625110894,0.10368690551562074
931,36502233.86663165,40670112.12919236,4167878.2625607103,0.26920170464830406,0.10265255970850062
932,36186681.62294315,40160121.35387523,3973439.7309320793,0.2651354272335156,0.09910994571832323
933,36454334.0946367,40809014.50303704,4354680.408400342,0.2756411183640522,0.11119169072438007
934,36616744.02112724,40955868.643990025,4339124.622862786,0.2785656936538911,0.11281160158537805
935,35965855.99572698,40140035.05854213,4174179.062815152,0.2797848071871909,0.11449832843662637
936,36393865.08601075,40860039.043891765,4466173.9578810185,0.27443060352156723,0.10361840654817096
937,36532656.319000974,40854730.584649816,4322074.265648842,0.26908002259325103,0.0973567156558379
938,36146546.61722314,40541753.02635647,4395206.40913333,0.2745914402806611,0.10443980020335648
939,36390899.86551672,40688233.564649716,4297333.699132994,0.27635313801561256,0.11027786172748348
940,36562049.381187014,40767277.273058526,4205227.891871512,0.2776681144130505,0.11157906074341885
941,36317541.36913629,40910871.23971777,4593329.870581478,0.28081981630207276,0.10814939117846317
942,35732561.50433186,40036577.67977381,4304016.175441951,0.2777852820579249,0.11032246659188068
943,36485129.30947511,41007245.25919439,4522115.94971928,0.2787975083226853,0.11002425030109639
944,36063717.296001546,40282998.86393999,4219281.567938447,0.2705598607107874,0.10404459212926064
945,36452300.60954502,40731438.307400435,4279137.697855413,0.2697945954320282,0.10514214991950216
946,36309992.2422569,40650451.39407006,4340459.151813157,0.2720450495654197,0.10585449337102706
947,36183029.90298024,40319021.830172,4135991.927191764,0.2706823789382507,0.10216582259465964
948,36093001.237071276,40461865.531511694,4368864.2944404185,0.27128834446425826,0.10166646413560088
949,36246583.52890015,40478826.11505434,4232242.586154193,0.27252396610061314,0.10323167282190801
950,36425024.18186365,40953211.3450529,4528187.163189247,0.2707158740004892,0.10024252616603516
951,36266228.90152503,40427949.560834125,4161720.6593090966,0.26157886002051783,0.09767529230950947
952,36711503.42048241,41048412.655665085,4336909.235182673,0.2720207033978452,0.1107588191058841
953,36531158.48579941,40982656.56288034,4451498.077080928,0.27510780147055663,0.1023130276193848
954,36311418.56669076,40361190.32502865,4049771.7583378926,0.2696876930692749,0.09976336830152958
955,36584747.918484256,40819329.10182099,4234581.183336735,0.2694050646053242,0.10369669219408797
956,36346742.47974103,40720293.988971084,4373551.509230055,0.28145622366058154,0.11583490593787628
957,36625029.63715472,40868119.07777625,4243089.4406215325,0.2642642076146164,0.09687971505916095
958,36606423.93599151,40839197.21362272,4232773.277631208,0.2681340335588877,0.10809953902263855
959,36119458.85169609,40358327.86307035,4238869.0113742575,0.2730290305622206,0.10622795777682248
960,36894238.838034995,41296878.879148096,4402640.041113101,0.2807813942245798,0.11173964175278424
961,36206287.19428688,40274799.4583575,4068512.264070615,0.2706915374384105,0.10509573123423323
962,36535262.04712951,41016274.39614412,4481012.34901461,0.2794121832607709,0.10687397076153979
963,36472827.45157846,40675978.80705106,4203151.355472602,0.27117153174207703,0.10340892650370587
964,36648109.83582601,40818359.731987976,4170249.896161966,0.2678643404300892,0.10825410620504643
965,36611883.25033626,40783924.25712527,4172041.0067890137,0.2707012556143239,0.1058618287866236
966,35550443.31844723,39833502.85812473,4283059.539677501,0.2771713619829722,0.11127960854335675
967,35904900.960681275,40168805.91343865,4263904.952757373,0.27025715292814184,0.1053671652845984
968,36454103.51503201,40789258.419884056,4335154.904852048,0.2732239985817584,0.10537304793310084
969,36490134.01962869,40740833.88654123,4250699.866912544,0.2698690763983846,0.1076603829544178
970,36280016.347677186,40492401.498956144,4212385.151278958,0.26970010432463615,0.10561269517266675
971,35662339.644498624,39883485.31621887,4221145.671720244,0.27285086280004395,0.10435783943946413
972,35801164.72531617,40183416.982668914,4382252.257352747,0.274046627303973,0.10344303302805254
973,37003833.49990166,41441460.53329367,4437627.033392012,0.284579512002533,0.11446496715707705
974,36363994.11186558,40645774.40773006,4281780.295864478,0.27391897993333947,0.10391237830878126
975,36521659.496515155,40769736.462704174,4248076.966189019,0.27066232170080423,0.10749742607276223
976,36791368.07190104,41274348.029322416,4482979.957421377,0.28362019525381954,0.11499264244779221
977,35949740.000485085,40329027.49438123,4379287.493896142,0.2828304672846143,0.11507760737255325
978,36277037.59158195,40596961.27239759,4319923.680815645,0.2766535002740026,0.11119841112145057
979,36006597.4978513,40350153.783813365,4343556.285962068,0.2851251483003671,0.11603983063156222
980,36513127.392735116,40982717.40822463,4469590.015489511,0.27467116087193594,0.10683002617342817
981,36930745.1160606,41445322.86548202,4514577.749421418,0.27981408118202006,0.11110621017198757
982,36962483.64017454,41200836.89172104,4238353.251546502,0.2704729322557739,0.1035259043594764
983,36530625.17746112,40806506.70551516,4275881.528054044,0.2612055060945674,0.09096095216813536
984,36576281.41753735,40831144.59540455,4254863.177867204,0.2664735421254331,0.09766126029573671
985,36370717.30558182,40536224.174239576,4165506.868657753,0.2710249766050413,0.1049230015274738
986,36381499.60196913,40713088.957463905,4331589.355494775,0.2714987806351807,0.10383701685751845
987,36781215.3059635,41096639.61531187,4315424.309348367,0.2759601823304041,0.10437132627523915
988,36111513.47298001,40349370.75668554,4237857.283705533,0.27835931194816343,0.1108147482501456
989,36442577.74306631,40896203.261652395,4453625.518586084,0.2824985374017896,0.1083047672560659
990,35858591.88018623,40140730.46801943,4282138.587833203,0.27031007075691726,0.10309293225166213
991,36426536.71104087,40874861.56168305,4448324.850642182,0.27805812619423864,0.11189327761873542
992,36040399.324814156,40518165.08845164,4477765.763637483,0.27031402674897403,0.1008038644185318
993,36798663.71324409,41166137.7858316,4367474.072587512,0.27869344616336567,0.10956360711960236
994,36754179.8956865,40832247.06885697,4078067.1731704697,0.26349478150453315,0.1009855504531326
995,36488237.92777769,40713812.37779714,4225574.450019449,0.26713840845419773,0.10263382786176366
996,36673567.54334333,40951504.355195954,4277936.8118526265,0.2735856954838188,0.10644775289166726
997,36308108.252518445,40509816.72344996,4201708.470931515,0.27069011518514824,0.10299138353099431
998,35648048.14769286,39955662.1209568,4307613.973263942,0.2698152191104601,0.10083674279226533
999,36498762.887292445,40779434.71502055,4280671.827728108,0.2766701902318341,0.10814569415853661
1000,36209479.186140195,40440957.0894129,4231477.903272703,0.26960922565338613,0.10621666262245431
1001,36849349.37353471,41189731.82141394,4340382.4478792325,0.27095042326161056,0.09593512489860614
1002,36292946.71872601,40592448.339382276,4299501.620656267,0.2788035583639232,0.10605210024923269
1003,35735448.37038116,40052703.0506067,4317254.680225536,0.27458162731130975,0.10343281797993013
1004,36742338.93832321,41008627.469640985,4266288.531317778,0.2732346339478334,0.10959806022316196
1005,35962840.89110057,40389645.81848367,4426804.9273831025,0.281000521643909,0.11072300723476572
1006,36286815.27021629,40599331.24642543,4312515.976209134,0.2746720481241065,0.10217834721049499
1007,36318078.928625494,40572000.42623477,4253921.497609273,0.26082910459766706,0.0929490898305947
1008,36390060.37422802,40674787.725490764,4284727.351262741,0.26522504165876243,0.09894198261291376
1009,36744437.5816451,41119534.796763144,4375097.215118043,0.2739785918850937,0.10690891641248064
1010,36092101.40336981,40548455.85016252,4456354.446792714,0.27577168705403704,0.10432302745989015
1011,36739701.30812057,41099924.86621189,4360223.55809132,0.281113590211479,0.11979262876467481
1012,36511377.749086775,40846226.302926734,4334848.553839959,0.2761665686139819,0.10494685343067105
1013,36366114.50423471,40705449.91566018,4339335.411425471,0.27394357657885976,0.10725210043849795
1014,36862205.68006039,40997605.24686109,4135399.566800706,0.2739179207994945,0.11206640865219061
1015,36918669.312000744,41499143.91420282,4580474.602202073,0.29045042905806734,0.12031610230257242
1016,36934073.54920204,41388588.862241834,4454515.313039795,0.2786895827570682,0.10943192201929042
1017,36341004.478824824,40626513.15451025,4285508.675685428,0.2786378181400173,0.11413846111010527
1018,36549399.99828326,40957869.71003171,4408469.711748451,0.27770759938225215,0.11074629099813607
1019,36481411.32266576,40875333.29197873,4393921.969312973,0.27965805083953715,0.11562917475608511
1020,36147983.86085947,40443012.25591122,4295028.395051755,0.2792975517965838,0.11061935926491073
1021,36486318.313556924,40722638.94425406,4236320.630697139,0.26759769909310727,0.09675229654427363
1022,36999455.24748917,41286603.79301059,4287148.545521423,0.280515327390043,0.11565271596669256
1023,36480722.10865759,40790111.72244166,4309389.613784067,0.2674346589926313,0.10183787536126275
1024,37069820.447418794,41274656.097596176,4204835.650177382,0.27175405019378734,0.10670046866642457
1025,36332220.760345034,40561432.802427,4229212.042081967,0.2656750894475315,0.09928489556448947
1026,35916293.854092814,40194174.53728939,4277880.683196574,0.26607356667302434,0.1009131538020447
1027,35563804.42100278,39637423.869692825,4073619.448690042,0.27829561517419893,0.11741890069079716
1028,36731311.06150063,41113377.69400248,4382066.632501848,0.27235724179814436,0.10635614146052834
1029,36484216.094523735,40985462.65170709,4501246.557183355,0.2787291763594184,0.10847577266378552
1030,36610302.20581349,40889373.24829486,4279071.04248137,0.27199958082523146,0.10920543842981666
1031,36303948.13813159,40606789.407588944,4302841.269457355,0.28039403140602204,0.11452815886193823
1032,36841150.049944684,41100761.35897473,4259611.309030049,0.2714162238613157,0.10349479292764123
1033,36328606.97860797,40665198.769355185,4336591.790747218,0.2795726832723211,0.11343006827851286
1034,35794152.47594595,40121466.66653638,4327314.190590434,0.279786049347387,0.11455368595980919
1035,36095244.87667978,40384112.9432607,4288868.066580921,0.2773519942366325,0.10828640721210464
1036,36303074.74251331,40676869.24991101,4373794.507397704,0.28455832776869927,0.11716870124767136
1037,36264304.67199129,40744336.865622446,4480032.193631157,0.27869686539335503,0.11337751090102678
1038,37109844.594255604,41445621.66071917,4335777.066463567,0.2758728491775925,0.10768317355538087
1039,36425695.365707144,40547905.6618977,4122210.2961905524,0.26474265019019144,0.09702443231769133
1040,36166502.37022848,40577574.52971577,4411072.159487292,0.2717389544353629,0.10085488332211832
1041,36698402.717977434,40653196.65422467,3954793.936247237,0.26206062707706845,0.09769024017387386
1042,36583194.31508779,41151335.55556865,4568141.240480863,0.2817691707061004,0.10679161120290302
1043,36820668.65911564,41160597.74175918,4339929.082643539,0.28049562619749335,0.11599152241351543
1044,36646459.975005716,40805365.9372261,4158905.9622203857,0.27235249676797657,0.10899259844314138
1045,36133012.98005892,40267088.147829324,4134075.1677704006,0.2696446826553046,0.10247780481934611
1046,36420499.94839687,40668850.420358114,4248350.471961245,0.2731290155894037,0.1055361589085911
1047,36209722.983917944,40392895.46573945,4183172.481821507,0.26431041162333163,0.0959114932457086
1048,36231463.37240147,40682233.18352948,4450769.811128013,0.2843350527967024,0.1173468046264237
1049,36114671.29006746,40372982.504224755,4258311.214157298,0.2869541818098258,0.11793182965097276
1050,36561051.83186131,41022706.36002183,4461654.52816052,0.28441690149278903,0.11780884601281454
1051,36834804.4851532,41277993.953884736,4443189.468731537,0.28659033830182346,0.1149487611268104
1052,36193437.8695269,40451130.4319396,4257692.562412702,0.26608399172825625,0.09454880814802002
1053,36412483.353461556,40577885.547274224,4165402.1938126683,0.2726970220243909,0.10642378605994708
1054,36233532.2788869,40583337.60109043,4349805.322203532,0.28181080759484683,0.11322244724308654
1055,36710047.885962985,41036121.101699084,4326073.215736099,0.28274274183714376,0.11750873215359349
1056,36109269.609069675,40224397.18701239,4115127.577942714,0.264466864780133,0.09983668847299743
1057,35636787.59643963,39614756.4303815,3977968.8339418694,0.2680079006025383,0.1040570043894469
1058,36999591.50017959,41279415.4720046,4279823.971825011,0.28188405294825786,0.11733251895672579
1059,36100898.392486796,40488254.00868175,4387355.616194956,0.2730066660738025,0.10004533340912646
1060,36837500.1033344,41128046.95665711,4290546.853322715,0.26542907742276656,0.09486557349819841
1061,36788290.53476037,40960081.82382833,4171791.2890679613,0.27396334859887983,0.11322315926703082
1062,35988382.64171101,40407970.18244465,4419587.540733635,0.26811024449310916,0.09527907714710314
1063,36607242.93284367,41149854.11737492,4542611.184531249,0.2745667270177919,0.10463909381221882
1064,36324669.0455837,40688835.390475154,4364166.344891451,0.27186137339648636,0.09990496264382047
1065,36605598.49716953,40983990.691846445,4378392.194676913,0.2804332337198188,0.11189398086329545
1066,36580732.745261304,41061799.18732907,4481066.442067765,0.2728113829810672,0.10226457923310996
1067,37127356.46827206,41407126.803518236,4279770.3352461755,0.27622051061609926,0.10777306195956442
1068,36073363.064049564,40229342.72099879,4155979.656949222,0.27168508343116654,0.10506440591070726
1069,36352928.36681366,40753794.622025736,4400866.255212076,0.2863224550849214,0.12333966529777694
1070,36455293.68743414,40633775.10302066,4178481.4155865237,0.27475117352343675,0.10784837649826176
1071,36470004.98139317,40852258.448914364,4382253.467521191,0.2771368671384124,0.11317185802682427
1072,36181003.866124906,40359077.56907454,4178073.7029496357,0.2721676380399418,0.11032922212191784
1073,36289149.3978583,40617939.74957446,4328790.351716161,0.27054781410776924,0.10215565712106162
1074,37122437.47557742,41585759.00210557,4463321.52652815,0.27355454275712826,0.10602488309541003
1075,35814991.2221164,40131772.47882742,4316781.256711014,0.26875352184590945,0.09915274443388251
1076,36504608.65331984,40773937.07282707,4269328.419507228,0.2669927636183111,0.10135146316612667
1077,36160839.37106554,40456245.9175549,4295406.546489358,0.2679067070352685,0.0943746740311677
1078,36433723.155460484,40643431.33072239,4209708.175261907,0.2749123129507381,0.11291523324588738
1079,35934474.42494325,40389684.68184798,4455210.256904729,0.27236900043057094,0.1023700844222708
1080,36937978.18297805,41390319.1697902,4452340.986812152,0.2767758996397624,0.10755867314883928
1081,36541965.39093867,40902251.360390455,4360285.969451785,0.28493490155554707,0.11188599625933049
1082,36638708.21938802,41020881.26878389,4382173.049395867,0.27403027427949456,0.10656688851888209
1083,36459145.89282219,40656069.16219185,4196923.269369662,0.27145339682857705,0.10046036958936765
1084,36069216.729836464,40186003.61667828,4116786.8868418187,0.27027316849716526,0.10523654104847009
1085,36710325.749835216,40973682.93321853,4263357.183383316,0.2734527734307646,0.10710202104245473
1086,36464952.54213321,40675547.29587635,4210594.753743134,0.2756676960741905,0.10666874948575625
1087,36563337.18602282,41063256.695990436,4499919.509967618,0.27982369117777167,0.10943089283154442
1088,36512127.270957425,40638442.676231354,4126315.4052739292,0.27221607433335104,0.10557629508463626
1089,36791115.80906461,41144662.27970095,4353546.470636338,0.27007511766243886,0.10006412885536525
1090,36111326.86270861,40345372.09943433,4234045.236725718,0.27569261486590996,0.10868576095461312
1091,36027890.179645896,40268467.80901587,4240577.629369974,0.27684908013847204,0.11267658335958841
1092,36645458.32558054,41113691.58506855,4468233.259488016,0.28001406211715896,0.10718172093117104
1093,36915915.15041555,41357827.85465845,4441912.7042429,0.2833175624582405,0.12002900456520742
1094,36580106.89510836,40868655.47133306,4288548.5762247,0.27246223033469524,0.10491004516514708
1095,36066615.68530782,40431889.48387156,4365273.798563734,0.27589666654503037,0.10173468952019007
1096,36868608.748484306,41244993.381298706,4376384.6328144,0.27230404138794595,0.1001590320801976
1097,35829164.39861581,39953029.52732885,4123865.1287130415,0.27127196404759696,0.10384666240786537
1098,35939186.50814253,40063507.84297822,4124321.334835686,0.26794235207176237,0.10315014323026044
1099,35983183.1860757,40123440.39057277,4140257.204497069,0.26254148689127016,0.09381726362338569
1100,35833576.388548814,39999477.805820614,4165901.4172718003,0.27534837760298997,0.10680436937415587
1101,36670694.07372017,40993751.622694865,4323057.548974693,0.27045870802078587,0.10565086997479618
1102,36423131.350087866,40759743.89567472,4336612.545586854,0.2744288777907363,0.10923977692378695
1103,36186769.78740394,40580179.1678023,4393409.380398355,0.2728378120912963,0.10440105716438523
1104,36142083.68514863,40253448.50059646,4111364.815447837,0.27226060098872257,0.10470717471234361
1105,36788326.51956865,41235374.89261733,4447048.373048678,0.2760986329688731,0.10933151226799323
1106,36069168.785399154,40464438.286961,4395269.501561843,0.2697520978808745,0.09678344537265297
1107,36979812.242393315,41216967.46910195,4237155.226708636,0.26953008682384716,0.1026974545016959
1108,36540310.98087976,40782465.151096106,4242154.170216344,0.2675674642014913,0.1015017911260663
1109,36496970.733990975,40911640.53568238,4414669.8016914055,0.28203637790509745,0.11523206672685954
1110,36069117.57117781,40374645.36028673,4305527.789108917,0.2762514097551891,0.10500329458966197
1111,36377892.62684599,40649563.88357465,4271671.256728657,0.2758441322032543,0.11176188409168805
1112,36619858.489789054,40811821.298915006,4191962.8091259524,0.2707210371660266,0.10330103883004595
1113,35977746.26264632,39991794.56379274,4014048.3011464253,0.26170309611567255,0.0958252084076955
1114,35636406.4524164,40016900.11246493,4380493.6600485295,0.2748509930222913,0.10149324790229211
1115,36825431.859075844,41348145.58039765,4522713.721321806,0.27925879485682875,0.10868861367649837
1116,36091918.40745478,40464903.17337619,4372984.765921406,0.282617106225793,0.10989810676078486
1117,36391382.4949891,40641942.20862228,4250559.71363318,0.2734535203745761,0.10865392225786191
1118,36583479.783724666,41178259.00936078,4594779.225636117,0.27670741356565176,0.10794198350696044
1119,36521050.60411396,41040229.7402163,4519179.136102341,0.27732460395446545,0.10409064065574117
1120,36457577.57119599,40817576.44357324,4359998.872377247,0.26261289921477454,0.09475670250080685
1121,36405346.439046375,40807536.10717567,4402189.668129295,0.28269805155181943,0.11113592409397592
1122,36404320.04013513,40664075.87273912,4259755.832603991,0.2613567336366215,0.0924925518489594
1123,35968104.82786798,40237039.95358626,4268935.125718281,0.2744270276822246,0.10610949104833632
1124,36565297.91434771,40875971.84813818,4310673.933790475,0.2693699058924774,0.09966660178896822
1125,36566280.20170083,40955971.83308226,4389691.63138143,0.2792992197736842,0.11572608003656393
1126,36806065.86230633,41129425.20804828,4323359.34574195,0.2730895506393954,0.10812016537583484
1127,36286380.15408522,40694154.894485615,4407774.740400396,0.27611203748093993,0.10851241625649936
1128,36341491.631732315,40649293.43150287,4307801.799770556,0.27916882359581113,0.11317754822114727
1129,35425136.419762194,39665471.51174797,4240335.091985777,0.27447140061948433,0.10500224420165885
1130,35709298.948678814,40083665.62865171,4374366.6799728945,0.27462665877107834,0.10316082988243522
1131,36190931.17786424,40429075.4148683,4238144.237004064,0.26237362907117634,0.09704395144496354
1132,36124789.79910473,40593205.26048925,4468415.46138452,0.2801350538378762,0.11085333822340494
1133,36221437.3393717,40506354.58223769,4284917.242865987,0.2681120925943046,0.10247725006949031
1134,36455491.17511791,40766058.79605568,4310567.620937772,0.26720653573225156,0.10043662121121166
1135,36238345.107028656,40263200.48096603,4024855.373937376,0.275187106826755,0.11383289073388136
1136,36122037.01320764,40272654.3583464,4150617.345138766,0.26276537322126087,0.09596906697651406
1137,36283530.476181306,40657489.28206734,4373958.805886038,0.28297474934870576,0.11713280672125308
1138,36106661.74095156,40294749.659011565,4188087.9180600047,0.28136375895072924,0.11990999318194107
1139,36226536.91165113,40523749.38426726,4297212.472616136,0.27145163549399165,0.10190533677017848
1140,36488916.41995208,40855160.117715836,4366243.697763756,0.2764623136391908,0.10709126134182204
1141,36383547.607478246,40622413.0015797,4238865.394101456,0.28114615083020333,0.10877959163218633
1142,36561109.219958186,41021473.39707573,4460364.177117541,0.2732800727622033,0.10250208744426596
1143,36528066.35254119,40832284.59022003,4304218.237678833,0.26948673463219364,0.10101728860265526
1144,36370059.2720973,40510852.28565891,4140793.013561614,0.27544079126221954,0.11005995790240049
1145,36383750.23038652,40895845.147783734,4512094.917397216,0.2844049595645186,0.1116718348523241
1146,36126849.07488786,40608203.63282992,4481354.557942063,0.2813550761594287,0.10360391212893952
1147,36538189.794456296,40942689.23374625,4404499.439289957,0.27436411989460574,0.10864098533396027
1148,36367861.387507714,40755196.15988563,4387334.772377916,0.27202446985345613,0.10062799506636835
1149,36106978.243196666,40509490.43414244,4402512.190945774,0.2811955965394267,0.11225468063445575
1150,36419298.95048678,40653578.27595277,4234279.325465992,0.2716113841226246,0.10808842831172961
1151,36905600.32472332,41174027.65865633,4268427.333933011,0.2658925945778813,0.09888700713209324
1152,36291847.714264475,40516072.09573701,4224224.381472535,0.27382624408953493,0.10484289264308778
1153,36264610.26340267,40565001.71054684,4300391.447144173,0.27124161340640607,0.09623243922794081
1154,36342926.16056282,40574986.57095979,4232060.410396971,0.2790256937938245,0.11472715868052019
1155,36698381.50949082,41322757.96500658,4624376.455515765,0.2844858204824219,0.11214377583182807
1156,36133546.39087698,40437258.44208549,4303712.051208511,0.2739006974926865,0.10445996053765753
1157,36332976.39690265,40553705.97812678,4220729.581224129,0.26692260410736734,0.09649145320555709
1158,36290287.11765947,40846588.38689932,4556301.26923985,0.27567495789408875,0.10641665303424287
1159,36047928.693286,40231676.50741411,4183747.8141281083,0.27636933184602647,0.10819715954331616
1160,36414739.93629012,40723316.59180633,4308576.655516207,0.2621956671762502,0.09674175057810933
1161,36130377.709593184,40640497.49549248,4510119.785899296,0.2717845244965071,0.10224351515278025
1162,36134045.06888717,40385533.83189425,4251488.763007082,0.27155897033502113,0.10770357993537802
1163,36719229.341742896,41046009.48703979,4326780.145296894,0.26451295858472224,0.09529269615532601
1164,36390759.29753403,40599351.39309012,4208592.095556088,0.25965642237500325,0.09421676741834097
1165,36483304.471185684,40797435.19050522,4314130.719319537,0.2735352009809676,0.10408712432742737
1166,36419966.186490774,40519497.720377654,4099531.5338868797,0.27207908505350714,0.10781082942959926
1167,36009204.45221423,40251074.047179125,4241869.594964892,0.2711119541050289,0.10603345241214338
1168,36049469.20801111,40174075.362749204,4124606.154738091,0.2776884226630045,0.10912190932827533
1169,36250645.18123688,40684574.656930104,4433929.475693226,0.27793046318223136,0.10806130706745742
1170,36746841.138530135,41264041.03167314,4517199.893143006,0.28175436814583155,0.11596774431465434
1171,36808495.20157754,41027154.5453959,4218659.3438183665,0.27907683295466973,0.11723905941782815
1172,35604765.95742832,39861587.511318386,4256821.553890064,0.28295884698427043,0.11502143087820105
1173,36218818.20211683,40320127.464818366,4101309.2627015337,0.26803667466599773,0.10172112041473472
1174,35682526.57950405,39841485.2040836,4158958.624579549,0.26272052319369643,0.09534115803967473
1175,36326213.17324171,40684354.747840285,4358141.574598573,0.27727547669414315,0.10524366694917361
1176,36846531.55816697,41376137.25550111,4529605.697334133,0.28072544817516554,0.11483488419725335
1177,36791220.924770296,41123630.89244917,4332409.967678875,0.27265149365014285,0.09981435204638518
1178,36176785.07854667,40252152.334653676,4075367.2561070025,0.2793846696984134,0.11616886405515824
1179,37229834.85778473,41529485.66205535,4299650.804270618,0.2764502280641034,0.10864059813260579
1180,36419230.35819567,40645096.20978505,4225865.851589382,0.2813139260508168,0.11987028048701938
1181,36720173.93641193,40865816.19147917,4145642.2550672367,0.2738675714692485,0.1068261356036736
1182,36017177.94979483,40413054.84079762,4395876.891002789,0.28359855853431754,0.11678151134506083
1183,36608428.97966097,40632509.56528893,4024080.585627958,0.2707896827469211,0.10773059535878454
1184,36230661.3689501,40627106.058861755,4396444.689911656,0.2773528004397438,0.10773663639061608
1185,36442099.01143746,40756082.88130969,4313983.869872227,0.28142325315650707,0.11403231376764278
1186,36085974.82084895,40390629.08882527,4304654.267976321,0.2759346546767817,0.10755712988936969
1187,36504524.1195129,40816562.03336036,4312037.913847461,0.2742123011552367,0.10621902643589246
1188,36596565.43195908,41028327.639649235,4431762.207690157,0.28278285778672047,0.11363826178773405
1189,35853027.09684464,40201380.201535664,4348353.104691021,0.2764959635580532,0.10633792985896295
1190,36725785.12706785,41135837.17877725,4410052.051709399,0.28939810859452636,0.1179755572692323
1191,36565030.23848172,40792711.12548693,4227680.88700521,0.27175594268767317,0.10804914053957101
1192,35837170.97538828,39867422.28820718,4030251.3128188998,0.2649908293039202,0.10073066449461868
1193,36284276.910838336,40571726.53182038,4287449.620982043,0.27336741417942817,0.11087484297141958
1194,36479136.72947708,40864472.63176819,4385335.902291112,0.26063825867378004,0.09182529599800712
1195,36135667.534693405,40439468.775737554,4303801.241044149,0.2787742429498263,0.1085666969658778
1196,36974872.67886425,41491329.39665965,4516456.717795402,0.28027790507935585,0.11552202875465452
1197,36640884.992564164,40877248.72718359,4236363.734619424,0.28751409474506723,0.1191535978164541
1198,36170581.16540553,40347823.28062926,4177242.1152237356,0.2779297799073493,0.11631173785517598
1199,36169450.4404828,40411625.30411949,4242174.863636687,0.2687488400723826,0.09889269197793402
1200,36585865.57587543,41070145.73316147,4484280.1572860405,0.28667160037321254,0.1167053153737072
1201,36084808.85566304,40484223.6452142,4399414.789551161,0.2724388275710927,0.09957252041679532
1202,36268050.77147284,40507090.85940128,4239040.087928437,0.2692898113349594,0.10248734582877311
1203,36255632.96712634,40546734.33686778,4291101.36974144,0.26886854090928175,0.1002938973937408
1204,36339445.943581216,40762596.7111136,4423150.767532386,0.277492482376776,0.10884876631069156
1205,37048233.66953434,41485784.24666344,4437550.577129096,0.27408699846541235,0.10493678787824665
1206,36409987.55453333,40605632.967286125,4195645.412752792,0.2748812197343286,0.11031767841042997
1207,36030959.58914097,40318475.395371914,4287515.806230947,0.2741511416295023,0.10550993879102248
1208,36383741.990987584,40681184.859928906,4297442.868941322,0.2703852799421606,0.10492657363390707
1209,35947850.71233177,40344154.82262345,4396304.110291675,0.2771962056014749,0.10774147286505208
1210,36793753.31735775,41272781.473935224,4479028.156577475,0.28251724842900144,0.11870094108560128
1211,36448741.964702174,40729023.85155903,4280281.886856854,0.27670943530788256,0.10805192814640999
1212,36213030.54177543,40655996.769482136,4442966.227706708,0.2714745495988106,0.10241606556691198
1213,36394831.19323665,40556355.22651957,4161524.0332829207,0.2726281853360486,0.1115751572494979
1214,36083734.011813655,40363052.585047655,4279318.573233999,0.27362023561985876,0.10671039224708245
1215,36897748.31254845,41307150.39098385,4409402.078435399,0.2875932306811692,0.11882265776409459
1216,36410491.96707811,40861296.885302074,4450804.918223962,0.275767095927424,0.10891954299847363
1217,36404034.935273245,40751726.312283374,4347691.377010129,0.27818462785318,0.11401981867351811
1218,36671859.36926328,40843529.43294052,4171670.063677244,0.2773301883111874,0.11031415971036626
1219,36248981.299194805,40431923.96182677,4182942.662631966,0.27103413966453477,0.10473502971932229
1220,36461118.46807436,40639120.798856065,4178002.3307817057,0.28003395227364963,0.11677632118730985
1221,36985714.97652118,41296628.7953496,4310913.818828419,0.2851651881806395,0.11621074731092068
1222,36514856.79805656,40954849.96938947,4439993.171332911,0.28203108685072786,0.1085512868010943
1223,36674238.21440984,41024559.65519071,4350321.440780871,0.2784484678844344,0.10993319650256476
1224,36643039.946125895,41008192.836795785,4365152.89066989,0.271588700336598,0.10197225078710905
1225,36831962.74624027,41315778.13444537,4483815.388205096,0.277836108384208,0.10949923738852659
1226,36372601.79561628,40548296.1503852,4175694.3547689244,0.27604164218645066,0.11094498596625167
1227,36206558.26712496,40425452.69700953,4218894.429884575,0.26709162580272344,0.09975910331951518
1228,36462144.85478642,40835304.911793895,4373160.057007477,0.27460436469992555,0.10606091564054528
1229,36328974.136698246,40698257.913642615,4369283.776944369,0.27600672301198886,0.10551652031750473
1230,36634295.10470738,40852966.81389408,4218671.7091866955,0.27651491814583673,0.11202242724098542
1231,36056760.076673776,40389368.746559106,4332608.66988533,0.2683588035787268,0.09816450045996819
1232,36769422.58970235,41137688.218982995,4368265.629280642,0.27558239240053356,0.10943442314705466
1233,36343775.45186465,40552475.89660161,4208700.444736958,0.28293122392551245,0.12061313866985741
1234,36582702.98294366,41080792.32570952,4498089.34276586,0.28125276483234746,0.11495704465642997
1235,36154166.15608786,40412088.30641183,4257922.150323972,0.2775829043088511,0.10916971808324
1236,36255443.13810579,40628585.653339386,4373142.515233599,0.2781445174877005,0.10554987538287983
1237,36311515.06892496,40734292.509883314,4422777.440958351,0.27534642398643844,0.09929348661549048
1238,36384244.05408012,40803426.619802974,4419182.565722853,0.2738731427016213,0.10089861551172499
1239,36580253.0419276,40984346.189324126,4404093.147396527,0.26549547969728987,0.09314576723096213
1240,36426113.37544793,40774176.04746824,4348062.672020309,0.27339043326526424,0.10841899678327803
1241,36669490.05041677,40803722.55469375,4134232.5042769834,0.26908493943375383,0.10555132679198702
1242,36400800.72908275,40901782.09894483,4500981.36986208,0.27706003562612064,0.10434030015362103
1243,36374721.8648826,40835630.93016346,4460909.065280855,0.2749849694962262,0.10773157563896187
1244,36567665.29099976,41004413.69400479,4436748.403005026,0.27799371331352035,0.1047827798903042
1245,36517197.73587157,40958488.76056369,4441291.024692118,0.28144230633265893,0.11598461305651954
1246,36347564.93953907,40755057.16505714,4407492.22551807,0.2878653435534526,0.11795915847750305
1247,36483922.293488316,40790038.61482925,4306116.321340933,0.2769813919689689,0.11107130075056294
1248,36508003.73791169,41065154.495902404,4557150.757990718,0.2707969465098225,0.09580128560357846
1249,36522304.09294313,40840285.07546387,4317980.982520737,0.2617280971267585,0.09308139457480705
1250,35851660.982815824,40334484.56732703,4482823.584511206,0.27569121584725503,0.10252954103197282
1251,36525059.10997698,40571591.4737883,4046532.3638113216,0.2693180851154057,0.10319944955875109
1252,36120507.29744032,40381510.431759626,4261003.134319305,0.2676801070948284,0.09700015283381198
1253,35989057.7852287,40295357.033350214,4306299.248121515,0.2714997661179649,0.10476911281071621
1254,36068234.7289803,40397252.22394939,4329017.494969085,0.27200971021132797,0.10009303269467261
1255,36299565.697533876,40625918.387565285,4326352.690031409,0.27175107121590836,0.10125070288139694
1256,36444573.093892455,40503312.37226179,4058739.2783693373,0.2647287540691083,0.10191598174639006
1257,36658494.858762346,41042594.67205711,4384099.813294761,0.2706653667247915,0.09859975148082036
1258,36195697.696226396,40527911.34234059,4332213.646114193,0.27089633370590077,0.1049080193091889
1259,36227001.84493041,40589508.28903936,4362506.444108948,0.27426167861778544,0.10312380335475799
1260,36165404.613856584,40605731.29776492,4440326.683908336,0.2792834417784083,0.1071692003694037
1261,36444376.08167869,40679235.03173941,4234858.950060718,0.2708908718659268,0.10152598895231905
1262,36762131.16664033,41179236.56220783,4417105.395567507,0.27573225354317793,0.10483306741297022
1263,36825009.01459588,41260731.35902413,4435722.344428249,0.2811594935588365,0.10707942054375215
1264,36279197.55232395,40495444.736252055,4216247.183928102,0.26747254377565516,0.09778838296879387
1265,36186557.38032712,40386969.84616854,4200412.46584142,0.26861914513381124,0.0966209278470463
1266,36372119.61261267,40588036.799460694,4215917.186848022,0.2677166280385641,0.09764900169046416
1267,36231293.17189763,40562511.27193238,4331218.100034751,0.2729712297741538,0.10147772693216314
1268,36693847.2947527,41285826.887912296,4591979.593159594,0.28082412745465524,0.11002313176687707
1269,36657234.68785644,40971406.8006039,4314172.112747453,0.27315486306329906,0.10307011211631384
1270,36596277.39136426,41103885.41997622,4507608.028611958,0.27505092807087383,0.10823250450933303
1271,36485331.058320954,40619325.976737946,4133994.918416992,0.27163170747155474,0.11058958846743033
1272,36117212.794857524,40503428.751491815,4386215.9566342905,0.2846315671314498,0.11877137598010021
1273,36577931.858160205,40803058.50384701,4225126.645686805,0.2785783851805427,0.11442073833310587
1274,36591991.354159296,40900095.720920734,4308104.366761439,0.2766171726620734,0.11147471542065504
1275,36044444.56555606,40388290.02628525,4343845.460729197,0.2727517225507083,0.09917777253884809
1276,36081706.30294015,40317080.309062146,4235374.006121993,0.26690893486978456,0.1025911285179537
1277,36682302.35403158,41035995.00825262,4353692.654221043,0.26770954272613984,0.09728806120245068
1278,36431564.22074816,40613562.34699537,4181998.1262472123,0.2830737432970559,0.12149765374397554
1279,36469490.34178596,40692557.53305854,4223067.191272579,0.2695444478086996,0.09806215316287974
1280,36981738.51242777,41313870.39657878,4332131.884151012,0.28191334468967927,0.11736527403978084
1281,35966948.76418004,40282997.594381995,4316048.830201954,0.26878838866307453,0.09985495912624061
1282,36268704.972258486,40622881.8123334,4354176.840074912,0.2799003437591115,0.10919595658601428
1283,35514223.633086205,39828098.71076018,4313875.077673979,0.2716899812481578,0.10131697348400717
1284,36167564.97705588,40445244.881113105,4277679.904057227,0.2697422887866755,0.10515951306646952
1285,36464773.6537783,40749721.494809866,4284947.841031566,0.27226330462353465,0.10571989916660865
1286,36004982.03782723,40308236.86764454,4303254.82981731,0.2801579709866172,0.11370649713069142
1287,36560940.50910106,40845940.29776067,4284999.78865961,0.27719503127296063,0.10472588980862287
1288,36063588.68754339,40344780.74441632,4281192.056872927,0.2691045006174589,0.09689107885774066
1289,36719783.13951083,41057700.21069361,4337917.07118278,0.2726984295888499,0.1067054522474108
1290,37149628.08301971,41175397.51817467,4025769.4351549596,0.26547282690922647,0.10037058214498754
1291,36256883.28407349,40581344.23839555,4324460.954322062,0.27930762811950577,0.10771191023287444
1292,36284481.852902174,40337229.3549694,4052747.502067223,0.27334270586515363,0.10890232255312308
1293,36324282.16493949,40706721.99916738,4382439.83422789,0.27464940974705915,0.10437198530975068
1294,36408040.247108765,40547693.55839908,4139653.3112903163,0.2659999164075085,0.0995289196719001
1295,36215447.14422743,40521285.78372682,4305838.639499389,0.28045630586168896,0.11221937488407512
1296,36920674.62416713,41225245.16453173,4304570.540364601,0.28239426875778995,0.11454035896368595
1297,36126921.03425122,40504891.76464348,4377970.730392262,0.2763044044649709,0.10440478498814615
1298,36583241.92524981,40897962.21933009,4314720.29408028,0.2755572504917694,0.1118477763093232
1299,36006760.03846452,40352150.831473775,4345390.793009259,0.27305343511010305,0.1051009589686429
1300,36305071.969434604,40449268.80662986,4144196.837195255,0.2660942541877629,0.09545978049988299
1301,36571336.562089145,40754392.06091456,4183055.498825416,0.27558150997539677,0.11492470306863242
1302,35963478.27511501,40243555.519207984,4280077.244092971,0.2728392963722815,0.10252809394396843
1303,36276138.75447053,40547228.08707503,4271089.332604505,0.27324950550871613,0.11089548711962335
1304,36726671.335055195,41056666.00269329,4329994.667638093,0.26989053658126627,0.10400562528395368
1305,35934927.44987794,40265664.14789455,4330736.698016606,0.2649049013428959,0.09440675856457383
1306,36511639.63777107,40902280.5459101,4390640.908139028,0.279735991282743,0.114952731796769
1307,36677826.45210179,41075468.715191014,4397642.263089225,0.2807548910656609,0.11006724994740981
1308,36361518.559432365,40541141.60848668,4179623.049054317,0.27706438726772376,0.11227898245549775
1309,36710120.28090378,41026556.784690075,4316436.503786296,0.2779494811444214,0.11177863640920117
1310,36585531.25263236,41112026.47153661,4526495.218904249,0.27838760273240476,0.1068519936616086
1311,36599996.12037522,40991958.74920076,4391962.628825538,0.2795391974904793,0.11204555429684114
1312,36628340.48790109,40916940.90750288,4288600.419601791,0.2826310196030408,0.1163027789354844
1313,35703410.04314662,40154757.66031022,4451347.617163606,0.2775529852877852,0.1024949655893178
1314,36161796.47788528,40345807.09347871,4184010.615593426,0.27397824581499575,0.1081274109518528
1315,36217378.80934714,40325274.47256376,4107895.6632166207,0.27856442174859747,0.11438239945107559
1316,35966029.67217995,40237261.25220935,4271231.580029398,0.2780135508857257,0.10515837192420179
1317,36191031.937374294,40322230.99330219,4131199.055927895,0.27472886480629427,0.10649661707138436
1318,36334951.18158233,40704486.45845853,4369535.276876196,0.2768495228359565,0.11070570186854153
1319,35867707.003351495,40232515.29135434,4364808.288002849,0.2606033358702018,0.08877845607067264
1320,36038424.25366332,39977421.839141004,3938997.5854776874,0.2691577546963145,0.1080162939162984
1321,36910262.14887765,41174735.565610394,4264473.416732743,0.2797050153424669,0.11373298065564669
1322,37258143.07238875,41820382.15155828,4562239.079169527,0.2797679453594254,0.1080636296575221
1323,36163529.10917707,40426185.77098343,4262656.66180636,0.27986456675718874,0.11665031231150744
1324,36575759.82264605,40806378.08386341,4230618.261217356,0.27305923233261714,0.10712577085611837
1325,36677768.32827653,41029563.535873525,4351795.207596995,0.28178278679913005,0.11414539957360766
1326,36043879.28561613,40038875.474453,3994996.1888368726,0.27051143009258194,0.10721748509136751
1327,36618409.67038685,40922349.1524331,4303939.4820462465,0.2782571376095044,0.10969177043229154
1328,36646935.63703972,40930462.086079195,4283526.449039474,0.2699524839329565,0.10148271116819631
1329,36231917.15779325,40600065.11941073,4368147.961617477,0.27731094950247775,0.10670438705448426
1330,35723193.28151813,39904095.14485256,4180901.863334425,0.26794216210704713,0.10250297377719184
1331,36135877.70749417,40558700.46665379,4422822.759159617,0.27957700796048046,0.10682407545114823
1332,36347600.21995521,40492667.87654266,4145067.6565874442,0.27071525571365995,0.10177478659742492
1333,36427566.2678811,40665385.20897849,4237818.941097386,0.28085508897170564,0.1158603014980985
1334,36670221.44551572,41096691.99833956,4426470.552823842,0.28650807767410974,0.11902140388734507
1335,36688275.002319984,41019735.956558906,4331460.954238921,0.2770421073598232,0.10809975007350066
1336,36601711.08537787,41077294.17384369,4475583.088465817,0.2800753534299977,0.10863216584865584
1337,36135440.48084141,40536859.00046532,4401418.519623905,0.2818683427006011,0.11415634202909183
1338,36649332.078804396,41117962.30347482,4468630.224670425,0.27709317170087067,0.10996458178062118
1339,35770529.7485144,40060368.5815109,4289838.8329965025,0.26616880735487836,0.0935080052075654
1340,36672420.04264785,41008131.758193195,4335711.715545341,0.27924721483283604,0.11206196627154191
1341,36117592.76243238,40390518.58863566,4272925.826203279,0.26986182041585627,0.10654853589387196
1342,35799618.24069109,39946001.52294808,4146383.2822569907,0.2751145412236637,0.10856279005963469
1343,35811790.07297744,40203463.29580139,4391673.222823955,0.2797014123954999,0.1085677522277597
1344,36535633.74698492,40748133.74138679,4212499.994401872,0.26676974560665523,0.09884092741821122
1345,36106391.28347732,40320378.57120505,4213987.2877277285,0.279872364512465,0.10709603070996226
1346,36664789.75594926,40927871.17700848,4263081.421059221,0.2661992019177755,0.09686868090733505
1347,36831330.318895295,41139626.61449993,4308296.295604631,0.2780485859031958,0.11189933609912975
1348,36099408.06058164,40485937.02592567,4386528.965344034,0.2749106659695147,0.10430386630760932
1349,36384636.42331275,40793312.956284344,4408676.532971591,0.2812262071432283,0.10797501823724244
1350,36751320.73851125,41303338.169341266,4552017.430830017,0.2697183720189536,0.09260828290550271
1351,35705751.002977625,40116590.44303901,4410839.440061383,0.27143115309514526,0.10402404223295174
1352,37225489.7639184,41634611.9145528,4409122.150634401,0.2678617575103276,0.10700522802736694
1353,36490593.20747869,41018076.12556733,4527482.918088645,0.2882643457990738,0.11849807511233967
1354,36418151.979717515,40766794.82084398,4348642.841126464,0.2789146442202116,0.11013387110875336
1355,36210911.62838265,40418815.35421195,4207903.725829296,0.2864887459653619,0.11959420773841094
1356,35982330.98038691,40262794.61949937,4280463.639112458,0.2821536715061028,0.11597680522904608
1357,36620289.14053386,41017687.43828668,4397398.29775282,0.2773674077142625,0.11312428263285317
1358,36358665.68681827,40734657.976457335,4375992.289639063,0.2800077777213226,0.11180760085584145
1359,36377957.8562358,40704800.3097044,4326842.453468598,0.27560549123111006,0.1092783953016528
1360,37018415.52703757,41526594.375530444,4508178.848492876,0.28738071359356193,0.11615557035198977
1361,36811349.10068996,41064467.58989964,4253118.489209674,0.27925754030659644,0.11197469033970824
1362,36395044.84712282,40647676.25096199,4252631.403839171,0.2642592556564005,0.09303038657066595
1363,36042766.57816267,40296619.316026896,4253852.737864226,0.26907974595336137,0.1016354185617619
1364,36015590.906013526,40042243.31327957,4026652.407266043,0.27566194429245167,0.1154187370566309
1365,36649294.8616149,40950622.92836338,4301328.066748485,0.2739624519363149,0.10861898479426838
1366,36388804.540922284,40695120.117799185,4306315.576876901,0.2692731068853921,0.10157839619242257
1367,36648343.59318817,40993124.11045736,4344780.517269194,0.2672821534318857,0.09869262812117177
1368,36768431.8690681,41061074.959310405,4292643.090242304,0.2669566373337809,0.10430984065310948
1369,36510655.37051203,40795968.44396726,4285313.073455229,0.2778015864676774,0.11058678881732245
1370,36740456.246579565,41106105.28844855,4365649.041868985,0.2808824077639333,0.11261135239108849
1371,36270003.51667418,40615419.39987914,4345415.883204959,0.2723743174925076,0.10041880327931071
1372,36090080.02228678,40387111.69336282,4297031.671076037,0.27465810103441207,0.10389421994486034
1373,36456339.82974088,40751519.39470668,4295179.564965799,0.2768010784355898,0.11397128880119584
1374,36341851.66904929,40613524.904323794,4271673.235274501,0.27735025528994295,0.10672749242252595
1375,36305292.176005766,40455298.33339336,4150006.157387592,0.2673242061042582,0.10252798899317811
1376,36664266.41040684,40854795.531455874,4190529.1210490316,0.2721855751849536,0.10585045370350138
1377,36971456.39520865,41426778.32450827,4455321.929299623,0.282423157196156,0.11304974353908043
1378,36893952.47717061,41136886.79552374,4242934.318353131,0.2738140765078413,0.10926223186002426
1379,36235632.766503185,40463290.14136219,4227657.374859005,0.27664231598863137,0.10644283957172285
1380,35988426.293095976,40191406.22571486,4202979.932618886,0.26680854975294144,0.10143482119824668
1381,36554516.63442784,40851553.05854924,4297036.424121402,0.27744015729759597,0.10959674935425782
1382,36265697.95553479,40686901.58779693,4421203.632262133,0.27973558999769527,0.11125165792035908
1383,35982900.03868537,40295423.346234865,4312523.307549499,0.28093219818155984,0.10982429263921822
1384,36320200.546169795,40606779.43676168,4286578.890591882,0.2709180217340408,0.10190602225481697
1385,35835539.25730844,40257565.12887495,4422025.871566512,0.28736142017232835,0.12071467327846527
1386,36526690.260507576,40861405.98518831,4334715.724680737,0.2736922926285747,0.10674163743421293
1387,36449595.83335492,40735647.35317121,4286051.519816287,0.27696602441237433,0.10640437860876274
1388,36306603.719492234,40667300.37574553,4360696.656253293,0.27556510966281933,0.10672162207451391
1389,35767750.478590235,40190242.32641372,4422491.847823486,0.282247355292059,0.10898638409556156
1390,36328278.85909734,40587624.31335659,4259345.454259254,0.26865485688688,0.09777074591826486
1391,36039264.183962755,40216276.162349425,4177011.9783866704,0.2791874159908937,0.1180411594768421
1392,36551622.66382461,40932000.956120126,4380378.292295516,0.2780510149775988,0.11020497480655651
1393,36767193.69495613,41075405.17318223,4308211.478226095,0.2680714155965749,0.09986970607349398
1394,35984069.59062542,40434587.22637202,4450517.635746598,0.2802767454105817,0.11221517965854615
1395,36535783.66743931,40774700.282836825,4238916.615397513,0.2746512927381668,0.10758034052526058
1396,35876168.58286154,40390004.36319559,4513835.780334048,0.273154234141623,0.1028220880900501
1397,36648155.61581991,41116300.06406382,4468144.448243909,0.27748614145988093,0.10524472246333413
1398,36179982.83805615,40545924.877217665,4365942.039161518,0.26873532491088853,0.09831843932982758
1399,35860670.397660986,40241238.63189712,4380568.234236136,0.2845653877338531,0.11828540631954872
1400,36239211.174865305,40635096.99205986,4395885.817194551,0.28423351305658806,0.11883997048683026
1401,36306348.861939184,40578818.91105129,4272470.049112104,0.2806941404316243,0.11549211377718965
1402,36159600.12016139,40325202.32618882,4165602.206027426,0.27567483364773204,0.10589603716756557
1403,35905647.058357134,40085521.21191743,4179874.1535602957,0.2722156689139372,0.10801841556374976
1404,36941062.959955186,41274952.25811812,4333889.298162937,0.27630077529543107,0.10566321171588033
1405,36212617.67348583,40380785.22417174,4168167.5506859124,0.2775691259711748,0.11358248524740697
1406,36064102.72709305,40399962.6165572,4335859.889464155,0.27556424763147414,0.10358709583592308
1407,35718930.8175966,40005506.810107134,4286575.992510535,0.2681633614584233,0.09821278707965192
1408,36449666.3884184,40923984.7830281,4474318.394609705,0.2802578119841129,0.10659121043161754
1409,36369759.33350322,40784141.152196184,4414381.818692967,0.27707588856972515,0.11106652001733273
1410,35958100.43124387,40325044.07985826,4366943.648614392,0.2677941032823161,0.09850775577267162
1411,36329896.30772864,40849237.89981103,4519341.592082389,0.28291854624562107,0.11521020773508196
1412,36608371.487652875,40942829.89206608,4334458.404413201,0.2703301271891366,0.10650636747103558
1413,36522928.94122927,40901384.829964295,4378455.888735026,0.27929106326790515,0.11196694049757386
1414,36191525.004271984,40464900.721796066,4273375.7175240815,0.27621838662391035,0.10906141828807607
1415,36701193.07638556,41103374.43550192,4402181.359116361,0.27496966263846756,0.1060208224390853
1416,36808345.52883213,41156217.01173194,4347871.482899807,0.27182541340813626,0.10706698185859138
1417,36486182.6986392,40779834.504502565,4293651.8058633655,0.2748101644687111,0.1101822324316042
1418,36411727.16911918,40539603.4707879,4127876.3016687185,0.2720163043300585,0.10981205903253395
1419,36189163.43102905,40401827.30504512,4212663.874016069,0.26851893351332273,0.10085699424714825
1420,36829495.14183574,41034535.0143561,4205039.872520357,0.27832470884094435,0.11594843433791191
1421,36183479.709067166,40648386.20903581,4464906.4999686405,0.27740918094181116,0.11044952088240213
1422,36554119.29889256,40736666.7684835,4182547.4695909396,0.2779884227667709,0.1149143920094437
1423,36147693.81432782,40432655.825352296,4284962.011024475,0.2665627744720083,0.09854733687030763
1424,35909259.38469055,40205786.53813751,4296527.1534469575,0.26405480384384666,0.09709476892421684
1425,36169748.2990349,40446993.805089176,4277245.506054275,0.2708833882294337,0.10441168347410121
1426,36445611.01680598,40675329.73448543,4229718.717679456,0.2773670446563336,0.10963175801157736
1427,36794912.76106812,41013485.552326925,4218572.7912588045,0.27494711651276443,0.1108814829062206
1428,36383594.75357815,40833509.143343985,4449914.389765836,0.26774135372974683,0.10073269224815662
1429,36298711.755070895,40644365.56999481,4345653.814923912,0.2775863450030673,0.10747695819729387
1430,36095220.64950596,40488018.123738825,4392797.474232867,0.2769421216755832,0.10653093732429368
1431,36056512.86815876,40299859.366413675,4243346.498254918,0.26979090276558315,0.10199586168908029
1432,36341747.37643605,40565101.432660714,4223354.056224667,0.2793740793554009,0.11189132861519484
1433,36130523.84408682,40418372.683153346,4287848.839066528,0.28046783246095613,0.11617917009375847
1434,36594641.7601718,40990548.86307553,4395907.102903731,0.2784500843575796,0.11124860112290083
1435,36072223.56459432,40251466.83616191,4179243.2715675905,0.27220360450056713,0.1072304203309308
1436,36400842.43467833,40797299.79085592,4396457.356177591,0.2817587889999222,0.1135348319710763
1437,36635680.00280623,41186413.32330883,4550733.320502602,0.2759388643338268,0.10867252497798346
1438,36741292.7129631,40889089.09104368,4147796.378080584,0.268396122554722,0.10593743836850598
1439,36276528.694220535,40702286.95248755,4425758.258267015,0.26850898809141494,0.100911476810579
1440,35875538.4344379,39970014.015626416,4094475.581188515,0.26577719443270653,0.09961091732830644
1441,36447115.040047005,40676500.86404957,4229385.824002564,0.2729785272148564,0.10011976673528157
1442,36107015.17974052,40266487.67874465,4159472.499004133,0.2724712818604204,0.10838018265401814
1443,36341997.965129085,40638632.6876129,4296634.722483814,0.2682889253940785,0.09672100096593153
1444,36646916.686241806,40873648.40552341,4226731.719281606,0.26790735834802654,0.10012763574876313
1445,36187704.665764086,40583911.685938425,4396207.020174339,0.2761586461752464,0.11276382827865666
1446,36451314.925682396,40631781.13796683,4180466.212284431,0.26877331987284514,0.10041145700180085
1447,36242182.11481974,40451472.62769219,4209290.51287245,0.2742673354509184,0.1020480189697613
1448,36173709.24795464,40398273.97359033,4224564.7256356925,0.2760899158852275,0.10992354570496297
1449,36589900.292055264,40884069.26588607,4294168.973830804,0.26911944890701656,0.10261736004649823
1450,36195705.12176343,40226697.18468923,4030992.0629258007,0.2737787050525766,0.11244123837577331
1451,36855004.28570968,41138801.810915686,4283797.525206007,0.2724706420434682,0.10357088478962459
1452,35852084.78949763,40175752.45352102,4323667.664023392,0.28074661866589123,0.10586099137449029
1453,36499591.19418493,41136914.556281984,4637323.362097055,0.2803546749670529,0.10750722522375794
1454,36408705.895249024,40679418.212198704,4270712.31694968,0.2730319893011202,0.10392335511739106
1455,36904707.97497441,41318491.06032437,4413783.085349962,0.28212618691000413,0.11479107659893793
1456,36221406.8149574,40434870.66070637,4213463.845748968,0.27638400948090824,0.1106995140347376
1457,37089223.83437736,41499200.372090496,4409976.537713133,0.27789892424638,0.10825597954674249
1458,36661584.02000302,40976393.13330636,4314809.113303341,0.2776478581726929,0.11053266451620129
1459,36664188.657749586,41018172.85196818,4353984.194218591,0.2724362890071839,0.10214887032874904
1460,36017345.919108585,40301202.56963622,4283856.650527634,0.28265052987551453,0.11096973148972815
1461,36860859.888196185,41198639.952894226,4337780.0646980405,0.2726583223503109,0.10272131681868266
1462,36554009.02242012,40764585.28842522,4210576.266005099,0.27345333652855736,0.11098658797259446
1463,36843608.85452431,41168151.21938813,4324542.36486382,0.2756421756536995,0.10581582849063936
1464,36489554.66083459,40813821.63045974,4324266.969625153,0.2697714816821913,0.10090963237352489
1465,36944941.80611155,41350080.85387439,4405139.047762841,0.28974712391964136,0.12093490364578258
1466,36659801.731640615,40851315.13221831,4191513.400577694,0.272001633316693,0.10419488414272544
1467,36211467.55653873,40344949.846685216,4133482.290146485,0.2821099779404414,0.11683767732537975
1468,36294787.420576036,40577847.982132226,4283060.56155619,0.2828565835541441,0.11227364450798699
1469,35891018.02584622,40258225.32775274,4367207.301906519,0.27369360967293654,0.10246125675345036
1470,36459605.0458595,40706979.50181463,4247374.455955133,0.2736360669772804,0.11171560720378183
1471,35733844.527503386,40156381.81597956,4422537.288476177,0.27421185615493376,0.10314841178705207
1472,36764242.62319847,41152653.91525387,4388411.292055398,0.28204891214422023,0.11516744123678829
1473,36521750.750293516,40782635.44564238,4260884.695348866,0.27001127797141367,0.10118889654103336
1474,36341476.54691869,40599433.59094235,4257957.044023663,0.2769950200213654,0.11351329279985788
1475,36505434.384899,40829784.2799245,4324349.895025499,0.27626679340215077,0.10964458237161445
1476,36793207.38828311,41134487.751387075,4341280.363103963,0.2767631032720847,0.1075444633518439
1477,36253869.06131197,40572973.20964282,4319104.148330852,0.27574736289293034,0.10308181585069008
1478,36618674.855510145,40970856.55613297,4352181.700622827,0.275957521002178,0.10730547129167732
1479,36705734.83368835,41254883.82533583,4549148.991647482,0.2783137054719175,0.10498124452271268
1480,36187389.75131594,40307891.48041922,4120501.729103282,0.28441710339696613,0.120119476180764
1481,36524054.85176124,40889089.12932254,4365034.2775612995,0.27277410638412447,0.10099733049190232
1482,36163461.809698544,40350944.95211166,4187483.142413117,0.26080424912288996,0.09238781947792486
1483,36412558.80612503,40597562.34194536,4185003.5358203277,0.2698356798859672,0.10922882980804767
1484,36104236.48534593,40309814.59403731,4205578.108691379,0.277420560441272,0.11252414080587471
1485,36564833.587497875,40986227.72820065,4421394.140702777,0.26781034836259243,0.0994909187613103
1486,37057184.574255735,41464078.72033519,4406894.146079458,0.28392932629385975,0.11665954803753004
1487,36212829.77603693,40557060.649089746,4344230.873052813,0.2700327723931281,0.10080028073167942
1488,35994658.68621623,40320538.523267366,4325879.837051138,0.27790905938190713,0.10635332266304326
1489,35895437.209621914,40183064.589115545,4287627.379493631,0.2772361759077167,0.11011108127552009
1490,36139797.76354378,40554243.09379603,4414445.3302522525,0.28585716559936303,0.12040569106036375
1491,36781702.56456652,41323052.26179162,4541349.697225094,0.2838545593257505,0.11557150445276843
1492,36619770.83126693,41067648.812154494,4447877.980887562,0.275041621644405,0.10407086186230095
1493,36279165.67823976,40690524.96782823,4411359.289588466,0.28051709628491,0.11137023932794678
1494,36341553.422101445,40583871.13605581,4242317.713954367,0.28920126031022825,0.12098468561470445
1495,36031696.71283907,40384510.67563724,4352813.962798171,0.2772698839059765,0.10546609318715633
1496,36495952.481674865,40854082.7935819,4358130.311907038,0.27455906178096806,0.10903155637078546
1497,36297286.77426926,40629307.615304776,4332020.841035515,0.2844857842817216,0.1170049390851877
1498,35852013.08276041,40157376.11394132,4305363.031180911,0.26597464247130564,0.09364790131122169
1499,37124159.96771367,41499132.46869097,4374972.5009773,0.27796369529927456,0.10901110858366066
1500,36483042.869789794,40784494.69320558,4301451.823415786,0.27473231906583223,0.10644902339795935
1501,37432036.869362116,41625541.3597198,4193504.490357682,0.26428550710313975,0.09679518726536007
1502,36513582.968684524,40714856.576837786,4201273.608153261,0.26861496525212397,0.10197916769870634
1503,36698763.651197255,40922385.79859419,4223622.147396937,0.2799764316888926,0.11954265306659748
1504,36470226.73356834,40744107.57570514,4273880.8421368,0.268506216233735,0.09950536517154461
1505,35847109.23621555,40058384.53971228,4211275.303496733,0.2699916274156255,0.10372728911332811
1506,36432462.26023382,40660222.04721017,4227759.786976352,0.2773808411495047,0.10916515350676004
1507,36315869.1896851,40547047.89424284,4231178.704557739,0.2728142174144438,0.10471832354605505
1508,35907318.150449395,40264789.66696973,4357471.516520336,0.2859565443253156,0.11329871611678768
1509,36626631.7658048,40864427.525215186,4237795.759410389,0.2742614076305839,0.10786384798113341
1510,36186390.14373902,40516593.176487066,4330203.032748044,0.27686316274359635,0.10560405945323403
1511,36396973.771039255,40666833.26902575,4269859.4979864955,0.2710466674505973,0.10564388116541738
1512,36359935.704154365,40493937.21531204,4134001.5111576766,0.27546223500053346,0.11215536348431618
1513,36658346.97513545,41026456.28435314,4368109.309217684,0.2759878827391843,0.10731276187265437
1514,36580704.02192553,40991355.05972074,4410651.037795208,0.28183026061351996,0.1156851267338582
1515,36540154.50436033,40872909.698513836,4332755.194153503,0.2759746958444833,0.10574925922396229
1516,36205242.252693176,40584612.148182556,4379369.89548938,0.279815140740322,0.11195921485601223
1517,36569992.65823513,40816047.273756064,4246054.615520932,0.2746750307413511,0.11071827886595358
1518,36414406.87422325,40765401.96178357,4350995.087560326,0.26504909170458996,0.09520513662115986
1519,36471380.10871314,40807709.83015558,4336329.721442439,0.27210845578181053,0.10466071268129579
1520,36125185.249321416,40446998.68314514,4321813.433823727,0.28837133270490073,0.12230154359690129
1521,36933113.375894226,41445902.15513458,4512788.779240355,0.27304332181464425,0.10044782532253367
1522,36686328.612984985,40944287.63756406,4257959.024579078,0.2783011923164657,0.11315336758924245
1523,36095878.84708888,40400051.69631629,4304172.849227406,0.2694351347131655,0.09638243483249521
1524,36474929.04574866,40833701.35741231,4358772.31166365,0.27482085308156257,0.10178101503446614
1525,36646756.088778526,40823552.913532,4176796.8247534707,0.27714466935497456,0.11694043583240704
1526,36499821.21659858,40599191.268245384,4099370.0516468063,0.2719916327817271,0.1079708155404521
1527,35978848.27188413,40298973.94859764,4320125.676713511,0.26894370261424344,0.09799980471504276
1528,36361206.654007584,40583624.43004205,4222417.776034467,0.2753541282623364,0.10704301960652107
1529,36687397.72962557,40970662.24325467,4283264.513629101,0.2688743553118727,0.09911606952393778
1530,36488726.327268936,40716073.77171965,4227347.444450714,0.27166281571510753,0.10585133858617711
1531,36371524.88234048,40744675.51681698,4373150.634476498,0.2781212682735297,0.10778860295991048
1532,35941798.34633644,40139988.43874166,4198190.092405222,0.27466736307727463,0.1055448215311339
1533,36341974.61503352,40824479.66418697,4482505.049153447,0.2752877727446825,0.10576480901570952
1534,36274328.9692072,40505239.71990213,4230910.750694931,0.27942444966691143,0.11246349943882779
1535,36120049.376821436,40465797.91970518,4345748.542883746,0.27207766536317624,0.10282062892860364
1536,36397633.693554334,40874480.43334681,4476846.739792474,0.2820468168543884,0.11432491073934731
1537,36501553.275210254,40744443.99360253,4242890.718392275,0.27284405845270776,0.10353311319747271
1538,36451095.84876147,40745620.06095144,4294524.212189972,0.2851111028623499,0.11860087734800027
1539,36441722.53961329,40862266.33596707,4420543.79635378,0.2758597097839549,0.11098875075222658
1540,36825474.71349416,41252771.12101569,4427296.407521531,0.2725236004444207,0.09885696191202539
1541,35944106.0592401,40325186.86384129,4381080.804601185,0.268406907451457,0.09618518119717448
1542,36638566.45846916,41095334.44533992,4456767.986870758,0.27617467554452146,0.10767128210320996
1543,36001029.225772984,40380525.07470638,4379495.848933399,0.2624471620632559,0.09090368010810225
1544,35907353.317157805,40327484.81130125,4420131.494143441,0.2818606034923678,0.1187442647555786
1545,36152640.95257678,40319184.418540545,4166543.465963766,0.2682763807330154,0.1085694385821478
1546,36118085.62180607,40485495.49633299,4367409.874526918,0.2760493551508464,0.10486453309638961
1547,36342232.45660816,40576737.574278936,4234505.117670774,0.27933478890090946,0.11085477055277461
1548,36644056.28455512,41024886.08721281,4380829.802657686,0.2773723300066274,0.10817028142980113
1549,36319327.851230495,40590829.695754044,4271501.844523549,0.27275973541322013,0.10734141301390104
1550,36246928.68332177,40614108.77361123,4367180.090289466,0.2732659853495982,0.1033642426668151
1551,36879267.45927145,41380959.04942733,4501691.590155877,0.2770538371548551,0.11021321677839341
1552,36340475.15123771,40521860.49264132,4181385.341403611,0.2677796782291601,0.10328726554501023
1553,36691648.423002645,41158836.89306314,4467188.4700604975,0.2786411882375003,0.10821559012030607
1554,36207075.753784895,40486016.266154096,4278940.512369201,0.2700817048179086,0.1002023435224793
1555,36136852.841321245,40367226.7875007,4230373.946179457,0.27891274938108174,0.11081689656220903
1556,36911086.6917565,41161541.55936919,4250454.86761269,0.28254721852733505,0.11672531394256853
1557,36281656.7094475,40547247.6933748,4265590.983927295,0.2733318998164617,0.10529383180286783
1558,36571245.37125665,40862428.1565997,4291182.785343051,0.27508840054699024,0.10941497909538779
1559,36275059.18093787,40636781.54581734,4361722.364879467,0.27338836448314846,0.10347613301668673
1560,36669662.521785006,40974283.578339666,4304621.05655466,0.27065933230686395,0.10222216552975576
1561,36067304.393466465,40364406.473366484,4297102.079900019,0.2800817611430134,0.11257872730569857
1562,35989351.33303096,40366129.736378625,4376778.403347664,0.2802802863561063,0.10582979009997351
1563,36756468.46168129,41071250.92797508,4314782.466293789,0.2787755662758978,0.11174262482915663
1564,36742727.12485726,40977880.40276959,4235153.277912326,0.2662455470374068,0.09795934123483248
1565,36697208.980280064,40854763.965281114,4157554.98500105,0.2609835907557393,0.09705402142658234
1566,36234804.742528915,40424398.990664184,4189594.2481352687,0.2650908708021221,0.09992596653291243
1567,36583557.41783203,40930126.43530583,4346569.0174737945,0.27545183494387154,0.10882025955288425
1568,36453691.28336971,40742848.698578276,4289157.415208563,0.28318808816700286,0.1144516488511575
1569,36587397.72827008,40948756.31325935,4361358.584989265,0.2707926107180278,0.10179139143965253
1570,36604658.93336746,41127347.11392571,4522688.180558249,0.2800028584925488,0.10568869589135464
1571,36890162.97064089,41292947.93900746,4402784.968366571,0.2733298846378454,0.10331681004872117
1572,36742147.86157301,41096398.32744075,4354250.465867743,0.2764741445896264,0.10910261852536847
1573,36238387.96489643,40331556.97265209,4093169.0077556595,0.263702399214098,0.0957676158640719
1574,36717323.091977276,41036690.48153617,4319367.389558896,0.27560370635054343,0.10351029822832424
1575,36615371.81846532,40930882.44308954,4315510.624624215,0.2675574633402722,0.10015359005692841
1576,35982667.276144296,40459636.09207833,4476968.815934032,0.27661506299964456,0.10710352703669396
1577,36614526.83563,40946850.68527558,4332323.849645577,0.2712073637465796,0.1027401621633051
1578,36271473.50847174,40803508.79173486,4532035.283263117,0.28078397799513394,0.10915346375187733
1579,36369095.44626008,40632988.13346333,4263892.687203251,0.26896707298391914,0.10250774651207169
1580,36291831.43938823,40630765.21441351,4338933.775025278,0.2790853316461537,0.10547947800127756
1581,36059554.93437731,40145878.93897718,4086324.0045998693,0.2670972848119903,0.09692936268777605
1582,36210681.81112594,40648923.34962539,4438241.538499445,0.275746840550235,0.10457306866313497
1583,36584962.132444434,40989564.30388983,4404602.1714453995,0.2749244946906157,0.10601071077637585
1584,35998579.322859176,40304825.973633684,4306246.650774509,0.26923876939223446,0.1026973793922263
1585,36744824.851494685,41101117.33275071,4356292.481256023,0.27872561989504985,0.10681644361117422
1586,37168344.542232476,41414362.04510814,4246017.502875663,0.2662956614755939,0.1030445419660094
1587,36422542.94133171,40734259.39709384,4311716.455762133,0.28207256219694615,0.11844462507340013
1588,36091783.63231063,40448352.04282119,4356568.410510562,0.281715139719328,0.11418351736298678
1589,36240785.01603126,40571985.125220776,4331200.109189518,0.2828815650619177,0.11616058367988961
1590,36227291.66874126,40488217.73113526,4260926.062393993,0.27202921518133605,0.10370591271179369
1591,35837418.19240628,39734262.04889049,3896843.8564842045,0.26611723304808127,0.10231826524722376
1592,36347769.75387451,40937505.06123211,4589735.307357602,0.283393394153236,0.10981052347585762
1593,36107070.60554919,40384905.76107591,4277835.15552672,0.27349303039968925,0.10742261983419937
1594,36314275.20959078,40707337.06842115,4393061.85883037,0.2746205569983863,0.10246075143489658
1595,36766253.76988447,41038384.04627491,4272130.276390441,0.26350064633270825,0.09119871957525748
1596,36244440.69992919,40570442.96360315,4326002.263673954,0.27867733317770105,0.11356107505796771
1597,36645210.210722946,41112453.15831734,4467242.947594397,0.2772183741211774,0.10749918448504281
1598,36571969.55246274,40869142.222691655,4297172.670228913,0.2712026346411803,0.10295142201974657
1599,35827046.22752084,40041993.17114522,4214946.943624385,0.2682477774300842,0.0972636563124127
1600,36602967.98418622,40867892.96468962,4264924.980503403,0.27765506022780584,0.11226179769053166
1601,36086108.37336331,40337520.20870155,4251411.835338242,0.27491665692510636,0.10915780886859905
1602,36707698.43082999,40972960.95681502,4265262.525985032,0.26677943514130176,0.10254382720154098
1603,35764834.402286254,40299501.27769581,4534666.875409558,0.28688281081820854,0.11867502689346167
1604,36897168.41030136,41455559.43260454,4558391.022303179,0.28431867546513606,0.1159488270593211
1605,36467679.31499868,41008689.92070267,4541010.605703995,0.27652720509467904,0.10684721659325763
1606,36150082.13128105,40497171.66118974,4347089.529908694,0.2764889104099537,0.10638787678510016
1607,35918325.59027129,40208987.23415442,4290661.643883131,0.28046885904221885,0.11031214888532086
1608,36369679.251186214,40667855.493179746,4298176.241993532,0.26479652029341716,0.09277724277997525
1609,36038094.19749004,40161401.87917469,4123307.6816846505,0.26908641524934895,0.09527038124986241
1610,36635213.0638689,41019031.85856614,4383818.79469724,0.28332901599550975,0.11938467959951825
1611,35961820.23735703,40348467.193789236,4386646.956432208,0.2789750876577918,0.10738112819874901
1612,36656967.58792568,40836769.79240124,4179802.2044755593,0.2721388846052648,0.1116217794322262
1613,36593030.992956646,41055087.36183679,4462056.368880145,0.2822316313891996,0.11026305939993852
1614,36363955.22066344,40729531.36299312,4365576.142329678,0.2754378916777021,0.10385648728972242
1615,36213898.101452336,40551689.04290932,4337790.941456981,0.28220381233711084,0.11518170753527295
1616,36275227.374787845,40482192.37949821,4206965.004710369,0.267972366770978,0.10290643597276196
1617,35876462.31898596,40155699.69317907,4279237.37419311,0.27753580173453735,0.11331418207410875
1618,36338038.08614865,40617309.25225836,4279271.166109711,0.27074859791373634,0.10305138013920113
1619,36837560.40459992,41058612.03492174,4221051.630321823,0.2682475497793375,0.10217803539494914
1620,35991893.748373106,39968293.9204829,3976400.1721097976,0.2659422880127894,0.10290501203690947
1621,36830949.3776325,41114942.52903913,4283993.151406631,0.27344452802803004,0.10513681372003315
1622,35915650.875301406,40284957.97072299,4369307.095421582,0.26835670915945903,0.09635806848553556
1623,36500910.234773286,40783712.46518416,4282802.230410874,0.27713756404322215,0.11124918003256185
1624,36149691.399408974,40570266.4816659,4420575.082256928,0.2788139313517048,0.11205858516225235
1625,35817987.88899198,40295229.89828391,4477242.009291925,0.2756947123138432,0.10873553249343862
1626,36521332.40139359,40944080.01929852,4422747.617904931,0.275912906845315,0.10876391771496215
1627,36801213.17097117,41108392.48468478,4307179.31371361,0.27442853408902523,0.10958679688524062
1628,36180798.930531844,40348721.61954969,4167922.689017847,0.27619244784455244,0.11227208827576865
1629,36352549.35091271,40516852.251576245,4164302.9006635323,0.26701852483374405,0.10115895767508047
1630,36607617.542106,40803511.83208345,4195894.289977446,0.26794814504791264,0.1014736440042357
1631,36074807.77717793,40398784.38158577,4323976.6044078395,0.2671339526852778,0.09657197443887543
1632,36235672.32800815,40643396.35782151,4407724.029813357,0.27105876211245444,0.09976563936280672
1633,35994128.43269611,40272107.95815617,4277979.525460057,0.27393848335797216,0.1031668968400852
1634,36538292.52973667,40859511.78827423,4321219.258537561,0.2728207675793053,0.1056575918210107
1635,36246350.87874615,40499046.38118606,4252695.502439909,0.272653732855297,0.10570848613472879
1636,36168950.72231099,40590508.27910259,4421557.556791604,0.2837979903840032,0.11175288992366617
1637,36257305.24344809,40255744.32875416,3998439.0853060633,0.26977831692587145,0.10283370528705672
1638,36720327.7742692,41033157.29094368,4312829.516674481,0.2770885081608784,0.10817160200490188
1639,36011219.31849025,40149043.13120137,4137823.8127111197,0.2700003657000357,0.10695587307275609
1640,36434144.13383375,40578600.83776701,4144456.7039332613,0.2665797170161218,0.101318205265847
1641,36694960.5332992,40972929.81692496,4277969.283625759,0.2812882931202898,0.11487286395100645
1642,35602004.10589896,40046909.83479327,4444905.728894308,0.2685156261663922,0.09299413511299372
1643,36478691.39893064,40943391.68802569,4464700.289095052,0.27889154607432054,0.10345171204461229
1644,36125307.68637255,40106434.01876865,3981126.332396105,0.2620132077252671,0.09809511532527483
1645,36937538.80626245,41264316.8554585,4326778.04919605,0.27139654616689973,0.09998038234451996
1646,36917081.53331186,41184641.91474481,4267560.3814329505,0.2710517786815811,0.10420407488852233
1647,36363789.92399066,40753124.80672954,4389334.882738881,0.27756154035074837,0.10767046508993396
1648,36273976.75729206,40691860.23035003,4417883.47305797,0.2731958958048765,0.10148595065847336
1649,36570546.15763718,40985933.841445565,4415387.683808386,0.27244754159361356,0.10275042011491158
1650,36892666.95592211,41314032.94916311,4421365.993240997,0.2817499970099646,0.11137897761481337
1651,36837700.686882555,41399011.50391991,4561310.817037351,0.28654640630101125,0.1213360169691364
1652,36034623.77256603,40447764.20141112,4413140.428845093,0.27247373817203163,0.09602455599586915
1653,36414471.54517714,40899348.60550218,4484877.060325041,0.2774575866175364,0.10192813079647736
1654,36196832.03873565,40473308.867792234,4276476.829056583,0.26619328673331816,0.0943097124673909
1655,36308250.96913179,40571689.144384794,4263438.175253004,0.27637758364564546,0.1088414650128238
1656,36310088.316633336,40925895.57088476,4615807.2542514205,0.2748870584403537,0.10304386959193539
1657,36944986.01168896,41306423.08133575,4361437.069646791,0.27308480992396755,0.10239496649510739
1658,36869036.10207172,41189388.55614781,4320352.454076089,0.27643550814767,0.11171661102105909
1659,36234602.476140425,40310775.8751337,4076173.398993276,0.2764036372070002,0.11068686732397291
1660,36229697.44759387,40532209.27254992,4302511.824956052,0.2795811000151494,0.11174585160716688
1661,36333224.34406437,40505770.163987964,4172545.8199235946,0.27437984081938427,0.11142093675455256
1662,36892173.43637909,41179638.5590614,4287465.122682311,0.2726788422329037,0.1034347130686903
1663,36452822.976709865,40684612.04028189,4231789.063572027,0.2755541782621606,0.11256383846923503
1664,36573226.72712898,40940657.158614635,4367430.431485653,0.2710947046240519,0.10361289945182738
1665,36054067.915150255,40304242.0644459,4250174.149295643,0.27382635769007385,0.10992027438500117
1666,35822922.42829102,40277757.8817884,4454835.45349738,0.2830169899794713,0.11175207875306824
1667,36585230.584032826,41011912.76958774,4426682.185554914,0.2775279485654756,0.11089920861720223
1668,36108663.06287945,40489468.424080215,4380805.361200765,0.2779959897127478,0.1087318129855015
1669,36997267.467853196,41276648.08897004,4279380.621116847,0.2780402185478005,0.11261233691717508
1670,36860324.29400626,40972724.5955043,4112400.3014980406,0.27707983801990954,0.11212378582122284
1671,36847051.83175048,41170094.45103687,4323042.619286388,0.28530927400341716,0.12125198657634167
1672,36151994.48753119,40599227.818634324,4447233.331103131,0.2717299489170123,0.10004350573339922
1673,36460829.9849713,40832881.569873855,4372051.584902555,0.27727926288785293,0.10841184378614988
1674,36485405.25008709,40807843.58374564,4322438.333658554,0.2646099869940311,0.095961746714464
1675,36334737.87993294,40674738.46001472,4340000.580081783,0.2739102908771207,0.10362071402250426
1676,36738489.90380949,40978511.214734055,4240021.310924567,0.27892338465388605,0.11000848265427483
1677,36274798.10099572,40398781.196123995,4123983.0951282755,0.2747079287023479,0.10713811147117276
1678,37028830.13448396,41326239.45230281,4297409.31781885,0.2642909392477609,0.09451254623096328
1679,36206090.38438471,40568617.86878852,4362527.484403811,0.27003260306982585,0.09810648706972735
1680,36663965.25920746,40872944.13733721,4208978.8781297505,0.2765275283036171,0.1112027428012877
1681,36424620.61004213,40599958.08613913,4175337.476096995,0.27709457501401946,0.1084819145478545
1682,35778725.66261965,40145194.77921478,4366469.116595127,0.277363486698161,0.10678225602567334
1683,36304320.74940357,40523040.76720298,4218720.017799407,0.27082404913168107,0.10308711407481928
1684,37108234.12023896,41339604.19874467,4231370.07850571,0.2793311992401172,0.1164129687843888
1685,36339318.46741159,40757617.40997511,4418298.942563519,0.28219233492499046,0.11025451825461675
1686,36343566.47828002,40601083.84207079,4257517.363790765,0.2798686279763058,0.11061261993025899
1687,36650217.56480472,41100536.05160822,4450318.486803502,0.2770310377123854,0.10457241861911466
1688,36035817.44431441,40494811.88784301,4458994.4435286,0.2882959650651419,0.1231583326312735
1689,36657139.18029188,41046287.36094061,4389148.180648729,0.27872304682244753,0.10851954572504295
1690,36405593.47642821,40767049.35525146,4361455.8788232505,0.2829422485292624,0.11627918233287164
1691,36296285.079363726,40783078.636945,4486793.557581276,0.2714722176104501,0.0968811481141881
1692,35562814.24164416,39899473.58148315,4336659.339838989,0.27032980634653186,0.09712399201974216
1693,36939818.47628935,41413028.66550155,4473210.189212203,0.28335963446547485,0.11326617894584981
1694,36619031.46307445,40839269.9662075,4220238.503133044,0.2746244872216687,0.11057068249699445
1695,36390608.1240526,40755436.46033747,4364828.336284868,0.2770591699722408,0.10704626431184985
1696,36078500.382981986,40340223.019301206,4261722.63631922,0.27342750498001805,0.10766203306890201
1697,36259848.48104566,40628458.6228245,4368610.141778834,0.2823856635904624,0.11402029865414029
1698,36612927.369712144,40829341.27586818,4216413.906156033,0.28257743027683463,0.11749694490036079
1699,36881721.78087188,41153576.92493479,4271855.1440629065,0.27653059414374,0.10788286348233507
1700,36150431.039339565,40656725.36628562,4506294.326946057,0.27530913973984233,0.10587103750067411
1701,36373711.86836697,40852017.321265616,4478305.452898644,0.2756840040744949,0.1031695070779628
1702,36312506.57179385,40766771.92162842,4454265.349834576,0.28401218458813554,0.11496591046630976
1703,36165039.01153524,40363358.34971525,4198319.338180006,0.2655457573007471,0.10093321587084778
1704,36810339.3379669,41099188.67943601,4288849.3414691165,0.2676775585880784,0.09947121485949352
1705,36017330.32440609,40456832.74550283,4439502.421096742,0.27306662991230096,0.0986641871702534
1706,36512204.55296234,41007058.20454503,4494853.651582688,0.277856045863459,0.10651844594513672
1707,36716000.496774666,41099321.37289698,4383320.876122311,0.2684429180132161,0.0953739814084292
1708,36379113.06118592,40786368.289656274,4407255.228470355,0.27117513208228383,0.10305998365616677
1709,35997440.23488775,40391008.636316806,4393568.401429057,0.2722521606885184,0.10097197644061431
1710,36222931.49686092,40375873.50557419,4152942.0087132677,0.27132817764758943,0.10383005607195048
1711,36748250.22076633,41117475.5327275,4369225.311961174,0.2700853483202659,0.10095000309909317
1712,36415668.905864455,40653387.87818595,4237718.972321495,0.2762769234417207,0.10894729872753685
1713,36234299.61602459,40566067.13651169,4331767.5204871,0.26716937563756615,0.10328065207619383
1714,36526549.12636795,40632763.03404206,4106213.9076741114,0.27362873880254407,0.10527221574182066
1715,36462479.99255431,40796202.65833172,4333722.665777415,0.2735916689388784,0.10798896846957809
1716,36620542.31978016,40798037.64436571,4177495.3245855495,0.2707838485591991,0.10403997459831424
1717,36299860.407114215,40797650.93292993,4497790.525815718,0.2781818662945428,0.10991451181408174
1718,35982862.572473206,40172346.904553026,4189484.3320798203,0.2744042833180856,0.10796490346916277
1719,36208800.76976581,40681051.88358797,4472251.113822162,0.2753955699288516,0.10474921854147198
1720,36425700.655359924,40752207.29442739,4326506.639067464,0.27247044055436326,0.10206541267621558
1721,36338928.224889584,40616442.757516354,4277514.53262677,0.2781896167864508,0.11312844447536233
1722,36229001.20029954,40602504.823506616,4373503.623207077,0.280654142590958,0.11088466184512465
1723,36851680.34747108,41095722.748117104,4244042.400646023,0.28514900546039335,0.11762723640474985
1724,36465135.24733131,40777092.48868395,4311957.24135264,0.27382454654516164,0.1091240198943479
1725,36963455.175376855,41220923.315814,4257468.1404371485,0.2615794841968033,0.09235261274446441
1726,36623626.18387332,41106055.730298206,4482429.546424888,0.27918328182114793,0.11060024103213505
1727,36720334.13402973,41005283.69223122,4284949.558201492,0.2851144880891179,0.12398022148888509
1728,36623588.32396874,40999468.8228126,4375880.498843864,0.281286260358645,0.1136251289946668
1729,36066272.99649207,40443611.655650124,4377338.659158051,0.27361816465292854,0.10571712138742269
1730,37088007.109441206,41587305.88821219,4499298.778770983,0.27742737368488385,0.10789884304758722
1731,36145300.80703724,40449645.933582515,4304345.126545273,0.27721808951998506,0.11010873649243359
1732,36756226.43568909,41292989.42748726,4536762.99179817,0.2717966138873886,0.09524996537678386
1733,36433440.7019966,40897916.3157726,4464475.613775998,0.2719306231475128,0.10145353739357559
1734,35955792.166219816,40191730.919517376,4235938.75329756,0.27930916034869846,0.11253696590886561
1735,36576168.45803176,40960916.22745103,4384747.769419268,0.2775008927187361,0.10576678920771339
1736,36361204.72395995,40371890.736273736,4010686.012313783,0.2674946994913066,0.10158808936557205
1737,36241088.50480877,40536668.29337441,4295579.788565643,0.27123786232349334,0.10263280629033662
1738,36251370.79001941,40361598.78719065,4110227.9971712455,0.2764032509196444,0.11444368822762449
1739,36214466.504706115,40507913.715270385,4293447.210564271,0.2753531155017754,0.10606659859327618
1740,36299129.995401725,40655697.87948647,4356567.884084746,0.2802842636242672,0.1161615201167861
1741,36603076.49112285,40605000.83299882,4001924.3418759704,0.26488234047855147,0.1029351800100939
1742,36892406.24669549,41336153.25707092,4443747.010375433,0.27398800384539435,0.10386388933425471
1743,36143749.697436646,40532314.63832891,4388564.940892264,0.27808290270923736,0.10807417011785818
1744,35947796.10802385,40494415.044427335,4546618.936403483,0.28000248750648055,0.1142809053379497
1745,36751206.90692703,41033715.74242757,4282508.835500546,0.2728585153955669,0.10558804246184028
1746,36417856.15074279,40738994.42746591,4321138.276723117,0.28043826605139466,0.11289388655354261
1747,36036812.62572697,40368768.82871945,4331956.202992484,0.2720879290808578,0.10617612669569691
1748,36630523.47540842,40868608.04997084,4238084.574562423,0.27021361116369075,0.10120044869021486
1749,36650343.50121914,40946671.79550216,4296328.294283025,0.27262729984418194,0.10291951357222653
1750,36711243.17442496,41071150.19526816,4359907.0208432,0.2749200621736762,0.1051615521155641
1751,36230020.0582445,40539440.00830419,4309419.950059697,0.28043415228683294,0.11462331132736732
1752,36452331.22628297,40775444.0992711,4323112.872988127,0.27674010671073285,0.11052918491896187
1753,37090799.15270681,41565140.251895055,4474341.099188246,0.2761317324246494,0.10956681549866397
1754,35952246.35883436,40167071.356528595,4214824.997694232,0.2698311749620526,0.10540148065486084
1755,36482084.63648334,40986507.28039228,4504422.64390894,0.2796002042983409,0.10995603865430581
1756,36111954.31920391,40525944.56613613,4413990.246932216,0.26755064475737167,0.09645803862767062
1757,36699618.39563424,41128947.90245898,4429329.506824739,0.2765123953608108,0.10395353629243055
1758,37451608.71879773,41952244.66309404,4500635.944296308,0.28414706265112577,0.1129202723314547
1759,36736766.525346115,41171807.98313952,4435041.457793407,0.2808238203526371,0.11467838748669464
1760,36777534.87976131,41228196.81865935,4450661.938898042,0.281467601357922,0.10801352227363814
1761,36540712.628317356,40831006.143548734,4290293.515231378,0.2659111881211788,0.09742562912507156
1762,36604383.86465397,41060694.54223187,4456310.677577905,0.2762637162341081,0.10803613031017985
1763,37151515.004417464,41564127.18844263,4412612.184025168,0.28422236262941675,0.11734988332721641
1764,35908170.16600744,40238819.01912929,4330648.853121854,0.2717032473313596,0.10113206641938564
1765,36197594.18627819,40409854.679113716,4212260.492835529,0.26817434899277354,0.09742117479855225
1766,36488186.03527272,40632534.57643372,4144348.5411610007,0.2697079165671479,0.1049199578313639
1767,36928446.90526071,41518753.39148145,4590306.48622074,0.2741197410610338,0.10451596806082751
1768,36368055.94023799,40827554.59241206,4459498.6521740705,0.2843450067663524,0.11363339773684099
1769,36320108.0603285,40432631.17499481,4112523.114666313,0.2714312849898831,0.11134923744837139
1770,36576134.41267491,40833912.70084136,4257778.2881664485,0.2813881591079452,0.11694794522154912
1771,35947321.14389308,40375334.424523,4428013.280629925,0.27690445061068064,0.10949290608488028
1772,36533441.11881213,40838752.93035847,4305311.811546341,0.25755175269964875,0.08936231880315894
1773,35700556.55209549,40138998.54849298,4438441.996397495,0.2813771312388501,0.11172500989905826
1774,36223898.284136534,40577400.450705186,4353502.166568652,0.28664252766619047,0.11488798809627417
1775,36173144.40362972,40304233.079371944,4131088.675742224,0.27405005152447925,0.10839103949055659
1776,36286395.353139095,40662511.24926953,4376115.896130435,0.2802231259018973,0.11425530565175411
1777,36044320.04027451,40289698.56543183,4245378.525157325,0.2760033845448909,0.10755718750836843
1778,37035690.75678995,41320621.01235886,4284930.255568907,0.2689340634976616,0.09617674506983594
1779,36011236.44025521,40200352.1360749,4189115.695819691,0.27683357237535183,0.10794247277953169
1780,36139724.81138178,40457464.39448219,4317739.583100408,0.27586975544790376,0.10582223390509628
1781,36300384.70542464,40674833.40045734,4374448.695032701,0.2857701087558004,0.11586353649298135
1782,36196300.53532315,40472403.48758154,4276102.952258393,0.28059247840537377,0.11282832645797845
1783,36008244.97197537,40268501.96054907,4260256.9885737,0.28281990587908346,0.11672825955768379
1784,36746922.097045526,41107639.958990246,4360717.86194472,0.27294635401006384,0.10523654835154773
1785,36561849.39910891,40952723.348518915,4390873.949410006,0.2730493056227282,0.10782814613177216
1786,36080724.47912346,40356016.78835358,4275292.309230119,0.2793724286909165,0.10425111974288127
1787,36679915.93493724,41123241.50831328,4443325.573376045,0.2781087083462749,0.10662750340657641
1788,36218725.60439863,40480945.271973655,4262219.667575024,0.27263763434571986,0.10807865180669235
1789,36461989.24730405,40765937.03246294,4303947.7851588875,0.2761520725224211,0.10998637942676905
1790,36594726.10234225,40829201.170617834,4234475.068275586,0.26906691596034205,0.10560181845171132
1791,36351502.07155745,40611258.30176064,4259756.230203196,0.27304757466791135,0.10499024715226536
1792,36045931.57873765,40546721.30637982,4500789.727642171,0.2768232494361156,0.10691751653240845
1793,36541983.212978534,40684293.05076395,4142309.8377854154,0.2620631130658935,0.09478927443598957
1794,36451606.78472986,40986174.963099,4534568.178369142,0.28338929358066195,0.11721204679848392
1795,36432942.00782567,40625165.9634184,4192223.955592729,0.26329000517735596,0.0997649724025314
1796,36177301.0492574,40418744.76114831,4241443.711890914,0.2711023569751736,0.09955559969330094
1797,36951868.79197696,41163584.44789536,4211715.655918404,0.28015026001328514,0.111231527471932
1798,35968914.99898952,40243773.03460273,4274858.035613209,0.27664237596572605,0.10798439056366106
1799,36347255.350400686,40709972.60924283,4362717.25884214,0.28452106276361105,0.11318940999592288
1800,36374561.88359221,40603278.88413504,4228717.000542827,0.2755877362297378,0.10622790617701845
1801,35758888.60487965,39961038.64310892,4202150.038229272,0.26537020293526137,0.09778100456128481
1802,35800596.779196866,39995079.82560566,4194483.046408795,0.2720147595189472,0.10798315712757552
1803,35576640.12733913,39829029.56585921,4252389.438520081,0.2736274082322398,0.1030429610302677
1804,36577837.782443985,40850493.871105134,4272656.088661149,0.26819660229916176,0.0999525747044408
1805,36552959.61822118,40903771.00867652,4350811.390455343,0.28266003371705434,0.11601505358642582
1806,35267629.400771506,39537689.43561981,4270060.034848303,0.26563471896675445,0.09337843398921664
1807,36193776.37621475,40487432.48762349,4293656.11140874,0.27609661703820526,0.10762721824945305
1808,36071503.58503502,40124536.342169315,4053032.757134296,0.27447148428082546,0.10963781002193816
1809,36521951.23300958,40870371.52484378,4348420.291834205,0.2705849189317309,0.10348335329525789
1810,36789923.24663168,41015843.586651586,4225920.340019904,0.27369750270910953,0.1079660821204118
1811,36960859.59917665,41282144.34592116,4321284.746744506,0.2804735319504712,0.11089409409961437
1812,35922987.46113326,40494374.646118894,4571387.184985638,0.2800836106584491,0.11081258656909462
1813,36568718.58942056,40852633.228691265,4283914.639270708,0.2736881138535688,0.11195941768312473
1814,36732057.9259907,40893818.4596509,4161760.533660196,0.27052466147223025,0.10549561705592825
1815,35620323.584823124,39896254.845215455,4275931.260392331,0.27297001015146083,0.10399953762980194
1816,36653192.43896659,41019163.0260619,4365970.587095313,0.27793882522278196,0.10868866919818687
1817,36192478.95837098,40562057.45627762,4369578.497906633,0.27900639064393534,0.1100293600589558
1818,36555371.17728477,40877364.195063785,4321993.017779015,0.2761303234471748,0.1074744311805512
1819,36017095.49879834,40119310.15465178,4102214.655853443,0.26294152681119903,0.09924387476170188
1820,35924895.031787805,40142349.072599225,4217454.0408114195,0.2646938631785484,0.09765392717625919
1821,36049813.14311156,40387202.82435942,4337389.68124786,0.2825660493685723,0.11287897819113353
1822,36406910.97236478,40695802.26635563,4288891.293990843,0.27743994413482526,0.10771452510439704
1823,36420178.00150972,40902733.2930545,4482555.29154478,0.27406940690000064,0.10699942042062682
1824,36208357.77727944,40487382.70098063,4279024.923701197,0.2799892818401159,0.11228640016994178
1825,36518548.78581229,40504967.9935973,3986419.2077850103,0.2745359410027421,0.11107217260156037
1826,35929151.24932891,40172661.73215062,4243510.48282171,0.26755579336362173,0.09888721509603338
1827,36431942.73757578,40782060.19924906,4350117.461673282,0.2808659033076209,0.11019078725650365
1828,36729580.01991806,40950739.25242129,4221159.232503228,0.27158455150455774,0.10035542626217418
1829,36719430.32754635,41189845.24572461,4470414.91817826,0.2761807186297259,0.103459162586613
1830,36773259.5970504,41072022.947258435,4298763.350208037,0.27361609841525575,0.11150377272207167
1831,36968075.42414418,41315797.72393793,4347722.29979375,0.2754217280521578,0.11029641174651326
1832,36883033.7523982,41387118.73224497,4504084.979846768,0.2796778666569238,0.11030156325853999
1833,35465205.204474,39743284.988283545,4278079.783809543,0.2707274175446212,0.10390089817488464
1834,35592754.63283367,39861986.90198826,4269232.269154593,0.2779459614358447,0.11398113727819276
1835,36352118.5517822,40831025.11662344,4478906.564841241,0.2796416804525706,0.11112028883548208
1836,36405819.589136265,40774368.326422885,4368548.73728662,0.2732102832757121,0.1016853408893287
1837,36745079.223542795,41131796.856764846,4386717.633222051,0.2793948560639163,0.11199524749505038
1838,36244226.6350787,40561305.06798995,4317078.432911254,0.26841371078458703,0.09857469809032954
1839,36262648.46759347,40387693.793190025,4125045.325596556,0.2651067236049568,0.09772743939825372
1840,36137066.024726816,40233165.46153565,4096099.436808832,0.2719408524480504,0.11153573819309363
1841,36339284.46112668,40469577.55949004,4130293.0983633623,0.26949004871659077,0.10203144253757125
1842,36544241.43564285,40872464.681462735,4328223.245819882,0.26815678510806773,0.10171696991851827
1843,35993817.171882495,40250203.82638157,4256386.654499076,0.2813882642139438,0.11421763585238928
1844,35841655.31792319,40304022.424532935,4462367.106609747,0.2763322508204702,0.1031898040242247
1845,36149730.345429726,40486814.02209693,4337083.676667206,0.2782862738411174,0.11530054900145312
1846,35986960.37015571,40210285.633525655,4223325.263369948,0.2652257134714377,0.09112952129413977
1847,36052290.17291322,40151871.66579794,4099581.492884718,0.27386482633646864,0.10910292462221147
1848,36307561.90480249,40810473.554145455,4502911.649342969,0.27509126891068597,0.1060775288940337
1849,36384087.42158919,40869014.76299018,4484927.341400988,0.27503044340108684,0.1064240438789115
1850,36415944.1173697,40964696.941326976,4548752.823957279,0.2844618963946018,0.11163215943944824
1851,36374203.67044887,40797460.84483623,4423257.174387358,0.278810744780269,0.10643721688250647
1852,35991083.86163925,40403357.16293652,4412273.301297277,0.28229631134572086,0.11223316304046263
1853,36660931.919557795,41052360.64011244,4391428.720554642,0.2737898073567242,0.10624870185839638
1854,36736046.224479996,41028643.63384058,4292597.409360588,0.28436277326765114,0.1182921300072698
1855,36693220.623131976,41177319.39734253,4484098.774210557,0.26180693363319124,0.08922627875868268
1856,36857374.090961136,41308900.518233344,4451526.427272208,0.27348204933737535,0.10516414392666945
1857,36687294.76714662,40731274.26712382,4043979.499977201,0.2677828524232913,0.1039547802014128
1858,36552663.43800151,40802542.82117648,4249879.383174963,0.2722032504106193,0.1104479859583893
1859,36648443.89470327,40886691.378482595,4238247.483779326,0.27888624386561195,0.11209766006919737
1860,37016974.56271746,41518665.0257864,4501690.46306894,0.2848073942989164,0.1150412897460568
1861,37078054.30973277,41434970.679758444,4356916.370025672,0.27410879818870554,0.10257137790538738
1862,36309350.06020239,40370645.61302472,4061295.552822329,0.2776644724356303,0.11664964413370604
1863,36953262.88528846,41117649.895349614,4164387.0100611523,0.27769404660914404,0.11643737444363868
1864,36344814.918813504,40760964.92172905,4416150.002915546,0.27859441138252566,0.11163253017282453
1865,36698706.04308775,41048935.77378198,4350229.730694227,0.2789818210416842,0.11200479614862305
1866,36032764.89305237,40322362.305059455,4289597.412007086,0.2792643292859287,0.11062172255900499
1867,36157953.213615716,40505724.503129676,4347771.2895139605,0.27818959408208016,0.11418193035970121
1868,36633902.48527013,41008994.009858996,4375091.524588868,0.27526794468810273,0.10628479727217888
1869,36608811.26818982,40796489.831328146,4187678.5631383285,0.26511531711914244,0.10113228793113219
1870,36429839.07165804,40785939.56505227,4356100.493394233,0.27427097463701017,0.1041131360407996
1871,36160486.462418094,40602503.64614431,4442017.183726214,0.27857630121319943,0.10708456159753171
1872,36989729.96034154,41277407.81707022,4287677.85672868,0.27359189425200375,0.10593637471571694
1873,36788032.42377323,41088114.853246674,4300082.429473445,0.26436497591903324,0.09703218958369932
1874,36481909.62395442,40795192.21938215,4313282.595427729,0.2798901593068845,0.11385911277020334
1875,36705843.8560507,41128388.3044207,4422544.448370002,0.28251781535805864,0.11774362300123883
1876,36864727.1855554,41366064.227666534,4501337.042111136,0.28270825645023445,0.11230281416549216
1877,36180174.74670734,40517563.902073324,4337389.155365981,0.2876518871141995,0.12249183189977313
1878,36472542.715240054,40529422.61440856,4056879.8991685063,0.2691263685408377,0.10594277611831279
1879,36848338.512339965,41572324.17771338,4723985.665373415,0.2825555858894998,0.110170221529012
1880,36006807.29638618,40090864.91903619,4084057.622650005,0.2648569287235705,0.0952702591949704
1881,36239539.23772384,40444299.056781754,4204759.819057912,0.27239426365362,0.10993574951586504
1882,36867558.42137465,41176459.185327314,4308900.763952665,0.27464068669844766,0.10051050355058266
1883,36208427.63752382,40464495.78684333,4256068.149319507,0.2723909218272804,0.10235935679463141
1884,36300336.78010332,40645649.62548304,4345312.845379725,0.27891969523054294,0.10731126367433522
1885,36537564.37919834,40694973.8706326,4157409.4914342538,0.26972655537429896,0.10109961858764961
1886,36055349.999072105,40436696.87281104,4381346.873738937,0.27857935612960993,0.10442111205070168
1887,35980963.23678277,40180416.96710372,4199453.730320953,0.27241098907831357,0.10253210956853243
1888,36567848.14082305,40979158.217405744,4411310.076582693,0.26932396261753444,0.10154150685415017
1889,36479443.58671016,40672521.23517991,4193077.648469746,0.27718638318002325,0.11192074975207643
1890,36397233.45179195,40712040.2276375,4314806.77584555,0.2712335016493729,0.10320569077592344
1891,35708440.83505389,40077695.36059801,4369254.525544122,0.2729833045488437,0.1010052645152748
1892,36079363.51359147,40463545.297550686,4384181.783959217,0.2750858406611331,0.10611239914312248
1893,36433168.2796212,40796162.99839477,4362994.718773574,0.28248986499693235,0.11257752384072368
1894,36878157.69623452,41301340.922228575,4423183.225994058,0.2798943775893541,0.11232213916319098
1895,37358183.520191394,41736526.83703655,4378343.316845156,0.2752217792008637,0.10766374131734457
1896,36398923.76835717,40499465.892197125,4100542.123839952,0.26805687899047803,0.1024670484675169
1897,36160214.00886717,40509261.77978537,4349047.770918205,0.26318334559176504,0.09070869145632214
1898,36623602.502670586,41037775.37394111,4414172.8712705225,0.2820348250453996,0.11547549528477073
1899,36148689.953450896,40528357.544534296,4379667.5910834,0.2715882332822703,0.10064476607159625
1900,36634275.98996779,40794630.78934117,4160354.7993733734,0.277441158841,0.11763486028040322
1901,36146648.870397694,40628249.087212406,4481600.216814712,0.27868084812126453,0.10580939681889348
1902,37113288.75195878,41616807.028352246,4503518.276393466,0.2879327586031372,0.11986047714539975
1903,36478903.53515133,40864545.2410843,4385641.705932967,0.27607589907677693,0.11053648749056842
1904,36067153.921454385,40337257.2994438,4270103.377989411,0.2729118241358484,0.10397558557308859
1905,36480405.39116361,40802598.35666062,4322192.965497009,0.2752428132875129,0.10753001238406461
1906,36640413.36696309,40834685.292963885,4194271.9260007963,0.2631735253722199,0.103391519108578
1907,36369750.129934624,40430387.82294139,4060637.693006769,0.2656595915741552,0.09951308876053316
1908,36264810.200129725,40607547.59630834,4342737.396178618,0.2725172590725689,0.10127070259333232
1909,36498543.68701602,41002561.14027113,4504017.4532551095,0.2770581573806369,0.1007953511998739
1910,35979749.15334475,40228554.675611645,4248805.522266895,0.27711845600121826,0.1092232188411872
1911,36368312.80641921,40730853.89606044,4362541.089641228,0.26760030470781637,0.09653468740109404
1912,36474951.30043585,40760569.5813879,4285618.280952051,0.2765734004932354,0.10699213578810275
1913,36225265.56400032,40481476.83798137,4256211.27398105,0.27293270320758645,0.1064789782954478
1914,36711119.74752542,41145087.358819865,4433967.611294448,0.275063159815653,0.1055440049648129
1915,36876031.1105948,41219124.78864449,4343093.678049691,0.27251515914984487,0.10436948254011642
1916,36887372.12829058,41178149.4834692,4290777.355178624,0.2603816278065011,0.09446140542128739
1917,36630166.20092123,41001718.893568225,4371552.692646995,0.282003890201157,0.1144555377206141
1918,36338021.61074274,40699212.827408776,4361191.216666035,0.26920015356865945,0.10089771556382143
1919,36325479.20791138,40795163.078981586,4469683.871070206,0.28070465545152284,0.10783552604693329
1920,35949986.91481961,40166893.80207027,4216906.887250654,0.27259385417079446,0.10658858875868518
1921,36323116.758480765,40716306.61207022,4393189.853589453,0.2770454860520882,0.10694455322445674
1922,35971355.2038121,40177279.612078205,4205924.408266105,0.2702935860079588,0.1057129166187354
1923,36218887.04647593,40648586.768324025,4429699.721848093,0.2744752270749565,0.10178506336198034
1924,36672908.00947047,40856578.53566514,4183670.5261946693,0.2723564224947206,0.10442999258256432
1925,36537218.49070395,41015959.68831858,4478741.197614633,0.28675515663860496,0.1182619717686763
1926,36513011.01353567,40846542.97839825,4333531.964862578,0.2866265079815243,0.12447415986762955
1927,36165228.73395314,40563926.03997662,4398697.3060234785,0.2731614957401646,0.10150444248662323
1928,36304170.6123953,40650598.44175715,4346427.8293618485,0.27713528034941914,0.11266990923937392
1929,36212558.95091101,40548807.88696818,4336248.936057173,0.27561085457901563,0.10939040120482613
1930,36307718.59060994,40550801.29418017,4243082.703570232,0.2711017704748387,0.10553039333897306
1931,36559104.367279604,41003967.97133788,4444863.604058273,0.27756717002962583,0.10634468571919917
1932,36733172.66749014,41035594.69044302,4302422.022952877,0.2796722887749307,0.11261790120139288
1933,36260387.22406928,40851034.99527221,4590647.771202929,0.28162576213528046,0.10914726940755506
1934,36263372.548116215,40603177.85244299,4339805.304326773,0.27560793573906517,0.10733232245363811
1935,35801151.409548715,40158351.14181907,4357199.732270353,0.2818570424286866,0.10841436494039934
1936,35832786.885428734,40258021.388568014,4425234.50313928,0.2742111484382884,0.10772248257405137
1937,36503329.041701525,40662136.468123764,4158807.4264222383,0.276194333656932,0.11013206061088117
1938,36506521.261643656,40910651.85522331,4404130.593579657,0.281068495695669,0.11379157415773379
1939,36890757.52084141,41202752.12060558,4311994.599764168,0.274979014691569,0.11020978644427093
1940,36470666.03119363,40787801.713778205,4317135.682584576,0.2692257747163223,0.10251943002174775
1941,36092355.58758653,40447531.11014219,4355175.522555657,0.27772911285533397,0.10812325904686351
1942,36077268.89802055,40383379.165008835,4306110.266988285,0.2729459461822544,0.10243733457543372
1943,35894866.56278358,40047468.759789035,4152602.197005458,0.2753755304094591,0.10854410079621755
1944,36088137.79151865,40278927.87510914,4190790.0835904926,0.27192215555710164,0.10437437458054728
1945,35882306.401666194,40160575.877299115,4278269.475632921,0.27533497724301265,0.10411589394329422
1946,36565186.700864576,40931458.01886223,4366271.317997657,0.2736094972927449,0.10419956922962612
1947,36669166.91349485,40916236.98960319,4247070.076108344,0.26705598697417005,0.10019064771387336
1948,36433154.2440059,40844104.712350324,4410950.46834442,0.27316675384698175,0.10645098457309109
1949,36503744.72840282,40628284.317702115,4124539.5892992914,0.2700802842654765,0.10584941469298652
1950,36148977.7448688,40521468.8031195,4372491.058250703,0.2746794138862805,0.10382532501415687
1951,35973363.05408995,40108508.81551027,4135145.7614203244,0.2641288098081858,0.09751622177588568
1952,36574155.30441248,40825469.1813462,4251313.876933724,0.2745658151481746,0.11000096646997652
1953,36857885.73837503,41065320.549129784,4207434.810754754,0.2891650372771767,0.12482923929142314
1954,36452258.61683545,40887333.98890252,4435075.372067064,0.2796238763824534,0.11210833051408717
1955,36275785.65696794,40378040.36008279,4102254.7031148523,0.2648560194823146,0.10127335664831041
1956,36203417.219293244,40333989.776739806,4130572.5574465618,0.26791292182324056,0.10177249714346966
1957,35900972.78518988,40241625.32247822,4340652.537288338,0.27890187387176707,0.11020738326568057
1958,36340368.72436062,40672578.41530908,4332209.6909484565,0.27926741266848765,0.11302561301278093
1959,36612209.20823054,40927932.920154475,4315723.7119239345,0.27915218274346804,0.10787331783581383
1960,36491400.61760636,40820853.606868505,4329452.989262149,0.28251427405799623,0.11567133675527337
1961,36357500.62604916,40561159.57825944,4203658.952210277,0.2823585610187371,0.12135879336819838
1962,36316211.28107991,40629751.31047776,4313540.029397853,0.27269423838253376,0.10120619618062766
1963,36039852.54230761,40226640.69846107,4186788.156153463,0.26702296724673513,0.10447328839863604
1964,36819082.498602524,40960113.998667136,4141031.5000646114,0.26839855796921985,0.10271581124414532
1965,36493616.3631588,40890651.22785253,4397034.864693731,0.26984539513358957,0.10136362491179421
1966,36378553.85275195,40655988.535860024,4277434.683108076,0.2763942778686393,0.10573297637883666
1967,36733355.08618867,41087428.70698458,4354073.620795913,0.2798391318307375,0.1134804473519611
1968,36196771.697881326,40454070.69858573,4257299.0007044,0.2701349457603771,0.10202723859815677
1969,36636915.147474974,41148019.339373894,4511104.19189892,0.277591410800146,0.10602613913283161
1970,36221979.87497025,40697193.22102885,4475213.3460586,0.28391269787386675,0.11393366487262246
1971,36118157.27261014,40534685.97997343,4416528.707363285,0.27648630576039346,0.10670889679013487
1972,36493970.946576916,40832496.60910706,4338525.662530147,0.2719922351453545,0.10279073532622608
1973,37275357.527708635,41753613.67264562,4478256.144936986,0.2743123985355124,0.10484313744231435
1974,36429981.601995274,40686886.079847254,4256904.477851979,0.2754112930248154,0.10500919357412548
1975,36353398.76120192,40634754.5068535,4281355.74565158,0.2686019965217533,0.09894695778886838
1976,36686994.75040311,41113285.54029432,4426290.789891206,0.2766133559420245,0.10508403973722902
1977,36376370.31395084,40483632.33804004,4107262.0240892023,0.28533803450163703,0.11997822779482566
1978,36400773.19127641,40914711.62465283,4513938.433376424,0.2800260788183526,0.10490823968022274
1979,36071388.42777732,40613095.760091275,4541707.332313955,0.2814247035007293,0.10932199472906962
1980,36362425.86150285,40637369.63660346,4274943.775100611,0.26780634327858605,0.09947168562605188
1981,36091337.870644584,40394864.9350453,4303527.064400718,0.27166590943011465,0.10139735978050703
1982,36355898.449523814,40619421.5566437,4263523.107119888,0.2709952710278746,0.09850774082631132
1983,36280855.68463607,40773680.77631236,4492825.091676287,0.2733668097144803,0.10780318222610304
1984,36444619.37585205,40589919.544748805,4145300.168896757,0.27229589285094213,0.1062972148109975
1985,36381771.91228675,40601523.02347922,4219751.111192472,0.2688491649205247,0.10336434720350376
1986,36379037.62175476,40658050.50259412,4279012.880839363,0.27987661054366897,0.1108764870304918
1987,36317759.94267575,40500966.81842144,4183206.8757456914,0.27503775594008345,0.1103670896813978
1988,36309482.52781352,40731921.14423973,4422438.616426215,0.2714627258910869,0.0989897022118298
1989,36515078.07806872,40914657.289919585,4399579.211850867,0.271523925000625,0.10305761654783929
1990,36216127.33711241,40271474.83412494,4055347.497012526,0.2773759408068683,0.10974407746335178
1991,36333520.74975577,40862065.10145057,4528544.3516948,0.27754790006378266,0.10752091723520983
1992,35990744.55237525,40231943.00885438,4241198.456479132,0.2711045428047258,0.10331627076284505
1993,36249972.96846004,40711641.60742168,4461668.638961643,0.2853002919432559,0.11289403831801359
1994,35987509.457493484,40197029.4538856,4209519.996392116,0.26654853405413403,0.0991973893166141
1995,36054235.85727281,40314089.45232063,4259853.595047817,0.2730563308941199,0.10475361329790132
1996,36251320.21870319,40476520.74672971,4225200.528026521,0.26327875543655394,0.09739494069451002
1997,36542875.01559511,40794268.801730245,4251393.786135137,0.270400935167862,0.10419321983855512
1998,36077571.88350662,40531757.3828721,4454185.499365479,0.2734357104563805,0.10210742485858754
1999,35980459.90473883,40049064.04237835,4068604.1376395226,0.2708859121241708,0.10698257868773299
2000,36538204.953210205,40886424.08917914,4348219.1359689385,0.27658589114083004,0.10976522278050908
2001,36382805.866924986,40632387.1067973,4249581.239872314,0.2787139248117581,0.11048967924565167
2002,36344298.104954325,40690287.00550012,4345988.900545798,0.27705284697679683,0.11125016323542988
2003,36257415.50224499,40521342.41011356,4263926.907868572,0.28341260481893565,0.12058475962838011
2004,36503349.61597388,40931682.00236575,4428332.386391871,0.28366030512067664,0.1102787463091541
2005,36164882.714862615,40591718.35043198,4426835.635569364,0.28105478914909054,0.1129412342305005
2006,36265239.94851672,40552396.44461726,4287156.4961005375,0.2812700247968126,0.11402638863849637
2007,36728487.224165715,41148913.47636368,4420426.252197966,0.28031649558604016,0.10972494888744472
2008,36793860.50205716,41250904.42377415,4457043.921716996,0.27545210720128843,0.10749386144243119
2009,36451684.27066927,40702559.96574485,4250875.695075586,0.2743704868999876,0.11021357950907774
2010,36100530.417590514,40469492.27923182,4368961.861641303,0.27491020911515396,0.106414093863319
2011,36404985.928099945,41060086.96277732,4655101.034677371,0.2881005848339798,0.11698518040208503
2012,36238642.06308006,40615425.38634758,4376783.3232675195,0.28051288890527226,0.11816884773387348
2013,36882071.662290595,41373859.50389605,4491787.841605455,0.27998814596190974,0.11263040716851497
2014,36082382.98253991,40313115.10155618,4230732.119016275,0.26638619564383004,0.09911756578006174
2015,36217891.00503419,40740055.26097626,4522164.255942069,0.2748081911896212,0.10475593189760075
2016,36194898.41630536,40633976.504954085,4439078.088648722,0.2680209673215516,0.09477028119588815
2017,36612398.53285581,40713533.33870779,4101134.805851981,0.2687586424723535,0.10514354404187527
2018,36754589.715083934,41003108.63838139,4248518.923297457,0.2731568244376321,0.10146862508746221
2019,36624995.42594532,40590904.35619709,3965908.9302517697,0.2631389520320215,0.10219790613532846
2020,36321776.37176745,40513725.45475627,4191949.082988821,0.2738413254100982,0.11013114920603963
2021,36643488.04302366,40692728.875019744,4049240.8319960833,0.26519865040834795,0.10324390717641889
2022,36548821.86963312,40976359.4424867,4427537.57285358,0.278362038493989,0.10939209255775412
2023,36286582.71284141,40420958.20679827,4134375.493956864,0.26786472325193234,0.1028866049806493
2024,35770123.353056185,39956665.81802508,4186542.4649688974,0.27326970741973555,0.10255601094822904
2025,36406449.52271539,40678331.4036167,4271881.880901307,0.28074739235896623,0.11039369725718072
2026,36330566.93536489,40761587.451006964,4431020.515642077,0.2763178447294076,0.1044675916608405
2027,36449108.14202603,40850172.71706387,4401064.575037837,0.27256766422703427,0.10246873906288688
2028,36353549.92713881,40604435.570881195,4250885.6437423825,0.2751817468349771,0.11193902539124738
2029,36360843.338049665,40676919.723956354,4316076.385906689,0.27996387918940996,0.11647315084630164
2030,37204418.1075647,41701972.457936294,4497554.350371592,0.2841814230828657,0.11312255980541731
2031,36333263.57585441,40434460.554978535,4101196.9791241214,0.28052861048130767,0.11927022772731143
2032,36275341.97154803,40650641.30169928,4375299.330151252,0.27667797659450466,0.10856095239504339
2033,36702328.654865816,41038592.894243605,4336264.239377789,0.27625557478620605,0.10766256597793789
2034,36628541.609333865,41095118.91115184,4466577.301817976,0.2777460893672575,0.10787884847811546
2035,36216623.67323131,40514811.54138005,4298187.868148737,0.2781292732050461,0.11105051441962974
2036,36193053.96623631,40595475.478326425,4402421.512090117,0.271003538020332,0.09670571187829742
2037,36725146.61678284,40937970.931531586,4212824.314748749,0.27658118426916284,0.1136404631610326
2038,36695633.33911582,40995514.555108316,4299881.215992495,0.27450755891532586,0.10628418665963167
2039,35959064.48858936,40579661.790929176,4620597.302339815,0.28668445292009576,0.1170159355094359
2040,36517778.91094743,40879075.99735843,4361297.086410999,0.26927086365054415,0.10330719787470524
2041,36615651.080360755,41002330.84667075,4386679.7663099915,0.28053265346348233,0.11565205024995649
2042,36395302.43544494,40770926.904818274,4375624.4693733305,0.27563789197585553,0.11103313493700676
2043,36037638.73887369,40442580.11263512,4404941.37376143,0.28105003798785205,0.11005537957057422
2044,36431620.83858239,40940287.70784667,4508666.869264282,0.27511102019443767,0.10767432470034757
2045,36347942.21006895,40805940.16615248,4457997.956083529,0.28079159847693624,0.10947663753559117
2046,36270950.39536247,40461075.66927985,4190125.2739173844,0.2692456491841994,0.09827392731434594
2047,36143861.58877362,40659643.91657136,4515782.327797733,0.2813111756823588,0.10674164131849288
2048,35766006.73107495,40058777.50921709,4292770.778142139,0.2706606281348822,0.10259715446469439
2049,36275535.5767114,40803230.2444626,4527694.6677512005,0.28066974235589787,0.11315359363619445
2050,36243316.790766336,40557501.434861474,4314184.644095138,0.27288241775342464,0.10539800135805627
2051,36043879.38881682,40476197.82488393,4432318.436067112,0.27228962799537587,0.09666073019568815
2052,36505200.01244268,40917995.803477824,4412795.7910351455,0.28021899541737116,0.10575077562956192
2053,36481813.2369708,40740190.61819245,4258377.381221652,0.27897324895852715,0.11026127040772515
2054,36347178.672895215,40477199.9072011,4130021.234305881,0.26501708664630624,0.09279803329820183
2055,36129931.87424956,40303489.569935426,4173557.6956858635,0.2680888631446202,0.10130519004115014
2056,36274725.98577251,40451410.30253343,4176684.31676092,0.2776798057908731,0.11676075190338071
2057,37085062.02471791,41433437.59495875,4348375.57024084,0.2818535370183238,0.11486028225993093
2058,36833445.88902279,41135444.79191898,4301998.902896188,0.27100427171295444,0.10716372052798905
2059,36708471.37029557,41056141.57442281,4347670.204127237,0.27983967390317516,0.1113185417808001
2060,36552536.891443945,40806989.15516513,4254452.263721183,0.2750024908414333,0.10326618001821132
2061,36192953.53775848,40442184.77147031,4249231.233711831,0.27057629691891916,0.10143276532649201
2062,36717814.74489705,41066622.92315367,4348808.178256616,0.2795107889106047,0.11248605054179288
2063,36604211.183397606,41107405.17987668,4503193.996479072,0.273763508861431,0.10140968439090303
2064,36187141.251189716,40239171.98557104,4052030.7343813255,0.27009605698673733,0.10170935457573237
2065,36775763.14242469,41179731.629224084,4403968.486799397,0.2751304739930112,0.10515797891684919
2066,36429506.58548624,40707692.32816261,4278185.74267637,0.28231776864207636,0.11654831626967818
2067,36991911.05149166,41420956.70353138,4429045.652039714,0.27062027076195244,0.10477198563810872
2068,36552008.117373124,40883537.44334686,4331529.325973734,0.27004322490619503,0.10359408763273376
2069,36077352.78707756,40372866.79683248,4295514.0097549185,0.2876681259285803,0.12113341573854193
2070,36485207.97917959,40937116.538159706,4451908.558980115,0.2815703407345347,0.10899622631197797
2071,35930268.945938356,40248937.370462,4318668.424523644,0.28499932313568727,0.11956762633405749
2072,36426306.43183944,40716188.18871765,4289881.756878212,0.26839719279789603,0.10130044498782385
2073,35786566.739338264,39803299.10642255,4016732.367084287,0.2680753889028878,0.10416368968262844
2074,36848334.839843385,41136752.58062971,4288417.740786321,0.2846134148636989,0.12255820655641
2075,36660015.15717094,41285619.22404852,4625604.066877581,0.2736000450424106,0.09497123445399858
2076,36226683.403246686,40508000.09498224,4281316.691735551,0.2665544177559776,0.10069820578897254
2077,36339581.71455585,40749546.912525706,4409965.197969854,0.27623449491219065,0.10944925622172302
2078,36781770.25603668,41300611.19760538,4518840.941568702,0.2687913947754727,0.10144548542884596
2079,36958889.82169301,41343450.29889861,4384560.477205597,0.26464912531558604,0.10029484210121743
2080,36568092.30121561,41011316.01441989,4443223.71320428,0.27334622120230867,0.10053570384155995
2081,36175331.67621092,40578719.68809049,4403388.011879571,0.2723316878816328,0.10788432287402545
2082,36230326.92447919,40666211.27489258,4435884.350413397,0.277278184698356,0.10370429534868592
2083,36161283.61523264,40498502.89393848,4337219.278705843,0.27638629456352326,0.10830329207026516
2084,36288876.60625513,40678268.96133841,4389392.355083279,0.27727272480380366,0.10911651132475167
2085,36065029.535357535,40485098.19468576,4420068.659328222,0.27526123154273113,0.10348296232283344
2086,36186105.21201594,40511448.618092194,4325343.406076252,0.2700528739202947,0.10180727269013833
2087,36423323.60710214,41000886.44849941,4577562.841397271,0.27720960976674636,0.10539265198677852
2088,35917569.79291531,40303154.27052693,4385584.477611624,0.2794144748153945,0.11348657096543124
2089,36522475.485741615,40798494.14041912,4276018.654677503,0.27267237929357446,0.10134428588413429
2090,36646669.062180325,41287459.83062236,4640790.768442035,0.2773674604491065,0.10636590312345684
2091,36308062.87921793,40853831.38167873,4545768.5024608,0.27897972244484787,0.1033252682205597
2092,36184581.16609956,40472183.66210252,4287602.496002957,0.2673145542811446,0.09536810234594953
2093,36002236.45925855,40148149.83950941,4145913.3802508637,0.26073292623572764,0.0893801389032084
2094,36533906.73271399,40819127.487145245,4285220.754431255,0.2758266472190086,0.1088452380225313
2095,36081738.56287605,40321502.24958344,4239763.686707385,0.2790722635990736,0.11063401617338646
2096,36120464.8822228,40520819.683977365,4400354.801754564,0.28275958780956134,0.11568946191954825
2097,36433314.55437937,40679607.86154928,4246293.307169914,0.2763952125686184,0.10916085913701115
2098,36915156.10249065,41242715.8921428,4327559.789652154,0.2678149189102692,0.10477087625476923
2099,36434368.030406356,40649895.045594916,4215527.01518856,0.2759936528144969,0.1051174964879671
2100,35965764.66004127,40295004.117361404,4329239.457320131,0.28245810839412533,0.11542430058910572
2101,36959832.27460806,41231156.39571812,4271324.121110059,0.28914029489645166,0.12587465366169218
2102,36133369.3191317,40279546.00736518,4146176.68823348,0.28009790625459613,0.11728406765225222
2103,36176046.50702373,40374489.77681024,4198443.269786507,0.27534717157919986,0.10999608260362599
2104,36415798.724601224,40796873.418329336,4381074.693728112,0.27058149324990566,0.10308301839826017
2105,36583913.79076904,40655620.5893328,4071706.798563756,0.2650705515124035,0.10055389910109132
2106,36438669.68828535,40794696.64645188,4356026.958166532,0.281805325378554,0.11594928885673667
2107,36888509.10060711,41299996.91817992,4411487.81757281,0.27906268103792137,0.1167951860409374
2108,36485847.95623735,40852297.57023943,4366449.614002079,0.2794064550989693,0.11091160702360962
2109,35988992.74426747,40240213.099717274,4251220.355449803,0.273952941861498,0.10655046957216263
2110,36337609.34233967,40630041.29932511,4292431.956985436,0.2781872789414392,0.11367801347723416
2111,35948564.986005954,40227935.51814766,4279370.532141708,0.2791472064851903,0.11085486017319154
2112,36627910.63916278,40789019.23402548,4161108.5948626995,0.2752033531787378,0.11198159961540609
2113,36327711.11275007,40514568.91122763,4186857.7984775603,0.2796040104410126,0.10895370955177858
2114,36390351.34362549,40546029.13836019,4155677.794734694,0.2737015540945725,0.1109710797186835
2115,36603509.30272554,40691898.2449104,4088388.942184858,0.2778270004409729,0.10894980277766472
2116,36679037.49134931,40859980.5125699,4180943.021220587,0.27800212653200773,0.11187544843788667
2117,36276701.90026967,40566859.18761642,4290157.2873467505,0.27995304535494464,0.11675566841818699
2118,36458042.808286175,40868584.73080661,4410541.922520436,0.287785915765649,0.1238348391406138
2119,35873489.52949487,40049645.28965931,4176155.7601644397,0.27609458815245463,0.10284582944171311
2120,36481164.26322944,40745906.365975425,4264742.1027459875,0.27498804008858124,0.11189221790213918
2121,36694724.427021936,40995973.92083043,4301249.493808493,0.2690442100880605,0.10175094311927536
2122,36328049.48515867,40694984.6667551,4366935.181596436,0.2811946102183101,0.11408319371012274
2123,36633567.11648551,40944742.56839655,4311175.451911047,0.2658464424560563,0.09565042777696556
2124,37058701.06340256,41462257.88370232,4403556.8202997595,0.27339668375354337,0.10317069636542489
2125,37008544.45330071,41385147.99854614,4376603.545245431,0.2798650936290013,0.1151316324266924
2126,36525701.95990509,40817066.10514301,4291364.145237923,0.277151212880878,0.10809791542746347
2127,36739328.74091834,41138409.792498276,4399081.051579937,0.2790161077220141,0.10786009688629132
2128,36239672.630585544,40522627.53026095,4282954.8996754065,0.25837675313273734,0.08998805668488556
2129,35808523.34549348,40025452.55134512,4216929.205851637,0.273929297551336,0.10738716879258475
2130,36696816.30297282,41317624.909710295,4620808.606737472,0.2866971908355763,0.11896806301378149
2131,36223958.60191965,40504300.80935912,4280342.207439467,0.2730881350578306,0.10576424473179023
2132,37030264.48731855,41426096.70705689,4395832.219738334,0.2777166514413697,0.10886090096906692
2133,36134803.84510404,40403973.5521927,4269169.707088664,0.2733760657328477,0.10504704333176686
2134,35993839.65554345,39999521.44840224,4005681.7928587943,0.27456561362533843,0.1118976114860204
2135,36588297.85877915,40792349.51166333,4204051.652884185,0.2659166674914074,0.10083730968666653
2136,36316993.14615876,40700391.99114395,4383398.844985187,0.2762523940050551,0.11023985961182677
2137,36963325.17661582,41087457.92029593,4124132.743680112,0.2679537160388986,0.10588580936446172
2138,36251957.11470306,40597083.38043017,4345126.26572711,0.2696450843025328,0.10546280202325342
2139,36694117.91998753,41068265.64124507,4374147.721257538,0.2764898575913669,0.10949787301936424
2140,36614538.12401459,40978458.52279168,4363920.39877709,0.2718455679483449,0.10304043624676985
2141,36294260.792744145,40536873.09299638,4242612.300252236,0.28120611163057674,0.11802762765291759
2142,36956420.60687784,41312163.74025898,4355743.133381136,0.26668689800698603,0.09580528846478902
2143,36581627.95170054,40787197.593483165,4205569.6417826265,0.27517707456940355,0.10854375441430306
2144,36512256.93172612,40879284.22666262,4367027.2949365005,0.2704967732574269,0.10238411796104838
2145,36570762.136495784,40941252.02641594,4370489.889920153,0.2815952142540204,0.11093313527810887
2146,35927850.249684975,40191445.30838393,4263595.058698952,0.27863394061143487,0.11011835313844352
2147,36239184.763939954,40571512.53603551,4332327.772095554,0.27848296392733707,0.10768229981519019
2148,36669010.33078833,40886781.68555149,4217771.354763158,0.2709304484551749,0.10492545799418006
2149,36287464.21411105,40404555.822569564,4117091.6084585115,0.26866499401231686,0.09955046797562403
2150,36225479.683059804,40800240.02521313,4574760.342153326,0.2820725896060064,0.10704325039441394
2151,36454303.75262882,40664798.69387996,4210494.941251144,0.26540523169184144,0.09634254439325826
2152,36296748.346068405,40736043.87955855,4439295.533490144,0.2808845938238736,0.11025641477181398
2153,36497675.04121724,40963990.51984372,4466315.478626482,0.2757967635682173,0.10382417264795063
2154,36521657.780907355,40828842.455821425,4307184.6749140695,0.27097300352589904,0.09783407881818512
2155,36688695.439746894,40987652.40214442,4298956.962397523,0.27656795253280014,0.11016883750539806
2156,36254292.60443423,40510437.15027119,4256144.545836963,0.27438757863347113,0.1041935443038438
2157,36113109.90177879,40585333.12292857,4472223.22114978,0.29034519041321205,0.12585933115250425
2158,36396759.596328534,40462777.074921355,4066017.4785928205,0.26846657116959327,0.1037371690362163
2159,35957797.91665569,40191183.290104404,4233385.373448715,0.2915284998734024,0.12759285951447813
2160,36321391.78230238,40384295.41051406,4062903.628211677,0.2739075786509473,0.10829023032994442
2161,36306854.28698184,40556284.430217184,4249430.143235341,0.2715321107506842,0.10650132203766405
2162,36670534.13345268,41121742.8629366,4451208.729483917,0.2777596232707339,0.1048666567105661
2163,36143904.882104434,40558303.2607863,4414398.378681868,0.2724446385275441,0.1033225713258862
2164,36134484.418192916,40526638.434490666,4392154.01629775,0.27056900454974386,0.09798447861735222
2165,36929329.371121004,41121312.06527199,4191982.6941509843,0.280892625125997,0.12007262424896424
2166,36492367.24760851,40777332.965027794,4284965.717419282,0.2635754099744262,0.08903048152353907
2167,36662678.66237008,40858265.323246025,4195586.660875946,0.26821700326667774,0.100033958222502
2168,36309108.37701191,40577434.34973905,4268325.972727142,0.27116092840851475,0.09978664113845907
2169,36931465.738814645,41236720.50652303,4305254.7677083835,0.2667199604475083,0.10174900821710127
2170,35984560.393120274,40231026.868944064,4246466.47582379,0.2802545619857281,0.10898531001476384
2171,36527415.35737398,40622512.495395824,4095097.1380218416,0.2582444881919649,0.09732966058403379
2172,36221981.27631118,40525635.111180246,4303653.834869064,0.2681873608214314,0.10054178010045958
2173,35999989.71930304,40163906.68232645,4163916.9630234092,0.2699358548191865,0.100044803294037
2174,36717310.44787868,41036751.268004276,4319440.820125595,0.2746647829459562,0.10782391810905163
2175,36385969.43874888,40687999.342946686,4302029.904197805,0.287054987127619,0.12421191286270457
2176,36374007.57015809,40442560.91063806,4068553.34047997,0.2690400120628921,0.10312945567852044
2177,36433053.38731296,40762384.794005424,4329331.40669246,0.2722651898188648,0.10069213081589075
2178,36203953.790938474,40523847.49077546,4319893.699836984,0.28044361740119994,0.10901650737064507
2179,36203570.988395564,40332136.045930184,4128565.05753462,0.2789038350092907,0.11499893023534109
2180,36677111.67323759,41093112.0587543,4416000.385516711,0.2712435535127131,0.10197618853497245
2181,36418414.34557565,40623053.60089965,4204639.255323999,0.2739692022757636,0.10671406589744559
2182,36206460.44857591,40348137.69840748,4141677.249831572,0.2684775072134027,0.1070596889262005
2183,36565691.98878977,40995941.7485372,4430249.759747431,0.2714451843719913,0.10212205053080899
2184,36749928.446360774,40975868.82577166,4225940.379410885,0.27752252297405333,0.1117211646071331
2185,36795030.47493176,41387356.748203285,4592326.273271523,0.28023116830329664,0.11051925498955
2186,36387234.384413324,40757882.724388935,4370648.33997561,0.2670414395090703,0.09958075933132858
2187,36170055.354885966,40590086.875468,4420031.520582035,0.279778877247658,0.11096072308319488
2188,36239510.87217064,40567836.60794987,4328325.735779226,0.28103548369741804,0.11493303201399398
2189,35942582.389255494,40394937.44676141,4452355.057505913,0.2797220521210967,0.10705250334716535
2190,36571569.300897144,40838999.71669077,4267430.4157936275,0.2780801435477467,0.10891547667779417
2191,36027242.61004734,40236768.13613888,4209525.526091538,0.26647188987388004,0.1008097864789814
2192,35612599.7177782,39687976.30516019,4075376.5873819888,0.26854110966225947,0.10320676370145178
2193,36196052.76946412,40598475.2444956,4402422.47503148,0.2760182337483785,0.10534646588418828
2194,36461114.86379862,40700523.12914397,4239408.26534535,0.2729201158432923,0.10799660663046864
2195,36070459.460364826,40132775.00817624,4062315.5478114113,0.2756807566428036,0.11518330620519443
2196,35866699.69025401,40085285.45736495,4218585.767110936,0.26866239766472627,0.09985184320046162
2197,36454615.758857645,40884674.32457438,4430058.565716736,0.2724784679449336,0.10068133638088654
2198,36179514.1459229,40375760.52504521,4196246.379122309,0.2737672936202042,0.10306055870340933
2199,36369370.64602057,40628082.446925074,4258711.800904505,0.26617884301413797,0.09842926211409085
2200,36614138.957642235,40821752.08969935,4207613.132057115,0.2831634802984656,0.11754428353666733
2201,36249850.3259011,40522175.84987234,4272325.523971245,0.27498963746763183,0.11217327448236554
2202,36777688.545334205,41174519.71794984,4396831.172615632,0.27887530437278124,0.10718675419137201
2203,36341311.19118181,40688749.95937116,4347438.768189348,0.2774903826071626,0.10691972651908661
2204,36008481.30548115,40371927.79660307,4363446.491121918,0.2800690679100485,0.11070187859007295
2205,37119608.07051155,41579702.44207395,4460094.371562399,0.28506699348714415,0.10951745660060731
2206,36689428.26593337,41087491.82929746,4398063.563364089,0.2660879501727633,0.09557288380220649
2207,36203462.74366201,40301638.762437955,4098176.0187759474,0.26647561765137906,0.09985135427782003
2208,37059892.41594113,41533775.279006645,4473882.863065518,0.27799986389430853,0.10708272629727891
2209,36560985.61150383,40678187.53550007,4117201.92399624,0.2751399645585609,0.108737668469481
2210,36109185.24533395,40285315.79101992,4176130.5456859693,0.2678800963651109,0.10000530389450492
2211,36600187.7772549,41061813.43970468,4461625.662449777,0.28220694545578406,0.1120240973588182
2212,35659215.555736676,40132787.717070095,4473572.161333419,0.27834183536307844,0.10400214635990526
2213,36261510.726742625,40403789.37908995,4142278.6523473263,0.27454439205692666,0.10712809522531837
2214,36207893.28935293,40715143.31101423,4507250.0216612965,0.28158123673536783,0.11199726944809384
2215,36338202.32547685,40799647.187947795,4461444.862470947,0.2815602253590017,0.10919594863440295
2216,36728138.09154654,40965916.22839253,4237778.136845984,0.2691506700058895,0.10612016026467842
2217,36353978.78758937,40812094.02951689,4458115.241927519,0.26233051087378545,0.09510311790273651
2218,36524573.867188044,40975295.7879169,4450721.920728855,0.28515199327877294,0.1127137489260593
2219,36248990.38628375,40551825.45868257,4302835.072398819,0.27870862166436555,0.107921436243363
2220,36898331.65050041,41389219.39779941,4490887.747299001,0.28063023555475164,0.11029754302165325
2221,36252090.94220686,40631567.360569306,4379476.418362446,0.28658322007302683,0.11685079189827122
2222,36766605.034306616,41348812.56870818,4582207.534401566,0.28074014350484433,0.11050246698025827
2223,36963818.10585684,41321474.968713045,4357656.862856202,0.2749277938344995,0.10670534259404756
2224,36413181.952739656,40843869.98545342,4430688.032713763,0.27663550619030597,0.10868338120003042
2225,36211354.32236402,40452211.930286124,4240857.607922107,0.265848973210829,0.10166470000708225
2226,36294411.997040935,40530619.892288476,4236207.895247541,0.27293395279399046,0.10561603852116047
2227,35999423.37465138,40286634.76105717,4287211.386405788,0.29154494360179123,0.12695685802942255
2228,36574374.681398615,40764253.92452861,4189879.2431299984,0.2769964385701975,0.11387551197296764
2229,36580447.61360428,41030730.519678384,4450282.906074107,0.27939201322015966,0.11192727775396417
2230,36869543.19873383,41071681.77728966,4202138.57855583,0.267258106792591,0.10268838869822207
2231,36732652.609118715,40964489.11076479,4231836.501646072,0.274625433782954,0.10406818300746566
2232,36203993.92017155,40811078.59559489,4607084.675423339,0.2753914208070333,0.1025121601743306
2233,36064006.00551903,40460159.57372725,4396153.568208218,0.28630835147014555,0.12135692219844445
2234,36236552.78577714,40587569.69045455,4351016.904677413,0.2793114993757585,0.10984614007655628
2235,36344051.88336941,40986802.42166876,4642750.538299352,0.28057342385864464,0.10819302560588605
2236,36797325.96751311,40991176.40708164,4193850.4395685345,0.2748998977192032,0.1059807447115504
2237,36344127.331954286,40237728.65238021,3893601.3204259276,0.26119415210477576,0.09960776753983482
2238,36590194.978654474,40698984.38413249,4108789.4054780155,0.27078996626552476,0.11029517631948434
2239,36266285.38830434,40554728.3547205,4288442.966416165,0.273374792419403,0.10441782690385881
2240,36443921.156203,40712093.46055571,4268172.304352708,0.2751392072210133,0.11336624997984066
2241,36196080.66263953,40302043.517804086,4105962.8551645577,0.2662476217630433,0.10112929478784256
2242,36265686.48763512,40448799.99492153,4183113.507286407,0.270111468071238,0.10386583074936391
2243,36656787.376745574,40666696.718828246,4009909.342082672,0.26956363389953447,0.10840222424122006
2244,36297885.461543,40515582.134180196,4217696.672637194,0.2839570940693455,0.11230992564444489
2245,36980597.02523006,41295850.10261883,4315253.077388771,0.275860495388889,0.1078208566028502
2246,36767280.479006246,41041975.38144344,4274694.902437195,0.27597918284581047,0.10568344660529262
2247,36212967.97304426,40669354.26236159,4456386.289317332,0.27124089248203226,0.09924927980821009
2248,35856152.95980808,40042599.34647244,4186446.3866643608,0.27300606763545954,0.10425546766294556
2249,36325100.9182916,40366781.93307454,4041681.014782943,0.273917427862078,0.10824651145369735
2250,36373198.74800433,40525970.16076334,4152771.412759006,0.2813343034369659,0.11536841822613657
2251,36044493.76197585,40236536.44114308,4192042.6791672334,0.2769275084253081,0.11724560494286548
2252,36013578.598207265,40217781.506456785,4204202.90824952,0.2715358241914695,0.10196557146062563
2253,36537943.34477051,41172872.32274694,4634928.9779764265,0.2719464863847181,0.09633106411043886
2254,36383628.81482321,40611424.1377949,4227795.322971687,0.2838634554973124,0.11885657186858453
2255,36185944.970521994,40593272.21720345,4407327.246681459,0.2750099890213564,0.10200371880156238
2256,36758726.59973728,41156929.06973943,4398202.470002152,0.2759981082294977,0.1065064212888759
2257,35834259.34971779,40379579.89995467,4545320.550236881,0.29066504451559455,0.1189684030427339
2258,36100693.46584369,40458859.469222054,4358166.003378361,0.27208608813157614,0.10226810157560305
2259,36245037.60015801,40384595.34003965,4139557.7398816347,0.27646443893179434,0.11074298259003529
2260,36551924.4065227,41025602.401973695,4473677.995450996,0.27805622669307284,0.10889458920094316
2261,36704271.37447918,40929745.01675795,4225473.642278768,0.27427836609624745,0.10479794821071144
2262,36235896.41012146,40514076.1036428,4278179.693521336,0.26703593902403056,0.09779687015999987
2263,36821537.830803685,41172732.77464016,4351194.943836473,0.28000121394855204,0.11166720316845122
2264,36494747.95366943,41049658.07931748,4554910.1256480515,0.2760405636812443,0.10690299876076653
2265,36134464.103354715,40362077.47663591,4227613.373281196,0.28270012380921455,0.11668765471017915
2266,37001532.34860644,41421209.845069446,4419677.496463008,0.2786349571117236,0.10537704718206424
2267,36881884.71956196,41148277.259986356,4266392.540424399,0.2750642537677567,0.11565363267025118
2268,36613238.4643788,40915503.81054606,4302265.346167266,0.27169485797686765,0.10181136248816111
2269,36499843.59266617,40960931.42324331,4461087.830577135,0.2867989680291558,0.117710512557287
2270,36194418.70430802,40517664.43819642,4323245.733888403,0.27310946736408026,0.10707156482274388
2271,36378969.316892676,40604794.33602157,4225825.019128896,0.27112321087625574,0.09910777025258509
2272,36135480.30298708,40509926.43060298,4374446.127615906,0.27451912658792754,0.10682550299242939
2273,36319154.9117836,40688401.53201986,4369246.620236263,0.27452868906717753,0.10687773602148325
2274,36207670.097404,40413485.82339101,4205815.72598701,0.26173715678978643,0.09354878087526591
2275,36092519.07025418,40332548.306680106,4240029.236425929,0.2748957907859687,0.10768153667569913
2276,36135588.3981004,40394668.789565764,4259080.391465366,0.27595841887885464,0.10678214781782369
2277,36456056.45051647,40874869.83736491,4418813.386848442,0.2865745583683825,0.11363643597564212
2278,35782734.8003247,40075595.26106357,4292860.4607388675,0.2781794950386407,0.10546618553045795
2279,36786530.29932494,41123436.93824793,4336906.638922989,0.2707773376102637,0.10709677129848208
2280,36611330.56252418,40846037.28134803,4234706.71882385,0.28021073732505447,0.10976549573222225
2281,36611908.16272613,40979399.55656264,4367491.393836513,0.27424595661736,0.10671041437199671
2282,36180617.252173044,40407442.13869492,4226824.886521876,0.25869628001122735,0.09168112137345552
2283,36466694.23390803,40928994.72644299,4462300.492534965,0.27784540830528187,0.10884539178594735
2284,35814167.89174915,39889703.29269259,4075535.4009434357,0.27687171058658017,0.11295730381233562
2285,36508204.88869047,40581251.92739699,4073047.0387065187,0.26557882018754886,0.10219367725908853
2286,37074417.0731281,41432213.94747227,4357796.87434417,0.2775750908928569,0.11159703847048957
2287,35875233.88147609,40096874.49582211,4221640.61434602,0.2654296473103727,0.09566168446808604
2288,35843378.207736775,40143259.615558535,4299881.40782176,0.27439620095220424,0.10676293954292976
2289,36681885.22465514,40810311.43014391,4128426.205488771,0.27238742859759063,0.1068681330482569
2290,36324685.11936363,40658590.973464936,4333905.854101308,0.2759216367743648,0.10753217451447616
2291,36224650.69907523,40323182.55528445,4098531.8562092185,0.27344195302113006,0.11239554072209147
2292,36293357.74281663,40543698.454207845,4250340.711391218,0.2818135337097001,0.118840326712041
2293,36153862.06453228,40429697.33994656,4275835.275414281,0.26420569360079943,0.09537818266596035
2294,36429543.72692621,40884531.5841137,4454987.857187495,0.28595396296775283,0.11414342494923665
2295,37058026.59504468,41306436.080087274,4248409.485042594,0.2719530377676142,0.10437024383143995
2296,36283237.85744157,40666682.2107084,4383444.353266835,0.2834404910807561,0.11539022763792077
2297,36661022.751887985,40915823.91279323,4254801.160905242,0.27704211134507534,0.10757201506415062
2298,36545970.71694743,40769247.09157449,4223276.374627061,0.27611935376634067,0.10543635224102131
2299,36353349.91385472,40893739.277027436,4540389.363172717,0.2796945023801829,0.10910615429038902
2300,36380100.56799419,40501805.711580224,4121705.143586032,0.2758346990109745,0.11262663423963912
2301,36110098.81398803,40339666.761810325,4229567.947822295,0.2699807593479818,0.09781577814128221
2302,36617575.09191784,41099306.34945729,4481731.257539444,0.27566006525506276,0.11039506488060957
2303,36817849.35028826,41136558.94358334,4318709.593295082,0.2804515014691503,0.11694477049566833
2304,36431427.150664926,40811779.34650387,4380352.195838943,0.2743584513173928,0.10225641032674594
2305,36601816.35543207,40865970.61031139,4264154.254879318,0.26852433687549704,0.10203524239686898
2306,36294884.54115017,40522479.23951711,4227594.69836694,0.2723501563422512,0.10861468585005653
2307,36667794.07013418,40947561.82088742,4279767.750753239,0.2712718214337405,0.10161382832464828
2308,36373810.22725471,40562622.53724519,4188812.3099904805,0.2710007718542476,0.10513463091814365
2309,36893880.515928,41311111.283488676,4417230.767560676,0.2844444486423245,0.12046115981929043
2310,36246471.19080566,40602834.56266599,4356363.371860333,0.27564526724555016,0.10459038510055567
2311,36318254.6230421,40532388.08602844,4214133.462986343,0.26362418859285874,0.09798587632746004
2312,36265698.727125935,40633277.85888196,4367579.131756023,0.2697643887060594,0.09609164276508092
2313,36191330.05868887,40604661.47831729,4413331.419628419,0.2758314927342184,0.1086360184062938
2314,36365458.718889296,40821690.318669006,4456231.59977971,0.28255178642525347,0.10870332746555349
2315,36435582.64380945,40626822.63217195,4191239.9883624986,0.27679424649758927,0.11215343283154554
2316,36061181.56955832,40374883.94277441,4313702.373216085,0.2823942828369738,0.1144752060511702
2317,35757161.14407552,39996615.10274374,4239453.958668217,0.2806905421425192,0.11626199364037619
2318,36465298.84872842,40724390.47280379,4259091.624075368,0.27435762982939316,0.1065657587521661
2319,36161459.45840451,40197591.57176186,4036132.11335735,0.2721249435240936,0.11203317211920262
2320,36477810.155526794,40902328.71820174,4424518.562674947,0.2677784922659652,0.09620443245611465
2321,36218157.38778371,40575504.940163724,4357347.5523800105,0.2757366013059195,0.10533451268032674
2322,35806134.641489424,40022638.378532656,4216503.737043232,0.27566977954628424,0.10913363613579205
2323,36281218.03438649,40589792.88050487,4308574.846118376,0.27945272700808604,0.11090737369146149
2324,35566709.58537136,39847043.93577384,4280334.350402482,0.2774701893260974,0.10172026504007585
2325,36175664.59475427,40590162.0116339,4414497.416879632,0.2855151635374262,0.11857369212062782
2326,35993143.98868853,40002274.23872277,4009130.250034243,0.2645315505714235,0.09835555391000537
2327,36830512.333159715,41308581.23309649,4478068.899936773,0.277730760206892,0.10575876960746576
2328,36179183.826201595,40482590.44151836,4303406.6153167635,0.2738967094444371,0.10381152935180617
2329,36654422.73195511,40780974.935231164,4126552.203276053,0.26486302525925687,0.1004925051531657
2330,37188205.228939444,41526829.33628116,4338624.107341714,0.2741051916130537,0.10885536758152685
2331,36701581.85105309,40963836.80008452,4262254.9490314275,0.2747973937941437,0.10894487846622739
2332,36475519.643994324,40906494.27424339,4430974.630249068,0.27936674530645084,0.10897892602377879
2333,36421414.482741416,40615400.47595905,4193985.993217632,0.2674687634801814,0.10174502230761484
2334,35799523.514513224,40127624.27084584,4328100.7563326135,0.2795566289415063,0.11213968418917435
2335,36109964.65861397,40421830.56610833,4311865.907494359,0.27169323562285336,0.10239269387026366
2336,36202035.90841249,40702431.92099675,4500396.012584262,0.2801895255398071,0.11040974179682152
2337,36829879.49438746,41256699.192269064,4426819.697881602,0.27383875663603846,0.10786880104606356
2338,36021519.43426109,40278541.07404969,4257021.639788598,0.27620000114718657,0.10864330024527472
2339,36615757.17498763,40773622.83408362,4157865.6590959877,0.2654339206101289,0.10153515327022186
2340,36789675.27665183,41018607.14549649,4228931.868844658,0.2712443419300164,0.10879591288844022
2341,36702381.28964755,41152902.28706105,4450520.997413501,0.2794258150891489,0.1110607423641161
2342,36594665.65109601,40929937.010159,4335271.359062992,0.2688287974742559,0.09753092872412843
2343,36613722.045363516,41166048.69402459,4552326.648661077,0.2838231163739062,0.11378430554239398
2344,35723922.04520169,40066134.01695539,4342211.971753702,0.2749339439509675,0.10426896999333511
2345,36014364.8792232,40117862.35986023,4103497.480637029,0.2671158247181,0.10252916174419026
2346,36790684.092861444,41199894.725326836,4409210.632465392,0.2753930567575698,0.11104763026635207
2347,36156321.858408585,40483704.97106913,4327383.112660542,0.26926915038972055,0.09646278644138409
2348,36390148.03036933,40742240.078465745,4352092.048096418,0.2711595529908361,0.09793230711680712
2349,36360377.19318906,40659607.86175141,4299230.668562345,0.27515708828549146,0.10837293953693207
2350,36265046.54947888,40547746.4928846,4282699.943405718,0.2761560689430857,0.10694110726583757
2351,36165240.04284473,40548696.93277463,4383456.8899299055,0.28205050771519197,0.11525583036927592
2352,36288726.434241965,40477597.851968795,4188871.4177268296,0.2721018039507064,0.10496657539308768
2353,36514877.25012479,40702694.5429886,4187817.2928638086,0.259292254799322,0.09075697845827671
2354,36689107.110482916,41235000.40907361,4545893.298590697,0.2825947774831783,0.10921695187753204
2355,36532948.4369054,41045857.611950256,4512909.175044857,0.2869710942207942,0.11951725835026168
2356,36684993.43031233,40845783.61466561,4160790.1843532845,0.27254799656972134,0.10882837373404944
2357,36613384.42020015,41028614.642218046,4415230.222017899,0.2791765340065414,0.10606108605439313
2358,35835257.458525665,40032828.89273214,4197571.434206478,0.2707239305314995,0.10752844023625027
2359,36034549.73380541,40444318.13652804,4409768.402722627,0.267796701607361,0.09262452836221742
2360,36560222.21712596,40881530.20996848,4321307.992842518,0.27672606846976416,0.1085108615278384
2361,36156809.05134398,40374396.22302948,4217587.171685502,0.2756408330826793,0.10639231830634227
2362,36753108.937544666,41132076.31931913,4378967.381774463,0.2789188224009053,0.11496480748623701
2363,36995589.18481548,41404700.94434409,4409111.759528607,0.2741773773100789,0.10432998447967731
2364,36178823.65944572,40493926.131288685,4315102.471842967,0.27410479994796033,0.10534936806867537
2365,36061642.63857987,40428462.534605496,4366819.896025628,0.28257791286719663,0.11077068396694704
2366,36056258.991187535,40261261.76846255,4205002.777275018,0.2685845631108595,0.09587477274207061
2367,36550677.194972835,40999387.12598272,4448709.931009881,0.28499314360360023,0.11436131618273336
2368,36813869.28923659,40955231.95907067,4141362.6698340774,0.27232619668573066,0.11090162746334445
2369,36471524.30962259,40953475.55493935,4481951.245316759,0.27568928682684657,0.10471852502358227
2370,36476478.767480284,40938554.617179,4462075.849698715,0.2681749559524571,0.0999736947701125
2371,36306397.826646656,40679047.83639913,4372650.009752475,0.27328620836103945,0.1047374711256061
2372,36406244.15673728,40771012.34332578,4364768.186588496,0.27362598529802207,0.10731337121444329
2373,36907080.50758204,41318116.620888606,4411036.113306567,0.2760512873206293,0.10639965482910703
2374,36808450.63739242,40998843.53306462,4190392.895672202,0.27791204058172675,0.11266504703900747
2375,36325834.34635739,40504563.23337032,4178728.8870129287,0.27251914544802114,0.10712559017718878
2376,36778129.272270806,41004765.15188684,4226635.879616037,0.2736890583918165,0.10363901120892124
2377,36675425.2939736,40968017.79771092,4292592.503737316,0.28594878144944263,0.12098654279232215
2378,36255275.704334885,40523665.33938664,4268389.635051757,0.2706519813642757,0.09904265120102207
2379,36639698.238191664,40861518.20599984,4221819.967808172,0.27667032011823306,0.10932924398301919
2380,36286203.901113115,40713233.51899092,4427029.617877804,0.27419036235451444,0.10656946945122737
2381,36564117.50108414,40774445.06572576,4210327.564641617,0.2676643794348421,0.10069045750713143
2382,36480849.32363353,40858982.09704849,4378132.773414962,0.27732003360888213,0.10897451503656304
2383,36177547.51727176,40484296.13044314,4306748.613171384,0.2675097018177151,0.09730282333728062
2384,36519035.45563956,40786637.932646275,4267602.477006711,0.27813000688301814,0.10948134005326948
2385,36347757.72258817,40741046.405901715,4393288.683313549,0.2719862774178465,0.10324539591245287
2386,35831167.197263405,39937745.782425314,4106578.5851619095,0.2730636605739366,0.10465606747066286
2387,36423438.363541566,40589602.43303053,4166164.069488965,0.2766560894613217,0.11659407957274223
2388,36203895.53266073,40548918.722201034,4345023.189540304,0.2701233104805051,0.0973897503175313
2389,36337403.55693532,40825815.60593726,4488412.04900194,0.27442461729799195,0.10263072041827967
2390,36715838.83963178,41223861.78962052,4508022.949988738,0.29250252363285884,0.12845774247104727
2391,36845992.72935825,41255119.0133623,4409126.284004055,0.2723653813109085,0.0981992555846797
2392,36118298.25505021,40590032.74880767,4471734.493757457,0.29082412214868975,0.12267706856776166
2393,36504484.72045897,40682086.48376418,4177601.7633052096,0.2684957768970474,0.1002156285607008
2394,36112008.518635735,40380843.06102105,4268834.542385317,0.2690257757193248,0.101841002715328
2395,36351320.95815297,40666408.716145195,4315087.757992223,0.2644782811005286,0.09719149384010217
2396,36022016.784931526,40326216.74050613,4304199.955574602,0.2683060840143255,0.10032051297328176
2397,36775561.19536959,41106146.77560799,4330585.580238402,0.27418826245886413,0.10460651436565928
2398,36520241.4439829,40858832.025603116,4338590.581620216,0.283220438054244,0.11931693542857484
2399,36128820.65183921,40373680.77519599,4244860.123356782,0.2884413753406732,0.12076570687380621
2400,36812626.16542731,41316066.32540932,4503440.159982011,0.2771663428615714,0.1061427160403787
2401,36541013.88127297,40717987.51535038,4176973.6340774074,0.276690295897418,0.1134153832150821
2402,36463859.60297591,40825897.65250449,4362038.049528576,0.2634473239993878,0.09619096197338499
2403,36560265.56384189,40597837.76268644,4037572.198844552,0.2548137443198383,0.09113664842354569
2404,36515380.876703784,40723435.03681022,4208054.160106435,0.26875598206090756,0.10140582973383311
2405,36555730.13674584,40832904.447269656,4277174.310523815,0.287271070394004,0.1187245435389565
2406,36031994.13032036,40304365.514678024,4272371.384357661,0.2731145232965231,0.10570285768886332
2407,36381348.25004177,40687618.75240611,4306270.502364345,0.271920065440186,0.09872941424178838
2408,35916587.147086374,40119323.97047834,4202736.8233919665,0.27235888888082616,0.10944374296453852
2409,36136218.65306901,40305197.66263457,4168979.0095655546,0.2725724945418737,0.10711051281988429
2410,36221184.316624,40373832.53738682,4152648.220762819,0.276058761059677,0.10927066244429716
2411,36111755.66979591,40340453.8408613,4228698.17106539,0.26381035786412127,0.09749727040930913
2412,36652752.32570125,40925126.86492897,4272374.539227717,0.277754211006895,0.1130406038466405
2413,35937085.405780345,40254092.076413885,4317006.67063354,0.27239271488118655,0.10070849709902754
2414,36035258.37186395,40374092.921778776,4338834.549914829,0.2640155695976395,0.09681863984375991
2415,36635128.11892743,40920209.38559114,4285081.266663715,0.26637272308902044,0.10485333794753927
2416,35945068.52253158,40071087.44945963,4126018.926928051,0.27327223889081104,0.10791403048537392
2417,35937794.513909824,40085710.91436763,4147916.400457807,0.27282130938021265,0.10600167982921668
2418,35972193.543319315,40244814.29083502,4272620.747515708,0.27378263465047026,0.11121225168965929
2419,36538393.54180355,40998124.529408544,4459730.987604991,0.27845509287247006,0.10733071722742214
2420,36304984.8869396,40409971.602132395,4104986.715192795,0.2674127209613536,0.10359410470947879
2421,36050414.57839261,40187800.8576437,4137386.279251091,0.27576221983018456,0.11597984341467298
2422,36250613.22949578,40611351.01907335,4360737.789577574,0.2794830780388494,0.11251169096746237
2423,36093447.76861571,40393859.85318144,4300412.084565729,0.2746435534237993,0.10802401705504526
2424,36226276.69197582,40372968.63186784,4146691.939892024,0.26704725978864163,0.10088393428892732
2425,36617939.17978776,41017028.14797963,4399088.96819187,0.28089605520443434,0.10791697609683676
2426,35752659.27165671,40137232.33910509,4384573.067448385,0.27954201920413574,0.108150985068599
2427,36531651.713276915,41014023.47398006,4482371.760703146,0.2842019851840816,0.11380408078308665
2428,36772909.497366965,41074532.11407213,4301622.616705164,0.27661262363483674,0.10724181268439499
2429,35746205.14020096,40076482.55453954,4330277.414338581,0.276638669423442,0.10722125311036691
2430,36738669.433768064,41017072.87023932,4278403.436471254,0.28288462643684187,0.11778219788556571
2431,36658669.61967616,41096842.61756495,4438172.997888789,0.27641561556943295,0.11343623276303645
2432,36067274.45083754,40423330.35270504,4356055.901867501,0.2665812409084876,0.09501333940092595
2433,37012015.39028129,41490613.76360056,4478598.373319268,0.2802545875766318,0.1131454847874757
2434,36633458.19433741,41086979.82125202,4453521.6269146055,0.28202501395182206,0.11208169355978474
2435,36747045.85509256,41187487.30094463,4440441.445852064,0.2752306295668416,0.1069106100500547
2436,36439616.11792596,40892254.016490676,4452637.898564719,0.2698971113800159,0.09799517267642377
2437,36445564.37658034,40735481.780879214,4289917.404298872,0.2792327800413503,0.11501880479015232
2438,36597561.85418277,41062374.78459321,4464812.930410437,0.2789857215489206,0.10926606690546195
2439,36352247.69930908,40864700.70891059,4512453.009601511,0.28011603400471163,0.1114231598685893
2440,36467746.0941896,40580242.51298958,4112496.4187999815,0.271636589910023,0.10340808474009212
2441,35940759.93253252,40279158.62675507,4338398.694222555,0.27503284272422773,0.10811779670182044
2442,36803451.52214358,40833449.05200112,4029997.5298575386,0.2669349305318111,0.10318554576494235
2443,36796368.103441246,41120299.17113404,4323931.067692794,0.270999166524798,0.09799744855283328
2444,36572946.35908732,40683752.34283354,4110805.983746223,0.2707170420449961,0.10326129188152526
2445,36111752.83666393,40390945.351092845,4279192.514428914,0.2604729976187415,0.09636523705731405
2446,36525702.078715846,40832139.10696691,4306437.028251067,0.27272237104327557,0.10919968957915052
2447,36290888.09182719,40628222.00795194,4337333.916124746,0.2780923813340158,0.10770525391003634
2448,36521840.35287453,40900783.273575045,4378942.920700513,0.27619615422675076,0.11017882442085
2449,36558828.41804175,40805522.90081606,4246694.48277431,0.2758454010881216,0.10800830486320434
2450,36447685.09629296,40857516.851017565,4409831.754724607,0.2810218933107615,0.1096679693136188
2451,36966154.16366823,41397606.792050615,4431452.628382385,0.27212020001192083,0.1053287704647792
2452,36461398.69961604,40808550.4368317,4347151.7372156605,0.2762584505304423,0.11173787635325294
2453,36567768.457230516,40978624.51858867,4410856.061358154,0.27052697110649426,0.10223749095175597
2454,36750802.4281596,41310474.86211564,4559672.4339560345,0.27348511182708113,0.10026215138623655
2455,36724699.41737884,40755352.69134665,4030653.27396781,0.2747230413861498,0.11373201046194223
2456,35975705.38734945,40310642.8328673,4334937.445517853,0.27340457094633613,0.10170437616777468
2457,36249260.33988581,40427987.818072595,4178727.478186786,0.26440183649652704,0.09928143041956392
2458,36408726.381557085,40833383.40042727,4424657.018870182,0.2754916581189294,0.1057335081916141
2459,36127607.89189893,40278949.24029991,4151341.3484009802,0.27289388508127893,0.10705654139884546
2460,36569138.252121866,40940294.334321044,4371156.082199179,0.28013206435857047,0.11077943168842436
2461,36385551.159127906,40709176.12065741,4323624.961529501,0.2595807602744021,0.09128259439209947
2462,36396739.89414643,40653871.972530015,4257132.078383587,0.26818739932340363,0.10514760644271813
2463,36327385.43251136,40662834.960449,4335449.527937643,0.2707881085606427,0.10104141977859127
2464,36171315.855581835,40472318.92936805,4301003.073786214,0.2669299799112426,0.09854051317214019
2465,35732579.904122345,40124008.82410191,4391428.919979565,0.27836689565090933,0.10789647471318577
2466,36704733.17290474,40989373.87119231,4284640.698287569,0.27321779837373594,0.10209655519933693
2467,36229546.241910465,40566922.74307573,4337376.501165263,0.2780250927408696,0.1125109770593647
2468,36452214.553111,40688297.44575708,4236082.892646082,0.28236027666266317,0.11555023463285524
2469,36955908.55923042,41379273.95349409,4423365.39426367,0.2763219091565301,0.11035797715217138
2470,36692841.05054511,40911316.86835078,4218475.81780567,0.27084407739829175,0.09787364308936054
2471,37294476.41583324,41663349.24512692,4368872.829293676,0.2782163037301967,0.10857682594309205
2472,36078876.61869426,40333006.69280304,4254130.074108779,0.2702757735454067,0.10334918319246135
2473,36279736.64520618,40653645.0977041,4373908.452497914,0.2844432959697409,0.12288535488683978
2474,37025339.81144859,41501406.94434059,4476067.132891998,0.27778342406328294,0.10797232953934152
2475,35916210.80259935,40032714.11480626,4116503.312206909,0.274176581106621,0.11034648258576073
2476,36352688.18395826,40640899.0895658,4288210.905607536,0.27981119006290284,0.10933403311140572
2477,36682663.73360461,40963369.75701268,4280706.02340807,0.27115004478402704,0.10397112069057293
2478,36485923.898746476,40925249.94926802,4439326.050521545,0.2878375400340115,0.11935694017871318
2479,36758494.950780764,41155056.68833464,4396561.737553872,0.28534808615814283,0.11691438559663328
2480,36077160.37566422,40590622.29015495,4513461.91449073,0.27752512102263144,0.11016894126376052
2481,36232550.23437978,40617865.742455676,4385315.508075893,0.2751660899853338,0.10946622545055572
2482,36583950.84553364,40923853.42131762,4339902.575783983,0.2682139467071316,0.0997678969080057
2483,36998801.8258168,41485713.34727854,4486911.52146174,0.2797504812291841,0.1042645341388572
2484,35952462.99200162,40371098.06618559,4418635.074183971,0.2822609505428714,0.11683871138209681
2485,35913149.62387229,40231460.4218448,4318310.797972515,0.27859196412353615,0.1067035375799431
2486,35860182.950086184,40209048.53897342,4348865.588887237,0.27995280450092896,0.11100966111439203
2487,36000310.33964496,40355645.526885115,4355335.187240154,0.2795383910608141,0.1073460271064978
2488,35970734.117162,40352939.90196611,4382205.784804113,0.279574888938637,0.10712591295885567
2489,35782096.81710213,40199576.01057297,4417479.193470843,0.2757070814068261,0.1035359674354325
2490,36283595.44678199,40657050.026075326,4373454.579293333,0.2819154872278099,0.11425788097087267
2491,36128504.422622494,40177881.845653854,4049377.42303136,0.28033711129709277,0.11968601696916999
2492,36076275.26022233,40298372.42412864,4222097.163906306,0.28005949214482917,0.11420564539321697
2493,35963459.34373398,40106403.8434927,4142944.4997587204,0.2698942265208524,0.11428792047582728
2494,36331359.236779764,40518826.69397695,4187467.4571971893,0.26918152563045095,0.10418600749370394
2495,36998868.31792333,41498911.5013402,4500043.183416873,0.2781421345844594,0.11032182867102955
2496,36749051.875891276,40951880.86526218,4202828.989370905,0.2686004345000342,0.10193133484312092
2497,36713776.943164945,41085724.85853117,4371947.915366225,0.2853092978982262,0.11883301871052587
2498,36845016.95902443,41075362.851395145,4230345.892370716,0.2691536860098225,0.10342624063321773
2499,36556179.021015346,40793013.37091617,4236834.349900827,0.2754481444016794,0.1035651612251014
2500,36682892.178628296,40927393.09847397,4244500.919845678,0.2802641454779807,0.11407892270042812
2501,37337619.70608067,41938558.63057922,4600938.924498551,0.27990756018202984,0.10708773797002955
2502,36884864.11988276,41182965.80333428,4298101.683451518,0.2743421197627331,0.10911066952129499
2503,36570636.456363544,40868611.586489886,4297975.130126342,0.2777542090912869,0.11487983414600111
2504,36116040.59516978,40451394.93164082,4335354.336471036,0.27965570357742303,0.11079003375445771
2505,36296674.532404035,40724934.3397598,4428259.8073557615,0.2748443066555828,0.10786967853786553
2506,36043760.9402825,40382008.1227486,4338247.182466097,0.2788302515570856,0.10654967479647995
2507,36506348.365507424,40865353.117780834,4359004.752273411,0.27329648571183274,0.10175432808657514
2508,36047141.50808891,40287258.78816718,4240117.28007827,0.271440697241852,0.10348100891308426
2509,36292230.532127105,40544241.45962956,4252010.927502453,0.26443295380800885,0.09584603030680237
2510,36502583.38638996,40484524.232940435,3981940.846550472,0.27322086210809465,0.1126072528761732
2511,36267078.05069344,40362321.759276055,4095243.7085826173,0.2636809169764949,0.09631116612456841
2512,36454371.18016078,40778531.174934536,4324159.994773753,0.2794395521991372,0.11593058633828135
2513,37002050.31695095,41170762.16286191,4168711.8459109664,0.2751283026905272,0.11250977452417059
2514,36243098.49134983,40159213.7367814,3916115.245431572,0.2724273384689993,0.1129165462278292
2515,36119774.84198131,40316477.907328755,4196703.065347448,0.27904036168091534,0.11403180156001062
2516,36257739.95813178,40692496.55150666,4434756.593374878,0.2771004272998889,0.10840271710206639
2517,36252401.14002547,40803706.569880106,4551305.429854639,0.28562780330007803,0.11824736356576061
2518,36950738.975983694,41242959.02560709,4292220.0496233925,0.2717327997840223,0.10392732607611536
2519,36153139.231030524,40450487.18397888,4297347.952948354,0.27372547101351297,0.10022851282131613
2520,36355382.850890934,40563060.46439947,4207677.613508537,0.2719932989962571,0.10232107200563838
2521,36539265.96671915,40950904.94998828,4411638.983269133,0.28006220312950325,0.11120413316925858
2522,36200265.789818406,40600257.098979615,4399991.309161209,0.27071851489265275,0.10299130685684378
2523,36219222.52058172,40355239.104258046,4136016.5836763233,0.27405364399835636,0.10476795207673782
2524,36171142.68867491,40443751.34278825,4272608.654113337,0.2681832555773056,0.1031069756966525
2525,36458803.07713825,40882749.77905394,4423946.701915689,0.27196350191738977,0.1036198589243742
2526,35668089.16537134,39946851.94151532,4278762.776143976,0.2718617794830187,0.10237155350129847
2527,36260806.87623082,40839795.1574647,4578988.281233877,0.2835559786598136,0.11505503040404544
2528,36102651.909759074,40709410.13416158,4606758.224402502,0.2907454926269551,0.11637844738683466
2529,36233331.214949004,40645331.35649851,4412000.141549505,0.27985852969795133,0.11292141825647838
2530,36207225.61627427,40502869.15869738,4295643.542423114,0.2765706989000406,0.10875707042800965
2531,36100704.56608068,40272656.05039873,4171951.4843180478,0.282808837666671,0.11573809312589646
2532,36545503.71530551,41082741.47971994,4537237.76441443,0.28483109597223766,0.11572213130281639
2533,36154536.35186194,40268877.03294879,4114340.681086853,0.2756822224974149,0.11490539468403067
2534,36547307.094700515,41086835.71425215,4539528.619551636,0.27628131984394455,0.10247122964789865
2535,37114727.48493181,41565354.726253636,4450627.2413218245,0.2735251461545597,0.09993190131928378
2536,36599177.03630164,40971283.324618526,4372106.288316883,0.27606856174691513,0.10757210216568819
2537,36209754.67373135,40632228.64630598,4422473.972574629,0.27031773426523203,0.09733629996690642
2538,36664856.051080704,41136163.225870244,4471307.1747895405,0.2762047689788139,0.10174393513923242
2539,36268930.080407895,40459122.68670805,4190192.606300153,0.26594158820273106,0.10010525474733971
2540,36917459.461654566,41070273.0463805,4152813.5847259313,0.26888521312779484,0.10288694454710559
2541,36928587.891504034,41103234.93934053,4174647.0478364974,0.28016691185735876,0.11505247873442545
2542,36195236.47040436,40366123.85985414,4170887.3894497827,0.27066111597745823,0.10041862462117379
2543,36331719.714707375,40530861.25622982,4199141.541522443,0.27520363222561084,0.10639574544219225
2544,36140701.611729585,40486497.65116493,4345796.039435342,0.28181961655019855,0.11447334326314425
2545,36594264.54516225,41170828.03036625,4576563.485203996,0.2757615644448923,0.09925081142214397
2546,36009715.57437209,40234571.265312694,4224855.690940604,0.2752259118920446,0.10563582344161045
2547,36030569.00569121,40234220.92911654,4203651.923425332,0.2736045493440827,0.10086968628813822
2548,36345181.964785025,40702126.56589087,4356944.601105846,0.26947559225664025,0.10074277055258223
2549,36517771.439492404,40866360.435727544,4348588.99623514,0.27618803916952994,0.10792003554635603
2550,35887706.96672283,39950255.70082655,4062548.734103717,0.26887908742132854,0.10475968567576185
2551,36231816.948805325,40521119.487339124,4289302.538533799,0.2732519169378121,0.11314416751453496
2552,36494453.41485821,40899055.89243686,4404602.477578655,0.2837374969524746,0.11372452901393947
2553,36050403.45868857,40359989.716825314,4309586.258136742,0.27699639139444004,0.11094323057828603
2554,36399946.15893118,40712974.2017011,4313028.042769916,0.2808375672093981,0.11185105441195696
2555,36727363.231703475,41290709.53601773,4563346.304314256,0.27930746541784135,0.1108228072634499
2556,36119173.50651858,40386246.368610546,4267072.862091966,0.2807962980530904,0.1147617872974445
2557,36515349.21873569,40725316.91684106,4209967.6981053725,0.26366928896954595,0.0953285700193829
2558,36390591.019538574,40678674.47593511,4288083.456396535,0.2795768461918932,0.11032847098396101
2559,36034347.77769598,40417331.71457892,4382983.936882935,0.280894915791935,0.11438455145595051
2560,36185787.25648907,40591415.081134856,4405627.8246457875,0.27430566033016024,0.10222020761055475
2561,36287743.62245275,40498037.208124965,4210293.585672215,0.2622846480786288,0.0943770426574629
2562,36969449.735480055,41185057.37413904,4215607.6386589855,0.2704634581061135,0.10454739091618778
2563,35947762.323358424,40349676.52071876,4401914.197360337,0.27956227695868674,0.10796176352199993
2564,36500270.48212728,41054383.374884,4554112.892756723,0.26615875145489415,0.09412903417293356
2565,36715709.62684403,41147214.87326409,4431505.246420056,0.2770722119121072,0.10823393583781718
2566,36377354.0608281,40591378.9896755,4214024.928847402,0.2682243405838329,0.0946842082999276
2567,36814808.00348824,41202270.191246964,4387462.187758721,0.2735836490536156,0.10109858392943537
2568,36645990.49885754,40775396.60780968,4129406.108952135,0.2648456191994615,0.10166177377739813
2569,36051374.36558003,40383804.08084542,4332429.715265393,0.27985734658648326,0.10818758553766826
2570,36591019.48173559,41011673.154357255,4420653.672621667,0.2795950308598922,0.11078427342753144
2571,36391021.54440666,40677011.11893283,4285989.574526168,0.2728741919823304,0.1050098228593976
2572,36619516.11840242,40801102.81325817,4181586.6948557496,0.27234929648073164,0.10384115920019778
2573,36594055.7371467,40892287.94465761,4298232.207510911,0.2800565882551064,0.11278423532096
2574,36610083.940111056,41094283.05483983,4484199.114728771,0.27579855878182846,0.10506270410248945
2575,36542949.86960845,40714805.29208555,4171855.422477104,0.2721545313040708,0.10494066179791273
2576,36474407.106507346,40789567.31323811,4315160.206730761,0.276969129364906,0.10773160763036947
2577,36397884.37516561,40736053.82046455,4338169.44529894,0.2764596792257237,0.10297484158585808
2578,36592334.59045248,40924932.060470134,4332597.470017657,0.2752912601048655,0.10741074969048559
2579,36540601.482392766,40832891.14964756,4292289.667254798,0.2775927337489746,0.11306357916156481
2580,36208553.8702554,40460056.58410779,4251502.713852383,0.2714756068897473,0.10069849641749161
2581,35902995.879395425,40252042.25319489,4349046.373799466,0.27156636055566175,0.10739149441824382
2582,36476223.72153829,40686636.90016683,4210413.1786285415,0.2712572273093057,0.09603411834614475
2583,36392324.1242119,40834134.87500402,4441810.750792123,0.2835474585476471,0.10763057051119528
2584,36306645.09027131,40547392.111043625,4240747.020772316,0.2740626318446515,0.10814449284212985
2585,36221210.60073184,40371533.55193486,4150322.9512030184,0.26508013889084403,0.100026125679327
2586,35929415.09315307,40099002.87745762,4169587.784304552,0.26595738429062254,0.09928917113286997
2587,36631526.47585128,41037548.31290251,4406021.837051228,0.27592992822973234,0.10454724679327344
2588,36424037.22137449,40650690.58032792,4226653.358953431,0.2725269829762853,0.10621572408774324
2589,36251429.086297326,40692980.43660463,4441551.350307301,0.27840238855114907,0.1100670214591884
2590,36442866.37781683,40590278.37055394,4147411.992737107,0.2837464021713702,0.11700303045419387
2591,36564134.32633796,40851007.7641705,4286873.437832534,0.27501952591473133,0.1034031847083755
2592,36612283.126610875,41131124.362203,4518841.235592127,0.27986365868903496,0.11011865226603089
2593,36029890.39448641,40158742.68098381,4128852.286497399,0.2778102648993248,0.11573369577098261
2594,35882873.165414594,40138338.40689821,4255465.241483614,0.2773870536251282,0.10823706775871854
2595,35952048.154127344,40360277.264778204,4408229.11065086,0.28021801609566527,0.11351512114807658
2596,36628428.429868415,41108396.91677197,4479968.486903556,0.2775791416736027,0.10345275230622371
2597,36232477.96809285,40639024.577582024,4406546.609489173,0.2826575084094671,0.11707059574182352
2598,36209536.61277173,40481001.805454336,4271465.192682609,0.26850557402061115,0.10414448466321995
2599,36299169.26942024,40745925.80185493,4446756.5324346945,0.26970696672997246,0.1037009911754293
2600,35966169.54232085,40367914.82087602,4401745.27855517,0.27823405772087706,0.11067655385935377
2601,36868461.125598095,41455566.87288581,4587105.747287713,0.2913651298622586,0.12056813994228076
2602,36191379.57875932,40491669.66215807,4300290.083398752,0.27823754150965235,0.10950258787022933
2603,36802704.86101099,41159010.87895948,4356306.017948486,0.2713281756054374,0.09843437804257248
2604,36686833.25113819,41281054.21239138,4594220.961253189,0.280018940126024,0.10825097766459284
2605,36637033.49135949,41185326.291892305,4548292.800532818,0.2885702715620035,0.11664801847354503
2606,36404568.51524532,40750523.318779215,4345954.803533897,0.27053814036529883,0.1010834937356547
2607,36644950.42206266,40960763.69006594,4315813.268003285,0.26852282636563046,0.10570350561977901
2608,37376115.20739056,41755788.27528304,4379673.067892477,0.2737290632884805,0.10860875531047402
2609,36302383.75077559,40694457.12228046,4392073.371504873,0.27911676011190023,0.11239366920522269
2610,36805952.33273511,41046560.42029277,4240608.087557666,0.26836895148563406,0.10646556213527678
2611,36571099.987668715,40748914.253359795,4177814.265691079,0.26543319658013986,0.10180708460114078
2612,36532581.76291076,40784136.83947469,4251555.076563932,0.2752263325835529,0.10757178509097634
2613,36770047.7464363,40962749.689785495,4192701.9433491975,0.2738139178107248,0.10540388651725197
2614,36683940.43029569,41119116.23684773,4435175.806552038,0.27566128408978585,0.10941463540708006
2615,36452773.81711642,40703797.60605981,4251023.788943395,0.27251590581327106,0.106570539014053
2616,36349139.76894686,40808262.28471835,4459122.515771486,0.28460260896754824,0.11726851783839828
2617,36195525.82286438,40522624.87147098,4327099.048606597,0.27704554349595834,0.11221832978287245
2618,36399883.80286445,40763586.22797649,4363702.425112046,0.27083792883661073,0.10740732447321946
2619,36531174.41296261,40896701.69631789,4365527.283355281,0.2747661037052927,0.10537851797550689
2620,36579615.35199942,40924701.13386568,4345085.78186626,0.2697236348557334,0.10195787008292781
2621,36713217.344905525,41203613.14149825,4490395.796592727,0.2830112199039311,0.11355438134283466
2622,36021009.0488373,40230515.49811147,4209506.449274175,0.2852349576254684,0.12033600509375264
2623,36239218.39457091,40516069.68893875,4276851.294367842,0.2692666048485143,0.0995819513497307
2624,36128437.48234125,40358865.09218706,4230427.60984581,0.2734966841228913,0.10133275852914754
2625,36672722.03682101,41076568.80300131,4403846.766180299,0.2859090247472661,0.11617902273362295
2626,36693937.08325224,41144737.16732774,4450800.084075496,0.28064325457512557,0.11205934967812199
2627,35997710.70322404,40345624.70181024,4347913.9985862,0.28244146280870586,0.11131112662117992
2628,36196922.45301529,40383008.82356756,4186086.3705522716,0.277896804194215,0.1119388403809651
2629,36531553.57032752,40970326.17118623,4438772.600858711,0.28867416787744743,0.11750163224802555
2630,36782743.26853291,41244634.75367072,4461891.485137813,0.2835934589678293,0.11184473845100437
2631,36650878.841099195,41181472.0854669,4530593.244367704,0.2825408293616988,0.1118070493086328
2632,36447299.39780251,40818566.3557408,4371266.957938291,0.2790595837245391,0.11234489604976255
2633,36146573.25460872,40299533.21244107,4152959.9578323513,0.2666153885496494,0.09615276826209179
2634,36338009.256386474,40652827.470057,4314818.213670529,0.2748863437652713,0.10526587548380091
2635,36915347.8319188,41319066.86547774,4403719.033558942,0.27688231080135295,0.10640291699567771
2636,36106686.89165802,40673622.544425875,4566935.652767852,0.28445492402277706,0.1119411816400741
2637,36659780.21358871,40957580.47793322,4297800.264344513,0.27410945309313434,0.10786441637250746
2638,36257905.11969852,40620001.92762258,4362096.807924062,0.2734357312828744,0.10305267471629344
2639,36694914.79090467,41184746.43506868,4489831.644164011,0.2732907795951244,0.10245875945769593
2640,36028408.48314591,40251911.75320617,4223503.270060264,0.26719037513516036,0.09840995588539339
2641,35961872.123872966,40287780.43782143,4325908.313948467,0.27797891954337667,0.11324377986416866
2642,36576653.5471064,40923902.91507431,4347249.367967911,0.2866840670040793,0.11936261579436028
2643,36479067.58849196,40900273.22837707,4421205.639885105,0.2751641151479947,0.10201945445905752
2644,36531771.62898496,41176273.10702376,4644501.478038803,0.2835019466336494,0.11190071342461692
2645,36258150.100602165,40567827.95824377,4309677.8576416075,0.2713489017114643,0.09906603639281587
2646,36290881.90293463,40402419.67449307,4111537.771558434,0.27209050839691096,0.10671059011048535
2647,36366429.53476852,40450922.90282018,4084493.3680516556,0.2685006050434122,0.09683897888115917
2648,36565332.20966529,40910469.4049333,4345137.195268013,0.27337024249420566,0.10231108597066763
2649,37047331.53860415,41357947.21073291,4310615.672128759,0.26945128074655145,0.10730439684539303
2650,36075657.818446934,40211100.88230616,4135443.0638592243,0.26680908945927495,0.10387863413633742
2651,36112332.186843306,40479480.60329473,4367148.416451424,0.2767448814998541,0.11221402843769233
2652,35751162.65403629,40018563.914562486,4267401.260526195,0.27561321842058945,0.10421598138146589
2653,36580415.17285396,40964645.35348309,4384230.180629127,0.277780003801871,0.11266739163578339
2654,36397491.84569187,40560814.07088137,4163322.2251894996,0.27559634016865747,0.10325175598727468
2655,36266107.68870967,40995820.04873207,4729712.360022403,0.288485938986085,0.11210861821820417
2656,36063570.21425752,40281604.02822737,4218033.813969843,0.2776296220738408,0.11003106807944504
2657,35792127.93536155,40128016.47255846,4335888.537196912,0.2698247630752117,0.09797345804819763
2658,36238608.501031555,40485182.29762419,4246573.796592638,0.26879976406885064,0.09782914323451512
2659,36411910.57788312,40870271.6163897,4458361.038506582,0.2891653755251013,0.11875632438953965
2660,36400261.62877034,40782496.94072472,4382235.3119543865,0.2768094444471972,0.10494412307602918
2661,36788761.796369895,41190269.522500336,4401507.726130441,0.28542670303796386,0.11741218734016369
2662,36160982.1157965,40292640.940745965,4131658.8249494657,0.272390205458926,0.10205211339462344
2663,36045940.90060745,40404740.81242889,4358799.91182144,0.2804375433993012,0.11392097878133133
2664,36792955.74793481,41433080.77596409,4640125.028029278,0.28504331415714995,0.11351352283700415
2665,36076772.60024628,40411943.09150757,4335170.4912612885,0.27401732461554923,0.1087023947555585
2666,36512006.6035485,40746135.47513084,4234128.871582344,0.2700791966960168,0.10386760175934785
2667,36971129.45065687,41115532.763141654,4144403.312484786,0.27310072977915584,0.10734645541776229
2668,35418803.294574544,39445879.25254395,4027075.9579694048,0.26313062090388933,0.09733179619947178
2669,36750332.07502634,40896334.17247847,4146002.0974521264,0.2722743053040139,0.10709146741104704
2670,36358968.434602015,40662516.60469341,4303548.170091398,0.2738912420319754,0.10443426266715679
2671,36472324.07612124,40912328.36969139,4440004.293570146,0.28846800706108694,0.11982751469847591
2672,36122611.81410032,40200889.97860845,4078278.164508134,0.2680496268016506,0.09946731274610994
2673,36331645.02637078,40546687.18946446,4215042.163093679,0.2752862880565165,0.10732975883684205
2674,36724972.041095845,40976297.523137495,4251325.4820416495,0.27739737208832144,0.11296560348981917
2675,36390614.45389197,40845932.26008567,4455317.806193702,0.2798175512038138,0.1104863200611922
2676,36365132.47345106,40541666.07929173,4176533.605840668,0.26432101510544154,0.09944011587809976
2677,36448568.28282435,40750028.32783194,4301460.0450075865,0.2684966329078596,0.10017878814436715
2678,36618592.427327946,40853187.8077915,4234595.380463555,0.26986669896971105,0.10294589694746774
2679,36723337.43365102,41240710.87728205,4517373.443631031,0.28689713231902725,0.11924711445340219
2680,36181640.36291989,40404606.51300642,4222966.15008653,0.2689565459421821,0.09963422403469499
2681,37007427.08334037,41524546.478423335,4517119.3950829655,0.27461125666706787,0.10577166347320914
2682,36030456.42195529,40195672.055179685,4165215.633224398,0.2715246933592447,0.10467107476989625
2683,36673423.31530286,40916746.770668745,4243323.455365881,0.26671390260050787,0.10509178490497012
2684,36195024.487948105,40545894.57540797,4350870.087459862,0.26557633555196825,0.09885801120750584
2685,36528228.87929852,41033379.89476882,4505151.015470296,0.27882588427774463,0.10544875380204567
2686,36647135.69551782,40997221.456330955,4350085.760813132,0.27772977521194386,0.10696170174108921
2687,36139198.200072885,40245854.89745837,4106656.6973854825,0.2636960676076426,0.0953504740860185
2688,36457709.412703246,40911231.162089065,4453521.749385819,0.2763317404684826,0.10463002052138994
2689,35880368.34392403,40308329.179941185,4427960.836017154,0.27199625250753784,0.10397535874842792
2690,36051900.244423516,40273887.29094271,4221987.0465191975,0.26669343515369204,0.10050929596148742
2691,36221008.05874819,40604324.62773992,4383316.568991728,0.27113921292334037,0.10179669684150569
2692,36369412.46441913,40772911.84782977,4403499.38341064,0.27421524121416985,0.10161537390340204
2693,36821023.18810443,40965766.292599544,4144743.1044951156,0.27767860019804763,0.11468149523147589
2694,36247781.76647639,40461911.22544477,4214129.458968379,0.2823258951122907,0.12410964356562863
2695,36551194.79512032,41025841.758845985,4474646.963725664,0.28459152600467186,0.11633845371299197
2696,36854115.09355717,41277239.42465148,4423124.33109431,0.2810112818209526,0.1148442455471816
2697,36143637.13081444,40551044.25052553,4407407.119711086,0.2736872499388795,0.10051440021653905
2698,35682564.06848617,39738043.619488284,4055479.551002115,0.26624133766494573,0.1027159397392698
2699,36475054.77179266,40684286.26666046,4209231.494867802,0.27097389374822306,0.10551096110566996
2700,36985484.057562575,41383736.574096195,4398252.516533621,0.2755544074391147,0.10608734304919772
2701,35681287.15638979,39998777.4658003,4317490.309410512,0.27986557404703727,0.11314343015584162
2702,36015261.34141314,40329801.35345208,4314540.012038939,0.26731497969347506,0.09975860685080645
2703,36256425.393310435,40503442.230835125,4247016.83752469,0.2728893307870301,0.10656465530641228
2704,36656053.185422465,41036824.35401613,4380771.168593667,0.27791309258491226,0.11332808322470425
2705,36272632.496146046,40600157.22038312,4327524.724237077,0.2671966024944608,0.09994178881254184
2706,36449445.55663131,40891412.08775945,4441966.531128138,0.27405986362832385,0.10170124409878599
2707,35762548.76507306,39949949.635266386,4187400.870193325,0.2781227504345597,0.11298027824033012
2708,36034477.89248581,40427642.65320959,4393164.760723777,0.2663384326214804,0.09590023026637036
2709,36306545.46957647,40543765.433091246,4237219.963514775,0.2736638217395023,0.1071123659536681
2710,36721706.428675145,41012441.33716789,4290734.908492744,0.2687237705760361,0.10557089266615843
2711,36045283.74809304,40220825.039841495,4175541.2917484567,0.27277642577636474,0.10516535111421806
2712,36590063.9945051,40947746.404084936,4357682.409579836,0.27058768691522195,0.10539569600934058
2713,35758415.51607457,40193049.62392565,4434634.107851081,0.27967489751946445,0.1098736530295876
2714,36544525.56770893,41029160.6026579,4484635.034948967,0.278362162617412,0.10709916990221321
2715,36496449.505501635,40879431.27093216,4382981.765430525,0.27549031796250917,0.1097714169489316
2716,35809662.76514953,40230451.06405508,4420788.298905551,0.27730010980134,0.10809209792366783
2717,36930052.63524534,41256443.976245254,4326391.340999916,0.282681898302088,0.12389098696330894
2718,36469530.55273982,40736054.069979705,4266523.517239884,0.2772840201993158,0.10963376230088136
2719,35714718.98794755,39895799.41898804,4181080.431040488,0.2707164810088577,0.09926129434207481
2720,36885750.587957576,41355354.07051477,4469603.482557192,0.27985793063307235,0.10781114770462001
2721,36171219.916939124,40647853.53425752,4476633.617318399,0.277969521946629,0.10486839516866943
2722,35750875.54288236,39981490.6769063,4230615.134023942,0.27428112643249497,0.10965208149383626
2723,36503178.62756127,40850258.969670646,4347080.342109375,0.2727228156592896,0.10447493596459709
2724,36085613.67451664,40322651.55761591,4237037.883099273,0.27633535510595214,0.10917591949445907
2725,36525832.69286257,40979834.20432858,4454001.511466011,0.2796556740348189,0.11149128264898092
2726,36221195.27254693,40270215.77505528,4049020.5025083497,0.2687705844552875,0.10167671405301007
2727,36532506.65724026,40989333.00351292,4456826.346272662,0.2741920237428855,0.10539614793900805
2728,36191595.09371152,40547140.211584546,4355545.117873028,0.2769211313532962,0.1094096375237679
2729,36644884.76442666,40940311.55028951,4295426.785862848,0.28730958101331777,0.125640832979016
2730,36433382.54663913,40530802.4775714,4097419.9309322685,0.27327632291207865,0.10913969516634812
2731,36480884.06638875,40925558.55435655,4444674.487967804,0.27768348302820883,0.10735355018017169
2732,36508468.42623254,40759627.3961948,4251158.969962262,0.27561964496247165,0.10957172510075094
2733,35796632.21187172,39834414.78711341,4037782.5752416924,0.2696162523477305,0.10353030410611239
2734,36343364.253054366,40752806.92046631,4409442.667411946,0.2755362590039899,0.10338591103538405
2735,36033842.943606794,40322767.63459368,4288924.690986887,0.266313047230744,0.09802367804376766
2736,36318485.481910974,40661329.62560047,4342844.143689498,0.27327281066643344,0.1024096737010967
2737,36188659.21605509,40413662.42856021,4225003.2125051245,0.27330155910768467,0.10272891077239264
2738,36438037.73725006,40657917.829493545,4219880.092243485,0.2747610756760543,0.1069861505755351
2739,36553162.45954135,40912310.39258351,4359147.933042161,0.2765787223057122,0.10439255304123216
2740,35962414.534206204,40203121.15961227,4240706.625406064,0.27015196553493115,0.10130007919410837
2741,36440867.069479436,40719970.36583601,4279103.296356574,0.2690429429205909,0.10885733831356943
2742,36233226.56699915,40460840.71571912,4227614.148719966,0.2754727871681961,0.10698211373077725
2743,36683063.22518701,41071093.982103184,4388030.756916173,0.27589335975660345,0.10678973254642073
2744,36863966.032157734,41094235.1846932,4230269.152535468,0.2752022952249547,0.11111658610998788
2745,36774608.59016388,41269919.54269336,4495310.952529483,0.2817382364827559,0.11301724287998609
2746,36418477.90163887,40841867.15649468,4423389.254855804,0.27605195454562725,0.10575340801037943
2747,36778593.88390702,41098145.36327097,4319551.479363948,0.2718622340782169,0.10165437837057459
2748,36296977.16656919,40747961.837233946,4450984.6706647575,0.2777292491926436,0.10792764144649102
2749,36263574.07844273,40605502.30159795,4341928.223155223,0.28602594529551084,0.11889834087726871
2750,36034874.913263164,40322644.63665747,4287769.7233943045,0.2719659028697204,0.10121912116783097
2751,36686103.30283588,40868622.2549681,4182518.9521322176,0.2665205663477627,0.0982459083190263
2752,36217671.64491158,40286987.61250031,4069315.96758873,0.2816479645536919,0.12323469042820856
2753,36787536.77954912,41211207.823027074,4423671.0434779525,0.27551652116337233,0.10376671081925197
2754,36585604.091418035,40821440.30024465,4235836.208826616,0.2785611014392342,0.10887954736826568
2755,36409114.7072189,40781030.9177538,4371916.2105349,0.28450952479725927,0.11533313873972705
2756,36951796.029299654,41424254.75725339,4472458.727953739,0.2711067210222222,0.10357353708413204
2757,36604545.53694499,40897435.9588297,4292890.421884708,0.2782422058422871,0.11426397289646012
2758,36313816.660203844,40478846.74615977,4165030.0859559253,0.27008002199208364,0.09865405051068507
2759,36122778.233605616,40466148.20372468,4343369.970119067,0.2714211920267429,0.09830692679821298
2760,36921324.4015594,41142364.71312916,4221040.311569765,0.27475975538800573,0.10934749999827915
2761,36974100.46860978,41452007.609957345,4477907.141347565,0.27167565102955205,0.10481476379939336
2762,36631916.26928622,41204966.00371046,4573049.734424241,0.27512402048675527,0.10124488451995044
2763,36739201.17057108,41011884.332575545,4272683.162004463,0.2703189533848832,0.1056650774404121
2764,36267291.49520854,40441228.99305017,4173937.497841634,0.27276433130003686,0.10209127867740375
2765,36269695.79964193,40685342.70437867,4415646.904736742,0.2806201137734608,0.11149603986235208
2766,36320701.47567356,40758859.8033749,4438158.327701345,0.28377012131942636,0.11451871676214849
2767,36545628.83015017,40918368.34368409,4372739.51353392,0.2722379776728309,0.10138059891666658
2768,36733881.13896317,41070237.08322029,4336355.944257118,0.2716145607641925,0.10269933000542467
2769,36028147.117580324,40281554.138338566,4253407.020758241,0.26870501763173105,0.09781324736860983
2770,36405768.38662768,40698504.63872316,4292736.252095476,0.27481780437297076,0.10399061735905303
2771,36369233.23616823,40613464.44148764,4244231.205319412,0.26886639178809885,0.10427212732507332
2772,35766087.20987016,40141276.571941115,4375189.362070955,0.28315121395775655,0.1172020220737351
2773,35989008.06692308,40235469.66747371,4246461.600550629,0.2725054274640214,0.10372900841615708
2774,36225164.54639771,40277632.32909199,4052467.78269428,0.2777804020452469,0.11280275734934724
2775,36497835.50282372,40955750.65624721,4457915.153423496,0.276605915406522,0.10697114033371433
2776,36333727.710550904,40624166.683495924,4290438.97294502,0.267005752847154,0.09684140267051132
2777,36998815.68112528,41493275.468024485,4494459.786899202,0.2744478895489668,0.10494392943028101
2778,36064153.27818879,40414898.90969617,4350745.631507382,0.27656621748251853,0.1071727962397634
2779,36832118.53019877,41173203.27385732,4341084.74365855,0.275032560870065,0.1037424246358921
2780,36531302.45612246,40742588.676580116,4211286.220457658,0.26927576052804947,0.09916521750432278
2781,36503819.999024786,40699895.23743534,4196075.238410555,0.27819916937991124,0.11149578449639869
2782,36049565.290822975,40238716.17418155,4189150.8833585754,0.26844898796366923,0.10082395853833195
2783,36351250.721316114,40736541.5826938,4385290.861377686,0.28114275168818814,0.11513308409491069
2784,36771261.95414647,41010047.74085081,4238785.786704347,0.2656404150654897,0.09778580452961524
2785,37092073.07022771,41455703.175146386,4363630.104918674,0.2791452217942097,0.11328886631398
2786,36512851.74442909,40880915.28890884,4368063.54447975,0.28196892636873117,0.11095109732939017
2787,36424723.866873376,40862133.963981815,4437410.097108439,0.28275958325743117,0.11317501072459848
2788,35876999.95703068,40188132.41370408,4311132.456673406,0.2749745622703753,0.1089908174308865
2789,36850146.09207456,41192449.04605578,4342302.953981221,0.27747999027035714,0.11419854684751056
2790,36800748.137845516,41199588.2849462,4398840.147100687,0.27997097101096874,0.10898889704380178
2791,36417960.6218886,41002338.20814195,4584377.586253352,0.2713055268971074,0.09957403621197272
2792,36361588.59161569,40726664.32368692,4365075.732071228,0.27518020675964194,0.10688311489094207
2793,36135526.713681065,40352450.119463526,4216923.405782461,0.2712052483004421,0.09988897019237157
2794,36354853.90167483,40407462.19536371,4052608.2936888784,0.2592663728796357,0.09325438525974702
2795,36582304.00872642,40991213.54687911,4408909.538152695,0.29421768760797634,0.127822908667102
2796,36397077.54379667,40667366.61685255,4270289.073055878,0.2764338986780227,0.10794472797563813
2797,36932988.198879026,41211479.4115135,4278491.212634474,0.2810047920553529,0.11254183074753014
2798,36480516.13176468,40853343.32697644,4372827.195211761,0.27197882974014337,0.10504736114012772
2799,36302346.31464752,40517739.85006468,4215393.535417162,0.2669056801460103,0.10066194899596405
2800,35976534.09206083,40352990.01065457,4376455.918593742,0.27763959826422474,0.11054429043704896
2801,36607269.261380255,40919233.76044944,4311964.499069184,0.275805505190803,0.10260273823609004
2802,36091007.06377144,40238682.980712585,4147675.9169411436,0.27005824474443946,0.10396658198041707
2803,36278134.79366119,40613146.34199782,4335011.548336625,0.2771217174033196,0.10696178708422795
2804,36627737.14752569,40827982.697741434,4200245.5502157435,0.2819915909474151,0.12195239141782237
2805,36070465.24048719,40368063.517366715,4297598.276879527,0.28054579722600526,0.11298325062009254
2806,36114614.719560206,40469783.18055711,4355168.4609969035,0.28351696977018115,0.11878255745307938
2807,37017811.031161144,41314632.012665816,4296820.981504671,0.27420741684619154,0.10399451066426293
2808,36325850.25396716,40585219.355073184,4259369.101106025,0.26684062259816005,0.09710516616951327
2809,35646358.704431206,39757883.25254722,4111524.5481160134,0.27145992300965416,0.10367191396893216
2810,36967651.051864624,41421150.10793247,4453499.056067847,0.2800247924791733,0.11243611427176713
2811,36149933.651586466,40412517.533026524,4262583.881440058,0.2753870616374329,0.10577905711667752
2812,36655074.26308152,41131347.722944334,4476273.459862813,0.28212853107947294,0.11162221767902267
2813,36572828.01112578,40722782.018423006,4149954.0072972253,0.27374375223384356,0.10797381620443791
2814,37058016.326502964,41506116.48409957,4448100.157596603,0.268706951298184,0.09379809034710089
2815,36316914.09054512,40585368.81326435,4268454.72271923,0.27278633033182376,0.10626230783665387
2816,36500297.0256246,40757080.547506645,4256783.521882042,0.272006566969411,0.10556567335491732
2817,36506401.0188377,40911710.07314739,4405309.0543096885,0.2770487641376549,0.10846035895840751
2818,36569804.57742522,40739775.71645122,4169971.139026001,0.28007082762895963,0.11663015189764737
2819,36180357.855413504,40350451.856505424,4170094.00109192,0.26766174777768725,0.09643125752482118
2820,36357597.4156293,40742018.03565031,4384420.620021015,0.27693546139042996,0.10665467344222306
2821,36185642.606748566,40442560.13976248,4256917.5330139175,0.2677497722444415,0.09576810432656552
2822,36547258.40648808,40812226.195441104,4264967.788953021,0.2727410263271462,0.10559316525166422
2823,36377556.64706614,40605593.072698936,4228036.425632797,0.27327654265226003,0.10723680369987032
2824,36863760.06626092,41212184.820342846,4348424.754081927,0.27696150795303737,0.10584202002486219
2825,36916342.148134485,41340841.30344908,4424499.1553145945,0.2761759341004983,0.10921181360231438
2826,35971453.16334644,40152134.4434409,4180681.2800944597,0.27713014332151914,0.11391615644679942
2827,35883164.785135776,40194039.67398187,4310874.888846092,0.2818081678402749,0.11835455291220244
2828,36218169.48262141,40594632.13277034,4376462.650148928,0.2784738400433285,0.10923040585789108
2829,36480484.61712027,40590074.11096924,4109589.4938489646,0.27298842215234115,0.10906382061030682
2830,36440463.96187672,40527805.45720959,4087341.495332867,0.26821686903765485,0.10204309682923335
2831,37021110.547868945,41419429.750456065,4398319.20258712,0.26575423940568316,0.09973876265934269
2832,36332443.46715377,40648273.52764618,4315830.060492404,0.26574498968212834,0.10211915501895114
2833,36117681.2788284,40465733.38372637,4348052.104897976,0.27368718573369566,0.10769307358854113
2834,36130762.84603352,40416510.26580728,4285747.419773757,0.27806330027932114,0.1124454514205448
2835,36085206.193302445,40404140.08687344,4318933.893570997,0.26836958219896845,0.09945049153919712
2836,35713678.569253854,39893010.02563083,4179331.4563769773,0.26789276851774274,0.09839555151769978
2837,36632022.0218385,40895119.793305725,4263097.771467224,0.2775311747787025,0.10760191738446996
2838,35999542.573249266,40227534.335399926,4227991.76215066,0.2752834179963429,0.11038335918359897
2839,36168529.228579365,40385912.10719924,4217382.878619872,0.27171657974825325,0.10865786498041013
2840,35917726.06666959,40147917.12755238,4230191.060882792,0.274528175106127,0.10704366544314538
2841,37031911.161207564,41464589.350055374,4432678.18884781,0.2746932649881746,0.10877203846370868
2842,36506816.394434996,40865809.625584014,4358993.231149018,0.27854671157927274,0.10829459407325037
2843,36131726.38809753,40613060.436964095,4481334.048866563,0.2813515355724135,0.11476768016255313
2844,36182205.18220149,40584239.15187631,4402033.969674818,0.2715613913426109,0.10184250375347646
2845,36318622.893874414,40634327.61942264,4315704.725548223,0.27792092419615516,0.11390865452414226
2846,36780973.0528525,41152940.76240574,4371967.709553242,0.2777896821597741,0.10922064311172594
2847,36678281.47251462,40946860.632991515,4268579.160476893,0.2727435940148953,0.10260901335955179
2848,36267435.49608676,40520977.08748423,4253541.591397472,0.27126814038817465,0.10194971222234585
2849,36496218.22032125,40684405.65442231,4188187.43410106,0.27230812110296876,0.10404818631321565
2850,36245124.27399364,40550864.801273726,4305740.527280085,0.275599117296148,0.10932122470725854
2851,36234750.59438573,40323709.18839196,4088958.594006233,0.2683646418386983,0.10056102103461444
2852,36415459.61432193,40732534.81322537,4317075.198903441,0.2789553658963197,0.10820485447445737
2853,36677083.65940451,41104951.0498848,4427867.390480295,0.26860199567277504,0.10138317845130056
2854,36133249.23022719,40276055.192999825,4142805.9627726376,0.2669007794364221,0.09932853807312976
2855,37036398.2066294,41284299.185327515,4247900.978698112,0.26535904578246405,0.1014034226139395
2856,36293143.6969251,40581081.905021295,4287938.208096191,0.2846834326541317,0.1154088082556785
2857,36603590.20641427,40968103.10322424,4364512.896809973,0.28275310545724924,0.11542530117762151
2858,36493028.29985653,40673931.17667116,4180902.8768146336,0.26280988077760736,0.09539244064182335
2859,35966162.59221131,40378890.7872193,4412728.195007987,0.2839084669558768,0.11134208005281408
2860,35728854.38727925,40148292.22033782,4419437.833058573,0.2770323276783035,0.1066558433373748
2861,37297357.7638412,41566659.574791506,4269301.810950309,0.27615184574034235,0.11205188293721678
2862,35794057.157798454,40038967.85281199,4244910.695013538,0.2724052166941838,0.10101012146098215
2863,35901266.325097345,40273392.64651222,4372126.321414873,0.284562230902471,0.11776150235575543
2864,36137129.108197086,40404215.93066421,4267086.822467126,0.27768664693809936,0.11122349675855456
2865,36341243.97105304,40904504.22299615,4563260.251943111,0.2846975063038245,0.1158467911981029
2866,35859638.37184049,40124829.18626155,4265190.814421058,0.2720490182364897,0.10298329833546273
2867,36544405.31825471,40742272.87510972,4197867.556855008,0.2652378333224,0.10133582981348008
2868,36547076.7766822,40722209.82595204,4175133.04926984,0.26824202263012453,0.09964739206627074
2869,36480212.70561394,40893518.07478835,4413305.369174406,0.2762582026163911,0.10619090714360055
2870,36278919.12619957,40516920.216433175,4238001.090233602,0.27266264049103645,0.10865265229363752
2871,36220377.83097226,40527148.24998155,4306770.419009291,0.27467241777432627,0.1051498558748572
2872,36390935.18271851,40603274.46681371,4212339.284095205,0.28005890982458537,0.11257454412681946
2873,36518642.811349854,40794197.11578067,4275554.304430813,0.2720894042882789,0.10531849958069195
2874,36619139.96093057,40967794.561232686,4348654.600302115,0.2718342391889082,0.10792586169936665
2875,36258917.79356894,40549304.35624422,4290386.562675282,0.27056836302949894,0.10111508501491452
2876,36351652.08352768,40505018.42302713,4153366.339499451,0.2736347724399124,0.10335188396305962
2877,36550631.236177586,40918836.2119873,4368204.975809716,0.28441035363622574,0.11888538022653283
2878,36239703.90917687,40738245.440419294,4498541.531242423,0.2754569142362494,0.10716612121847537
2879,36793204.262767546,40993233.83074221,4200029.567974664,0.27731215298020867,0.11099755105623067
2880,36422490.440935045,40803324.13101234,4380833.690077297,0.28037384491503364,0.11483946234933945
2881,36108744.35822307,40356860.74592034,4248116.387697265,0.27482156050438816,0.11367696098395413
2882,36206167.01103152,40447726.46968301,4241559.458651483,0.27890383329349916,0.10968561731314501
2883,36465440.03652419,40674720.31495759,4209280.278433397,0.27149002037121533,0.1041951696493138
2884,36701138.143244565,40871006.34292279,4169868.1996782273,0.2689595800893062,0.10757493859287226
2885,36248455.78132428,40697112.300827935,4448656.519503653,0.2844701631630377,0.11747723534027663
2886,36077266.17257403,40398518.89524719,4321252.722673163,0.2824365995040927,0.10835028312106415
2887,36666858.86259692,41006434.73514732,4339575.872550398,0.2718882197829025,0.10373808117804838
2888,36676931.68184969,40922615.32953553,4245683.647685841,0.2795414579971685,0.11130482665457418
2889,36042418.19842855,40415134.5344775,4372716.336048953,0.2731234607200605,0.10101361178988817
2890,36695986.40059806,40785480.16180084,4089493.7612027824,0.2627278382359762,0.09739672911162879
2891,35971749.960255064,40284072.01785442,4312322.057599358,0.2711586641080241,0.10110499534021163
2892,35868664.63937746,40223293.09215853,4354628.452781074,0.28322595335363115,0.1123438715204527
2893,36316119.186645225,40566027.62843045,4249908.441785224,0.27828213839107535,0.10911124191659241
2894,36137943.28998802,40306344.22444646,4168400.934458442,0.2747789776128577,0.10843080319655293
2895,36458555.43914882,40892373.70771307,4433818.268564247,0.2754082206781761,0.10719485484022738
2896,36404278.88048789,40823215.98280328,4418937.102315389,0.2765237167787119,0.10783683557524014
2897,35998737.658651605,40180412.9342985,4181675.275646895,0.27969268282250265,0.11593123245007718
2898,36384230.16974036,40600407.919607624,4216177.749867268,0.28135669619326154,0.11147508411156348
2899,36525714.85177117,40830111.773706704,4304396.921935536,0.2711412101629253,0.10595133183135357
2900,36107308.28996694,40395486.14880361,4288177.858836666,0.2755411695721292,0.10824667842526924
2901,36280614.47653176,40922155.078552365,4641540.602020606,0.2846379847648092,0.10698290646434755
2902,36291304.14224172,40357693.60736427,4066389.4651225507,0.2696105090105737,0.10021562616465558
2903,36454665.95256853,40662332.64874841,4207666.696179882,0.2695140176587238,0.10735836864136496
2904,36541637.89687419,40818326.39904125,4276688.502167061,0.26914070754136105,0.1014415687416941
2905,36408327.025629416,40984098.42613357,4575771.400504157,0.28367790019578965,0.11160129719507629
2906,36770138.70312845,41195932.699536584,4425793.996408135,0.27671765057284947,0.10770239372777786
2907,36554083.7011971,40915106.350387454,4361022.649190351,0.2695824933215737,0.1013696247894447
2908,36029008.99106016,40253311.70297201,4224302.71191185,0.27219168897817503,0.10647607224641396
2909,36117291.7170333,40265050.19067509,4147758.4736417904,0.2730180154480275,0.10648556406863434
2910,36617944.165273614,41136427.35149686,4518483.186223246,0.27943729376601867,0.11302136710195514
2911,35964736.150851056,40323232.08427668,4358495.933425628,0.27090547408943877,0.10292693815828242
2912,36333521.03274444,40606709.54119643,4273188.508451991,0.2690759244912947,0.10006190768807603
2913,36317600.25883385,40599299.883396514,4281699.624562666,0.2732679297437308,0.10369321043758681
2914,36628972.66352621,41154658.59340473,4525685.929878525,0.2835109920386263,0.11170651613190502
2915,36035574.0019279,40426233.75934667,4390659.757418774,0.27207719539087455,0.10117313832188254
2916,36779101.73026965,41068161.4649068,4289059.734637149,0.27482260582456014,0.10798093576234423
2917,36532367.95654977,40877987.327026054,4345619.370476283,0.27431299337181253,0.10469645866957306
2918,36732529.99737911,41143650.81928078,4411120.821901672,0.2776785377998564,0.10769031768310242
2919,36253019.7337252,40357314.752114594,4104295.0183893964,0.2770351832965229,0.11161461752408805
2920,36536253.61063137,40890391.850725144,4354138.240093775,0.272036352079911,0.10356789962500082
2921,36050652.0534026,40254132.3731996,4203480.319796994,0.272566895675319,0.10579207256934078
2922,36859374.89635429,41127437.805964425,4268062.909610137,0.2694293243007788,0.10349923594982312
2923,36645126.20985389,40828140.726518184,4183014.5166642964,0.26803978063129025,0.10239521707707218
2924,37238168.67212858,41808795.46167912,4570626.789550543,0.2823415124640952,0.11657014363201516
2925,35794634.96290165,39937957.29882893,4143322.335927278,0.27333708282186403,0.10612734056126302
2926,36272806.749612994,40544846.59575734,4272039.846144348,0.2838477286061081,0.11566427577853192
2927,36424005.03873465,40862144.87527233,4438139.8365376815,0.2766761462621163,0.1066787190682013
2928,36174121.72939329,40457710.193293564,4283588.4639002755,0.2760471846759147,0.10980036606716555
2929,35965406.31503344,40139490.604172215,4174084.2891387716,0.2774953588641692,0.10722834602539927
2930,35996283.95090161,40274115.771237366,4277831.820335753,0.2700557211174229,0.10077908861680598
2931,36853151.05838685,41209144.97310011,4355993.9147132635,0.2734608818895665,0.10720263616494531
2932,36195648.48933178,40418496.91015906,4222848.420827277,0.2816923312761669,0.11292076044154692
2933,36114067.860045746,40216105.66626414,4102037.806218393,0.2724869939137685,0.10966865390622976
2934,36250748.50606574,40656982.72855708,4406234.222491339,0.27863896475073935,0.1148293897243054
2935,36553709.11570416,41077050.078746594,4523340.963042438,0.2855749850775103,0.11467291549664155
2936,36241640.206290156,40747427.11792656,4505786.911636405,0.2828489832809721,0.11316416171955138
2937,36958022.64371163,41311877.18486497,4353854.5411533415,0.2854137660124992,0.12133326850716536
2938,36164780.709990986,40350732.18927332,4185951.4792823344,0.27100306887004094,0.10615125104119184
2939,36861665.34809315,41296911.47464556,4435246.12655241,0.27397068557739346,0.1025631249133097
2940,36018405.01422616,40182337.989494935,4163932.9752687737,0.27770517669357125,0.10719328110418441
2941,36548173.60369696,40923035.88069748,4374862.277000524,0.28100408472003,0.11745990043567668
2942,36095109.49802211,40251866.29530936,4156756.797287248,0.2607184496069401,0.0962407454370502
2943,36373109.16161421,40848412.5158948,4475303.354280591,0.27150686494457965,0.10361004890981527
2944,36785947.83092633,41068936.64330241,4282988.812376082,0.27357945192794153,0.10429779318612442
2945,36281507.31335606,40562816.62046948,4281309.307113424,0.28604060401987164,0.11824160408193649
2946,36996958.18451015,41515809.92465774,4518851.740147591,0.2805696528560477,0.11198272504103063
2947,36556921.49033962,40827549.236992195,4270627.746652573,0.2731669644065643,0.10944494559939447
2948,36477076.205152266,40959726.931334406,4482650.72618214,0.2767530775575973,0.10640569463857595
2949,36465712.567984045,40705878.32097635,4240165.752992302,0.2677281764730322,0.10450829147779021
2950,36639320.12297142,40600844.66857654,3961524.5456051156,0.26806305545539844,0.1046586094337694
2951,36476861.547364965,40522309.30219457,4045447.754829608,0.27139759389831086,0.1072721864436644
2952,36984248.983515844,41327335.11751334,4343086.1339975,0.27937619713891504,0.11267407853556499
2953,36991967.06985035,41301610.94835354,4309643.8785031885,0.2825299767787025,0.11147370347847231
2954,36443829.27923682,40572938.62408638,4129109.3448495567,0.2650959835154686,0.10157730726925476
2955,36417764.800731726,40768309.94180602,4350545.141074292,0.2721081671855669,0.1035350644284808
2956,36528365.09605953,40827578.750224225,4299213.654164694,0.2713121733501132,0.10131006411906247
2957,37069247.41272806,41486354.76532037,4417107.352592312,0.27220274407604994,0.1071077161686966
2958,36417923.48768057,40924396.871186614,4506473.383506045,0.2860134852806998,0.11537447442539182
2959,36380724.244339496,40810284.754575275,4429560.510235779,0.2750505502810886,0.10371048311270324
2960,36544145.8056286,40965213.31855621,4421067.512927614,0.2794844865792512,0.11138351352195743
2961,36782288.98117468,41309158.12453826,4526869.14336358,0.274552742891203,0.10478575374383726
2962,36387025.35624263,40641905.07361671,4254879.717374086,0.27268978850153414,0.10890818813841013
2963,36451232.91788349,40660800.03775431,4209567.119870819,0.2715101485511193,0.10603725592008667
2964,36238853.61395774,40463342.03294167,4224488.418983929,0.2758739980277883,0.11226860351247014
2965,36327241.388649814,40403877.390844785,4076636.002194971,0.2731755013505094,0.10921058699927778
2966,37198044.201588556,41273932.46212558,4075888.260537021,0.28162464134869036,0.11798520604183937
2967,35936911.60177332,40345136.34736212,4408224.745588802,0.28090000037644236,0.10811299309548356
2968,36970138.190076135,41398307.53167612,4428169.341599986,0.27893008563728167,0.11133931850369026
2969,36515959.11540603,41000443.54087301,4484484.4254669845,0.2700364313597235,0.10191618411787154
2970,36247717.28469758,40393139.14981297,4145421.865115389,0.27174544524290456,0.10799459176576721
2971,36741921.200016595,40981268.47401462,4239347.273998022,0.26472701048992303,0.09813445282870252
2972,35722852.05068197,40117187.55186061,4394335.501178637,0.277223049030265,0.1079626402601444
2973,36848322.52945117,41162965.53464643,4314643.00519526,0.2793722850302563,0.11197290078856205
2974,36213642.367836505,40654995.50930378,4441353.141467273,0.27543881775975204,0.10102703226660333
2975,36143713.20050216,40429196.12589051,4285482.925388351,0.2890311620691,0.12048289574015361
2976,36891789.89965565,41344236.96896625,4452447.0693106055,0.2720688551200918,0.1006560756058194
2977,36410306.90457487,40758661.6641358,4348354.759560928,0.2688124546897275,0.1025956140915024
2978,36808724.94756741,41228535.43488714,4419810.48731973,0.2811408236942452,0.11483707716679488
2979,36874332.58865171,41297954.67543151,4423622.086779803,0.2769404993454984,0.1080031577592815
2980,37157134.61568583,41582702.489059865,4425567.873374037,0.27717357985217883,0.10582944626021588
2981,36320548.73047393,40809453.38019463,4488904.649720699,0.2675623281185538,0.09682057929536347
2982,36968643.07518874,41210524.29588185,4241881.220693111,0.27586169501289876,0.11751505947815875
2983,36167125.54172253,40587013.40939292,4419887.8676703945,0.27583558324565377,0.1075578620615495
2984,36776340.17091841,41220084.375453584,4443744.204535171,0.2802293236908745,0.11095634188437052
2985,36253177.15084794,40594872.77403478,4341695.623186842,0.27210248623086086,0.09913580616770509
2986,36411535.55649142,40929162.439324826,4517626.882833406,0.2765159372453514,0.10788281639674362
2987,35992693.831540816,40371560.309652716,4378866.4781119,0.27572438340634753,0.10388390867119215
2988,35904145.3861059,40030192.218358226,4126046.8322523236,0.26641604502506705,0.10152536973488946
2989,36057890.1580179,40349144.173771136,4291254.015753232,0.27364494346613677,0.10797396959561391
2990,36588652.09255279,40996596.78743295,4407944.694880165,0.2727660448415989,0.09697834534550544
2991,36655882.22396754,40971160.03451123,4315277.810543694,0.2712766668201074,0.10685854296240432
2992,36330345.18478934,40550678.77938503,4220333.594595693,0.2747105373544144,0.10719802378422379
2993,36492957.84234236,40772222.93562046,4279265.093278095,0.2669782266058423,0.09981915034878398
2994,36566704.46075464,40933770.56601904,4367066.105264403,0.27288694528082574,0.10088335637857013
2995,36775508.385398254,40975020.49314147,4199512.107743219,0.27164024574424406,0.10710456384410452
2996,36143605.17592852,40321847.33838495,4178242.1624564305,0.2694568577020691,0.1057096208179177
2997,36972981.29010698,41446204.71476714,4473223.424660161,0.2801052656023682,0.10953421810304101
2998,36571488.66401656,40945665.64799299,4374176.983976431,0.27246420446844116,0.1025438854649341
2999,36846568.97667686,41141649.94189284,4295080.965215981,0.2761836018525683,0.11336502434472116
3000,36386657.399154186,40805105.55201109,4418448.152856901,0.28195306265857295,0.11233722669179129
3001,36343862.470710285,40778253.397285454,4434390.926575169,0.2705664158322766,0.09966734264946103
3002,36831374.126798525,41147773.94432518,4316399.817526653,0.2739746263775738,0.10324450213443867
3003,36125740.92896112,40415088.55850111,4289347.629539989,0.2763975649826671,0.10340373158388491
3004,35965231.43289788,40086679.235569134,4121447.8026712537,0.28318259101607496,0.11757009388856579
3005,36908418.55190915,41233666.279799186,4325247.727890037,0.2661014705786099,0.0970103862062072
3006,35810135.92462024,40293798.21717441,4483662.29255417,0.28334523853756155,0.10848294451935164
3007,35677041.084480755,39836593.685725145,4159552.60124439,0.2692595209230147,0.10160298685981899
3008,36215513.19911889,40552876.39449048,4337363.195371591,0.28844178440514245,0.12541867174753818
3009,36378161.47613874,40708595.75367633,4330434.277537592,0.28106110313579735,0.11436111513831305
3010,35906735.55943466,40171842.75967118,4265107.200236522,0.27232531744952115,0.10744250627318061
3011,36681302.14340785,40735530.809235156,4054228.665827304,0.27809248449577845,0.11488905448621999
3012,36328465.88811253,40443802.00611789,4115336.1180053577,0.26022262639778077,0.0966792209966523
3013,36425837.84797005,40780852.6300295,4355014.782059446,0.27334835247795275,0.1076020066147354
3014,36302940.230239734,40721194.88929985,4418254.659060113,0.28297993523771026,0.11924300944023242
3015,36465290.91874498,40725546.20599196,4260255.28724698,0.271374272191415,0.1010615653665598
3016,36281164.161383964,40696657.38525332,4415493.2238693535,0.28198370738919265,0.11389625275163891
3017,36614315.115588084,41256217.62708332,4641902.511495233,0.2730736212606797,0.10277184683344764
3018,36325305.00665993,40523276.02319527,4197971.016535334,0.2762303117278162,0.1098015363904596
3019,36629314.56760068,41062511.961994655,4433197.394393973,0.2806948966197404,0.10777452590589105
3020,36032368.06066556,40364165.50223345,4331797.44156789,0.2782589882291178,0.1093095020589121
3021,36595802.55456407,40734149.792129785,4138347.237565711,0.2746470763074662,0.10823535030165446
3022,35922879.40894333,40225182.49132905,4302303.082385719,0.27477792368864307,0.1065997173547768
3023,35844140.50744096,40137786.72458878,4293646.21714782,0.2773474585606299,0.11290617324255058
3024,36426467.62180224,40643124.703956515,4216657.082154274,0.2681717184968026,0.09881781322560648
3025,35754364.41687103,40112014.685829915,4357650.2689588815,0.27548540317708525,0.10013155498188209
3026,36204269.940283105,40617000.837496325,4412730.897213221,0.27551655547448206,0.10427145952599966
3027,35895121.109204374,40165066.018792786,4269944.909588411,0.26576591103481834,0.10191007193444929
3028,36743124.19419696,40973221.99493589,4230097.800738931,0.27443852551035414,0.10560470455274569
3029,36303889.0696177,40374316.68499157,4070427.615373865,0.26054447142262943,0.09527378300689292
3030,36468529.95489421,40608920.04618499,4140390.0912907794,0.265796192335748,0.10139345922830195
3031,36148858.37534097,40348664.67567554,4199806.300334573,0.2833715176091483,0.11989962839165079
3032,35766520.52121678,39982381.78370929,4215861.262492508,0.2675723712245611,0.10108670829680784
3033,35687990.50496212,39820069.925009824,4132079.420047708,0.27841982387917324,0.10909529233690364
3034,36400154.632098466,40651375.41638841,4251220.784289941,0.2831337640248402,0.1174953022261216
3035,35941498.73853268,40265733.24404945,4324234.505516775,0.26902157384527897,0.09769897694614398
3036,36655044.51386887,40987648.76977669,4332604.255907819,0.2761531491919319,0.10892589857696697
3037,36695253.532116845,41036515.330400944,4341261.7982840985,0.28063536644620335,0.11384922514318348
3038,36189661.326128505,40337581.545051634,4147920.218923129,0.2700256054344123,0.10460774299097467
3039,36805587.379550174,41043896.23381791,4238308.854267739,0.27407409617794654,0.11175670488623793
3040,36582287.053339384,41079947.87704433,4497660.823704943,0.27928770486864957,0.11208439168533817
3041,36086547.870764814,40485857.31775825,4399309.446993433,0.2749912356945287,0.1060942773675734
3042,36513170.43995117,40823431.57320094,4310261.133249775,0.27666996558928875,0.10854265651190079
3043,36459038.623383455,40780767.102802105,4321728.47941865,0.27241809292924896,0.1033001910326505
3044,36248005.45953224,40604262.55344696,4356257.093914725,0.2778501399502753,0.11212911201036461
3045,36471568.30189147,40993846.57962077,4522278.277729303,0.28540954523572387,0.11404561446582173
3046,36575167.76530954,40766040.47706687,4190872.7117573246,0.2728247962442286,0.10220898267817002
3047,36040903.20696275,40328398.55531344,4287495.348350689,0.2747478058338754,0.10705187372304943
3048,36169692.9811043,40498510.9981685,4328818.017064199,0.26649959470341933,0.09592279710783728
3049,36720547.602106825,41080937.49844767,4360389.896340847,0.2741704100582281,0.10323667620993357
3050,37016870.95420766,41273178.81934574,4256307.865138084,0.27178929497966536,0.10331922780558077
3051,36857446.16023407,41286081.879702866,4428635.719468795,0.28173998428268604,0.11804494812628478
3052,36419422.582527,40814752.79087216,4395330.20834516,0.2791210182646359,0.10767179502079345
3053,36589776.18129474,40991496.355540454,4401720.174245715,0.27495989508543023,0.1004502740925892
3054,36276638.56200035,40459983.14146139,4183344.579461038,0.2857600042999252,0.1252171374310535
3055,36356081.14871991,40689673.2054689,4333592.056748994,0.2720263042373635,0.09718262648623102
3056,36300692.93764675,40475199.47535974,4174506.5377129912,0.2764033365412039,0.10931862033761378
3057,36651690.98858018,40870376.590497285,4218685.601917103,0.28346813920427383,0.1137810324863365
3058,36225287.30450595,40518117.04635461,4292829.741848655,0.2672416819999387,0.09289586829128424
3059,35754270.561027676,39894105.035019085,4139834.473991409,0.2748873434627772,0.10812827355233022
3060,36343742.64124864,40860175.9893499,4516433.348101258,0.273309634463125,0.10197388410092255
3061,36934235.60308802,41365330.79907502,4431095.195987001,0.2793503769942702,0.11290431237460807
3062,36199214.30313843,40481514.5780555,4282300.274917074,0.26899302181793755,0.09635982018044487
3063,36524513.14165782,40771339.31077174,4246826.169113919,0.278038089890734,0.10844597820642309
3064,36359031.93704664,40869184.547046,4510152.609999359,0.2814533724614336,0.10738947972834485
3065,36302987.75178305,40528681.46952757,4225693.717744522,0.2663146390146926,0.10143913060825868
3066,36075549.12464751,40375022.29414213,4299473.169494614,0.28024937854216025,0.11291625141343149
3067,36723734.95182604,40887834.562544204,4164099.610718161,0.26549198474092084,0.09853467262909614
3068,36263561.89057293,40604487.02402245,4340925.133449525,0.26659277088229244,0.09412696054694795
3069,36086688.13731685,40431133.94564574,4344445.808328889,0.2778753115664309,0.10697493986855694
3070,36044732.736175045,40341635.87031274,4296903.1341376975,0.27717028655715004,0.1084347082935998
3071,36033995.5741544,40516148.027194686,4482152.453040287,0.2866607980942766,0.11717954240293983
3072,36002799.96451219,40288345.63359971,4285545.669087522,0.278720138718646,0.10969412265789887
3073,36235812.8028819,40579793.86093785,4343981.058055952,0.2740000916915472,0.10023032436845146
3074,36225837.74684003,40550488.32807166,4324650.581231631,0.2668812179070473,0.10021733668878523
3075,36322754.2169657,40668874.57130425,4346120.354338549,0.2799478322772615,0.10960772692011236
3076,36392681.86257623,40916268.43765449,4523586.575078256,0.27822804513504645,0.10492980628456146
3077,36905454.17797178,41258870.3081463,4353416.130174518,0.270268068371551,0.09873197908935061
3078,37082555.43044928,41289304.55793488,4206749.127485603,0.26708189660233944,0.10114589942066975
3079,36103299.90769803,40495723.20770041,4392423.300002381,0.2820197541177699,0.10973722613260502
3080,36413679.934455216,40731591.01101675,4317911.076561533,0.2744625439992802,0.10564991109262906
3081,36493028.74418901,40752573.651640765,4259544.907451756,0.2701008006002447,0.10638992268368289
3082,36502255.661221415,40838639.373698846,4336383.712477431,0.2700687174977424,0.09806660305685452
3083,36255472.882053204,40841004.98677629,4585532.104723088,0.2772078967465619,0.10097310930281159
3084,36083176.418736875,40314210.952184424,4231034.533447549,0.2670119975257612,0.10216791582960329
3085,36709334.40817611,41230691.52798284,4521357.119806729,0.28246897546274957,0.1143305309561883
3086,36655479.7293145,40778526.01825974,4123046.2889452428,0.2688582461992208,0.10526693413424117
3087,36307652.65546792,40689392.13322404,4381739.47775612,0.2804001075175979,0.11300078019128253
3088,36438931.17927408,40784296.90157639,4345365.72230231,0.2770381950148738,0.11239094043647212
3089,36541069.318734564,40729656.258958295,4188586.940223731,0.275141820695443,0.10647761342333568
3090,35573130.50809434,39617798.0620438,4044667.5539494604,0.2691681759286387,0.10595884434542936
3091,36568540.67870081,40749427.14808872,4180886.4693879113,0.280630026565335,0.11077661390499807
3092,36476410.20613227,40651711.071536504,4175300.8654042333,0.2740652126903808,0.11124967145562992
3093,36332543.543555945,40827997.839669004,4495454.296113059,0.2797228578611196,0.10784076706988054
3094,36325813.89510088,40377415.37989771,4051601.484796837,0.270858995740501,0.106308590490778
3095,37104285.88248626,41542596.6742721,4438310.791785836,0.27561002608037244,0.11076677244543172
3096,36338365.62977317,40552428.67386236,4214063.044089191,0.26949690597875586,0.10180876720439637
3097,36438307.852859244,40795876.91487097,4357569.062011726,0.2742143849899505,0.10295498909362259
3098,35733215.94213369,39953155.39497523,4219939.452841543,0.27271014859659454,0.10599845776079299
3099,36231804.53454113,40455772.74085531,4223968.206314176,0.2784379103821348,0.1110115615983972
3100,36444358.311618045,40720655.190316066,4276296.878698021,0.2643703221278142,0.09442142451973902
3101,35731860.032031834,40141144.07954921,4409284.047517374,0.2765054622200548,0.10226689792383359
3102,36577257.41357461,41028518.45731796,4451261.04374335,0.27324144824673785,0.10116974088096861
3103,36418430.08520277,40700377.02987764,4281946.944674872,0.27366880646137376,0.10429694990883842
3104,36396259.22395363,40709297.50997009,4313038.286016464,0.2712911953181161,0.09704389317842269
3105,36158522.153202154,40502921.68710591,4344399.533903755,0.26950154207253596,0.09976771859902003
3106,36161540.89647002,40237618.66698355,4076077.7705135345,0.27471974583040354,0.10999489174638366
3107,36570509.45495416,40844656.354752794,4274146.899798632,0.26895694607678894,0.09781417371056787
3108,35870714.93525198,40235319.64030789,4364604.705055907,0.2753541706822928,0.10410432577025124
3109,36155916.95582491,40382551.00411392,4226634.048289008,0.2645863560267311,0.09916722952469242
3110,36268674.25650916,40499295.925593,4230621.669083841,0.27459283738858553,0.10897629519721351
3111,36227084.709574424,40470545.9089311,4243461.199356675,0.2740565930700846,0.1077018089803437
3112,36245049.280923836,40759466.90977794,4514417.628854103,0.27943405694192597,0.10702439627120618
3113,36351850.714486495,40697538.58512886,4345687.870642364,0.282599541838594,0.11499249033690694
3114,36227383.39414417,40600655.63696413,4373272.242819957,0.2812043265049859,0.10967936665311939
3115,36084691.04113914,40341450.215255685,4256759.174116544,0.2726674926448798,0.1059453924695421
3116,36141718.61653068,40385670.25404494,4243951.637514263,0.268339542142103,0.09987454902160266
3117,36360094.22086787,40558682.50072572,4198588.279857844,0.2773559264966108,0.11401301368915587
3118,36139149.54242392,40461645.10707076,4322495.56464684,0.2797816402108607,0.10881947670570233
3119,36376084.44809723,40862384.66553687,4486300.217439644,0.2763373754512861,0.10693670940131261
3120,36041722.24148931,40382974.032875784,4341251.79138647,0.27362362048694244,0.10415856831308598
3121,36423863.261162624,40900621.770937525,4476758.509774901,0.28397069312235795,0.11524922948766915
3122,35782339.26057219,40081507.752066776,4299168.491494589,0.2745512002604163,0.10117387635478266
3123,36795553.230782494,41030680.55681281,4235127.326030314,0.2714434008790338,0.10602389718282446
3124,36230645.668721095,40437200.79261907,4206555.123897977,0.27012420643470475,0.10198611331316641
3125,37209494.92142208,41617239.493915394,4407744.572493315,0.267117557879215,0.09541601612614671
3126,36098953.02697048,40483604.49638042,4384651.469409935,0.26950607329945214,0.1016523543161418
3127,36279185.31305459,40555209.27625741,4276023.963202819,0.28207784442318473,0.12267133080305308
3128,36465254.04149086,41054439.72934982,4589185.6878589615,0.27881676273706935,0.11071600352832699
3129,36114280.122835465,40461333.30608141,4347053.183245942,0.2801814150174498,0.10924641928234827
3130,36688141.21264444,40858098.074384846,4169956.861740403,0.26949279043300023,0.10721997989713519
3131,36447621.266852625,40518394.071458995,4070772.8046063706,0.27869985152873045,0.11482841943799853
3132,35654382.2340201,39856892.09642417,4202509.862404071,0.28112383739993346,0.12014133215111972
3133,36398330.0742269,40917925.23751162,4519595.163284719,0.26843897546301787,0.09580591890874299
3134,36407828.13265223,40804821.011778556,4396992.879126325,0.27677327690607995,0.11101486115061147
3135,36250648.42259589,40683462.47022378,4432814.047627889,0.28422118388920303,0.12018637733882001
3136,36748874.01284826,41128214.83727583,4379340.824427575,0.27678083848886426,0.11119316953353474
3137,36653493.800473645,40955080.46757564,4301586.667101994,0.2750087922039017,0.10974085583571622
3138,36100732.707916036,40498507.06897475,4397774.361058712,0.27921338686950326,0.11035626121095024
3139,36817442.76371645,41020199.42078604,4202756.657069586,0.26490149301099314,0.0930535322344181
3140,36428271.3049929,40665371.56139775,4237100.256404854,0.2688095247216032,0.10165940847467526
3141,35783681.217778616,39891058.48157864,4107377.263800025,0.2712178390445237,0.10441528080753011
3142,36410584.02313585,40779131.41635607,4368547.3932202235,0.28218216013945013,0.11838271168289902
3143,36328529.81078407,40792448.47232668,4463918.661542609,0.28423720842609207,0.11508725640141688
3144,36406758.79956545,40710740.1651472,4303981.365581751,0.2663195237887393,0.09336461506651435
3145,36385886.39412707,40864673.77073865,4478787.3766115755,0.2815543722169057,0.10635050003161793
3146,36551650.74541283,41035391.118344866,4483740.372932039,0.2841012121395935,0.11267013229769612
3147,36514390.85199071,40877739.148087546,4363348.296096839,0.27445773648572297,0.10504378791043935
3148,36720777.08441478,41050391.45404513,4329614.369630352,0.26627369857551525,0.10389222689744032
3149,36089096.92581951,40288187.042967215,4199090.117147706,0.27881052640751414,0.11391371118345585
3150,36914446.48116207,41048468.145395875,4134021.6642338037,0.2792140541093399,0.1163238740162442
3151,36726256.47137111,41223461.40728413,4497204.935913026,0.2796642669036265,0.11076056870084522
3152,36174019.08887536,40505903.42835444,4331884.339479081,0.26751986704758185,0.09957920415315
3153,36564560.21583958,40921071.419521905,4356511.203682326,0.26474061458755305,0.09354533828121689
3154,36534739.1040212,40846682.10981509,4311943.005793892,0.2794726755468375,0.1126160899202575
3155,36179064.1811524,40444003.83455553,4264939.653403126,0.2901691708111774,0.12530486932005755
3156,36399100.6770924,40742400.58542774,4343299.908335336,0.27480135665559263,0.10932965317327334
3157,36770339.49669081,41319776.47188243,4549436.975191623,0.27638949949505187,0.09880669078046045
3158,36701457.3387169,41058399.40635316,4356942.067636259,0.27492642895103114,0.10348273871686856
3159,36436460.03557746,40738489.624668084,4302029.589090623,0.26812169727279256,0.10290686699409321
3160,36940160.16609812,41215251.10640331,4275090.940305196,0.2688929695418603,0.11067235602214519
3161,36354796.5419404,40597941.2480585,4243144.706118099,0.2769000615768685,0.10725716786519167
3162,36334831.29354715,40852170.123797506,4517338.830250353,0.27433028186846664,0.1079146996002844
3163,36063272.8193806,40374000.43091513,4310727.611534536,0.2739264118518771,0.10847853875725644
3164,36677761.07162125,40987595.61148481,4309834.539863564,0.2735214855270232,0.1068659660313715
3165,36025146.637076244,40262923.37127667,4237776.734200425,0.2729901556963656,0.10435253914220786
3166,36555888.19692564,41020319.66900478,4464431.472079143,0.2691714917364243,0.10214472236084254
3167,36826493.52347211,41149309.97657555,4322816.4531034455,0.27857858669086916,0.11322417988649447
3168,36478686.96848714,40906004.21608019,4427317.247593045,0.27163104922990194,0.10523399862314685
3169,36675997.283545434,40907500.387333244,4231503.10378781,0.2748601418412737,0.1081269685657654
3170,35927683.125752315,40202633.08702422,4274949.961271904,0.277831386082866,0.11013695150853417
3171,36868214.07816016,41349919.63082064,4481705.55266048,0.28022112118331965,0.10978778447500659
3172,36573125.73108127,40819532.052466005,4246406.321384735,0.2880650379879114,0.1261373416888419
3173,36323258.242092796,40865823.15577978,4542564.913686983,0.2795564745449513,0.11119681644306809
3174,36356396.89601811,40404321.28428102,4047924.3882629126,0.26613607099350683,0.10529145975141431
3175,36404379.90558988,40951733.828467235,4547353.922877356,0.2828639224900528,0.11588063479645856
3176,36159687.33774598,40581940.13835998,4422252.800613999,0.27361164030969704,0.10516168756123669
3177,36545135.36495536,40725756.107806444,4180620.742851086,0.27563368413851164,0.11288702192880871
3178,35572609.07417482,39839791.56907738,4267182.494902559,0.2723587983200681,0.10337439314273907
3179,35739124.661526985,39995703.978338085,4256579.3168111,0.27977372326455824,0.11312242921091538
3180,36081588.04988643,40456291.40612027,4374703.356233843,0.280508952553821,0.11542698778760384
3181,35979700.21007766,40343537.947597645,4363837.737519987,0.27686251769420983,0.10818680507041839
3182,36526667.21661308,40908459.34979117,4381792.133178093,0.2738146291146086,0.103617402319698
3183,36311273.836357705,40607031.54475878,4295757.7084010765,0.27783641828251743,0.10740157615161211
3184,36461805.46090059,40822512.07683124,4360706.615930647,0.27133682551292165,0.10402059286523302
3185,36866528.02429298,41284457.31278431,4417929.288491324,0.27176186217236903,0.10262876155948475
3186,36670701.049087994,41204726.53480422,4534025.485716224,0.2877083314498839,0.11963707425921982
3187,35981921.74365852,40456852.25789678,4474930.514238261,0.2762136844274719,0.1015761299191058
3188,36497853.06136698,40714873.197531834,4217020.1361648515,0.2632680130832543,0.09603174440921451
3189,35736795.97741605,39788028.63221599,4051232.654799938,0.2779214595205931,0.1111654382939752
3190,36727624.58052209,41088164.82527097,4360540.244748883,0.28034037682471813,0.11194088802422339
3191,36892219.54935071,41077298.42952358,4185078.880172871,0.26982689178262115,0.10636360706846405
3192,36480282.885637715,40856100.24587204,4375817.360234328,0.2776318883811879,0.10715031462631694
3193,36423541.65107188,40583668.17617995,4160126.5251080766,0.2710934315788284,0.102804815904204
3194,35934271.60821232,40176881.56748347,4242609.959271148,0.2691367903733867,0.09758283948360781
3195,36469746.36919273,40547967.18235071,4078220.813157983,0.2734295446556541,0.10469685052404197
3196,36784921.351830974,41124172.043681085,4339250.691850111,0.27092927686548,0.10297988106741386
3197,36620534.20147254,40936976.05970934,4316441.858236797,0.2766250564545701,0.11223475035693754
3198,36340812.973352574,40632341.80904662,4291528.835694045,0.27268702417984175,0.10576414774464174
3199,36344186.61621012,40403725.65405213,4059539.037842013,0.274279260894397,0.1092340271125209
3200,36325804.088082,40660476.210292235,4334672.122210234,0.26527341864909,0.09559822469263307
3201,36615720.90082574,41344902.76898041,4729181.868154675,0.27150651316166163,0.09174108792062571
3202,36641917.64830105,40995093.044085056,4353175.3957840055,0.26858621142850475,0.10500938763217443
3203,36118966.556954324,40581571.374617025,4462604.817662701,0.2781374616257246,0.10757446997390692
3204,37016114.131186895,41414456.16634347,4398342.035156578,0.26997584982904643,0.10450057530440515
3205,35867169.739132464,40244263.615555644,4377093.87642318,0.27409939128632704,0.10468858113868437
3206,36185165.79150218,40573231.44555295,4388065.654050775,0.2840902892721493,0.11193737357571604
3207,36724116.31256386,41028365.084339604,4304248.771775745,0.2741225048354287,0.10353147294451708
3208,35984053.23795202,40333862.55649641,4349809.318544395,0.2716647672407139,0.09873700257281198
3209,36383630.78240178,40636020.95352451,4252390.17112273,0.27170580270364536,0.1030827662015237
3210,36103262.562758826,40466596.821618356,4363334.25885953,0.2697078345345915,0.09829919887845592
3211,36228875.04389815,40536146.37732647,4307271.333428323,0.2845424528139988,0.11591091971520757
3212,36058595.626414254,40382376.22115731,4323780.594743058,0.2718623170039632,0.1002393681695925
3213,36268959.6763557,40708993.160025075,4440033.483669378,0.2823697332055359,0.1130731093835443
3214,36799699.766486585,41111229.70359865,4311529.937112063,0.27718816700114485,0.1107523292015135
3215,36912291.39094891,41385837.60862993,4473546.2176810205,0.2771012245949616,0.10776569286343445
3216,36715371.05558791,41141922.9083307,4426551.852742791,0.27080939924299996,0.09955576582259414
3217,36737306.644878075,41075455.00271629,4338148.357838213,0.26779832015104255,0.09950541102653485
3218,35998055.56744904,40332688.526130535,4334632.958681494,0.2687376409706336,0.10172600181366193
3219,36784658.20228425,41368837.94083866,4584179.738554411,0.2836982191072326,0.11251253271422952
3220,36606793.70778953,40947479.05993895,4340685.3521494195,0.282164504768808,0.1165181731758488
3221,36474856.437939316,40765023.81727203,4290167.379332714,0.2764283860847401,0.11142005238213401
3222,36040530.81939176,40441452.0722791,4400921.252887346,0.26975325023496793,0.09927593767259311
3223,36474964.19118547,41063098.24951784,4588134.058332376,0.2914210937846718,0.12084228584452018
3224,36001460.703562155,40230130.51516966,4228669.811607502,0.27188843142965374,0.10864609873899603
3225,36627786.97228728,40803295.540818535,4175508.5685312524,0.2752751943440465,0.11303234687212602
3226,36743009.71365887,40982780.05410719,4239770.34044832,0.2697861940037928,0.10661228029956651
3227,36578483.78047088,41132483.0098695,4553999.229398623,0.27252282629138386,0.09934406204296924
3228,36083102.54280723,40443795.8382153,4360693.29540807,0.27292917124199256,0.10051568874611451
3229,36592880.23968102,41014228.66433966,4421348.424658641,0.27207682115806897,0.09992148019092047
3230,36306798.57464106,40550705.40866558,4243906.834024526,0.2640931527015919,0.09762239943984152
3231,36422645.119886294,40607146.35357593,4184501.233689636,0.27505458751434064,0.10653075927482736
3232,36740415.50837592,41000632.8207642,4260217.312388279,0.27148163108289003,0.10480638388369343
3233,36247580.013260335,40557148.8428334,4309568.829573065,0.27642660558714394,0.10773380603135309
3234,36866875.92279592,41149251.89482529,4282375.972029366,0.2727250929393094,0.1038984779718668
3235,36219195.980729595,40565907.399063185,4346711.41833359,0.2810737422044391,0.11106332318319795
3236,35907271.58874456,40238827.785355926,4331556.196611367,0.27643798175089696,0.10993767079421811
3237,35984884.00122435,40060470.36781242,4075586.366588071,0.2618042237888806,0.09646213772318263
3238,36282477.95991453,40630874.59077979,4348396.630865261,0.2799477195692337,0.11120986758852586
3239,36661776.48236456,40916497.104083575,4254720.621719018,0.2719013978561163,0.10856763490767991
3240,36342418.806065306,40726035.10810328,4383616.302037977,0.27364234200719434,0.10093318650103261
3241,36703634.16646231,41346186.576814994,4642552.410352685,0.28050279986988363,0.11069036693108815
3242,35944870.84651312,40098941.51971221,4154070.6731990874,0.272790204221248,0.1033076305079564
3243,36176220.969308674,40547909.37021063,4371688.400901958,0.2792706973414074,0.11392571035485198
3244,35895387.880993664,40073946.220504194,4178558.3395105302,0.26821990645168464,0.09785102920997552
3245,36505017.84014163,40843483.54080846,4338465.70066683,0.271656768536765,0.10179939017643107
3246,36421059.934927635,40704926.15428685,4283866.219359212,0.2780026251917136,0.11521677341928047
3247,36018620.85729548,40319119.7324997,4300498.875204213,0.27072786135998744,0.09965691147576938
3248,36760601.925985865,41284159.66068828,4523557.734702416,0.28433479551896446,0.1169013107962277
3249,36716943.77316977,41032938.4665752,4315994.693405427,0.2737057147637159,0.10351221764264797
3250,36894063.805749215,41436781.70522165,4542717.899472438,0.2806612021651354,0.11221316169170076
3251,36062925.26788094,40364312.2596386,4301386.991757661,0.27452938300918156,0.10191440991374999
3252,36108126.57805218,40265120.08098653,4156993.5029343516,0.2646721596903371,0.09902437674999938
3253,36393490.976601034,40776358.45767018,4382867.481069148,0.2656882210877229,0.0956103818962828
3254,36296659.37517485,40530691.937415585,4234032.562240735,0.2689962769046235,0.10761919279992826
3255,36114201.915964864,40395643.30892955,4281441.3929646835,0.2747224308074274,0.10696465283329953
3256,36933022.21707606,41257456.985404305,4324434.768328242,0.2831533633112948,0.1128048152319943
3257,36484146.11049029,40872926.931248,4388780.820757709,0.27654580772191345,0.10963152031034984
3258,36711261.73657006,41212151.45997545,4500889.723405391,0.2708923747769608,0.09875080145884547
3259,36499395.93285152,40844619.776251845,4345223.843400322,0.26704671859421125,0.09835470937706754
3260,36215998.28284179,40384413.10416345,4168414.8213216662,0.2595190217080093,0.09548835859563325
3261,36712279.90059314,40905790.92511653,4193511.0245233923,0.2744056134169095,0.10300759129173066
3262,36492395.70632239,40871428.1430174,4379032.4366950095,0.27223803461872953,0.10305664004489344
3263,36303534.209126,40654277.98045467,4350743.771328665,0.27659914970637695,0.10873536987149329
3264,36785211.13487173,40989217.986493796,4204006.851622067,0.2782744699193435,0.11294818426329359
3265,36337050.21495916,40685545.951535165,4348495.736576006,0.27414985405046916,0.1077716990339694
3266,36233135.8476079,40463417.85775301,4230282.010145105,0.26850300834371477,0.1000303234643261
3267,36286832.34836056,40582817.22431213,4295984.875951566,0.2783773427613802,0.11144358902798851
3268,36304812.59794319,40535651.827067785,4230839.229124598,0.27972221725395435,0.11510970872457776
3269,35886017.9872067,40049182.223663546,4163164.2364568487,0.27570679901790474,0.10731428518116554
3270,36130379.37223883,40520683.40745279,4390304.035213962,0.2820010406099078,0.11181165255092682
3271,36315486.59189369,40563993.41579341,4248506.823899724,0.27343297933646177,0.10512220008043854
3272,36197836.14650105,40232088.57680609,4034252.4303050414,0.27141024122092683,0.10863419386255331
3273,36069474.57851745,40333002.68442451,4263528.10590706,0.27233367724968144,0.1059556510227207
3274,36024668.29959392,40473403.259105474,4448734.959511556,0.2796839583014201,0.10802526405164717
3275,36210050.218590714,40686336.79503819,4476286.576447479,0.2855052860231638,0.11469004602172927
3276,36516867.46086699,40581362.59089409,4064495.1300271004,0.27158678609496484,0.10923776915737168
3277,36394877.54703434,40764895.1371769,4370017.590142563,0.2714531641486882,0.09971494172147274
3278,36403753.32825832,40698252.50650489,4294499.178246573,0.27590365551645796,0.10656410365475169
3279,36253517.123981,40807023.36315861,4553506.239177614,0.27800834480255776,0.10489561127008873
3280,36066421.82892524,40169251.90738914,4102830.0784639046,0.26355140975360336,0.09779820061239122
3281,36083430.58851808,40523518.1796044,4440087.591086321,0.27372946583270225,0.10069362215245019
3282,35967920.97865145,40396470.071046256,4428549.092394806,0.2685708600868312,0.09902835486504442
3283,36103280.96014716,40489954.87427427,4386673.914127111,0.2817048163260773,0.10735188359549065
3284,37086503.582379125,41598355.650120586,4511852.067741461,0.27536907543342704,0.10687013975121656
3285,36496067.862178445,41084509.22833401,4588441.366155565,0.27188320428456547,0.10012235014992946
3286,36308345.45890276,40567408.7287989,4259063.269896142,0.2763203957566197,0.10219208001477945
3287,36435400.279580146,40775800.10379508,4340399.824214935,0.27445143948430734,0.10680617955921536
3288,36319680.24641254,40534322.3891346,4214642.142722063,0.27567384729189026,0.10636655588332308
3289,36175368.12569876,40356343.63290988,4180975.507211119,0.26406191349084623,0.09823396848485279
3290,36191283.57950647,40627915.497558475,4436631.918052003,0.2719206116894703,0.09739286479240472
3291,36324007.0835213,40719646.14742313,4395639.063901834,0.2855743512360993,0.11892124528890252
3292,36142893.32657139,40460789.069924876,4317895.743353486,0.28001145570959574,0.1102503429098829
3293,36497416.77875718,40740148.361897826,4242731.583140649,0.2733577665136097,0.1085939984572672
3294,36757978.6078748,41163590.38561322,4405611.777738415,0.2766763117185459,0.10760027940078173
3295,36035157.46360232,40509444.67396437,4474287.210362047,0.2745226605884752,0.10529801391397002
3296,36203586.29971602,40644867.74635737,4441281.446641348,0.2786488859127399,0.10759726367913922
3297,36013661.42852622,40245733.34703833,4232071.918512106,0.2725567074857406,0.10558645088004891
3298,36423880.48961345,41060558.75170192,4636678.26208847,0.27828117028597743,0.10772753306863059
3299,36545580.409854114,40923480.824269466,4377900.414415352,0.2768102232985063,0.11543614593516921
3300,36619224.73766914,41023549.83854923,4404325.100880086,0.2775965750742785,0.1042319592377354
3301,36318412.351299725,40564822.2306865,4246409.879386775,0.27834187487481554,0.11388968685315835
3302,36703316.60212841,41007906.26174228,4304589.65961387,0.28727852822012456,0.12209236899025341
3303,35763489.643135816,40078965.95923336,4315476.316097543,0.27533823239890476,0.1051297382897984
3304,35867668.302000456,40229650.81892304,4361982.516922586,0.27875342448835416,0.10563151528799311
3305,36542015.41500103,40826051.756039724,4284036.3410386965,0.27245510434392095,0.11031398038181285
3306,36912593.43527856,41219959.06854491,4307365.633266352,0.2663326995809736,0.10289980535586621
3307,36390611.78497693,40788091.663548,4397479.878571071,0.2695159003789931,0.10232674092836357
3308,36557489.89305545,41087531.79571014,4530041.9026546925,0.2800405408404557,0.10889963719520745
3309,36391706.70110874,40855118.55339979,4463411.852291048,0.2757908059506841,0.10477024730438537
3310,36723911.29962046,41062637.26963663,4338725.970016174,0.27235313103114966,0.10688034329608737
3311,36692394.31307041,41134030.588307835,4441636.275237426,0.27857836667723906,0.11405712044618345
3312,36564806.25817483,41027970.11958654,4463163.861411713,0.27299662818966597,0.10314559025989763
3313,36101671.29917343,40235232.85016097,4133561.5509875417,0.27213400133636256,0.10436345280166838
3314,36448705.67582382,40728428.50133082,4279722.825507,0.2729296732838381,0.10897091163309547
3315,36170976.45404327,40659761.73549481,4488785.281451538,0.2778558744614133,0.10468530359136026
3316,35863525.07792515,40211741.8325098,4348216.754584648,0.28636894812640634,0.11909190404648955
3317,36151318.92719728,40563040.08995161,4411721.1627543345,0.2762035176019174,0.10908213310597634
3318,36407256.949682295,40677396.784392595,4270139.8347103,0.2786828193998937,0.10879640023707701
3319,36247428.53558203,40619205.20793163,4371776.672349602,0.2805575918212834,0.10929112412727869
3320,36139460.259693585,40246540.50997453,4107080.2502809465,0.27466171420494484,0.1091580358001359
3321,36499153.49017963,40689878.148407936,4190724.658228308,0.2847678644979541,0.1213480166944929
3322,36719079.4358803,41025936.85929175,4306857.423411444,0.27355764384745246,0.09953660122647046
3323,36795458.12652722,41087580.79825199,4292122.6717247665,0.2837800658393979,0.12058335493702409
3324,36517140.18699851,40894050.37857871,4376910.191580199,0.27776509202500743,0.1058074055702567
3325,37018123.21992526,41486918.549044475,4468795.329119213,0.2770885985377635,0.1088482494268791
3326,37088097.739073694,41462920.587588154,4374822.84851446,0.27067239824472344,0.10161323038795288
3327,36559490.62906813,40826206.638133764,4266716.0090656355,0.27604085701918146,0.10831938846419617
3328,36370193.29322555,40723487.134016484,4353293.840790935,0.26717895954696447,0.09775682160461917
3329,35896218.11595893,40243976.44175458,4347758.3257956505,0.2791129972369521,0.11177693852469611
3330,35606090.52809579,39769107.63640357,4163017.108307779,0.2657429430012058,0.09633180491974576
3331,35647241.925833896,40042656.7519679,4395414.826134004,0.27851222456522917,0.10540919597876257
3332,36915503.234240316,41259587.30938539,4344084.075145073,0.2822010783128099,0.11611370433273946
3333,36143650.3665498,40536533.65106368,4392883.284513883,0.28002359371817614,0.11211892578154264
3334,36985347.594145365,41503465.62497189,4518118.030826524,0.28145717602379405,0.10950160901835837
3335,36368101.591135874,40616173.690554634,4248072.099418759,0.2678135087147974,0.10155074878056394
3336,35973743.92693135,40113225.86041652,4139481.9334851652,0.27272838569058006,0.10332953545148067
3337,36254249.90341725,40529292.678470835,4275042.775053583,0.2715387131858431,0.10459540259596248
3338,36310156.5396102,40650234.81081353,4340078.271203332,0.2652754994719816,0.09395167502511434
3339,36062018.7681708,40440150.62526407,4378131.857093275,0.27898481282857013,0.11196859745377409
3340,36502735.59637553,40857867.50883584,4355131.912460305,0.28746425024523986,0.12060163520814582
3341,36095692.07417929,40440911.01144122,4345218.937261932,0.2822376006725263,0.11336625507960099
3342,36750207.24163856,41201615.325815104,4451408.08417654,0.27982427513493713,0.11579188316538482
3343,36634724.11437741,40823561.238939516,4188837.124562107,0.25939432123305384,0.09114297331876398
3344,36488720.99779124,40905271.3475259,4416550.349734664,0.273910351664556,0.10091240484066209
3345,36503836.6954631,40847520.5587544,4343683.863291301,0.27627062069543834,0.10670026254562859
3346,36161248.61506178,40482740.610231645,4321491.995169863,0.2735795929108855,0.10430710797540438
3347,36876702.73059912,41226882.515144385,4350179.784545265,0.2639511128447286,0.09775042736521983
3348,36314361.49497998,40554912.10910759,4240550.614127614,0.2726751930206619,0.10361187968540518
3349,36552585.0494982,40799323.73936165,4246738.689863451,0.2834695808571799,0.11803741910889701
3350,36127046.8224508,40334360.768272795,4207313.945821993,0.2796662995985814,0.11442165477190618
3351,36680080.88022697,40939938.24888736,4259857.36866039,0.2754221157770788,0.10541529015689191
3352,36561548.11139752,41009756.33621989,4448208.224822372,0.28152396983573946,0.10890988630225744
3353,36447144.369282775,40619065.421105355,4171921.0518225804,0.2779016429996124,0.111480172122849
3354,36217665.60107985,40708055.146142945,4490389.545063093,0.2736224074567052,0.10314861166844429
3355,36310314.933196045,40374886.57119022,4064571.6379941776,0.2700199160523011,0.10187495884197639
3356,36512893.23928538,41078006.85707161,4565113.617786229,0.27348325871524476,0.10609548982105062
3357,36862105.59132196,41286462.906070344,4424357.314748384,0.2732290014842657,0.10443100418536151
3358,35929689.67287827,40183615.44602607,4253925.773147799,0.2634869765401579,0.09699606936987226
3359,36499733.73426957,40858236.56963664,4358502.835367076,0.2737537706848929,0.10457442400770998
3360,36479364.69932625,40836343.07617384,4356978.376847595,0.2728508023259343,0.10619912364614281
3361,35819047.7037715,39957335.29222747,4138287.5884559676,0.2805625594837527,0.11539121234089976
3362,36698032.68064731,40843615.957829736,4145583.2771824226,0.26996663880478544,0.10120634362226864
3363,36768602.34586766,41149763.71335141,4381161.36748375,0.2842091760241759,0.11457081084100773
3364,36548449.0021057,40741104.67728711,4192655.675181411,0.26868398316508957,0.10766011408013512
3365,36149581.45018838,40538330.638796195,4388749.188607812,0.2761959603069941,0.10441814210146357
3366,36595726.6142962,40773121.71916915,4177395.1048729494,0.2774403215915103,0.11517895562422437
3367,36288155.78974519,40443028.30508597,4154872.5153407827,0.27264585386610096,0.10466528225800766
3368,36363215.98912302,40690659.5103562,4327443.521233186,0.27698661812105624,0.10493172843164128
3369,36174496.221640915,40570846.496563174,4396350.274922259,0.2796277614577175,0.1072940324407663
3370,36001275.834505774,40133646.05173678,4132370.2172310054,0.2647817565947622,0.0967094283100761
3371,36763749.244801715,40931536.60446229,4167787.3596605733,0.2717051365955051,0.1083245328888072
3372,36632515.39923382,41007912.35168213,4375396.9524483085,0.2780218778258003,0.11435313051607289
3373,36081219.09701584,40271687.22538397,4190468.1283681244,0.28184536559480267,0.11772946130644218
3374,36761928.30698033,41174426.50213677,4412498.19515644,0.2678870216685093,0.10172796565893975
3375,36801313.603722386,40960198.43007788,4158884.8263554946,0.2807924036221204,0.11779739849403467
3376,35879648.730937555,40239870.79789298,4360222.066955425,0.2745157172967594,0.108689773396981
3377,35806931.91670114,39909717.00402695,4102785.0873258114,0.2594581556666664,0.0913475639967882
3378,36366824.06811238,40787800.13799985,4420976.069887467,0.28933851215006584,0.12255442396252139
3379,36214927.20048872,40565630.04505446,4350702.844565742,0.28082595979676284,0.11095869068227446
3380,36580084.753279194,40844324.03606416,4264239.282784969,0.26857503826517803,0.10706220843281584
3381,35940471.472244576,40171508.04099294,4231036.568748362,0.27421762653833465,0.10417748579172609
3382,36232601.252388485,40718525.80255289,4485924.5501644015,0.2813868339459468,0.11252810960770845
3383,37030470.163007036,41453426.41563386,4422956.252626821,0.2811452255045059,0.11175053642532484
3384,36702906.03261253,40943700.278713286,4240794.246100754,0.2741096662096449,0.10952016593447549
3385,36790173.90275481,41097790.46018079,4307616.557425976,0.27287225577049296,0.10643771204825137
3386,36587364.968493894,40814483.06556587,4227118.0970719755,0.2610903043824231,0.09275759360153825
3387,36492410.9508648,40798709.35151458,4306298.400649779,0.2709277492818039,0.10477302642113515
3388,36255544.298401944,40469859.77152384,4214315.473121896,0.27511642384540774,0.11314520239147209
3389,36440355.50610421,40816061.59138174,4375706.085277535,0.2764072597504817,0.10182080777057685
3390,36817322.91448563,40841038.60263729,4023715.6881516576,0.27341695711914493,0.1126310509771332
3391,35958236.208818115,40404192.92764264,4445956.718824528,0.27870520228787127,0.10101124845577578
3392,36056811.13758799,40453166.349809065,4396355.212221079,0.2718099026817223,0.1025953710769603
3393,36595573.05930358,40833355.305309825,4237782.246006243,0.27275525972632814,0.11219964498244242
3394,36606979.807795055,40978727.3144582,4371747.506663144,0.271387513663284,0.10258077157202858
3395,36161531.95747019,40367363.030290976,4205831.072820783,0.27117094999666214,0.10301399413528214
3396,36155487.54485618,40373509.01908902,4218021.474232838,0.2760577957027748,0.10786071090002824
3397,36396765.90276855,40932296.70022998,4535530.797461428,0.2899229923401955,0.12187246863102874
3398,36546762.33600272,40649604.148813225,4102841.812810503,0.2764383332695737,0.11624057043919171
3399,36320664.38439209,40671738.90228625,4351074.517894156,0.26896240744713173,0.09541435749141347
3400,36230612.77490488,40429988.54296074,4199375.768055864,0.26418125198115233,0.09740536391641373
3401,36897497.40924376,41238491.25138668,4340993.842142917,0.26859029354527075,0.09976128180056466
3402,35891647.4440088,40194018.335174456,4302370.891165659,0.26891371758774607,0.10214552762079752
3403,36661614.86581594,40930994.05367577,4269379.187859833,0.2738722675042971,0.10709454688634609
3404,36699497.25886395,40949656.94686598,4250159.688002035,0.28211465159194593,0.11165234575966439
3405,36249832.173840135,40786470.65968527,4536638.485845134,0.28704313597122905,0.11451328451872568
3406,35933673.16818997,40240059.670684926,4306386.502494954,0.28034652102252805,0.11217298274376986
3407,36791380.634134404,41096107.40665623,4304726.772521824,0.28208492535846136,0.10887767990510475
3408,35838520.39578761,40258879.229873925,4420358.834086314,0.27355601535571905,0.10370161457684146
3409,36960187.345507346,41392540.33757677,4432352.992069423,0.27605280099395235,0.10529900896693951
3410,36552369.500815734,40881897.34630504,4329527.845489308,0.26880788311343107,0.10359760591588534
3411,36553207.643750034,40847312.19630307,4294104.552553035,0.2715769373451697,0.10352108223586116
3412,37137124.78919743,41619011.78091292,4481886.991715491,0.27648427414737137,0.11033269984546136
3413,36494117.81291071,40902284.21699135,4408166.404080637,0.28022363518271354,0.10856144460238297
3414,36530757.279356666,40758911.27007086,4228153.990714192,0.27443496402089473,0.10706868346909845
3415,36581281.79510964,41124798.87391706,4543517.078807421,0.27568063211903665,0.10447019492950015
3416,36688151.61852105,41176692.8159783,4488541.197457254,0.27337234435003366,0.1038431167656259
3417,36602137.01430154,40900811.04504583,4298674.030744292,0.26787593586956415,0.10287097227443867
3418,36517494.47519091,40603157.56032178,4085663.0851308703,0.27587859268083686,0.10740343829704735
3419,36849612.9197714,41512896.91873882,4663283.998967417,0.2822108300574476,0.10871765133981921
3420,36330127.68838254,40501938.12893517,4171810.4405526295,0.2650220020337696,0.10164100232510166
3421,36422914.80716123,40940449.03832867,4517534.231167443,0.2800729762226892,0.10994550454839278
3422,36144978.75804069,40342972.30956115,4197993.551520459,0.2653785407833569,0.10408294210696807
3423,36316673.77232704,40575440.87623575,4258767.10390871,0.2771171064133309,0.11333542813583822
3424,36027182.820928514,40374239.34197942,4347056.521050908,0.279263252755905,0.11193354857044518
3425,36453406.81202205,40844694.71603049,4391287.904008441,0.2767011898626624,0.10466445661923038
3426,36847102.11315178,40940954.93509215,4093852.82194037,0.27354315163890225,0.11343480366139434
3427,35986857.53659131,40153053.24797968,4166195.711388372,0.2710892172026393,0.10416478779682367
3428,36809185.361714564,41088197.38528815,4279012.023573585,0.2761342663658181,0.10865248218678002
3429,36500177.90638428,40897410.50432189,4397232.597937606,0.2891866495943737,0.12465100962199938
3430,36673020.23278261,41220734.12594222,4547713.893159613,0.2799851200893183,0.1081083435636068
3431,36937150.28644957,41329056.957957216,4391906.671507649,0.27573591382288853,0.11066613728349066
3432,36492615.966343336,40899670.53532298,4407054.568979643,0.2735791003523503,0.09913331911822379
3433,36716639.05897509,40955008.14810078,4238369.089125685,0.2682316515646275,0.10108500512965247
3434,36090568.71953837,40455093.99170712,4364525.272168748,0.2746177705940515,0.11099553303948545
3435,36211057.78941327,40438054.807203196,4226997.017789923,0.26803979254129146,0.10250283052010371
3436,36466341.353818126,40615985.31541363,4149643.9615955055,0.2723326294793886,0.11014524045413451
3437,36509098.629053414,41044345.62979122,4535247.000737809,0.2833309399550354,0.1152618664651387
3438,36243224.27779389,40354846.50121053,4111622.2234166414,0.2673196627759339,0.10368545952911498
3439,36120054.53031175,40193939.19942897,4073884.6691172197,0.2771373233605014,0.11088703461933491
3440,36459907.152236044,40742095.22587095,4282188.073634908,0.27888008431259526,0.11374501038101349
3441,36105789.467525885,40370447.447507754,4264657.979981869,0.27217179880046743,0.10398890143708861
3442,35997704.77891439,40186659.97645801,4188955.197543621,0.26920009986493854,0.10161710620762218
3443,36665702.06380173,41030223.75776468,4364521.693962954,0.2697075723069044,0.10609671511237628
3444,36291575.948754646,40711163.65835846,4419587.709603816,0.2830333918528487,0.11190999482023649
3445,37084956.029662214,41604130.19687559,4519174.167213373,0.2781367118498973,0.10139970756760934
3446,36510592.69150131,40740208.63038846,4229615.938887149,0.2782158747789157,0.10346546984822233
3447,36726041.00093729,41149149.66351939,4423108.662582099,0.2755107019562812,0.1102738542645453
3448,36467965.39590119,40826448.15202549,4358482.756124303,0.27285529793185037,0.10312444464222409
3449,36515890.188977756,40835137.8778907,4319247.688912943,0.2825077601962858,0.11265595821225843
3450,36278036.72483575,40573735.97841349,4295699.253577739,0.26690431066451237,0.09887446300029996
3451,36566747.17939833,40818996.790429376,4252249.611031048,0.2739952360889612,0.10210053627332333
3452,36988039.15575218,41317476.95618529,4329437.800433107,0.2671102303429032,0.09687293520000592
3453,35540068.5481759,39857027.90193791,4316959.353762008,0.27964253561954117,0.11371006314411264
3454,36086302.02790326,40351723.64411735,4265421.616214089,0.2770860124630913,0.10888548559104941
3455,36357843.72851726,40829144.30408577,4471300.575568512,0.278683467419181,0.10986613163597647
3456,36646202.397297636,40823568.76741447,4177366.3701168373,0.27082367113413347,0.10832084912561528
3457,36364960.98900465,40631808.65724319,4266847.668238543,0.275683198135466,0.10709444436597629
3458,36258096.80841535,40380694.68791345,4122597.8794980943,0.2637833534613805,0.09439523400491921
3459,36308675.66183475,40817272.41255861,4508596.750723861,0.28531009346249736,0.11634147390431931
3460,35994872.62135851,40447612.563211665,4452739.941853158,0.2773434598903587,0.11191465626844979
3461,36680822.983846076,41015169.71775513,4334346.733909056,0.28440272255690563,0.11612347538082259
3462,36085993.35392235,40284159.866958134,4198166.513035782,0.26754143956297105,0.10195424493158525
3463,36297383.841994986,40404659.6739888,4107275.831993811,0.2682036645005883,0.10178431985367681
3464,36802191.7727101,41274334.379527785,4472142.606817685,0.280256032042055,0.10910105736567181
3465,36572668.310476884,40938413.60059223,4365745.290115349,0.2743264757073952,0.10326344124384092
3466,36348966.42785831,40446562.58161799,4097596.1537596807,0.27245482412604605,0.10468089814638962
3467,36803639.771016106,40994563.24998044,4190923.478964336,0.2845786626844919,0.11963850703205205
3468,36739283.71552461,41165979.73804058,4426696.022515975,0.2796124823217927,0.11216137823068123
3469,36219683.26985352,40490694.49657705,4271011.226723529,0.27512544325962784,0.10552873818128501
3470,36657938.86429579,40972212.52558781,4314273.661292024,0.2669628178068995,0.09799904343176555
3471,36213182.052538134,40644065.93834528,4430883.885807149,0.2787375261099686,0.10848742838941672
3472,36251096.02694103,40506174.8433892,4255078.816448167,0.2746639482865905,0.1108840554275819
3473,36468116.65165616,40953353.55601826,4485236.904362105,0.27260643505256804,0.1043929804193142
3474,35965989.84922672,40428822.97708819,4462833.12786147,0.27848648306495,0.10923595427774696
3475,36358105.721775025,40922954.12095498,4564848.399179958,0.27139334588043085,0.09975443306892895
3476,36737060.01495899,41236342.84836006,4499282.833401069,0.28033009583279006,0.11267127811870198
3477,36460543.59398368,40966557.02574967,4506013.4317659885,0.28104289619706646,0.11645434719238772
3478,36057777.04338194,40170189.33240929,4112412.2890273556,0.26626130281934385,0.10048507582206202
3479,36947090.92953688,41368632.21705979,4421541.287522912,0.2744794246816808,0.10380335473036266
3480,36084829.02930197,40412900.56453566,4328071.535233691,0.2775845887306648,0.11771285224082545
3481,36360282.33688691,40735931.81013034,4375649.47324343,0.2680088473943554,0.09567177109129466
3482,36087083.938156754,40519205.38728516,4432121.449128404,0.2741998644090567,0.10572289089383634
3483,36209600.699417636,40457138.9559009,4247538.256483264,0.274328162254689,0.1066396991133707
3484,36309928.65949873,40495938.99489529,4186010.335396558,0.27002788152026497,0.10681103754098616
3485,36832876.32164717,41006862.51366736,4173986.1920201927,0.2755669662572987,0.10977584582172555
3486,35970644.90044021,40271307.46626227,4300662.565822065,0.27119573395983615,0.1043661269380669
3487,36546620.143059716,40897454.490049265,4350834.34698955,0.27452135089518703,0.10303506279677832
3488,36438097.42272609,40684959.21633218,4246861.793606095,0.28080448082986825,0.11397374926500448
3489,35428207.022779234,39744386.22070075,4316179.1979215145,0.28123263551999783,0.11011276988262833
3490,36064609.03203909,40346515.38767364,4281906.355634548,0.27953453819692586,0.11549874768274343
3491,36617746.9403386,40947656.30500934,4329909.364670746,0.2723330045284017,0.10237733037034444
3492,36458507.26679706,40859868.42760598,4401361.160808921,0.2752084018804653,0.11004365614170186
3493,36162764.15423846,40508649.54783641,4345885.393597946,0.28254486890437097,0.11334844897582545
3494,36756614.30094073,41042411.76854679,4285797.46760606,0.27216210600017005,0.10435384000176079
3495,36432269.20327248,40771087.73329172,4338818.530019246,0.27003315967776265,0.10095551890530324
3496,36377798.041212216,40710108.53596438,4332310.494752161,0.27400066448955523,0.10379069435932002
3497,36969526.48513039,41265285.87404267,4295759.388912275,0.2747144151205781,0.1058125937186967
3498,36525573.767544985,40879578.73071895,4354004.963173963,0.27085772773728134,0.10310394068419314
3499,36496589.564205855,40889185.42823157,4392595.864025712,0.2791407134419283,0.11246988432391665
3500,36244437.10800545,40690648.54550292,4446211.437497474,0.27922574926112054,0.10869099039130156
3501,36569484.078246765,40949845.94416416,4380361.865917392,0.27754133191723435,0.1100006620098636
3502,36836438.909888,41198228.14271648,4361789.232828483,0.2711534137809468,0.10657229107524324
3503,36531749.85342503,40687686.83774232,4155936.984317288,0.2637999078892365,0.09895546700871362
3504,36281765.34098546,40582821.18896593,4301055.847980469,0.2926437644620431,0.12685276690699762
3505,36160556.22127254,40319123.131057516,4158566.9097849727,0.27367452603266035,0.11127869874130798
3506,37079924.7696148,41386848.471392974,4306923.701778173,0.2821698102375365,0.11274479594908471
3507,36270069.861368224,40933450.7294571,4663380.868088879,0.28215294711242217,0.1087759569855251
3508,36211238.43146988,40452812.56404989,4241574.132580012,0.27545840957718387,0.10443358677471312
3509,36573197.233929686,41104801.190137126,4531603.956207439,0.27702775421124004,0.10825593939592973
3510,36905013.958028466,41218098.33017211,4313084.372143641,0.2737820858121169,0.10238557576759728
3511,36183722.328522176,40535920.3486542,4352198.020132028,0.274838964374939,0.10178676976920917
3512,36419461.929206155,40547113.91901499,4127651.989808835,0.26717656677057894,0.10491851219979163
3513,36419377.27454734,40768859.58341375,4349482.308866411,0.279675627423656,0.11278932429101614
3514,36507863.22461267,40787565.64377956,4279702.419166893,0.2729075334769473,0.10966693940873408
3515,36471384.70227024,40829589.32683058,4358204.624560341,0.2721437879291202,0.10419665505234263
3516,36107295.2061899,40485601.119098805,4378305.912908904,0.2720719335712757,0.09994279863573949
3517,36462273.79718238,41045404.28467871,4583130.487496331,0.2787980791105604,0.11279774078234822
3518,36549142.63544831,40884330.232611924,4335187.597163618,0.27199580340449575,0.10040843789460985
3519,36141805.74181523,40296587.67493557,4154781.93312034,0.26723901474775485,0.09318833613401035
3520,36243844.93237305,40304650.97002837,4060806.0376553237,0.2756363123170454,0.11251485916844277
3521,36414162.02820001,40860296.9541819,4446134.925981894,0.2776140774859565,0.10704517245804114
3522,36691087.7648371,41126688.1752475,4435600.410410397,0.28081324162183646,0.11004673135549814
3523,36534534.59258139,40748806.612176016,4214272.019594625,0.2728934704811181,0.1077864767602115
3524,36800222.12260643,41030903.68973714,4230681.567130715,0.27389356450505065,0.10820147395518816
3525,36420200.51519204,40826444.01092376,4406243.495731719,0.2769765603377786,0.10802151390087267
3526,36135337.01878957,40358211.18820665,4222874.169417083,0.27591099113470724,0.10635594619879239
3527,36358418.8401526,40592840.76646905,4234421.926316448,0.2793858145652563,0.11113982714008913
3528,36796953.70611899,41101624.94815024,4304671.242031246,0.2799782154156912,0.1071415016621304
3529,35939564.53875919,40332779.55565174,4393215.016892552,0.2770394956368401,0.10948631452612234
3530,36262884.46343522,40529434.68786934,4266550.224434122,0.27459563518586266,0.10933243169907013
3531,35812249.04102804,39973560.84399444,4161311.802966401,0.2640540662181747,0.09334578423416896
3532,36141060.242857724,40348077.89948866,4207017.656630933,0.2710486874116796,0.1073357756645225
3533,36381282.03814278,40566375.68816958,4185093.6500268057,0.2555504749786222,0.08480799161978181
3534,36452176.64476483,40803086.47054388,4350909.825779043,0.28025310241045537,0.11260381206968507
3535,36170643.200469084,40584407.58268959,4413764.382220507,0.2732259088952751,0.10501647701570929
3536,36602011.350861065,40989959.27886806,4387947.928006992,0.27434356897433404,0.10039066433334429
3537,36571204.09575905,40782544.59503284,4211340.499273792,0.27279150304834415,0.10372870001015716
3538,36546893.53874485,41129411.787382245,4582518.248637393,0.2885024617246017,0.11573967207899323
3539,36468503.08186853,40892738.26935692,4424235.187488392,0.27658216050830925,0.11052664035187534
3540,36248682.13372834,40507957.67473055,4259275.5410022065,0.2750488043588123,0.10449318656490844
3541,36486178.50422934,40760029.26645818,4273850.762228847,0.26974960359339634,0.10071582695842154
3542,36489569.281354584,40820431.7520858,4330862.470731214,0.26925551890415855,0.09965038043223996
3543,36603991.955370806,41021813.13530344,4417821.179932632,0.27336903494772247,0.10346201121010311
3544,36337049.11330656,40582106.24618721,4245057.13288065,0.28407351325252284,0.12067086155838377
3545,35922435.58184588,40193783.77798071,4271348.196134828,0.26897277461928915,0.10288544113900516
3546,36797828.94030099,41140402.16086324,4342573.220562249,0.2712670510189437,0.10673642347819458
3547,36814460.30978423,41249897.86286864,4435437.553084403,0.274536368048178,0.10460668394649052
3548,36366331.1042099,40424158.976003006,4057827.871793106,0.272018020778357,0.10575649234756558
3549,36429697.930980965,40799650.04061151,4369952.109630547,0.2773999961616032,0.11086901912517934
3550,35911594.78044021,40198994.263537176,4287399.483096965,0.28212748768358814,0.11492268493521811
3551,36562263.39060045,40787871.40332076,4225608.012720309,0.2732609112980016,0.10602211411479927
3552,36371227.939188294,40543495.233217835,4172267.2940295413,0.26480372712221706,0.10141674320185524
3553,36498149.858240075,40892090.81209463,4393940.953854553,0.2770950147773451,0.10985543795547816
3554,36054438.018353894,40467663.88733229,4413225.868978396,0.27953768937458984,0.10762693782475603
3555,36557074.21173791,40871935.37961102,4314861.167873114,0.2682857297401387,0.1010817409618337
3556,36122535.31570601,40372596.784079656,4250061.468373649,0.27496197476213907,0.10357729961717212
3557,36327536.461816624,40764511.01315167,4436974.551335044,0.27384783011213615,0.10334724059984779
3558,36317601.270490676,40570349.32746187,4252748.056971192,0.27530222333904275,0.10935854885145328
3559,36470950.118655354,40609095.475380905,4138145.356725551,0.26312155781971114,0.09611662519152854
3560,36070430.77323719,40146807.22591989,4076376.4526826963,0.274754312593573,0.11344505590327719
3561,36840336.913393736,41276462.36688079,4436125.4534870535,0.27525227012203296,0.1060059519316154
3562,36275699.137059264,40839911.481474236,4564212.344414972,0.27971052122798323,0.11240967106974915
3563,36436843.63909014,40820281.933728784,4383438.294638641,0.2773990320678055,0.10487138745171336
3564,36629763.31084225,41198480.62040076,4568717.309558503,0.2771591151951371,0.10747133351294862
3565,36646122.38612723,40892885.31966825,4246762.933541015,0.27137253757434854,0.10728593221979932
3566,37072821.28927041,41555940.31340212,4483119.024131708,0.28012216082277924,0.11014292828027533
3567,36722091.03220656,40902440.565514475,4180349.5333079174,0.2758631694467403,0.11054206907554451
3568,36007190.995882,40295193.81310998,4288002.817227982,0.27445599509937546,0.10656113097120794
3569,37215253.78949135,41555324.7717943,4340070.982302949,0.2688424869297732,0.09698668256272697
3570,35943532.7849382,40275006.325951554,4331473.541013353,0.27833151697147396,0.1079667094716205
3571,36001225.171639204,40324355.9179848,4323130.7463455945,0.28858632707759346,0.12497059283202686
3572,36314688.872583605,40573266.60583885,4258577.733255245,0.2752506602583097,0.10747654516495175
3573,36021948.73114282,40353600.53388481,4331651.8027419895,0.2807026767909679,0.11424823388573668
3574,36194730.67080485,40595013.22056531,4400282.549760461,0.26906269510196207,0.0980310261682767
3575,36645646.41448789,40895687.07530753,4250040.660819642,0.27645298416694664,0.1115134756790138
3576,36724249.91713179,41143893.55674824,4419643.639616452,0.2802334589559208,0.11159724393637144
3577,36104555.136078745,40399228.60469712,4294673.468618378,0.267862854415114,0.09999323513292292
3578,36357568.17809761,40636308.114071816,4278739.935974203,0.2792557190775022,0.11664132989511426
3579,36132182.07387481,40512058.16866015,4379876.09478534,0.2763846101053429,0.10934054395485734
3580,36729300.19218253,41050444.53067342,4321144.3384908885,0.284616809349298,0.12192750586749163
3581,36038199.59554404,40380295.879342556,4342096.283798516,0.27508501157849957,0.10527420927241496
3582,36462532.49515352,40782610.44154946,4320077.946395941,0.2783277312283947,0.10849274364429216
3583,36464483.04485644,40792118.15739782,4327635.112541385,0.2770807373045055,0.11026899468119991
3584,35904392.586368665,39996473.83619893,4092081.2498302683,0.26269610936486654,0.09172759687503786
3585,36644581.91905349,40934099.241383694,4289517.322330207,0.2631848354573299,0.09354156271295053
3586,36012625.610625505,40457207.3726564,4444581.762030892,0.2822410939872618,0.11362464587324783
3587,36299365.29712311,40272615.549011424,3973250.2518883124,0.2739382704587221,0.1091337900967186
3588,36514349.29348169,40877903.47263833,4363554.179156639,0.28158556218556813,0.11361723547103414
3589,36261086.72675527,40517285.62648479,4256198.89972952,0.28118485381642344,0.11335528306266071
3590,35934390.85292511,40214828.69800958,4280437.8450844735,0.2733248968821784,0.10377971546062131
3591,36845545.39287314,41341022.000620015,4495476.607746877,0.2750433804951041,0.10661540995897642
3592,36340045.047239475,40629340.39668972,4289295.3494502455,0.2791726480155077,0.11427450390039727
3593,36208484.42725922,40528440.965237774,4319956.537978552,0.2767650282784515,0.10638653209319891
3594,36455700.00101814,40714548.97322432,4258848.972206183,0.2763274944292306,0.11024549359491122
3595,36359674.07218004,40479981.84667321,4120307.7744931728,0.26420570858926096,0.09668268874165706
3596,36255940.728013195,40437057.2281601,4181116.500146903,0.274825343134967,0.11321626704133361
3597,36554513.65907424,40943933.25971588,4389419.600641638,0.2743823613766879,0.09982420595126441
3598,35942017.51342054,40151096.45141266,4209078.937992126,0.2696741738323574,0.10756898695934876
3599,36375958.31244995,40830405.56575204,4454447.25330209,0.27013724056922644,0.09926146755802567
3600,36619041.761205606,40829043.13220693,4210001.371001326,0.2835825976402113,0.11978078029306877
3601,36375668.80269704,40687062.40713377,4311393.604436733,0.27287308715810926,0.10181882280663647
3602,36740992.921887524,41105935.81960122,4364942.897713698,0.28173420914451525,0.11297878080496446
3603,36592992.21443085,40739975.319707245,4146983.105276391,0.2770245586718739,0.11478453519958685
3604,36365860.480839804,40608293.86180841,4242433.380968608,0.2657194426924104,0.09675242253658849
3605,36621094.46507468,41072860.81308769,4451766.348013006,0.2829073770687131,0.1160841033528335
3606,36050618.290392436,40294186.19481641,4243567.904423974,0.2721014460968312,0.10610572888381019
3607,36252091.54233119,40467983.39277646,4215891.850445271,0.2755755681208198,0.10929579147924894
3608,36271057.28289696,40667550.60935117,4396493.326454215,0.27971968390312635,0.11114062297395379
3609,35926725.00671314,40132999.22307925,4206274.216366112,0.27010414282078915,0.10499525880225277
3610,36576728.499221146,40989496.781145625,4412768.281924479,0.2894667272649309,0.12027805555035158
3611,36468218.73438545,40807215.22836775,4338996.4939823,0.27278484363498456,0.10733562530686974
3612,35929977.24945444,40207769.15020178,4277791.900747344,0.27040037142684425,0.09928754838341539
3613,36041233.13585623,40359966.24497921,4318733.109122977,0.2754739192517325,0.10620397924148883
3614,36347769.570646964,40634087.13908673,4286317.568439767,0.2775971711646395,0.11209999404156248
3615,36728975.532945335,41147263.100470476,4418287.567525141,0.2798391055599222,0.11472065328803378
3616,36602975.547036454,41102307.1049172,4499331.557880744,0.283664432443133,0.1094721900317857
3617,36901598.69261312,41222675.09773166,4321076.40511854,0.274344709695037,0.11109081888298865
3618,36286080.02015943,40797902.236754686,4511822.216595255,0.28174949279465794,0.10620292495607826
3619,36754165.47704216,40991580.53853332,4237415.061491162,0.27337184772315104,0.10577240933336246
3620,36553804.87233557,40969671.256,4415866.383664429,0.277780476728143,0.10734682608941662
3621,35915567.15595574,39978443.33770221,4062876.181746468,0.2649226961686253,0.09941359414131995
3622,36977958.46250113,41187907.12485454,4209948.662353411,0.2779171781610527,0.11125522488016147
3623,36542821.295748726,40828686.57976086,4285865.284012131,0.2802444595200222,0.11563359356887207
3624,36382465.56218898,40447853.75900832,4065388.196819335,0.27588088230596225,0.10627357759839247
3625,36196643.50307509,40478191.649128854,4281548.146053761,0.27021937168278176,0.09982180042560625
3626,36468662.4921814,40714068.00893233,4245405.516750932,0.266399142571362,0.09684524238029214
3627,36303526.70866861,40638614.60497375,4335087.896305136,0.27650045648268373,0.11108465153115965
3628,36080275.416229434,40154416.27326649,4074140.8570370525,0.27452290969340143,0.10765032908126264
3629,36354962.436299115,40624281.69674406,4269319.260444947,0.268821965811213,0.09848556617758929
3630,36354852.31648486,40645316.06307734,4290463.746592477,0.27490275901279454,0.1049660183076426
3631,36438032.001790084,40943021.17089814,4504989.1691080555,0.2862015320737233,0.11841079059270758
3632,36421149.77309716,40693454.74318494,4272304.970087782,0.2765888261965307,0.10301807142575117
3633,36386951.97689284,40664557.78231037,4277605.80541753,0.27000580946583913,0.10154703788726041
3634,36149456.6517804,40306730.00063542,4157273.348855026,0.28435478784378915,0.11673761891463098
3635,36137034.558647275,40275676.403313935,4138641.84466666,0.2664478484645992,0.09460315137197903
3636,36124471.54685077,40444286.06028615,4319814.513435379,0.27989817547676143,0.1139200571543922
3637,36639948.23538071,41025116.58518398,4385168.349803269,0.27951453415747385,0.11574326216011387
3638,36968298.71408913,41422545.79488775,4454247.0807986185,0.27482764939151944,0.10467571393021041
3639,36669516.28975696,41097015.74143202,4427499.451675057,0.27464159499397933,0.10708905761578809
3640,36861150.9688242,41198701.61176791,4337550.64294371,0.278710877787342,0.1097376427110416
3641,36715082.14910049,41198203.59932944,4483121.450228952,0.2803376690057956,0.11153117904555672
3642,36465434.04564722,40718073.971985474,4252639.926338255,0.2758348138251376,0.11279114219517025
3643,36890220.48990651,41136427.56747043,4246207.077563919,0.2722288850060566,0.10001326666942867
3644,36245585.0970812,40333389.720528245,4087804.6234470457,0.27876964943496635,0.11834785798082254
3645,36307026.39236169,40641462.5889378,4334436.196576104,0.2902719701569202,0.1260358581906613
3646,36781115.681245826,40849596.22278544,4068480.541539617,0.27736166916053145,0.10996347369819957
3647,36310002.143728614,40692043.35063581,4382041.206907198,0.27024306415146576,0.09774083578232301
3648,36109311.82173632,40319981.95836372,4210670.136627398,0.26952805747018915,0.10664188085576032
3649,35886575.52485265,40127581.39215249,4241005.86729984,0.27402301851786304,0.10620391298636628
3650,36492593.866589755,40744049.35672459,4251455.490134835,0.27864638029198374,0.11576318935807242
3651,36632195.440097146,40845559.81517155,4213364.3750744015,0.27806539032272476,0.11010189919960993
3652,35642788.41784629,39779400.16860257,4136611.7507562786,0.2661019565021691,0.0995319973376955
3653,36117818.25320304,40390088.961725645,4272270.708522603,0.2795195537767022,0.11222597929014429
3654,35920721.82164107,40259037.26134896,4338315.43970789,0.27854682373576706,0.10559075400798418
3655,36475688.972841404,40568000.19136688,4092311.2185254768,0.2738322363231079,0.10902898705700317
3656,36474307.62023879,40859481.88286698,4385174.26262819,0.28485251445574444,0.11786923868820685
3657,35781642.005169734,40072343.04129834,4290701.036128603,0.2785034242463839,0.11364321955196809
3658,36416583.246035695,40748882.56169583,4332299.315660134,0.27696201340895216,0.10767244988270692
3659,36350079.091028504,40521871.95005798,4171792.8590294793,0.27563855267828324,0.11033716120028635
3660,36339976.36737335,40684094.935135014,4344118.567761667,0.273389789670248,0.09894812133656833
3661,36804202.96646337,41241164.70990109,4436961.743437715,0.28815398457683966,0.12643916448844744
3662,36318000.02836645,40676616.64891261,4358616.620546162,0.2772975122120937,0.10925883776716419
3663,36230980.96994476,40470683.43648129,4239702.466536529,0.2726398869669947,0.10706270366492396
3664,36767105.08295008,41174224.14095305,4407119.058002971,0.28054131325236126,0.11501524872373498
3665,36447567.63450017,40828797.66382924,4381230.029329069,0.27827656135603657,0.10813572584139854
3666,36299078.09634661,40398909.81388551,4099831.7175389007,0.2630436092012518,0.09873261209829072
3667,36350636.19295589,40586159.746776536,4235523.553820647,0.2782512039571745,0.11040971470662898
3668,35549017.77842885,39720463.52319115,4171445.744762294,0.26670275005454436,0.10009401374329718
3669,36024412.58852082,40363123.460199334,4338710.871678516,0.2788072777328355,0.11019776312239953
3670,35884044.89454561,40308825.08128429,4424780.186738685,0.28585642022178037,0.11805510768061567
3671,36180880.35541624,40424958.82971135,4244078.4742951095,0.27266870825574024,0.10885369810529193
3672,36487819.97754362,40928590.056152746,4440770.078609124,0.27671447453878145,0.11162590310066614
3673,36581951.14089942,40979063.433168896,4397112.292269476,0.2816370080521979,0.1144812647910089
3674,35944913.07040966,40246008.36958508,4301095.299175419,0.27616086560639475,0.10583452190744078
3675,36001919.30037053,40484412.66199415,4482493.3616236225,0.28367900474411184,0.11131928739683081
3676,36528575.72214998,40727969.26220366,4199393.540053681,0.2616101125646983,0.09390084777329388
3677,36751191.91146967,41029851.827681676,4278659.916212007,0.27254662753683667,0.10343412180875197
3678,36495652.82343874,40857796.93060024,4362144.1071615,0.27609579155235614,0.10496634631243676
3679,36080674.37870866,40426422.55907716,4345748.180368498,0.27855923319992554,0.10975189173880938
3680,35679057.024743624,39666924.776059255,3987867.751315631,0.26745199735139047,0.10022349230385205
3681,36473594.70884836,40886380.85689685,4412786.14804849,0.2809954144797398,0.11559051116444229
3682,36041869.621755384,40235735.07607417,4193865.454318784,0.2661732301229568,0.09858153739583234
3683,35902040.702216916,40140481.84373434,4238441.141517423,0.28588715199420395,0.11803360626542282
3684,36150342.28849268,40413111.51317533,4262769.224682651,0.2736299602007363,0.1046834602800783
3685,36346676.101751335,40562749.00271986,4216072.900968522,0.269013413206913,0.10163246446277824
3686,36461936.98598447,40704981.23231905,4243044.246334583,0.2679463317398487,0.10077219199996747
3687,36681303.14971103,41035684.36690432,4354381.217193291,0.26702720098576394,0.10173090362382277
3688,36261702.41814297,40410218.02706076,4148515.608917795,0.2716083173831291,0.10987666659854455
3689,36070931.18808095,40507320.45087644,4436389.262795486,0.2810694912204751,0.10989485098961256
3690,36450933.76460177,40844864.08281618,4393930.3182144165,0.2815422225261064,0.11117767193371252
3691,35974461.722868785,40262451.1519592,4287989.429090418,0.2782461614350056,0.110763448981578
3692,36692095.51738694,41079767.94442474,4387672.427037798,0.2815452849987358,0.1081589812244697
3693,35983572.41561691,40155060.96406256,4171488.5484456494,0.2803362530064554,0.11663938903530602
3694,36654192.63412595,41013451.71458639,4359259.080460444,0.2730015967070773,0.10472349622166574
3695,36799885.63351808,41172486.41994845,4372600.786430374,0.2775080674645431,0.10840385675127208
3696,36317996.84479521,40473046.40143588,4155049.5566406697,0.26395053578495015,0.09555203306334821
3697,36374038.73328089,40505243.44954026,4131204.7162593678,0.27321342643262075,0.11037143242568186
3698,36088900.67743511,40449461.34191674,4360560.664481632,0.2745920469723224,0.10830759613824814
3699,37073834.6449492,41385530.04511982,4311695.400170624,0.27876012210900425,0.11282659590371755
3700,35954905.7513778,40237509.47155452,4282603.720176719,0.27076239763992754,0.10655065959331775
3701,35634763.45115018,39912366.846673,4277603.395522818,0.26604007601739693,0.09778053276726721
3702,36444998.62623446,40999589.18998914,4554590.563754685,0.2765812825645367,0.10740389028090874
3703,36506066.85683437,40668310.67287232,4162243.816037953,0.2723151217412458,0.10730708023136934
3704,36490304.6866065,40741748.7689987,4251444.082392201,0.2713550932827858,0.10372692382879553
3705,36559768.59127769,40887007.71418766,4327239.122909971,0.2755663203147248,0.10860633107094786
3706,37353545.35371269,41769006.77616979,4415461.422457099,0.2711458603235646,0.09784759382452983
3707,36542526.17623285,40865360.64566834,4322834.469435491,0.2696646739273385,0.10091324150989382
3708,36485111.83492966,40813289.73146628,4328177.8965366185,0.2695397253079578,0.10290335602648519
3709,36382819.26001685,40834657.56903862,4451838.309021771,0.28161172435739984,0.11121362732930988
3710,36044346.62205413,40359826.51966975,4315479.897615619,0.2680367055898116,0.10041859665249109
3711,36637054.401526935,40992319.80569407,4355265.404167138,0.2779786550543131,0.11280539334117354
3712,36742460.18115352,40828694.92262033,4086234.7414668053,0.2799140143828675,0.11459415884805259
3713,36396257.606304206,40852348.69212788,4456091.0858236775,0.2760921510608081,0.10603294919569362
3714,36506747.07927818,40599019.16633611,4092272.087057933,0.2734698585620109,0.10613741303811312
3715,36803392.95588265,40877673.58353555,4074280.6276528984,0.27286347313286385,0.11028582572883432
3716,36554352.84127124,40863732.1512862,4309379.310014963,0.2761779207148376,0.10691531860779782
3717,36112508.95386787,40325019.54253188,4212510.58866401,0.2738543113854365,0.10743838682622514
3718,36594478.496678606,40646052.067928135,4051573.5712495297,0.2763591515798862,0.11100099968438941
3719,35987309.06049142,40250254.77742399,4262945.716932572,0.28049150731549777,0.11185373404084689
3720,36691349.97590096,40982367.82215197,4291017.846251003,0.283078734346096,0.11651990160789218
3721,36666602.92608887,40991251.67292489,4324648.746836022,0.2787746000939861,0.1156897220415679
3722,36752160.669940926,41103121.26101455,4350960.591073625,0.27887323755270366,0.106286490893882
3723,36290083.77327878,40636997.76008091,4346913.986802131,0.2904040208052759,0.12989343501512635
3724,36072381.55434053,40165302.82698044,4092921.2726399153,0.2727122952647393,0.10745476490652926
3725,36669788.20512022,41005396.83617626,4335608.6310560405,0.27919518920740555,0.1096408905242625
3726,35736540.75735445,40063382.69981749,4326841.94246304,0.28287541808435906,0.11380431285473207
3727,36509086.29196392,40746320.27148515,4237233.97952123,0.2805924234063324,0.11801112539939873
3728,36104920.50483106,40398796.73493083,4293876.230099767,0.26746290429706326,0.09955876999175658
3729,35894393.85334276,40075019.73987531,4180625.8865325525,0.26097795469738044,0.09716215954572295
3730,36081088.23794851,40378442.650276974,4297354.412328467,0.27866693853479574,0.10910364173669658
3731,36080897.12030317,40478055.44215609,4397158.321852922,0.26938034504205177,0.10121507485897276
3732,36838705.30736262,41303569.4459002,4464864.138537578,0.27840838590703987,0.11321400426822135
3733,36031716.957037956,40192771.222997144,4161054.2659591883,0.2788398395171311,0.11191820029099284
3734,36440923.940677494,40742489.16615918,4301565.225481689,0.2711540137442992,0.10345211548453515
3735,36588174.656347305,40897491.91484353,4309317.258496225,0.28497804236842694,0.12153615425025992
3736,36649253.74586722,40863584.55703008,4214330.811162859,0.2673705001051658,0.10402525328359151
3737,36216260.93887213,40577901.864107855,4361640.925235726,0.2721032488368249,0.10668465083099432
3738,36371000.72109519,40784088.59969399,4413087.878598802,0.28262294992841475,0.1106200476146627
3739,35864038.01228503,40157208.03111102,4293170.0188259855,0.273883816127929,0.1064768935540742
3740,36514525.11170564,40750892.265800446,4236367.154094808,0.2717178596761639,0.10594370430337698
3741,36395446.42713838,40637316.976026796,4241870.548888415,0.2717820342713795,0.10873813100990048
3742,36413426.57973871,40555130.52671512,4141703.946976416,0.26380529808527375,0.09450123812341202
3743,36314315.408753365,40487641.77034574,4173326.3615923747,0.27642777032189547,0.11189440378676832
3744,36776729.91926191,41154329.72724733,4377599.807985418,0.2776520650733763,0.10967813021692066
3745,36401867.42890926,40734672.21718523,4332804.788275972,0.26629499425136877,0.10149593350924709
3746,36886646.78544257,41011998.36979106,4125351.5843484923,0.269739356462289,0.10718652588039894
3747,35792712.81448233,40142623.6641651,4349910.849682771,0.2761634146657101,0.10750787628870455
3748,36073948.50947894,40497348.387902215,4423399.878423274,0.27752536115027,0.10798094208098942
3749,36553680.42074363,40774878.330836095,4221197.910092466,0.26691616567687554,0.09445008389790654
3750,35960273.6830256,40325498.41943058,4365224.736404985,0.2697364345180066,0.09793731409395472
3751,36517449.60862923,40930767.363221884,4413317.754592657,0.2740990644969573,0.10216951443738877
3752,36290911.46211916,40557216.52693373,4266305.064814568,0.26783571458487127,0.10027504952512224
3753,36062667.217063844,40469517.67095795,4406850.4538941085,0.2711534339428356,0.09712283685106503
3754,36612057.348530486,40847560.78979722,4235503.44126673,0.2700307861791233,0.10373977375841659
3755,36350158.28624278,40724063.97860119,4373905.692358404,0.2812301032759358,0.11366646340037256
3756,36471391.83325696,40675635.96952771,4204244.136270747,0.27119792912564256,0.10122199442709895
3757,36200299.33146155,40429668.028870694,4229368.6974091455,0.26792229427361647,0.10108078019803331
3758,36267550.927549966,40511046.81716975,4243495.889619783,0.27715750754856094,0.11056148928848078
3759,35804014.80232793,40096540.85550522,4292526.05317729,0.277095404813895,0.10139224464160425
3760,36022234.45355838,40301185.09909056,4278950.645532183,0.2778611934348666,0.11101423696368162
3761,35995973.40138561,40437563.97516948,4441590.573783867,0.2841004883647431,0.11529303932976326
3762,36575441.97708621,40995992.51355117,4420550.536464959,0.2648762264397908,0.09455153042838958
3763,36608589.48477,41047906.53961852,4439317.054848522,0.2779815401137637,0.1079744735858264
3764,36434705.50674983,40695786.61189195,4261081.105142117,0.26607488087769765,0.09839890695086118
3765,35762244.26163867,40265352.20291055,4503107.941271879,0.2763428147932557,0.1056234496127332
3766,36697574.07045521,40995264.92826705,4297690.857811838,0.2733971653543783,0.10954290424877233
3767,36059758.96431184,40199816.96263308,4140057.9983212426,0.27126408867360424,0.10561858770285416
3768,36311648.415120885,40900274.38554413,4588625.970423244,0.2863180160404883,0.11436993711876109
3769,36239637.69970855,40686398.08722347,4446760.387514919,0.29087921792310567,0.12471100693373305
3770,36069603.96384514,40310326.75154865,4240722.787703507,0.269159784308133,0.10155869760877022
3771,35567861.275076896,39994517.23660468,4426655.961527787,0.28707674068537564,0.11868266460051129
3772,36829639.190749854,41295537.176626064,4465897.98587621,0.27697238370285254,0.1062201569052756
3773,36298914.466890104,40709405.13880822,4410490.6719181165,0.27597481880389624,0.10679404297875164
3774,36063550.37383579,40261046.07832944,4197495.704493649,0.27004388312117045,0.10775729420814585
3775,36213854.25914585,40345055.28100841,4131201.021862559,0.2706925929165423,0.10165242201384145
3776,36145423.29430787,40559475.92567356,4414052.631365687,0.2741744999427537,0.10593863986111213
3777,36094214.258680224,40459884.022407316,4365669.763727091,0.2815188544200928,0.11096356048884172
3778,36539769.87533964,40752030.642636634,4212260.767296992,0.26626228682374736,0.09875756980751708
3779,35996570.03457959,40102479.806939535,4105909.772359945,0.2677594841298315,0.10044284691706816
3780,36461234.25604987,40807982.63467117,4346748.378621295,0.2700903866198721,0.10123628715877063
3781,36577795.86231889,40791396.964021824,4213601.101702936,0.26726507801817023,0.09602137635124042
3782,36617104.217751205,41011060.16692518,4393955.949173972,0.2744226027727401,0.09928388811466585
3783,36762493.46503552,40966061.23133742,4203567.7663019,0.2672856174822902,0.09883852124329837
3784,36525815.911402985,40811100.51934931,4285284.607946321,0.2696821774857015,0.10563930451916649
3785,36732350.55745435,40955425.87076613,4223075.313311785,0.2743636198802466,0.10995286202423075
3786,36339675.63134184,40735543.25144936,4395867.620107524,0.2866242905376775,0.11587071836302398
3787,35873805.93948109,40043069.70030153,4169263.760820441,0.2702573186911343,0.10393440355402087
3788,36256175.51684488,40399399.7897575,4143224.272912614,0.2729993465443543,0.1065865082007928
3789,36331369.41892391,40496317.32316606,4164947.9042421505,0.2780092231161898,0.11406556342119623
3790,36049032.378401294,40383019.470721565,4333987.092320271,0.2778505473521188,0.10600269735504862
3791,36583072.89641318,40563350.4235878,3980277.527174622,0.2725563996719714,0.10975752075951077
3792,36667812.3857308,41037640.994802445,4369828.609071642,0.2730772905718634,0.10512664947144479
3793,35944418.177845985,40063391.50249581,4118973.3246498257,0.27419734849940886,0.10387141251798306
3794,36555175.11752783,40919837.924836904,4364662.807309076,0.27867375265063915,0.11227527792354054
3795,36270991.26801679,40681885.39547906,4410894.127462268,0.27505452061848734,0.10666554898557695
3796,35997969.37067315,40280532.60894189,4282563.2382687405,0.27403503853587685,0.1098784909160601
3797,37172769.81800142,41404577.95399548,4231808.135994062,0.2716178472561791,0.10376817137997733
3798,36604661.74776854,40907403.282341994,4302741.534573451,0.28011482732668097,0.11293548674610256
3799,35913585.66726353,40166954.971000195,4253369.303736664,0.27405838122409354,0.10551206255916933
3800,36638803.3933195,40978860.10926803,4340056.71594853,0.2747518650098909,0.1049986127201317
3801,36290623.009499736,40635624.04190915,4345001.032409415,0.2711532344379636,0.10043755072947244
3802,36138637.90689881,40375487.269776195,4236849.362877384,0.2772099882081978,0.10932392117749021
3803,36089532.3266077,40521331.403179154,4431799.076571457,0.28119978093984643,0.11221904661113483
3804,36402441.12411683,40795104.94920449,4392663.825087659,0.2754837401574717,0.1014327418281506
3805,36166164.06948518,40532992.15667286,4366828.087187678,0.2805034180733745,0.11638798982639556
3806,36697522.345907226,40919353.0368737,4221830.690966472,0.27323488520603656,0.10797752090951346
3807,36455342.37434936,40624871.34315103,4169528.96880167,0.2757011543823206,0.11001689096052214
3808,36086833.32716077,40428128.45061684,4341295.123456068,0.273638854471651,0.10677265387751227
3809,36155057.95577546,40649987.656480916,4494929.700705454,0.27515248085124816,0.1022018300543592
3810,36861246.908921875,41157081.11960051,4295834.210678637,0.2693242041459609,0.09825971323530175
3811,35794651.762562245,39838468.64151496,4043816.878952712,0.2693540490919401,0.10353080633579659
3812,36166349.88772404,40510207.40506752,4343857.517343476,0.2738369544602534,0.10643674572534705
3813,36274876.004248306,40541763.73762545,4266887.733377144,0.27931985480695015,0.11045126967851202
3814,36656734.14983244,40917087.58927504,4260353.439442597,0.26973488294929027,0.10170395446777569
3815,36728847.460525155,41111719.42917047,4382871.968645312,0.28055352072796363,0.11388505812941917
3816,36114870.96604013,40444068.76868904,4329197.802648909,0.27207947924879794,0.10069014088314442
3817,35696774.75079009,39803428.331783794,4106653.5809937045,0.26671857656843423,0.09867170562203244
3818,37149255.76172758,41392001.6967156,4242745.934988022,0.2806000298073,0.1142116108031171
3819,36263582.08840726,40378696.80954957,4115114.721142307,0.2660600439023644,0.10473809515432556
3820,36482433.162377656,40803560.72994251,4321127.567564853,0.2729014475363833,0.10787227595301178
3821,36609107.545402676,41045582.86216503,4436475.3167623505,0.2826277711371847,0.11111935223749729
3822,36547110.879304245,40896874.32579866,4349763.446494415,0.2715568635658639,0.0970419099784913
3823,35508317.20566145,39702570.647263385,4194253.441601932,0.27711657079665464,0.11404475879752268
3824,35888299.50397426,40228542.804971285,4340243.300997026,0.27491742215783155,0.10636655394228427
3825,36068960.57946712,40398252.92508761,4329292.345620491,0.278871328992756,0.10914882032628868
3826,36523727.07482882,40789995.94004071,4266268.865211889,0.2746420466491584,0.10519366722169571
3827,36201676.59772611,40404743.036924124,4203066.439198017,0.2732866212801945,0.10710192386367659
3828,36323400.13496884,40829420.70283319,4506020.567864351,0.28372001906513333,0.11484139167129534
3829,36127467.375869125,40512096.88978926,4384629.513920136,0.2722488925470338,0.10316655914733315
3830,36560706.76503492,40813062.42287299,4252355.657838069,0.2814190838588241,0.116131110515868
3831,35968168.29123475,40252345.49939239,4284177.208157644,0.27683391560340376,0.10314333781386935
3832,36457244.666683294,40775467.041263945,4318222.3745806515,0.27605928093632354,0.10781808784762827
3833,36152063.62468785,40286189.77698924,4134126.152301386,0.26637564938287106,0.09829936477765047
3834,36268391.17365952,40504472.760074764,4236081.586415246,0.27507090760224856,0.1094247555464885
3835,36881854.50067147,41261720.34153801,4379865.840866543,0.27941076544769333,0.10961636649804968
3836,36423107.842937484,40506817.32642572,4083709.483488232,0.27763125461962457,0.11165722812004969
3837,36414614.46911691,40651800.51990373,4237186.050786816,0.2674153761923575,0.0935477042007882
3838,36526255.2837073,40629939.01587335,4103683.732166052,0.27483352931595,0.11303063907266325
3839,36166200.28117017,40528044.08739682,4361843.806226656,0.27209567819540015,0.10290711685517118
3840,35892119.65943015,40341342.64361203,4449222.9841818735,0.2764845319437944,0.11180707279907026
3841,36785123.74884563,41077121.53146148,4291997.782615848,0.2737531654733548,0.11004936095442408
3842,36222158.2704634,40341741.50452854,4119583.234065138,0.268779955342088,0.10398114180127291
3843,36610562.95462396,41168417.44644643,4557854.491822474,0.28055959892572796,0.11132732359606534
3844,36243929.299133524,40677661.32625981,4433732.027126282,0.2645409148539603,0.0973022372645575
3845,36619411.1591814,40990147.06634482,4370735.907163419,0.27141008876441086,0.1004732155317215
3846,36907154.9523302,41204728.03957103,4297573.08724083,0.2654094892148716,0.09985498073583464
3847,36474120.94685383,40802339.2024339,4328218.255580068,0.27156644162752713,0.10481672089517054
3848,35944258.09924393,40337845.44879695,4393587.349553019,0.2705761937425178,0.10710261545469171
3849,36524672.25008676,41043719.61252722,4519047.362440459,0.28427481062017806,0.11530204153847677
3850,36139131.18990364,40108488.17551902,3969356.98561538,0.2686450371050519,0.1012195083898722
3851,36380144.58594501,40564518.441508904,4184373.855563894,0.26833513915930607,0.09994989767788508
3852,36267626.089733325,40674195.22148536,4406569.1317520365,0.2846039146017798,0.11211291834677958
3853,36036154.8258024,40280465.89565397,4244311.06985157,0.2753682467949823,0.11137980570560353
3854,36213874.56818793,40470180.109953076,4256305.541765146,0.2750079759746852,0.10886252182381587
3855,36400309.972421415,40796856.06867198,4396546.096250564,0.27965044367544967,0.11397075979866127
3856,36417807.3342937,40517734.68438229,4099927.350088589,0.2673387017322318,0.10337949641587607
3857,36461524.49561128,40701978.66773614,4240454.172124863,0.2742895221288157,0.10552836159851237
3858,36560633.12694703,41040087.408018984,4479454.2810719535,0.27654036278718513,0.10745285473327516
3859,36410419.823547594,40706834.92306912,4296415.099521525,0.2644000278803016,0.0935858889113958
3860,36878190.931588575,41240344.590921566,4362153.659332991,0.262511848109985,0.0952072289750628
3861,36453452.7372278,40760612.47860935,4307159.741381556,0.268471297082829,0.09590705242447707
3862,36322035.13758432,40584166.86904456,4262131.731460236,0.2721241749547608,0.10591461153950281
3863,36793689.19174569,41067598.42323808,4273909.231492393,0.2721607030395633,0.10542704976754637
3864,36438586.64443667,40797829.17097179,4359242.526535116,0.2758450492953809,0.10549925218367603
3865,36490639.94550297,40820077.2121141,4329437.2666111365,0.2724355365529694,0.1036116665475531
3866,36105699.56383085,40364810.38799335,4259110.824162498,0.27607246067157754,0.10570933987813738
3867,36051417.15054866,40377829.358520366,4326412.207971707,0.28101193102955996,0.11650608062586226
3868,35895183.02498497,40362810.54864403,4467627.523659058,0.28280277374975976,0.11702994951660918
3869,36904041.92975636,41314526.980480775,4410485.050724417,0.27749497761418973,0.10765203188966839
3870,36591844.78229067,40879050.82887072,4287206.046580054,0.2673329003576699,0.09951181240664149
3871,36223320.51422857,40537071.59660797,4313751.082379401,0.2766777121095716,0.10883233275105154
3872,35988543.76549812,40312997.82480707,4324454.059308954,0.2726463115058939,0.10265160783879758
3873,36142826.85401605,40470376.69135621,4327549.837340161,0.2798364985388148,0.1076435582908963
3874,36566098.27614352,40949263.183772095,4383164.9076285735,0.26926253428694147,0.1049560009406505
3875,36900842.718026824,41110115.98177041,4209273.263743587,0.2693139846195715,0.10045005078495008
3876,36631746.61055758,40835431.95958765,4203685.34903007,0.2725820883853065,0.10989611295592552
3877,36348016.26603274,40760299.21508004,4412282.949047297,0.2672241471065967,0.09225590627094327
3878,36524899.87188956,40958967.399972335,4434067.528082773,0.2801098150422957,0.10909930344142803
3879,36639130.697825275,40989426.45998198,4350295.762156703,0.2778926772383689,0.11295074579253472
3880,35977726.64210514,40175833.063384555,4198106.4212794155,0.2722517875381057,0.10109837225753804
3881,36950877.31120452,41355235.36574084,4404358.05453632,0.2702656550407228,0.10268443940806231
3882,35850681.0411568,40295622.311865,4444941.270708203,0.2738782102413758,0.09818172074171752
3883,36225968.84213539,40422293.453845866,4196324.611710474,0.2765652175780578,0.11167693458683123
3884,36836262.02384365,40993532.37963578,4157270.3557921275,0.27287628164577904,0.10493639537187517
3885,36915203.063955806,41350393.67103575,4435190.6070799455,0.2708128219673068,0.09955204566540381
3886,36486929.35361524,40908917.979312405,4421988.625697166,0.2749463797792784,0.09621076607459934
3887,36447496.98033419,40559847.58241001,4112350.602075815,0.27944084261188973,0.11373411278920427
3888,36710125.68777749,40992174.37395013,4282048.686172642,0.2867551986829118,0.11665344034296764
3889,36045525.88023421,40408128.1756266,4362602.295392387,0.275929643383374,0.10677145337951079
3890,36737181.383039616,41064334.768852696,4327153.38581308,0.27675823915679065,0.10986443431757907
3891,36194383.19248986,40606876.88065744,4412493.6881675795,0.2702865623408876,0.10489149592244736
3892,36524107.75974263,40861558.16430307,4337450.404560439,0.2833663118633508,0.11180978703158959
3893,36649459.462600894,40912011.32872701,4262551.866126113,0.2641363918760919,0.09552221735049465
3894,35800811.55663361,40149441.03858621,4348629.4819526,0.27640990738381843,0.10655050478044858
3895,36646410.68417589,41040843.1606528,4394432.476476908,0.2716219937026945,0.10094876616206902
3896,36182408.48732999,40454103.19486599,4271694.707535997,0.28320247113803604,0.11716017633500185
3897,36597375.61287137,40858465.71275758,4261090.099886209,0.2696987997718925,0.10178130526507534
3898,36634135.06972971,41048097.775928624,4413962.706198916,0.2785917509947237,0.10325324982799396
3899,36424846.883324236,40604389.54965206,4179542.6663278267,0.2740864570469745,0.11148128984938899
3900,36913234.3571317,41234546.970731765,4321312.613600068,0.27062232426354726,0.10345549140530047
3901,36143990.794331,40541136.81042067,4397146.01608967,0.27563185386910616,0.10615417771400143
3902,36600266.8725819,40809712.369784124,4209445.497202225,0.27370378277448715,0.10381252857512573
3903,36530276.45976825,40936212.85782145,4405936.398053199,0.2751773462991458,0.10285121989586898
3904,36177573.99559145,40486806.25701284,4309232.26142139,0.27693882531580855,0.11197896392657719
3905,36560955.46030268,40738544.26444,4177588.8041373193,0.2708884125070145,0.10740231312093693
3906,36415847.37064267,40808889.64834629,4393042.2777036205,0.2751081996022679,0.10442388325149753
3907,36313982.77544095,40780578.73568415,4466595.960243195,0.27629807735021683,0.10732043887065806
3908,35504030.04779788,39671770.6410135,4167740.593215622,0.2590477504680845,0.09229786100838624
3909,36570076.118403584,41031171.697568566,4461095.579164982,0.2712477766337863,0.09736955002316797
3910,36588838.678453416,40911457.16714758,4322618.488694161,0.2856151259495785,0.11391980774434758
3911,36345780.46098923,40771109.73869296,4425329.277703732,0.2812539029955031,0.11520989744330436
3912,36641785.725896336,41131665.03718554,4489879.311289206,0.2683286719577357,0.10282992813818968
3913,36476225.80168833,40590479.74934906,4114253.9476607293,0.2671132029369534,0.1051827128791393
3914,36052351.57254613,40317204.774381526,4264853.201835394,0.277256894036236,0.10200042104376325
3915,36436579.51967981,40471822.35443688,4035242.8347570747,0.2757289573789355,0.10974134630948319
3916,35904693.91207639,40286599.50856144,4381905.5964850485,0.2835230149585041,0.11254782905113166
3917,36788229.66172867,40950693.79441336,4162464.1326846853,0.2732203536939725,0.1037334455663134
3918,36394806.0852626,40827130.11085667,4432324.025594071,0.28077471003299376,0.10973545677296044
3919,36198009.36743208,40374037.160843834,4176027.793411754,0.27047189767358715,0.10398268718905632
3920,36152865.65972276,40621913.62488197,4469047.965159208,0.27199731782149583,0.10250757733100707
3921,36422245.19823474,40537938.555331424,4115693.357096687,0.26975292414019447,0.10042556627673972
3922,35962637.8536021,40021768.076992415,4059130.2233903185,0.26985763318376993,0.10143135284815707
3923,36401666.18497906,40659813.34302126,4258147.1580422,0.26557998926770465,0.09819308739453912
3924,36031938.06155214,40238324.25900849,4206386.197456352,0.2729344016284051,0.10885210752294913
3925,36314360.625731066,40697075.00083765,4382714.375106581,0.28196900585162243,0.11293012254520192
3926,36198041.965623006,40299485.60377869,4101443.638155684,0.2687761248461002,0.10114774893026306
3927,35850573.69802297,40011257.29171984,4160683.59369687,0.2723877363856897,0.10959985307689263
3928,36268224.82142351,40660879.985463314,4392655.1640398055,0.2783516090669842,0.11034809236331704
3929,35940279.70196316,40253351.878809854,4313072.176846698,0.2788131419369407,0.11545617058264747
3930,36831012.35201458,41065595.967028715,4234583.615014136,0.2693460108780336,0.1004584528319426
3931,36709367.7140618,41096462.45572275,4387094.741660953,0.27571573365372737,0.11058790841386096
3932,35791789.60911335,40110200.691398084,4318411.082284734,0.2739393030700026,0.10412274435846157
3933,35928214.73419488,40100834.61674316,4172619.88254828,0.2762985584008833,0.10784039632289653
3934,36194066.04985378,40414524.626327425,4220458.576473646,0.27341796513220545,0.10164448544662544
3935,36606967.5115041,41053810.850682,4446843.339177899,0.27167333764292534,0.10123453556864365
3936,36257328.975419454,40629183.38949485,4371854.414075397,0.27137861955089626,0.09461838098738906
3937,36590725.351600565,40851340.9594841,4260615.607883535,0.2829318244935655,0.11463496985568387
3938,36717829.94938126,41254051.491799265,4536221.542418003,0.2814067351179866,0.1114027957188687
3939,36596302.28852857,40984146.04851165,4387843.759983078,0.27784850818399504,0.10977097805114058
3940,36208838.871207446,40373325.37175393,4164486.500546485,0.2663148999382287,0.09918569248512717
3941,36306503.06284084,40708138.71561087,4401635.6527700275,0.27666316713632405,0.10814559787674369
3942,36231888.93371387,40644267.84641974,4412378.9127058685,0.2715690421204592,0.10141544424544151
3943,36456499.2020753,40813620.88135058,4357121.679275274,0.2690167230724296,0.09940441686029404
3944,36406368.2520716,40728864.704246685,4322496.452175088,0.2701251914401668,0.10406726944457186
3945,35725366.81193255,39815797.575457394,4090430.7635248452,0.2683885285800112,0.10967001824529188
3946,36274508.78511932,40686535.25605891,4412026.4709395915,0.27071391093291913,0.1038144683155362
3947,36474235.86539109,40891827.38861732,4417591.523226231,0.2744836055926065,0.10221066070660356
3948,36455379.98842751,40916571.105552815,4461191.117125303,0.27948887457297533,0.11416149934919145
3949,35695730.900679015,39784047.56316517,4088316.6624861583,0.2679992777382496,0.09791401205735263
3950,36725134.25317995,41195351.06553389,4470216.812353939,0.27942287203500976,0.10603594321797627
3951,36000493.50256883,40267135.90337619,4266642.400807358,0.28270462748406344,0.11531706991787068
3952,35907156.38044231,39953867.66415338,4046711.283711076,0.2678836069328914,0.10398220866461017
3953,36514377.807866015,40770421.910195276,4256044.102329262,0.2690350346452859,0.10238458744625287
3954,36247896.93180213,40509264.398093276,4261367.4662911445,0.2690035454663956,0.1007988126628695
3955,36084932.49441725,40406512.94998243,4321580.455565177,0.2754033940182749,0.1087990603634086
3956,35897978.102083355,40109408.32907096,4211430.226987608,0.28011062017719945,0.11063098224722986
3957,36563090.03342571,40902429.93962054,4339339.906194828,0.27296727522684733,0.10562664279560707
3958,35767090.32880387,40147138.869130716,4380048.540326849,0.2678864612612854,0.09335188008602638
3959,36437473.60356374,40785045.06590137,4347571.462337628,0.2768080870266672,0.11320645054697734
3960,36974031.55640324,41571109.59434805,4597078.037944809,0.28408359020745266,0.1127254167596767
3961,36409432.29256805,40659075.883244306,4249643.5906762555,0.2686795503889332,0.10250911372010223
3962,35930874.4382314,40367017.45324754,4436143.015016139,0.27624126832160834,0.10201335962653584
3963,36748734.38901206,40956271.50352224,4207537.114510179,0.2736189025858504,0.10888814435924231
3964,36142370.29832861,40322311.55982041,4179941.2614918053,0.2745883108753613,0.1084815321482805
3965,36179908.63452227,40603686.20100043,4423777.566478163,0.2847449006941087,0.11670819438039323
3966,36208609.96183865,40547861.28329433,4339251.32145568,0.2763416267001431,0.1059492658451211
3967,36502446.8476642,40694044.309733465,4191597.4620692655,0.27304310024273437,0.107499803434342
3968,36190868.20828717,40338140.562317975,4147272.354030803,0.2670763833745196,0.09800744961572158
3969,36865286.15563573,41071878.616348624,4206592.460712895,0.2681221949469238,0.10686154509995911
3970,36623024.576781645,40914020.921311796,4290996.34453015,0.28811968463229687,0.12622248022269084
3971,36248943.28089445,40493687.19170981,4244743.910815358,0.2763769558746943,0.10835410276945305
3972,36245883.89527059,40671094.29527668,4425210.400006086,0.2840242550513615,0.11554586497504536
3973,36527211.58282272,40862439.452305734,4335227.869483016,0.2681009132942932,0.095563179429736
3974,36337029.012706235,40678998.9337412,4341969.921034962,0.28996607455244533,0.12204682476184127
3975,36366609.30645133,40618691.96511347,4252082.65866214,0.2740188192824049,0.10702034894213294
3976,36033460.74316677,40191165.274545245,4157704.531378478,0.2616978802776242,0.09262394711005678
3977,36640232.8287109,41042079.37267837,4401846.5439674705,0.2760976891334411,0.1036370035192166
3978,36639003.86670158,40950389.67664033,4311385.809938751,0.26492913627174597,0.09747405787363556
3979,36147815.33813456,40466347.37431039,4318532.036175832,0.27650336062671693,0.1048589379023251
3980,36674976.94583459,40941049.115874805,4266072.170040213,0.26970191176854574,0.1008844139547152
3981,36053131.71370903,40426954.12335992,4373822.409650892,0.2753523622480407,0.10636842392660532
3982,36369352.5956618,40916082.40231894,4546729.806657143,0.26865629368183097,0.09449997905271852
3983,36631946.71263836,41095891.551953785,4463944.839315422,0.28083239768425416,0.10940283653558376
3984,36171309.24291574,40538887.93306325,4367578.690147504,0.2808934239480652,0.10921864882170375
3985,36367839.8273507,40802899.191407815,4435059.364057116,0.2731490929122942,0.10079431336529954
3986,36544971.416969165,40975415.367319286,4430443.950350121,0.27234560349161246,0.0922701604785585
3987,36923500.03614079,41301118.32206981,4377618.285929017,0.2793208648423372,0.11164464322586838
3988,36052933.38658761,40012372.577854425,3959439.1912668124,0.2644306182082253,0.09906979099534556
3989,36175269.26995971,40372144.503375426,4196875.233415715,0.2769685662616709,0.10868173382150555
3990,36051693.36999945,40356838.226684384,4305144.856684931,0.2716663403515363,0.09648139291969453
3991,35959610.365350224,40290570.22670554,4330959.86135532,0.27192436424244554,0.10225930153362156
3992,36865598.358989105,41221985.73110654,4356387.372117437,0.2714027066347632,0.1025629538386493
3993,36216764.58525833,40465385.10102596,4248620.515767634,0.28369352734580705,0.11859435206802847
3994,36346498.47603659,40460375.778440654,4113877.302404061,0.2665364422305648,0.09826506965232412
3995,35758885.74775806,39983826.28300856,4224940.5352505,0.27148020247660537,0.10377895252542213
3996,36356739.04558527,40758540.98920489,4401801.943619624,0.26750636811110295,0.09720088441149008
3997,35917089.10820803,40196414.80445508,4279325.696247049,0.28445028460331523,0.11372684819598032
3998,36403299.38489884,40737673.591931,4334374.207032159,0.2800102046259721,0.10839178709862433
3999,36787814.76101856,41278098.95122726,4490284.190208703,0.274052581347404,0.10518958131894289
4000,36138674.21472642,40684082.52421293,4545408.309486508,0.28155453064605096,0.11176602959400227
4001,36318397.00404285,40465435.23581276,4147038.231769912,0.2760173790349179,0.11130822769829082
4002,36491962.91484975,40850681.0857503,4358718.170900546,0.2782358329074904,0.11032257309198537
4003,36741296.30156085,41089113.57173253,4347817.27017168,0.2739915696043313,0.10671227622911925
4004,35748447.114258654,39971456.34961682,4223009.235358164,0.2788023459785538,0.10782029272574897
4005,36261713.58892978,40434440.670050815,4172727.081121035,0.27375531589384955,0.11170187351318414
4006,36294706.60868527,40666462.51676194,4371755.908076674,0.2762469321922929,0.10379822674271555
4007,36124881.76375516,40453203.406189024,4328321.642433867,0.26688732175051993,0.09796479180846196
4008,36531707.394650154,40937137.49477469,4405430.100124538,0.2743436407395482,0.1014002896481744
4009,36333064.117960416,40584345.172511876,4251281.05455146,0.26998630517920885,0.10166330565836658
4010,36639774.575276285,40800871.17334905,4161096.5980727673,0.2782144609878486,0.11275671156590333
4011,36288636.80586495,40610312.985340774,4321676.179475822,0.2718552684941741,0.0994610619760811
4012,36103495.34292854,40525557.23108007,4422061.888151526,0.2752725054582361,0.0998632461052561
4013,35721010.411985226,39700698.423195496,3979688.01121027,0.2580532051612026,0.09115203454756138
4014,36853373.94373864,41403040.900406435,4549666.956667796,0.2797265410080049,0.10696100821987856
4015,36350781.05264328,40668799.54222039,4318018.489577115,0.27592180227153346,0.1085382325027583
4016,36469717.982972205,40606770.2164042,4137052.233431995,0.2799172729474622,0.11969412197260881
4017,36539045.02421145,40783128.912971854,4244083.888760403,0.2678755854230408,0.0989615407309184
4018,36587325.65421168,40891046.26009436,4303720.605882682,0.2730723834559044,0.10727063083035301
4019,36868773.6006158,41213513.40255921,4344739.801943414,0.2717152817376452,0.11094686369221654
4020,36165213.90510011,40482808.82075557,4317594.915655464,0.2747180608080959,0.10098441969809421
4021,36375090.41255173,40743244.74020208,4368154.327650346,0.28153312693160704,0.11079875478459095
4022,36441477.75571798,40805388.059007436,4363910.303289458,0.26956365739570654,0.09993518344719321
4023,36145561.9485537,40213055.442928955,4067493.4943752587,0.2614337634380932,0.09042659213354338
4024,36441054.7365897,40714448.84761999,4273394.111030288,0.2712972008678501,0.10627699667855608
4025,36306115.00482209,40677641.96046237,4371526.955640279,0.2750148449593346,0.11014355682461432
4026,36296652.14127367,40516713.93471585,4220061.793442182,0.2766867573622039,0.10937876814312901
4027,36511292.11592239,40798416.78464221,4287124.668719821,0.26666845008288037,0.10168982882324619
4028,35406792.12323606,39642633.11543973,4235840.992203668,0.27459714625768367,0.10264066575415316
4029,36914297.843689464,41100484.1099779,4186186.266288437,0.2743722798942629,0.10630341989735179
4030,36233680.83968075,40529199.25148488,4295518.411804125,0.275330352951507,0.10910091144937746
4031,36198941.799635954,40241936.28292376,4042994.483287804,0.27018617066131473,0.10180977107744091
4032,36166469.62311897,40601742.05142449,4435272.428305522,0.2719295562302238,0.10293074653482094
4033,36142305.34310085,40504734.73975954,4362429.396658689,0.2772844394392248,0.10819987720033254
4034,36444494.35240299,40716243.23646562,4271748.8840626255,0.27953104655420113,0.11898675322263999
4035,36369434.749579154,40441733.32724892,4072298.5776697695,0.26706308447907173,0.10311793331491946
4036,36594262.23910023,41019008.83448562,4424746.595385388,0.27096768627996376,0.10241538938901411
4037,36856352.94804767,41176375.214335,4320022.266287334,0.2633977947710235,0.09728107794041566
4038,36240558.864769466,40346180.861262254,4105621.996492788,0.2643234496787584,0.09753491634651928
4039,36977809.54907356,41271084.99978393,4293275.450710371,0.2711369464314719,0.1090299652450821
4040,36485084.21676311,40757778.58340521,4272694.366642103,0.27870119549971295,0.11189639616323213
4041,36723956.109236926,41125896.165547244,4401940.056310318,0.2757931238510916,0.09988513998937737
4042,36881417.65030484,41146455.27152848,4265037.621223643,0.27925005269357983,0.11431004639387332
4043,36174427.22189472,40436892.30211756,4262465.080222838,0.2770161466936699,0.10609855343537017
4044,36439781.84379751,40743516.24119284,4303734.397395328,0.2723640804020239,0.10532046244644057
4045,37017411.81555639,41458504.64964468,4441092.834088288,0.2799165442851905,0.10776616760057604
4046,36162655.66030453,40380772.33489896,4218116.674594432,0.2647320405238052,0.09650071038027604
4047,36422992.57201483,40694016.67336454,4271024.101349711,0.2736557823029323,0.10645015572948949
4048,36466144.94548726,40805527.14310252,4339382.197615258,0.2756146500130122,0.10758580214363218
4049,36461944.06872295,40749964.80002072,4288020.731297769,0.28060135926411467,0.11618456311067174
4050,36370339.43915097,40541611.51061587,4171272.0714649037,0.2705884349308924,0.10685925431716047
4051,36180334.83027696,40510299.33303887,4329964.502761908,0.27935597029994197,0.10812093405812087
4052,36903091.98556687,41135900.98753525,4232809.001968384,0.27278833179873446,0.10362680625598585
4053,36081061.15306633,40407844.90404656,4326783.750980228,0.268800094546443,0.09745788918955195
4054,36005692.79600601,40102898.335241295,4097205.5392352864,0.2737241330177637,0.10974007770401382
4055,36419449.79338694,40577177.53807989,4157727.744692944,0.26598096197399956,0.1034630154058044
4056,36452197.69928155,40784013.178481296,4331815.479199745,0.27443945791116325,0.10978588340728868
4057,36534665.74973761,40661645.07279604,4126979.3230584264,0.2673680007575784,0.09618332359534416
4058,36042965.28275009,40288518.97725823,4245553.694508135,0.27498461447707995,0.1100483565150839
4059,36589298.439689234,40873090.866806544,4283792.42711731,0.27322776754788225,0.10782595218810095
4060,36969607.08160191,41484549.51145993,4514942.429858021,0.2738459245799598,0.10737859804377044
4061,35817681.2336853,39864339.056666106,4046657.822980806,0.28409243305766263,0.1201319560293416
4062,36404939.9440805,40722659.522882186,4317719.578801684,0.26137553300964395,0.09113444896180321
4063,35970382.682923585,40356463.39569074,4386080.712767154,0.26834324390582304,0.09448154664191005
4064,35941552.62771892,40073733.62712289,4132180.9994039685,0.27127101000925075,0.10710203992335415
4065,36445753.16504161,40857637.82306299,4411884.658021383,0.2799274726530056,0.11283950425978062
4066,36724570.14659234,41018241.37592015,4293671.229327805,0.2690265427014433,0.103616288440383
4067,36486966.386203274,40787988.877724566,4301022.491521291,0.2828386675964069,0.11858267018230878
4068,36361494.82498818,40573055.16702685,4211560.342038669,0.26858291369654186,0.10753368368571616
4069,36447529.626795635,41014510.30253466,4566980.675739028,0.2833414704802751,0.11041971050838706
4070,36861160.83865488,41033564.19083774,4172403.3521828577,0.2652064990574514,0.09841910892265289
4071,36435686.37006416,40614041.86518111,4178355.495116949,0.2776332076687424,0.11057107039984247
4072,36471511.17208849,40710907.92604028,4239396.753951788,0.2760131662448602,0.10952479619916076
4073,36581481.82947317,41048483.0968009,4467001.267327733,0.27921176022636907,0.10767628713482132
4074,36430833.257697254,40907597.210580416,4476763.952883162,0.2811966557299964,0.10989795789433944
4075,36304114.495339185,40623458.57150758,4319344.076168396,0.2794673501306786,0.11755474005706464
4076,36381483.82377066,40951655.73196954,4570171.908198886,0.28201939575589413,0.11083340938242196
4077,35995141.40272907,40072149.61336543,4077008.210636355,0.2780836700161979,0.11243403562087184
4078,35789852.78952215,40120187.95590538,4330335.166383229,0.2716171683453684,0.10356538067916894
4079,36158636.70185113,40498877.12750282,4340240.425651692,0.28425715424000236,0.11589684887156687
4080,36114549.618068226,40262244.11358874,4147694.495520517,0.27555703808283294,0.10493285389852651
4081,35831522.8088246,40020894.09512873,4189371.286304131,0.27262193539198304,0.09992502791608569
4082,35969942.9601838,40135952.027154826,4166009.0669710264,0.27321843813659547,0.10527446276376996
4083,36510711.90851514,40777705.88463988,4266993.976124741,0.26692155467121814,0.10090698476381961
4084,35997370.03277665,40128766.991460115,4131396.9586834684,0.27034767530628817,0.10639254305330265
4085,36497628.23802395,40860351.54699829,4362723.308974341,0.27910531582128834,0.10831581597552814
4086,36796014.6669047,41110150.86243509,4314136.195530385,0.2691921900551837,0.1004768130504565
4087,36774143.43609015,41160562.93231084,4386419.496220693,0.27514690174875434,0.10615104401702094
4088,36487620.095663145,40756808.826991275,4269188.73132813,0.2709835134379447,0.10277239201148376
4089,36058670.50356128,40393940.940417394,4335270.436856113,0.27492220515490445,0.10919881905625585
4090,36369001.91768099,40753432.259634085,4384430.341953091,0.2777824411309156,0.1103972222554201
4091,36389295.985207215,40682453.49722291,4293157.512015693,0.2656908294301806,0.09687455924565533
4092,36440708.756535895,40750912.15671468,4310203.400178783,0.27987344224611993,0.11299845714139764
4093,36453046.96107719,40702495.70713246,4249448.746055268,0.2760427080090343,0.10893029267419953
4094,36857916.392061956,41127354.63341094,4269438.241348982,0.2745887031033245,0.11143794021502958
4095,37303430.79444601,41726013.85406442,4422583.059618413,0.27565768139773517,0.10553812998720848
4096,36350521.15033987,40749027.768748336,4398506.618408464,0.28409462568916355,0.11450430223312281
4097,35942122.18842774,40195484.26092564,4253362.072497904,0.2771905904643947,0.10154231725693484
4098,36891440.97054736,41172598.229389906,4281157.258842543,0.2849737908619681,0.11815777723532749
4099,36215667.911773466,40567485.63942865,4351817.727655187,0.27342054925786335,0.1041548846492273
4100,36224241.19001647,40853739.039715834,4629497.849699363,0.28236365036936306,0.11007884668385913
4101,36397047.347002916,40666891.75464446,4269844.407641545,0.2722661280552692,0.1075849317345387
4102,36862142.06174851,41074821.36420485,4212679.302456334,0.26970218012553326,0.10343473078849388
4103,35646092.892813176,39830777.10719293,4184684.2143797576,0.2744490916664739,0.10649512739966825
4104,36566732.3101581,41028519.36451649,4461787.0543583855,0.27283294659581453,0.10074165872675245
4105,36731195.02315553,41025731.87233493,4294536.849179395,0.27057179505207285,0.10414091181479762
4106,35624581.03865794,39919220.2157643,4294639.177106358,0.2745368615867778,0.10294652727602291
4107,36068218.22966873,40305541.883122236,4237323.6534535065,0.26982274177217075,0.10112646291163933
4108,35861911.454339966,40019185.36691613,4157273.9125761613,0.2783780538572768,0.1140489892376183
4109,36316655.96462843,40715630.431680925,4398974.467052497,0.27859630702676497,0.1123745170755993
4110,36680459.17570992,41003697.799019024,4323238.623309106,0.2810816493778551,0.11214176382150126
4111,36634131.42780369,40918742.82525447,4284611.397450782,0.27284304246629054,0.11076891578228026
4112,36276965.6481475,40618657.34105781,4341691.692910306,0.27743291932697606,0.10696330997872479
4113,36204783.32979454,40452919.23455759,4248135.90476305,0.269386348555311,0.09991736047927342
4114,36046242.60781462,40406253.66033943,4360011.0525248125,0.2750883246713064,0.10312601545187149
4115,36930228.331856295,41451235.00735053,4521006.675494231,0.286057008245507,0.1191963501799528
4116,36557297.84873987,40796021.29630529,4238723.447565421,0.2718756749934902,0.10293763841609901
4117,36472024.59378527,40826367.40513865,4354342.811353378,0.27529543768287773,0.10514306851821459
4118,36289948.61167892,40642239.91495823,4352291.30327931,0.2721860401847651,0.10239872524516609
4119,36868400.69935219,41179381.92932459,4310981.2299724,0.2836021777461032,0.11604113303282208
4120,36951717.99932097,41082712.6095181,4130994.6101971343,0.2678704524876486,0.10659964691305061
4121,36110272.1898151,40318988.739512846,4208716.549697749,0.27732408890555227,0.11433578639337914
4122,35818415.22121474,40144117.48148583,4325702.260271087,0.2784473887212764,0.1099559008561293
4123,36077967.967998184,40435007.531859726,4357039.563861541,0.28174177524122646,0.11619824945858587
4124,36764536.5784777,41024608.1619346,4260071.583456896,0.2766417230520587,0.11289008495211393
4125,36238470.75802165,40414024.369122386,4175553.6111007333,0.26680309836782645,0.1035804909559547
4126,35876396.58641168,40241970.722376175,4365574.135964498,0.2735737405840699,0.10656140135673792
4127,36243807.436866276,40582513.49877174,4338706.061905466,0.26824646819013054,0.10184931436965386
4128,36475278.593923874,40887355.71552189,4412077.121598013,0.2787088571026208,0.10855888972512652
4129,36788938.837643206,41212635.97511449,4423697.137471281,0.2783619022794634,0.10891866385807211
4130,36297279.170777865,40633547.433614835,4336268.26283697,0.27275638780937483,0.09929754738144021
4131,36370089.03994188,40697698.48970764,4327609.449765764,0.28384290229060355,0.11847091798881053
4132,36800969.41297993,41065458.27870528,4264488.865725346,0.27031902442942496,0.10432648723920727
4133,36830776.7003269,41162847.41049127,4332070.710164376,0.2769289250124354,0.11115158103154922
4134,36372634.63068442,40729337.47203967,4356702.841355249,0.2678313783679792,0.09663455737544059
4135,36284796.55031199,40449071.837730736,4164275.2874187455,0.2780740694129453,0.11287335415459047
4136,36766580.05140176,41040765.68175242,4274185.630350664,0.2795182379586221,0.11543418205242513
4137,36515405.28587917,40979341.00290348,4463935.717024304,0.2810759029967451,0.10737133989004778
4138,35993200.868802525,40207852.14441283,4214651.275610305,0.2759157312321117,0.10268083938699692
4139,35929914.46170356,40286322.529280156,4356408.067576595,0.2688241693829465,0.10052657997903588
4140,36493862.76138939,40623046.11365369,4129183.3522643,0.2677494571225523,0.09836629880317219
4141,37194935.84466744,41281531.33247319,4086595.4878057465,0.27169753098651206,0.10666570198095333
4142,36051415.11424236,40497106.46403195,4445691.34978959,0.2762355868031187,0.10631665854207163
4143,36349068.27286642,40679546.41104238,4330478.138175957,0.27743549673428397,0.10932065470573302
4144,36995457.163816586,41085528.40793022,4090071.2441136315,0.2536145346346479,0.08914203044634851
4145,35767292.268722385,39896539.45344456,4129247.1847221777,0.27643426967871376,0.11052180150906869
4146,36779027.50936085,41028608.618557274,4249581.1091964245,0.27355589870705216,0.10516980690216805
4147,36888490.81446171,41418639.528495654,4530148.714033946,0.27478337385368196,0.10505389456910001
4148,36082881.95524057,40386777.64927393,4303895.694033362,0.27392201321005144,0.1105142680412598
4149,36527780.425805874,40811300.805613786,4283520.379807912,0.27814784183342767,0.10946401530821064
4150,35841061.81954888,40171339.32188077,4330277.50233189,0.2875118901735903,0.11764566882895165
4151,36096809.926065914,40278503.19264658,4181693.2665806636,0.2695731801492928,0.10494521885281118
4152,36021592.05353498,40254021.77539899,4232429.721864015,0.2668948530467885,0.10103181557414538
4153,35802176.144716315,40058552.90897965,4256376.764263332,0.27813513770926457,0.10772525760696879
4154,36094315.028111495,40487324.053096354,4393009.024984859,0.28090967928562033,0.10599177847140973
4155,36555459.06408583,40850978.96370535,4295519.899619527,0.2715927163646532,0.10204617895560669
4156,36007352.16586367,40209724.82435391,4202372.658490241,0.2682055308182158,0.09781817493808201
4157,36269252.64539142,40545928.32746947,4276675.682078049,0.274098270294653,0.1129791466618374
4158,36688635.305542946,40977548.207212634,4288912.9016696885,0.27544331721445525,0.10759384886290953
4159,36600950.950717464,40951024.96740304,4350074.016685575,0.27674082603255434,0.1071258022741405
4160,35984078.9429871,40384901.1005339,4400822.157546803,0.26889986347114775,0.09699650945335818
4161,36741185.299317785,41036975.13060314,4295789.8312853575,0.280157610713479,0.11621129429814203
4162,36173704.12111929,40377757.29849007,4204053.177370779,0.2708848071218232,0.10445327263273196
4163,36766590.95932087,41073346.31725208,4306755.357931204,0.27803096614000594,0.11464496198531147
4164,36594113.51279842,41205058.55461816,4610945.041819736,0.28177299405101863,0.11010483987774247
4165,36636842.11519561,40835263.1507168,4198421.035521187,0.2713219101025796,0.10149997465802513
4166,36580064.22624548,40900291.14060669,4320226.914361209,0.2740379666649767,0.1103746104530711
4167,36398239.143515654,40687271.68045564,4289032.536939986,0.26556937569041644,0.09311675691145341
4168,36126352.4974931,40359169.38767391,4232816.890180804,0.27239448659704163,0.10336747987397657
4169,36264375.32025453,40483467.4074123,4219092.087157771,0.2716980764928988,0.10501538711229445
4170,36279518.38824624,40637067.07442952,4357548.686183281,0.2819604583007982,0.11125497145480354
4171,35999070.058819436,40155146.76091563,4156076.702096194,0.277303375704969,0.11179848815236931
4172,36920109.302252695,41054463.554200076,4134354.2519473806,0.26421619564384813,0.09827706415013246
4173,36613339.44988205,40910713.75466941,4297374.30478736,0.27098144058044965,0.1010776306574901
4174,36476241.52752297,40710161.749382004,4233920.22185903,0.26632031137203954,0.10030961384808532
4175,35943697.30809388,40388972.463677555,4445275.155583672,0.2840486092211069,0.11776810039562705
4176,36120491.06321519,40447374.02762379,4326882.964408599,0.2707080506434866,0.10347295763287842
4177,36245098.05536163,40486389.71016836,4241291.654806733,0.26893396527411306,0.10139757826271442
4178,36253392.59354057,40800747.65208302,4547355.058542445,0.27620705132429413,0.10594691155258164
4179,36346592.386125654,40580786.17697712,4234193.790851466,0.2764160141705234,0.10761398075763498
4180,36094423.530783206,40213342.14076135,4118918.609978147,0.27631507293704627,0.10964558149590486
4181,36661336.11757174,41031911.90123595,4370575.783664212,0.27011967437857726,0.10257599992676862
4182,35909467.95250026,40257497.60199574,4348029.649495475,0.28001487739610664,0.11226953036188941
4183,36370692.54736677,40653411.51155528,4282718.964188509,0.2788768295475458,0.11084678302512611
4184,36075287.660901316,40496584.237252094,4421296.576350778,0.2888373245057664,0.11800562863229591
4185,36383625.90816551,40587775.17111176,4204149.2629462555,0.2838505518357371,0.11928930872206978
4186,36396906.1219896,40650737.33365347,4253831.211663872,0.272626027994404,0.1085318744081724
4187,35970814.4035636,40372739.686884746,4401925.28332115,0.2793944065541489,0.10837127771786227
4188,36327000.087442175,40842245.03363576,4515244.946193583,0.2865170598314053,0.12001914464630893
4189,36920682.00399225,41215963.27443339,4295281.270441137,0.272805193087629,0.10555081836415968
4190,36828872.22008797,41265749.39279804,4436877.1727100685,0.28182162039170994,0.11387825643354668
4191,36265754.38851605,40625692.05622841,4359937.667712353,0.27995198503817864,0.1091839298805331
4192,36445826.97366805,40847305.66197039,4401478.688302346,0.28273551602287067,0.11430844231802685
4193,36054264.41110726,40318635.790002204,4264371.3788949475,0.2689482782380168,0.10002082282787761
4194,36310851.961516865,40548385.17460489,4237533.213088028,0.2634214265007198,0.09814707316098084
4195,36632360.151656486,41005648.731514946,4373288.5798584595,0.2795922993322452,0.10972765086825345
4196,36676430.23508702,40972311.03451576,4295880.799428739,0.2782382518246365,0.10922353275543042
4197,36407883.21121014,40565155.135666616,4157271.924456477,0.27711043638083843,0.11251474977095349
4198,36732760.90278198,41037960.3886528,4305199.485870823,0.2764548358127286,0.10642830741931054
4199,37058465.23426141,41382549.88287634,4324084.648614928,0.27586888013994904,0.11141267630044865
4200,36857071.84771575,41358599.45735028,4501527.609634526,0.2891370528096813,0.1223895639793706
4201,36073968.44957524,40207601.31350478,4133632.86392954,0.27554342705889956,0.10623024597527037
4202,36481680.81969847,40706556.56840856,4224875.748710088,0.26641763931632795,0.10233581540512789
4203,36802082.640593976,41221286.46212432,4419203.821530342,0.27576860121831176,0.1046231169818101
4204,36352108.07804263,40573768.03282617,4221659.954783544,0.27506249230897095,0.10565425668685452
4205,36696505.640219636,41082663.6582062,4386158.017986566,0.27695310585492794,0.1061479912268611
4206,36108120.015860945,40330019.73886523,4221899.7230042815,0.27298194881268134,0.10302636845799497
4207,35987914.027161166,40234044.943115905,4246130.915954739,0.268887867341701,0.10141291349893344
4208,35832666.64932719,39868677.33680404,4036010.687476851,0.2682417789132293,0.1052962040182473
4209,36444359.75492673,40738367.86589341,4294008.110966675,0.26757321178261056,0.09906778194975435
4210,36247615.55650535,40348029.66512743,4100414.108622074,0.27284022355812243,0.11013796103373327
4211,35758722.50922824,39859673.35648688,4100950.8472586423,0.27043825795545356,0.10536888527920497
4212,36379380.706154205,40819885.742596425,4440505.03644222,0.27456012886711,0.1041712032133519
4213,36321965.99183169,40504978.42272144,4183012.430889748,0.27210694314144446,0.10373222901489208
4214,36642627.2135551,40798396.73677561,4155769.5232205093,0.2725401708706152,0.1092922606835636
4215,35902842.47074734,40122958.16739552,4220115.6966481805,0.2722376716822051,0.1052072747450482
4216,36438639.90555443,40844770.419820964,4406130.514266536,0.2705389699524872,0.10309555409370014
4217,36285343.7607521,41006010.27293935,4720666.51218725,0.28141827996611485,0.10394222767400521
4218,36632038.431965,40908138.00725158,4276099.575286582,0.26835669744099583,0.0982755513087854
4219,36753425.52038069,41169242.90856286,4415817.388182171,0.27618128945950743,0.10350546439916854
4220,36438521.88681646,40882021.51044265,4443499.623626195,0.28061418136235355,0.1116997770782034
4221,36226783.21165541,40445442.0119027,4218658.800247289,0.27843640583677715,0.1126180877289147
4222,36546104.69085997,40797584.86719665,4251480.176336676,0.27478395999261,0.10352159004519103
4223,36348292.43947421,40833428.44163236,4485136.00215815,0.2782757204785388,0.1061157179321515
4224,36525905.72830774,40889264.73951513,4363359.011207394,0.2761196852521405,0.10555336357939747
4225,36598772.045016065,40995138.094167605,4396366.04915154,0.2758815206090205,0.10713835008779271
4226,35949313.85871618,40282503.51027241,4333189.651556231,0.28171909590528077,0.11598693203755697
4227,36034061.174464196,40157267.84894976,4123206.674485564,0.273915179052114,0.10745739513148406
4228,36046304.621399894,40382752.67804772,4336448.056647822,0.2811909211307925,0.11632207861115731
4229,36714441.77286207,41105216.62352102,4390774.850658953,0.2677313841311075,0.10062815615574253
4230,36382019.50634755,40607355.22929541,4225335.722947858,0.2687346652675594,0.10548897707645631
4231,36283971.61969455,40520124.228888735,4236152.609194182,0.27472360904501947,0.1060856210075398
4232,36175175.3588329,40512121.97088324,4336946.61205034,0.26518559018274784,0.09527735437810703
4233,36584201.99317473,41052528.67384,4468326.6806652695,0.2771767802202693,0.10511521096846813
4234,36482042.27779378,40739730.5512725,4257688.273478717,0.2712634850334964,0.10474947091107786
4235,36677806.46567285,41193905.59648621,4516099.13081336,0.28272444518878836,0.11301950873247432
4236,36096860.93483758,40456683.264064275,4359822.329226695,0.2745823593231841,0.10452985932207752
4237,36872694.22871766,41135049.83927616,4262355.610558495,0.28014364151728627,0.11367861678426153
4238,36817548.5964877,41068360.70204112,4250812.105553418,0.27934645260811725,0.11605335604078626
4239,36228609.09757363,40397747.881427705,4169138.783854075,0.2744347810390939,0.10740433111057429
4240,36419401.86577417,40743292.05039285,4323890.184618682,0.2730397291495496,0.10228419151401061
4241,36409514.932087906,40703965.866228074,4294450.934140168,0.28753170902480485,0.11883709777257512
4242,36264371.6592349,40371148.62451202,4106776.9652771205,0.27451906676695553,0.11231460818532614
4243,36084458.343795225,40464994.9472944,4380536.603499174,0.27609945458666496,0.10757239283509813
4244,36628780.96132843,40926412.76207887,4297631.800750434,0.27270857966201834,0.10075382917402768
4245,36571599.147190504,40879958.56318264,4308359.415992133,0.27487481187570484,0.11012453760184564
4246,36312709.169589,40489679.34680763,4176970.177218631,0.2700131579894827,0.10313100480853025
4247,36158095.74541327,40524614.69473418,4366518.949320905,0.2716399881328078,0.10302737111074542
4248,36033556.4716205,40467191.04459745,4433634.572976947,0.282019301349799,0.11397732034009879
4249,36415592.64267403,40891758.72306923,4476166.080395199,0.27910374420705303,0.10619743352781191
4250,37142619.0420924,41538542.379606664,4395923.337514266,0.2809502409372173,0.11308300181549714
4251,36395644.782837145,40506173.44852568,4110528.665688537,0.2682596913407175,0.10303773894417016
4252,36497770.12894973,40795820.35781512,4298050.228865385,0.27605366207095705,0.11041977994805852
4253,36532812.0574263,40686451.346078046,4153639.288651742,0.263763482231036,0.09853402870314144
4254,36307081.844870545,40359968.95965333,4052887.114782788,0.2774580927981242,0.11373752835566497
4255,36304762.07937524,40775649.57485625,4470887.495481014,0.2737464136820174,0.10615498972620423
4256,36671779.95710785,40996897.7642898,4325117.807181947,0.2752801205228329,0.10455780714927333
4257,36182849.21736648,40480854.96948075,4298005.752114274,0.2867659984345271,0.12233827099874325
4258,36087314.78586936,40464130.5301429,4376815.744273543,0.2840663787136109,0.11551391924275327
4259,36417952.06446709,40721711.11821322,4303759.053746134,0.27735592341417636,0.11207963613238676
4260,36182716.69497156,40523759.69219463,4341042.997223072,0.2661445528093217,0.09402570295280277
4261,36407616.98604983,40573317.29333677,4165700.3072869405,0.26473521795919636,0.10022856906124926
4262,36258629.8901999,40577828.67006199,4319198.779862091,0.27769941357618105,0.10571137023684544
4263,36684477.26491521,41126342.204254664,4441864.9393394515,0.27301077148020636,0.10482037003043433
4264,36343368.36864297,40357571.955631614,4014203.586988643,0.26372598331359753,0.09644844716464873
4265,36257554.05164001,40689893.935613014,4432339.883973002,0.27915753709431396,0.11254634860405306
4266,36156557.01348426,40448763.41357464,4292206.4000903815,0.27942738015095103,0.11273614275611954
4267,36549982.980703734,40928912.89828935,4378929.917585619,0.27899588720641566,0.108061508065682
4268,36675613.323157296,41062465.79395835,4386852.470801055,0.2800978016034114,0.11123090970413353
4269,36565442.18666361,40808504.53065419,4243062.343990579,0.2710196516275562,0.10412388233089823
4270,36512030.64213051,40741962.138646975,4229931.496516466,0.2668088900493921,0.10235853021567987
4271,36756014.01015323,41191611.247743145,4435597.237589918,0.27668136926458137,0.10744565801247846
4272,36261023.554286994,40656738.17822693,4395714.623939939,0.271462777888149,0.10035829067161138
4273,36299881.09251461,40694835.94888047,4394954.8563658595,0.27551127363671846,0.10546867904314981
4274,36330772.04499011,40529325.14760668,4198553.102616571,0.2726273117496501,0.10793977580353226
4275,36731064.875844315,41260505.40851821,4529440.532673895,0.2785650569528767,0.10628010315719684
4276,36348142.458141185,40551457.426719636,4203314.96857845,0.26610588658725187,0.10066154107289935
4277,36339222.219898775,40760442.88018547,4421220.660286695,0.2737388385714063,0.10125084713224118
4278,36193606.360286176,40410280.19297914,4216673.832692966,0.2654671665596294,0.10114894935045164
4279,36366122.81997235,40600270.502395704,4234147.682423353,0.270481568259589,0.10402565619952947
4280,36724107.31972306,41103890.19159121,4379782.871868148,0.2807861958317874,0.11531363113236208
4281,36915292.08183379,41349611.62111053,4434319.539276741,0.27720653640477505,0.10702413083574133
4282,36250900.15602821,40502253.84146559,4251353.685437381,0.27180418004260337,0.10948148054450695
4283,35859395.610599525,40105929.8619218,4246534.251322277,0.26532132967433536,0.09656858426924597
4284,36779191.55749857,41184460.850867175,4405269.293368608,0.27496810027403157,0.11271635565395184
4285,37110026.895039394,41578756.843063205,4468729.948023811,0.27731758129046513,0.10713383246238753
4286,35985660.144938685,40094515.65087648,4108855.5059377924,0.27336350004906745,0.10959913091538323
4287,36110980.80423075,40375819.36500673,4264838.56077598,0.2789793380896467,0.10946301712805567
4288,36835418.44564771,41248154.16921111,4412735.723563403,0.2740785922033689,0.10686487634167524
4289,36888487.326686785,41170311.394886926,4281824.068200141,0.26969822663991433,0.09624667441787427
4290,36452396.9776661,40836095.148526855,4383698.170860752,0.27384753854395083,0.1015900960600859
4291,36655453.24078116,41101049.64654994,4445596.405768782,0.27331413469270316,0.10399755399096719
4292,36361707.214175984,40595802.21584144,4234095.001665458,0.2697330101860771,0.10111121177543225
4293,36494963.68012368,40861493.23289232,4366529.55276864,0.2839776291034029,0.11631382040680395
4294,36476230.1555656,40836407.31588106,4360177.160315461,0.2739190845663144,0.10149376655222132
4295,36923039.612908326,41226886.353907295,4303846.7409989685,0.2789672484333462,0.10717576128202293
4296,36424247.22926528,40685363.9203195,4261116.6910542175,0.2778559296637675,0.11094941615298166
4297,36587792.54538068,40938224.24646381,4350431.701083131,0.27712243509905043,0.11144095627989027
4298,36016112.29485005,40238659.05271025,4222546.757860199,0.272189502692039,0.10389042475077316
4299,36405826.95422158,40763377.03274987,4357550.0785282925,0.27603505887007546,0.10644950676943643
4300,36702130.32115858,41026601.72577494,4324471.404616356,0.27844497848468275,0.11079748973274908
4301,36046670.62498865,40347803.72169867,4301133.096710019,0.27802531902494576,0.10755663798504318
4302,36420916.9326117,40613376.336625636,4192459.404013939,0.27648544333120445,0.11057095072007367
4303,36486004.64271443,40775340.20963934,4289335.566924907,0.2691952701704663,0.10012285921601778
4304,36355949.32293071,40696901.33388799,4340952.010957278,0.28017456839623145,0.10936268618352937
4305,36424202.19818523,40711792.836566724,4287590.638381496,0.2789519231729499,0.11618559371003695
4306,36959080.97170376,41374829.59783197,4415748.626128212,0.2704584027477674,0.10348550563220672
4307,36829954.19427483,41086524.66045262,4256570.466177791,0.2564020366010737,0.08819690022887432
4308,36498961.26701193,40932353.94972555,4433392.68271362,0.27783333726749254,0.1088949976855614
4309,36042643.93482282,40553068.96827267,4510425.033449851,0.27903920959107875,0.10869412159272333
4310,36543681.89743933,40946896.29930236,4403214.401863031,0.2704340954698779,0.09618645272185977
4311,36246532.75882995,40687045.5415947,4440512.782764748,0.28222503137105315,0.11458059648568394
4312,36719639.189667106,41199271.347210534,4479632.157543428,0.27818078641915495,0.10714450866061748
4313,35976371.77260151,40387456.03114733,4411084.258545823,0.28252113258353106,0.11635964144811489
4314,36272995.68811299,40680807.82170981,4407812.133596823,0.2820002844394456,0.11242577644657627
4315,36804237.76083163,41160398.98948657,4356161.228654936,0.27801611654334774,0.11489052222441344
4316,36137360.18587579,40337134.975607485,4199774.789731696,0.2820265541496463,0.1149665558818992
4317,35984081.59618339,40288209.69469128,4304128.098507889,0.2823289592968116,0.11679647524560796
4318,36038327.02055985,40400388.61504051,4362061.594480664,0.27209725961223064,0.10456165121399039
4319,36718301.98181454,41091197.66004899,4372895.6782344505,0.27752552358045784,0.10875857507512486
4320,36529649.09636838,40841678.096925765,4312029.000557385,0.2718789295332032,0.10199833999236285
4321,36533229.120723695,40733576.76228142,4200347.641557723,0.2694780117712325,0.09896100640815671
4322,37041196.295012996,41252922.406490944,4211726.111477949,0.2731887873678855,0.10787293012812293
4323,36514943.74469893,40784004.31063592,4269060.56593699,0.27623717954295096,0.10976656316872815
4324,36442829.65988843,40809634.143418,4366804.483529568,0.2766213624582472,0.1043854955007755
4325,36357570.97132438,40898242.554057844,4540671.582733467,0.28837316181271017,0.1189416364878665
4326,36592087.64169255,41046568.046920754,4454480.405228205,0.2866549258996408,0.11790716912760664
4327,36530029.606055796,41019626.87680168,4489597.270745881,0.2779384222534915,0.10751843838355853
4328,36149945.008629076,40318895.88259668,4168950.873967603,0.27434970473612236,0.1112470113509364
4329,36295435.9968259,40514817.44806031,4219381.451234408,0.26882804903383867,0.1009944966245888
4330,36134496.21578553,40558979.93180363,4424483.716018096,0.2852184416063428,0.1164364807035235
4331,36864673.95606225,41114063.09489832,4249389.138836071,0.27643749935007256,0.10694826498001218
4332,36855985.7534245,41203332.8263007,4347347.0728762,0.27444486949695024,0.10896378540496285
4333,35805205.77562064,40224025.7036941,4418819.928073458,0.28676357745881426,0.11727077218228091
4334,37023408.50343174,41186416.87402065,4163008.3705889136,0.276695441186803,0.11085326333096288
4335,36216243.23438041,40625127.3575962,4408884.123215795,0.2758627898738507,0.10308263075325794
4336,36793467.79298814,41262668.639411576,4469200.84642344,0.27818564775622423,0.10848629583831444
4337,36985755.48114192,41399459.03847036,4413703.55732844,0.2826005791077734,0.11842701877173496
4338,35855645.30814541,40093574.36363954,4237929.05549413,0.27692316703644115,0.10595956052139532
4339,36717246.68969079,41062485.37355913,4345238.683868341,0.2780665266674808,0.10850832282672028
4340,36225559.07987863,40507432.89657261,4281873.816693984,0.2693189621699775,0.1063549798343609
4341,36690417.26497814,41009417.14923369,4318999.884255551,0.28105244689740083,0.10994068370397546
4342,36509365.665773116,40894316.00700249,4384950.341229372,0.27945373798796097,0.11328148341923773
4343,36571511.15343219,40874668.67720798,4303157.523775786,0.2687430513084181,0.10072402645150809
4344,36494138.61532032,40916330.36369995,4422191.748379633,0.27450877427012316,0.10579107715314533
4345,36361879.73436377,40728284.77648796,4366405.042124189,0.2690227708730642,0.10113780701671268
4346,36712309.449318215,41091032.878149405,4378723.42883119,0.28106425032455173,0.11456705093605912
4347,36068263.44852893,40450716.90911886,4382453.46058993,0.26533583511027364,0.09488238022707396
4348,36243725.769425824,40596321.00205758,4352595.232631758,0.2722689721492763,0.10413800308058097
4349,36199481.86840573,40392096.822673135,4192614.954267405,0.27546109477922337,0.11092574232376284
4350,36003326.75161375,39978808.35786992,3975481.606256172,0.2671724346987807,0.10047094035376622
4351,36160909.62583074,40470324.21060172,4309414.5847709775,0.2738094569077265,0.1029652131875912
4352,36170036.4285427,40379261.90454303,4209225.476000324,0.2770308913301934,0.10877647225421429
4353,36110696.073320195,40330653.98995344,4219957.916633248,0.27670487518920683,0.10729640573842099
4354,36777272.64411726,41201315.54260334,4424042.898486085,0.27405652754499144,0.10201550595086922
4355,36731086.625046805,41018883.921233475,4287797.296186671,0.2751393461463964,0.10941416742796163
4356,36159265.460957825,40523980.63181046,4364715.170852631,0.2775614066230099,0.10451953363804019
4357,36549048.78961139,40946850.808980405,4397802.019369014,0.26899979131292673,0.09429052011619297
4358,36279428.152899735,40530755.27381051,4251327.120910779,0.2708770522704269,0.10226760076992303
4359,36223128.76120283,40511441.0585467,4288312.2973438725,0.27040159484985155,0.10192245243789219
4360,36872662.253490746,41100031.176218234,4227368.922727488,0.26993968030595167,0.10819948578332639
4361,36392238.39744039,40687718.19699154,4295479.799551152,0.2815669831093584,0.11472389093715661
4362,36334198.592918105,40749652.520502225,4415453.927584119,0.28067424458677415,0.11113633580773222
4363,36621736.919876054,41070487.56768323,4448750.647807173,0.2738303376627184,0.10056876751234983
4364,36520507.75487669,40821637.77854034,4301130.023663655,0.2770283405673274,0.11360430103387013
4365,36678241.129502416,40982644.6654361,4304403.535933681,0.2776444103133538,0.10905904801694215
4366,36517282.599923596,40701409.20171676,4184126.6017931625,0.26727819014289644,0.09595611258744711
4367,36381398.94122172,40524108.77817205,4142709.836950332,0.267084367722139,0.10063922801311113
4368,36790963.47765495,40989752.59281846,4198789.1151635125,0.2696303975835707,0.10868032216293043
4369,36388320.629314646,40719107.55409826,4330786.924783617,0.27539650341752964,0.10553537577925881
4370,36640699.99906804,41052806.091869935,4412106.092801899,0.27945751956685494,0.11514757677029089
4371,36720287.12498522,41323460.272170745,4603173.147185527,0.2816309722984543,0.11485885077018788
4372,36754494.90294411,41053215.55365662,4298720.650712512,0.2739036830916686,0.10946576725591704
4373,36315852.93800476,40860155.35413705,4544302.416132286,0.2752272997622693,0.10144395566472739
4374,37029746.99618803,41429131.55727467,4399384.56108664,0.27696590447877906,0.10723402091565495
4375,36261120.74536153,40418749.99320673,4157629.2478452027,0.26827690429830586,0.09757703053421686
4376,35905795.24773067,40214604.76855184,4308809.520821169,0.2796651563180203,0.11097053515676174
4377,35484770.38369837,39718195.66290492,4233425.279206552,0.2739329482574628,0.10273795413733032
4378,36182142.014209524,40375971.612813145,4193829.598603621,0.2701573099121852,0.0975288954545706
4379,35984148.23832901,40427581.3127471,4443433.07441809,0.27825365542101216,0.10554409377135734
4380,36829052.580174044,41199043.82714881,4369991.246974766,0.2772803345983446,0.11188472311338273
4381,37100214.53971118,41561977.911828384,4461763.372117206,0.2749865400581117,0.10800133672254472
4382,36567403.77554543,40951101.06336591,4383697.287820473,0.2701903396426227,0.09502252929073317
4383,36052592.97862915,40389036.199407384,4336443.220778234,0.2722452036020498,0.09982486044517087
4384,35925105.13528385,40152625.670797214,4227520.535513364,0.27958336347137636,0.11226424734401004
4385,36164008.416657634,40606773.57841846,4442765.161760829,0.2766439399481904,0.10729786392672881
4386,36585443.79230591,40687062.09157993,4101618.29927402,0.270510541100914,0.10676671298140233
4387,35954270.21727869,40279339.25924921,4325069.041970521,0.2825466139450627,0.11351133087671286
4388,36566671.33351744,40914024.21184677,4347352.878329329,0.2791594946784841,0.11098516832839378
4389,36260010.81958475,40527288.14040768,4267277.320822932,0.27404497397958055,0.10320327535299754
4390,36317560.017266534,40629620.326316506,4312060.309049971,0.2750953397758354,0.11027460520953694
4391,36520387.733627565,40892435.71853786,4372047.984910294,0.2760663993186052,0.11145538526891462
4392,36773873.000501096,41149106.17161043,4375233.171109334,0.2720668342255194,0.09983612777568558
4393,36548895.87540281,41027850.48420444,4478954.608801633,0.2714422863814807,0.10253894920514894
4394,36161329.25949167,40412914.35688162,4251585.097389951,0.2692137158623363,0.10285784100337408
4395,36428651.61198066,40639931.901113614,4211280.289132953,0.28084780583586616,0.11272169854616503
4396,35756028.57061395,39923751.14228748,4167722.5716735274,0.2680291663285068,0.10118405778314336
4397,36666605.90794336,40888774.734901406,4222168.826958045,0.2675525167442012,0.0952559879231232
4398,36409989.15264071,40985566.016068004,4575576.863427296,0.2808064997852914,0.11188154741465585
4399,36348271.110495865,40915901.86879978,4567630.758303918,0.279197675310438,0.11151052044879431
4400,36692232.367101185,40853395.12065758,4161162.753556393,0.2742939962282995,0.10794411494061193
4401,36625166.277483426,41117344.89539994,4492178.617916517,0.26684537351779525,0.09902589829914692
4402,36421317.401639774,40575741.74336616,4154424.341726385,0.2720292405435791,0.1097127332448403
4403,37032943.52978642,41319477.15673886,4286533.62695244,0.26992283657704025,0.10443606043893573
4404,35686952.43375422,39926759.70903542,4239807.275281198,0.2712504033575458,0.10463365974994436
4405,36254037.23002472,40674333.451639906,4420296.221615188,0.27768008256404475,0.10417956019337257
4406,36632647.41995449,40797486.54306832,4164839.123113826,0.27573979509401214,0.11686839527551192
4407,35940283.21172857,40401488.42344087,4461205.211712301,0.2714366004279776,0.10402355356645833
4408,36330212.33940294,40703479.47095947,4373267.131556533,0.2747035873400145,0.10459254690505289
4409,36139532.736071974,40409565.447907284,4270032.71183531,0.27022943447466224,0.09972039090958354
4410,36081682.828316875,40414171.114201404,4332488.285884529,0.2633271339913972,0.09145986743795802
4411,35979817.945301294,40158602.72299269,4178784.777691394,0.27221235969541513,0.1016359865719829
4412,36334341.52072125,40728129.55023098,4393788.029509731,0.2883988540079243,0.11921382426684436
4413,35766210.625219256,40321619.63219731,4555409.006978057,0.271882617823281,0.09878561391518204
4414,36145535.4975992,40471703.300053015,4326167.802453816,0.27036827476534314,0.10079257286916028
4415,36554577.32892047,40956036.7861199,4401459.457199432,0.28858895583398814,0.12063146958984167
4416,36381851.72425188,40715622.86387572,4333771.139623836,0.2720252011492076,0.10958076117659665
4417,36193788.85465953,40292923.40319251,4099134.548532985,0.274815776185331,0.10560327014217688
4418,36271308.08470379,40477760.797490574,4206452.712786786,0.26302401645737233,0.09448394745650368
4419,36244886.40393011,40388595.04286056,4143708.6389304474,0.27253538318203335,0.10997191978252778
4420,36175009.848326266,40258703.42974865,4083693.581422381,0.2721459066976827,0.10572009814606415
4421,35983183.89063616,40192259.76035318,4209075.869717017,0.2627782275393779,0.09541138959192191
4422,36450641.00240135,40838133.64648988,4387492.644088529,0.2684222219582576,0.10028486768272259
4423,36070626.72167656,40475942.571383454,4405315.849706896,0.27199715612677616,0.10621826581827515
4424,36707781.309407465,40839441.89639905,4131660.586991586,0.2769050315321653,0.10869520555544647
4425,36668515.44637283,40963547.4943924,4295032.048019573,0.2765733793394467,0.10584176868322975
4426,36480327.612184115,40778178.34055162,4297850.728367507,0.2743533404020816,0.10756120701112946
4427,36060688.25035851,40174681.44865184,4113993.1982933357,0.27280360656515457,0.10088403823978483
4428,36435478.45453873,40681472.76794457,4245994.313405834,0.27967022475700076,0.11476995727437973
4429,36043618.84147407,40330912.70559141,4287293.864117339,0.26894458414941047,0.09910025500384381
4430,36225627.913453236,40561455.43211591,4335827.518662676,0.27625650216926495,0.10568811118387324
4431,36738499.122181475,40946785.98591143,4208286.863729954,0.27421508462160393,0.10840321913513518
4432,36302901.269333936,40519236.846285395,4216335.576951459,0.271792435549415,0.10740304773083925
4433,36426768.12351514,40854117.86537089,4427349.741855755,0.2770977489767322,0.10289781816971125
4434,36911550.09743963,41104437.647467464,4192887.5500278324,0.2737807603260716,0.10499937886105022
4435,36368482.30085917,40771413.93651376,4402931.635654591,0.2728133563538183,0.09863568705301201
4436,36508855.65354154,40690405.40647977,4181549.752938226,0.2745145506485548,0.11066100304731377
4437,36339999.26602259,40718620.79315249,4378621.527129896,0.2656171336511462,0.09841211377097134
4438,36728080.63661939,41024115.55967658,4296034.923057191,0.27088081573968653,0.09983960503897464
4439,36856894.70213646,41303486.081697956,4446591.379561499,0.2801082874996464,0.10694085770018613
4440,36039045.86910048,40253721.04519156,4214675.176091082,0.2649064503241677,0.09920630695879364
4441,36440395.66583317,40912191.87692642,4471796.211093254,0.2790435518409877,0.1124531476508171
4442,35973717.124614626,40053030.98213178,4079313.857517153,0.2651539360475737,0.10057178568697564
4443,36267537.34334529,40699309.08722958,4431771.743884288,0.26709810684690716,0.0965708992319197
4444,36475076.34560886,40933930.2848981,4458853.939289242,0.2806326769946844,0.11199842387354116
4445,36085441.78421921,40543327.73507992,4457885.950860709,0.2829371997018333,0.11127910173701923
4446,36588603.18332647,40959158.94748125,4370555.764154784,0.2717010905439837,0.10733690055895415
4447,36373670.84471185,40716511.26307648,4342840.418364629,0.2747280418170197,0.10602434367668863
4448,35839795.69033136,40228691.727832034,4388896.037500672,0.28493330724412763,0.11969309552774776
4449,36863950.07072566,41304050.64242222,4440100.571696565,0.2790669465324236,0.10818220785888923
4450,36335404.356500804,40529991.94401189,4194587.587511085,0.2766092923666265,0.11002952685226312
4451,36580602.26795515,40903046.06298762,4322443.795032471,0.2807150556143122,0.11278128264422675
4452,36636184.328098096,41097558.89337691,4461374.565278813,0.27079789539380605,0.10067912661773094
4453,36156087.32960407,40502344.0811227,4346256.7515186295,0.2654200553076618,0.09479638979090609
4454,36396982.81921092,40643450.568836555,4246467.749625638,0.2804629177469328,0.11680333438824166
4455,36592523.61338199,40840954.915491045,4248431.302109055,0.2660744054486631,0.09405353991575624
4456,36156360.28072279,40392121.30311519,4235761.0223924,0.2770176198798029,0.11045631148085595
4457,35841337.57334961,40166700.013221644,4325362.439872034,0.2682463225512519,0.0983731783890423
4458,35726340.61419309,40011670.36214466,4285329.747951567,0.2779085491761426,0.11013426363768261
4459,37266520.87353161,41913651.81802841,4647130.944496803,0.2784532988641145,0.10497297643597621
4460,36293453.51855203,40545223.14130412,4251769.622752093,0.26971702072836434,0.09911160965987455
4461,36580577.59807665,40786893.764610216,4206316.166533567,0.2748396616817719,0.10554302491238558
4462,36741555.02121664,40981880.524809666,4240325.503593028,0.2688717027448784,0.10113996086285204
4463,36596750.295816846,41192207.22340472,4595456.927587874,0.28557568458948773,0.11474770170692215
4464,36133553.655203775,40315587.482050054,4182033.826846279,0.2746481750857388,0.11058051082202962
4465,36620611.37513374,41119930.539792,4499319.164658263,0.28526322651097624,0.11646567801712107
4466,36763337.826430656,41027744.19600816,4264406.369577505,0.27464921754297533,0.10692831999113497
4467,35876613.26935123,39950377.640689254,4073764.3713380247,0.2647497632296967,0.09854754848147772
4468,36360141.17089455,40721062.72048926,4360921.549594715,0.2765671155054764,0.10728653089712768
4469,36045403.3626008,40410296.695723645,4364893.333122842,0.2774151405500762,0.10855803372910507
4470,36654428.23226285,40937288.726936266,4282860.494673416,0.2665662104724016,0.09864502400881954
4471,36765585.54490176,41317239.87167219,4551654.326770432,0.27331062655210464,0.09759043903984686
4472,36514656.926532246,40609666.66933618,4095009.7428039312,0.2634726020816163,0.09393668607905183
4473,36289784.27484156,40546804.695913434,4257020.421071872,0.27419949182368347,0.11376431153276512
4474,36389372.383596286,40733153.05670948,4343780.673113197,0.27164604507549023,0.10634745920641285
4475,35506219.76316889,39726067.90509799,4219848.141929105,0.27351229952160044,0.10736946341352115
4476,36695737.12240819,41123142.52244742,4427405.400039233,0.27412935904540936,0.10620940740539198
4477,36150028.31024025,40368131.95994953,4218103.649709284,0.26172130323727893,0.09777325568495826
4478,36485663.99889702,40730867.27480715,4245203.275910124,0.28162874564441476,0.11836615688440723
4479,36895733.91340335,41158846.05200519,4263112.13860184,0.2733195173744411,0.1142487563414022
4480,37141341.78409875,41572889.37420659,4431547.590107836,0.27510030761870186,0.10651812653757017
4481,35838722.05430613,40110081.60979038,4271359.55548425,0.2786395398415655,0.11479957008020004
4482,36015014.910684735,40315224.93082511,4300210.020140372,0.28151139881414405,0.11816125482570092
4483,36189795.03338709,40445118.60331194,4255323.569924854,0.27685904285375074,0.11115771362495541
4484,36153310.38162319,40378714.72633637,4225404.344713174,0.27600019929777,0.1104149549693399
4485,36205036.16138169,40577390.36275992,4372354.201378226,0.2761273362436388,0.10958180516699276
4486,36285767.94901067,40627501.814281896,4341733.865271226,0.27212432631710853,0.10372041167654728
4487,36576580.96717014,41022944.74933271,4446363.782162569,0.28356195917658894,0.10935458510084636
4488,36351018.336268716,40468048.82164817,4117030.4853794575,0.27074800671769234,0.10808432423183131
4489,36479900.399706334,40711881.03113988,4231980.631433547,0.26940124852266795,0.10429220661334396
4490,36852336.17536897,41413164.178400256,4560828.003031284,0.27718206215228,0.10768804005692595
4491,36229189.856124595,40740183.0567787,4510993.200654104,0.28339450519091686,0.10967323447328353
4492,36805299.437351175,41141075.303623036,4335775.866271861,0.2771719300231609,0.11236164594157384
4493,36499777.239621125,40866758.379674405,4366981.14005328,0.27537140335955046,0.10541338277657498
4494,36094579.32151563,40354457.69129886,4259878.36978323,0.2723231346105895,0.10400670099747641
4495,36768931.80702406,41118659.79995526,4349727.992931195,0.2703683810648604,0.10592044960717664
4496,36235536.81083806,40366693.53341672,4131156.7225786597,0.2756257936134161,0.11219797086825825
4497,36755218.23178856,41179683.93596725,4424465.704178691,0.27684832660105496,0.10440794052247189
4498,36226916.99522289,40537655.64723891,4310738.652016021,0.2718412616978756,0.10645216062568202
4499,36678348.303672776,41094562.274133764,4416213.970460989,0.2718803525859826,0.1037794223697224
4500,36196192.0728807,40390396.536470704,4194204.4635900036,0.2634552801793239,0.10005065493758078
4501,37043669.54744539,41356172.491592154,4312502.944146767,0.27667835527942813,0.10783833878295239
4502,36634823.52732607,41002473.4334371,4367649.906111032,0.27620391809807576,0.10703511969397289
4503,36467712.071714036,40850517.05362613,4382804.981912091,0.2713108994534687,0.09804965766487644
4504,36689612.59627386,40942426.734221466,4252814.137947604,0.2683495558427176,0.09963129691730563
4505,36476872.170644365,40782672.601470254,4305800.430825889,0.2759411809043853,0.10882915279010973
4506,36063333.01992012,40439061.50291022,4375728.482990101,0.2756554819312162,0.10437126298381706
4507,36302946.91427549,40794099.544369474,4491152.630093984,0.2770133233351827,0.10836231880569837
4508,36121812.462577455,40471660.36677648,4349847.9041990265,0.27497588435179177,0.10572949112441885
4509,36413074.26843751,40702154.27426924,4289080.005831726,0.27713556585966803,0.10989627234750939
4510,36452967.299022816,40821953.03822789,4368985.739205077,0.2678304627014265,0.09791315981636692
4511,36552267.36634101,41039384.753307454,4487117.386966445,0.27941002640219315,0.10678178534639812
4512,36396457.3101315,40880919.749820925,4484462.439689428,0.2792114702491216,0.10776195384794414
4513,36187070.1423232,40512573.89516028,4325503.752837077,0.27716046949064,0.1098697316626646
4514,36734941.06836995,41073567.32088391,4338626.25251396,0.27423693560782264,0.10141083847591652
4515,36447511.22757238,40835808.671069056,4388297.443496674,0.28067271033163366,0.11585276810082787
4516,36679637.57742294,41081315.57727655,4401677.999853611,0.2686492059572471,0.10185314950182013
4517,36098838.80430041,40433551.329694666,4334712.525394253,0.28019031765788904,0.11227804006859421
4518,36841748.02030795,41045692.03191854,4203944.01161059,0.2812947621706194,0.11945005788632415
4519,36458074.38500336,40760800.653014824,4302726.268011466,0.27673063825775157,0.1039364852498472
4520,36767294.38651382,41048740.98653674,4281446.6000229195,0.27013166242034037,0.09889167881124243
4521,35822335.31102243,40163146.29765609,4340810.986633658,0.27214908622481654,0.10224424849533989
4522,36679123.01628988,40966869.03493632,4287746.018646434,0.27729145294952523,0.1078740619336074
4523,35716541.308815256,40011451.175940596,4294909.86712534,0.27231927056976224,0.104507901364528
4524,35828034.21486352,40059256.845357,4231222.630493484,0.27286982956853595,0.1078456375622341
4525,36141721.3422273,40344794.12107009,4203072.778842784,0.2801841075387104,0.11726843712588901
4526,36741186.85739822,41055241.48390934,4314054.626511119,0.2818034622953991,0.11270712836624991
4527,36115620.187154666,40581543.41011519,4465923.222960524,0.27651027021115027,0.10512119212065345
4528,36487945.04508507,40888700.08707377,4400755.041988701,0.2715462136643946,0.10145735074324108
4529,36707075.53696226,40928094.10257992,4221018.565617658,0.2783841756584269,0.11393545547593997
4530,36662295.09548297,40832674.85080989,4170379.7553269193,0.2723401116971467,0.11122979207804887
4531,36669753.84544053,40997764.842149965,4328010.996709436,0.2753424402276566,0.10909716167053397
4532,36762548.13645078,40935667.10042324,4173118.9639724568,0.2705709647889319,0.10410133293199403
4533,35925764.14471433,40398110.26922521,4472346.124510877,0.28448203235982306,0.11239833265866142
4534,36791528.79800973,41192807.30784165,4401278.50983192,0.28316322214372724,0.12132828791269451
4535,36459320.77729449,40747750.572775275,4288429.795480788,0.27431111078106213,0.10374576923095868
4536,36196113.93746596,40667911.99564918,4471798.058183223,0.27941323025861015,0.10809665262820102
4537,36389080.67671329,40769701.7974105,4380621.120697215,0.28082505382975914,0.11351044862450685
4538,36812087.036728315,41152344.787881754,4340257.751153439,0.27238921254704285,0.10016046614462999
4539,36173134.984278515,40490396.43847487,4317261.454196356,0.28105376493458734,0.11132075272785631
4540,36751327.31028459,41212691.75840056,4461364.448115967,0.2745773439354246,0.10728989585291202
4541,35919646.342401,40190550.23837755,4270903.895976551,0.2674232040136244,0.09779813542861644
4542,36687787.497977905,40904223.12097748,4216435.622999579,0.2811561776784435,0.11291927577533172
4543,36028518.78503484,40314875.7669453,4286356.98191046,0.27677497859906053,0.10794103308113523
4544,37113217.32231346,41332914.102630526,4219696.780317068,0.2759626337377427,0.108587105740866
4545,36105250.75376657,40490376.59387321,4385125.840106644,0.28234983525473994,0.12020783135221427
4546,36174491.12812613,40300228.06374659,4125736.935620457,0.27513493766250474,0.11096508209234618
4547,36144757.41922839,40421112.02835291,4276354.609124519,0.2672857702223862,0.0985962980241188
4548,35743720.35419954,39933551.17042043,4189830.816220887,0.27253940386101205,0.10725686085352457
4549,36738405.39255192,41106343.49622312,4367938.103671201,0.2871722093419568,0.12062912889341812
4550,36423212.34275604,40793488.39076181,4370276.048005767,0.2802360856095017,0.11701128416730634
4551,35627885.49630681,40008886.499624774,4381001.003317967,0.27916463535386327,0.10692025873294982
4552,36892994.67568238,41088343.17871184,4195348.503029458,0.2685610132115294,0.10257391405468543
4553,35901465.88109605,40308628.46155204,4407162.580455989,0.27708919445298635,0.10779442895448202
4554,36971306.106450975,41399626.50700625,4428320.400555275,0.2808327915972282,0.11098809226632371
4555,36821371.74745288,41243199.718351245,4421827.970898367,0.27537448239515894,0.10443010886546443
4556,36759394.22092204,41120726.43316901,4361332.212246969,0.26381728314572,0.09346389393542262
4557,36107966.4911976,40310820.70755257,4202854.216354966,0.2729110467699922,0.10426200025427555
4558,36091428.15378485,40339768.0011066,4248339.847321749,0.2845805711681465,0.1156390276743336
4559,36305561.006903715,40692011.28654625,4386450.279642537,0.2760692548428516,0.10165127142561443
4560,35937141.57906309,40219678.63787011,4282537.058807023,0.2701558874449996,0.10082360501845253
4561,36023294.80888914,40294647.4024993,4271352.59361016,0.2694374170604788,0.10150302355361805
4562,36269261.73004537,40623898.43667794,4354636.706632569,0.28247597046947565,0.1134384584448272
4563,36356144.85379039,40472964.36800852,4116819.514218129,0.27225208613953944,0.10567485553151505
4564,36406921.78973621,40887221.35154847,4480299.561812259,0.27515973599988086,0.10510938265709159
4565,36535598.051037565,41017861.75510258,4482263.704065017,0.28547898235391966,0.11477713842515493
4566,36743125.64995833,41135222.821512446,4392097.171554118,0.2746636477404357,0.10529033166911843
4567,36986103.81392004,41308239.13147868,4322135.317558639,0.27271688538717487,0.10747501882475435
4568,37286734.335339956,41664075.78423092,4377341.448890962,0.27353482509776456,0.10255685242780672
4569,36687254.320701145,40824872.60512845,4137618.2844273075,0.28061219866857345,0.11314095870836059
4570,36420202.1328296,40892710.599810965,4472508.466981366,0.2782735863547434,0.10809118911175386
4571,36020563.84381694,40551698.66683708,4531134.823020138,0.28408320782377927,0.11688220147735313
4572,36633079.54144776,41062430.5492771,4429351.007829338,0.28358786394456453,0.11630730633810178
4573,36764332.73469136,41190214.477186315,4425881.742494956,0.2772474704051139,0.11187412900661717
4574,36310168.57919966,40446480.957321204,4136312.3781215474,0.2676709045075624,0.10226791940016682
4575,36180696.43912944,40560553.761310264,4379857.3221808225,0.2726110244580111,0.10878372294776388
4576,36208445.14074072,40779076.12289839,4570630.98215767,0.28019250495934644,0.10622175065825566
4577,36229306.75472406,40708884.8330891,4479578.078365035,0.2742645035797799,0.10125899378804781
4578,36222195.60886965,40515413.82080432,4293218.211934671,0.2822419809854079,0.114050315480712
4579,37136211.440814056,41416213.87972308,4280002.438909024,0.2782516699854782,0.10915577757698998
4580,36388432.48138967,40736014.670374624,4347582.188984953,0.2798825634042495,0.11362911085842689
4581,36370968.1362291,40635046.82175407,4264078.68552497,0.27838240758540833,0.10497199876936121
4582,36602272.601893805,40871810.10715806,4269537.505264252,0.26987510233914225,0.10114332440096266
4583,36202304.227527685,40635606.9161071,4433302.688579418,0.2799571847316069,0.10874032192463884
4584,35932786.06779072,39986316.99194316,4053530.9241524413,0.2696887178991542,0.10731487983762088
4585,36559613.648254305,40603728.60889076,4044114.960636452,0.27589434794513706,0.10983530516754363
4586,36447046.91439616,40830766.60999155,4383719.695595391,0.27822312164673385,0.10675183781103847
4587,36991448.40865073,41422371.45660508,4430923.047954343,0.2707736054760558,0.10601791560762551
4588,36412044.06659983,40725364.9538726,4313320.887272768,0.28117889023192877,0.11130425239327596
4589,36625302.19447147,40781420.433528915,4156118.239057444,0.26912123423537554,0.10306210946626819
4590,36907631.16376576,41395650.11517865,4488018.951412894,0.28359658259643933,0.11065141954693172
4591,36635912.77487621,41015455.71013276,4379542.935256556,0.2816241793259859,0.11309799122462194
4592,35861161.08107583,40324581.40080203,4463420.319726199,0.28527404885934027,0.11554268816817884
4593,36356600.00273437,40868584.94165214,4511984.938917771,0.2850173417969488,0.1124634554920331
4594,36443301.51084541,40786403.85631159,4343102.345466182,0.2739244653173692,0.10711138462306224
4595,36250405.639945045,40288121.93721757,4037716.2972725257,0.27165563167601836,0.10727174419129412
4596,35920103.85693934,40147397.931034684,4227294.074095346,0.2798308370780096,0.10992530483975751
4597,36921521.3174538,41097933.965072304,4176412.6476185024,0.2634829737352686,0.10359940936629974
4598,36426943.07883401,40669814.24018389,4242871.161349878,0.28034760951502835,0.11139972456008201
4599,36174125.00025506,40455257.946068145,4281132.945813082,0.27025985950478054,0.09865301501503645
4600,35797266.05973385,40003586.16636038,4206320.1066265255,0.2696027104255441,0.09903494116102185
4601,36175300.876661204,40274177.272786416,4098876.3961252123,0.2747287572359989,0.11223695905898787
4602,36402535.28083383,40608395.248725705,4205859.967891872,0.27547301587085443,0.11407794854657637
4603,36432145.82141146,40888245.79165177,4456099.97024031,0.26767157127636626,0.0986255185174475
4604,36123232.02560576,40426304.40008582,4303072.374480061,0.28092761168654873,0.10756988971164995
4605,36460492.191354595,40943669.149070315,4483176.95771572,0.27889505561941674,0.11135557068911323
4606,35881669.72743813,40174685.51939574,4293015.791957609,0.2691986845561275,0.10186324892376886
4607,36295106.94612945,40618035.4982622,4322928.552132748,0.27629100585028976,0.10958602357404075
4608,36359603.87375109,40469271.12495088,4109667.2511997893,0.26647240159660873,0.10420853933754083
4609,36318767.098210126,40543941.16890696,4225174.070696831,0.2834465678089639,0.11568776924007768
4610,36052171.23925352,40390162.3063206,4337991.067067079,0.2678240555204576,0.10177175861769129
4611,36292469.16216077,40572383.495492496,4279914.3333317265,0.27929804882704706,0.11052963946046655
4612,36178172.83702737,40512331.13996289,4334158.302935518,0.28253614254257614,0.1171958763741289
4613,36157782.98467995,40423970.78938891,4266187.804708958,0.26819670285419706,0.1037539872352375
4614,36784122.06471518,41159766.262423724,4375644.197708547,0.27803654343190126,0.11131820746213451
4615,36471707.38693996,40561154.14350738,4089446.7565674186,0.278053049259401,0.11642719632324199
4616,36340579.789645344,40646860.799425036,4306281.009779692,0.2710444669116991,0.1051465145213519
4617,35915835.96207068,40187488.91277152,4271652.950700842,0.28073053168034356,0.11209646115022298
4618,36567067.93495953,40706012.44885261,4138944.5138930827,0.261004683457045,0.09269877424139172
4619,36236527.174083136,40640833.23631576,4404306.062232621,0.27073667682678193,0.10057895597366012
4620,36644555.1884204,40927843.2545107,4283288.066090301,0.2818201966350919,0.11143732597275093
4621,36421831.694019124,40678454.370028816,4256622.676009692,0.27495580437916434,0.11084150444115946
4622,36692186.95872262,40843829.819826454,4151642.8611038327,0.27662844830384714,0.11464673687388842
4623,36575199.923762955,40977064.272831686,4401864.349068731,0.27676717367364645,0.10987029680184064
4624,36993761.78081839,41367184.64640853,4373422.86559014,0.271672200277461,0.09962276774859596
4625,36467435.468587,40811783.98906477,4344348.520477764,0.2770016027410433,0.10626219927304406
4626,36185068.49789514,40491741.21329777,4306672.715402633,0.2769104534840629,0.10552691027912335
4627,36142998.33018575,40458284.318171814,4315285.987986065,0.2718888690438083,0.10441247917048353
4628,35733110.74758944,39870141.74846525,4137031.0008758083,0.27365736249323575,0.10879774899179534
4629,36636846.80868069,40982928.06517767,4346081.256496981,0.2729288123269287,0.10667662536889755
4630,36766507.06219908,41165059.50651811,4398552.444319032,0.2771835594698246,0.10858867902358575
4631,36121081.81775845,40464960.14490225,4343878.327143803,0.2792971012312288,0.11330088377082628
4632,36414386.55247966,40832957.421779856,4418570.869300194,0.2805378121559131,0.11487102169966923
4633,36281432.04000104,40598577.96077961,4317145.920778565,0.2719869110152192,0.10267457321955188
4634,36474173.99808632,40641515.1239652,4167341.125878878,0.2743637456361217,0.10879211938705732
4635,37134601.484786,41549288.890292875,4414687.405506879,0.2785457321828759,0.11248074179071828
4636,35963168.254210494,40257527.18359984,4294358.929389343,0.27502156443413084,0.10628182479122777
4637,36053764.32738066,40439987.4073094,4386223.079928741,0.2701694731107494,0.09477080091643869
4638,36397160.29239347,40867612.14453087,4470451.852137402,0.278129664551564,0.10720755210759207
4639,36338556.53395354,40597236.48564105,4258679.951687507,0.27547289161965915,0.10230824732224741
4640,36160657.44748835,40362006.02168792,4201348.574199565,0.26697254620938754,0.09788597242268726
4641,36456316.38152689,40874207.68332688,4417891.30179999,0.2766877657174726,0.10799376742273475
4642,36572962.57610519,40896228.07771368,4323265.501608491,0.27546477135572583,0.11082636923936026
4643,36837262.320507474,41202575.68471548,4365313.364208005,0.2761356551075769,0.10948193297994062
4644,36198099.228914976,40481991.053249285,4283891.8243343085,0.2668482011936643,0.09943436164092039
4645,35729349.474346526,40158925.95533907,4429576.480992541,0.2768236296983949,0.1086417490128259
4646,36180197.099831425,40634624.39687611,4454427.297044687,0.2752531353720598,0.10899515890094433
4647,36569786.993866,40946746.30123698,4376959.307370983,0.27314721270456926,0.10414577039290428
4648,36240860.30433574,40514074.42207082,4273214.11773508,0.26619112057680977,0.10189412222370946
4649,35615991.38262685,39891394.0683919,4275402.68576505,0.28311506755468346,0.12130559466293804
4650,35962794.32119507,40031300.991686195,4068506.6704911217,0.27087639575314226,0.10689208175783277
4651,37077408.039595455,41343424.83070259,4266016.791107133,0.2753580844982835,0.11433823981589294
4652,36980036.26193465,41398017.0522169,4417980.790282249,0.26369912021744585,0.09228863092878686
4653,36372275.966832526,40704399.313592196,4332123.3467596695,0.27627002420794616,0.1154813440107393
4654,36301248.08454373,40499764.05291105,4198515.968367323,0.2810293054972283,0.11901520663546943
4655,36798981.03969579,41359579.982647166,4560598.942951374,0.27568685959387706,0.10282538402772115
4656,36442219.45128097,40973083.35007784,4530863.898796871,0.27290290696663766,0.10346041099732936
4657,36469250.21793081,40700324.521076806,4231074.303145997,0.2691974878578888,0.10625837356510225
4658,36007593.299517296,40274030.0280468,4266436.728529505,0.26373905480295035,0.09515332808733544
4659,36251864.85453883,40619966.22034236,4368101.365803532,0.27718370787036556,0.10406396358777457
4660,36507149.48414813,40971234.832024306,4464085.347876176,0.27919146858108695,0.10926019622149065
4661,36316144.164751716,40809360.02692648,4493215.862174764,0.27305946265403713,0.10135422921612003
4662,36526095.92109318,40685580.51295419,4159484.5918610096,0.27083874394380353,0.10170593883398925
4663,36531903.68971913,40766304.56658362,4234400.876864485,0.257678187853718,0.08981508071841769
4664,36913233.59510744,41198718.54836924,4285484.953261793,0.2814305662818331,0.11297413462173438
4665,36573119.12525371,40920757.94815177,4347638.82289806,0.2672940105941181,0.09431807221560944
4666,36248744.73717809,40518191.09946827,4269446.362290181,0.275505937210407,0.10885162366732974
4667,36154555.19155566,40563343.92899805,4408788.737442397,0.2738714123622496,0.10274520662627824
4668,36519176.1110923,40913398.54976851,4394222.438676208,0.27846528675070353,0.11262913412041299
4669,36510509.372499995,40846952.72898248,4336443.356482483,0.26715850936656893,0.09828994139697815
4670,36304418.6920231,40722069.38355224,4417650.69152914,0.269411148540787,0.10326541137737287
4671,36321661.23041582,40566812.11145276,4245150.881036937,0.28148664554374936,0.11417955408863877
4672,36994059.71568014,41380707.92979732,4386648.214117184,0.2847968298286464,0.11936603955618019
4673,36169688.14848985,40607850.341470465,4438162.192980617,0.277942417022295,0.10869886149030793
4674,36778797.35326038,41299386.3521113,4520588.998850919,0.27866072258658076,0.10863459092992062
4675,36497984.51816164,40839613.75272387,4341629.234562233,0.2729818653687104,0.10430092361209864
4676,36107890.54358106,40377577.492638856,4269686.949057795,0.2766569771554548,0.11051871469110001
4677,36230139.26368424,40587634.85810345,4357495.594419204,0.2804010165229112,0.1101853085148385
4678,35771701.21560573,39931471.657670535,4159770.442064807,0.2644774734814209,0.0985861729847412
4679,37107810.09987425,41241193.85803431,4133383.758160062,0.2709774017563256,0.1071378013867173
4680,36109178.51232038,40466593.48060733,4357414.968286954,0.26765470746777287,0.09886993287812945
4681,36308617.61991812,40593901.58160827,4285283.96169015,0.279025392941775,0.11597597808168686
4682,36295438.92724112,40619680.45134576,4324241.52410464,0.2750708050448637,0.10299275477524242
4683,36697415.38496015,40976631.19959897,4279215.814638816,0.2728725020701222,0.10208527989964443
4684,36327161.854065835,40645890.66401256,4318728.809946723,0.27588491207090066,0.10867511334915261
4685,36546232.04960446,40864463.830324605,4318231.7807201445,0.27478244239641664,0.10747061925604909
4686,36328477.13199972,40488276.330774575,4159799.198774852,0.26564947381572834,0.09682099233118206
4687,36911511.00141016,41123504.48582232,4211993.4844121635,0.2761587542375661,0.11036696003277653
4688,36008035.02093333,40434657.04317505,4426622.022241719,0.27473591704881895,0.10128193584472338
4689,36385701.26378759,40816218.71417779,4430517.450390197,0.2789294047736507,0.11351963307288451
4690,35932751.61884596,40281138.80581635,4348387.18697039,0.2718854288765816,0.10389692810756918
4691,36880526.30462292,41143970.72915514,4263444.42453222,0.2763284289370507,0.11133697069972061
4692,35896080.949646935,40364905.94860498,4468824.998958044,0.27344559755325276,0.10510446627862331
4693,36362118.33719588,40822627.96047873,4460509.62328285,0.2744150959940367,0.10486103740023946
4694,36537795.235543415,40818746.59833942,4280951.362796009,0.27899058351023714,0.10814040926897822
4695,35777707.126761764,40252766.95242523,4475059.825663462,0.2889337918810975,0.11711919121747603
4696,36354978.47668535,40590069.87945459,4235091.402769238,0.27815138765773384,0.1137665059767535
4697,36508632.907742545,40875848.746002175,4367215.83825963,0.2758653091745138,0.1106346911273029
4698,36059327.26187339,40468322.25520666,4408994.993333273,0.2733012575068409,0.10614998597827491
4699,36458530.6408882,40812036.64037815,4353505.999489948,0.2768540586583334,0.10925668305555136
4700,36839474.27926318,41411868.69789416,4572394.41863098,0.27627796935748916,0.1044258618107286
4701,37031931.77009266,41511553.704875395,4479621.934782736,0.2807027783120462,0.10964877419546809
4702,36732918.15478401,40905502.37763938,4172584.222855374,0.271617725562118,0.10442170177817861
4703,36585380.07731826,41054429.550284766,4469049.472966507,0.27989594335735146,0.11079028058588576
4704,36921156.480393,41297254.87045908,4376098.39006608,0.2779478926121233,0.11099311979758053
4705,36317124.49421567,40615722.73038925,4298598.236173585,0.27450038890947626,0.10663480498290956
4706,36086194.77756129,40341577.801303715,4255383.023742422,0.2819745333411941,0.11566608645874447
4707,37149698.38661365,41408074.941325724,4258376.554712072,0.26923654019529997,0.10626300536620018
4708,35927700.618748695,40349950.60901383,4422249.990265138,0.28122160424916903,0.11120068648473075
4709,36733118.84661548,41118393.36301886,4385274.5164033845,0.2799438958013354,0.10802108242739258
4710,36248038.305426605,40532521.89408964,4284483.588663034,0.26757798981777564,0.09897991200877675
4711,37140171.01541949,41586081.33430007,4445910.31888058,0.27433619285854405,0.10290467203579103
4712,36680679.230655275,41214490.01106542,4533810.780410148,0.2765030784547472,0.10699631552073469
4713,36674853.99001652,41005086.890613936,4330232.900597416,0.2703844369786303,0.10487785739974412
4714,35720921.09607911,40022079.835681446,4301158.739602335,0.271855075640786,0.10533942844985511
4715,36323395.58236912,40831948.86661568,4508553.284246564,0.2773090296720541,0.10839824887182875
4716,36117001.06593378,40501978.52646132,4384977.460527539,0.27574506459568676,0.1025920478984225
4717,36646816.257875524,40849721.33337926,4202905.075503737,0.2793537829330882,0.11360322857551547
4718,36354705.243712306,40730744.56112613,4376039.317413822,0.2753528831672773,0.10377242067223459
4719,36448983.49566865,40794353.51547385,4345370.0198052,0.27105742668162897,0.10456813802698285
4720,36404843.0877247,40823699.21937787,4418856.131653167,0.2837924044468585,0.11465996326645983
4721,36335507.1010325,40771071.49067837,4435564.389645867,0.26835915119768,0.09610436017176784
4722,36741956.41975338,41233622.33521961,4491665.915466227,0.28040201264913917,0.10750508992631691
4723,36149966.50687683,40137264.96382491,3987298.4569480866,0.2804972495017967,0.11684219248701629
4724,36514235.98399534,40824683.13083064,4310447.146835297,0.2724627466087808,0.10389774786585344
4725,36511086.438339785,40972146.073079154,4461059.634739369,0.2678874095636411,0.10082937863589869
4726,36349524.006943494,40534970.77254691,4185446.7656034157,0.27305598332413616,0.10975457759248802
4727,36324448.35613312,40349263.3170639,4024814.9609307796,0.26776040372913,0.1028439085890663
4728,36478476.88499212,40746183.63932304,4267706.754330918,0.27790216343978336,0.11129218202942975
4729,35844145.40848336,40047299.25428561,4203153.8458022475,0.2648346819673505,0.09684567091482785
4730,36270668.974228546,40776531.95019907,4505862.975970522,0.2768782607072947,0.09897101663291304
4731,36284540.92951951,40532967.262683116,4248426.333163604,0.2769096091474757,0.10370629205552852
4732,36005745.62931491,40251107.02320823,4245361.393893324,0.26585343633982766,0.09331459911404016
4733,36595825.31940748,40881976.62166625,4286151.302258775,0.26268584309959453,0.09418754756657308
4734,36184018.884237334,40484099.93628089,4300081.052043557,0.2704036368248326,0.10121712670044773
4735,36086597.84216972,40207419.1548916,4120821.3127218857,0.266930612369908,0.09811142574451892
4736,36637845.25382865,40915676.56146928,4277831.307640627,0.27546708832419686,0.11025611233678073
4737,36540808.12676981,40620875.6727849,4080067.5460150912,0.272740267615967,0.11117748855062724
4738,36286181.51534547,40716227.51914772,4430046.003802247,0.26900556421026617,0.09898248638719771
4739,36451218.08048228,41002364.70465386,4551146.624171577,0.28782832945338566,0.12205845962821704
4740,36491082.77773267,40872808.302801,4381725.525068328,0.28443231585984197,0.11084166309380547
4741,36150226.60293446,40399223.81959758,4248997.216663122,0.2740423526005136,0.11197700720358142
4742,36351883.69123631,40681369.18839399,4329485.497157678,0.26829091923860066,0.10069080349021696
4743,36603058.85853349,40901515.776790224,4298456.918256737,0.2755554569928572,0.10153814370275954
4744,36977223.66663593,41421024.531546555,4443800.864910625,0.2774063223544125,0.11318421422257523
4745,36552454.94017454,40824063.53557724,4271608.595402695,0.2706279077024564,0.10321166633438292
4746,35842839.49690129,40097958.7913358,4255119.29443451,0.2753244443381524,0.10708609551282755
4747,35971286.334337085,40160729.35342801,4189443.019090928,0.2748976678491338,0.10733111439352022
4748,36154169.083241455,40466748.03693764,4312578.953696184,0.26793972056271387,0.10050074150704895
4749,36440534.43607324,40880296.20324057,4439761.76716733,0.28264198431122717,0.11374898108938504
4750,35693308.76417119,39760726.3998447,4067417.635673508,0.2710787716833166,0.1042563327311824
4751,36294978.74134003,40345122.29135837,4050143.550018333,0.26822688948027124,0.10145638880413752
4752,35768632.92041614,40200748.11543175,4432115.195015609,0.2725723223267433,0.10592335793117401
4753,36601643.548106,41001240.074236125,4399596.526130125,0.26937511983973456,0.09937546310995451
4754,36641651.79586391,40695066.47654674,4053414.6806828305,0.2776949631644359,0.11715365049103134
4755,36429487.65483328,40618421.81926284,4188934.1644295603,0.27308166110011917,0.1071024656770805
4756,36305694.816632316,40516037.08573887,4210342.269106552,0.2770100042618122,0.11210988404299946
4757,36582090.69554204,40908574.68609049,4326483.990548454,0.28437691896219525,0.1249191873508085
4758,36186573.7422374,40399363.22567502,4212789.48343762,0.2830094855617715,0.1190142048295939
4759,36977057.864046216,41528646.11349703,4551588.249450818,0.27602679563256094,0.10597235341705796
4760,36331864.50953874,40607822.63258558,4275958.123046838,0.2728041960542105,0.1055169514745597
4761,36211810.600460745,40515276.73535022,4303466.134889476,0.28193434406406875,0.11258693480856173
4762,36373141.07430808,40478906.41313277,4105765.3388246894,0.2683604368888914,0.10706588956799541
4763,36084128.93080039,40371498.42303777,4287369.492237374,0.27268643486316646,0.10634078986832625
4764,36169381.17074564,40537047.38932788,4367666.218582243,0.27894652600509195,0.11053515888129489
4765,36092784.2499603,40157949.64654864,4065165.3965883404,0.2682692409511596,0.10131773000758858
4766,36809149.52898854,41299591.04764946,4490441.518660918,0.27989119550417974,0.10253682971751998
4767,36141375.92517806,40571439.52195407,4430063.596776009,0.2694577493347673,0.09931033158253223
4768,36452404.90008671,40706001.600763336,4253596.700676627,0.2771380249248154,0.10543310447935364
4769,36070785.34622188,40411212.510516085,4340427.164294206,0.27582808293518046,0.10882548866255314
4770,36471653.88244402,40923075.043386385,4451421.160942368,0.2830676073322785,0.1204389544012884
4771,36608683.27840538,41016736.575559355,4408053.297153972,0.27418027183439775,0.10536876147873173
4772,36630360.00116414,40807519.870981865,4177159.8698177263,0.2736402333638494,0.1058659065703518
4773,36330950.38868441,40420604.99039478,4089654.6017103717,0.27695514670041854,0.11358190307357353
4774,36649512.234226905,40818854.18303648,4169341.9488095716,0.26742272832496866,0.10781372823193516
4775,36370962.13018398,40839483.4602707,4468521.330086723,0.28074078001117786,0.11802463331149798
4776,36449142.775450885,40803866.78705033,4354724.011599444,0.2861135033306151,0.11695827545336816
4777,36245540.31149961,40538209.55259464,4292669.241095029,0.279085903791569,0.1155051989131291
4778,35787963.57619813,39961045.649362065,4173082.073163934,0.2864967196147714,0.11997990824168829
4779,36537136.97690934,40750030.66665681,4212893.689747468,0.27834406545551527,0.1127324079581583
4780,36029110.17412169,40421365.12501513,4392254.950893439,0.27438217623474553,0.10541985744043633
4781,36109564.984108336,40039104.90317712,3929539.9190687835,0.27524082414643153,0.11145463368416976
4782,36407175.50756849,40721101.228311814,4313925.720743321,0.2815980878529754,0.1132374855377472
4783,36236335.20155566,40662403.83629359,4426068.634737931,0.2817134664747552,0.11326200005689588
4784,35612179.9967874,39778656.76445086,4166476.767663464,0.26937716026583797,0.09872160364569746
4785,35881034.75158408,40050246.0063751,4169211.254791014,0.27103411661380145,0.10023363745985027
4786,36455910.8811818,40844685.39038866,4388774.509206861,0.28103757299703025,0.1117975102776722
4787,36332598.04468448,40715222.175311886,4382624.130627409,0.2688027057214571,0.10257357820789534
4788,36677575.68020165,40901097.8057854,4223522.125583753,0.27421331540545746,0.10706261117578365
4789,36050621.52709727,40317562.58812581,4266941.06102854,0.2711236504449683,0.10347585827175168
4790,36320160.21042272,40595688.50648654,4275528.2960638255,0.2701554086605355,0.104677102810004
4791,36413293.61380403,40678409.46046332,4265115.846659295,0.2722229386532315,0.1069909649329657
4792,35769223.253616616,40096134.7034683,4326911.449851684,0.2798077268943263,0.11293509985332625
4793,36027277.82092518,40268760.53857013,4241482.717644945,0.27429756263373184,0.10927344156807062
4794,36626489.334313795,40954757.41446082,4328268.080147028,0.26274471152089296,0.09469132839468486
4795,35950305.34122558,40238967.547020614,4288662.205795035,0.27741212500391954,0.10874992511669497
4796,36202652.72570209,40533299.46172837,4330646.73602628,0.2747933016400796,0.11089259228563576
4797,36437703.491808176,40764212.71184331,4326509.220035136,0.28534408117403454,0.11895463791658928
4798,36447900.38153287,40950778.85625327,4502878.474720396,0.28104478470562444,0.11319826137129502
4799,35660707.93231144,39745841.70419112,4085133.7718796805,0.2781521428686982,0.11595038178951378
4800,36803275.15393416,41038772.503099896,4235497.349165738,0.2762197682050499,0.10716459406428862
4801,36648395.01855315,40963761.77824142,4315366.759688266,0.2727618227233474,0.10020170316059519
4802,36640250.39401487,40867918.22944645,4227667.835431576,0.2751162137502822,0.1054963401689157
4803,36776179.59166256,41314735.77510492,4538556.183442354,0.28468330850062795,0.11128872608587884
4804,36706438.763802126,41168423.276828945,4461984.513026819,0.2831775453110283,0.11207094521807107
4805,36912481.91207491,41265420.787345685,4352938.875270776,0.28388870723032145,0.12109784000153234
4806,36010495.54938661,40325763.54712743,4315267.99774082,0.2806450039466022,0.11410479019235305
4807,36300156.056425735,40577967.083121896,4277811.02669616,0.27089946617158384,0.10306046019239701
4808,36250885.52507177,40618166.409682095,4367280.884610325,0.2810694136141341,0.11173161515095217
4809,36524490.91388935,40674020.326773986,4149529.4128846377,0.26648811681627543,0.0993992451055635
4810,36527492.27709849,40902024.8621508,4374532.585052311,0.2772299068975945,0.1057597111893938
4811,36470970.55713958,40662211.97417495,4191241.4170353636,0.26011723166936634,0.09410076341635772
4812,35938923.45984444,40272542.87631676,4333619.416472323,0.2806931773276366,0.10868608069699753
4813,36886963.15446699,41330258.5241818,4443295.369714811,0.2842567764659329,0.11520614098031308
4814,36639417.502336144,40852567.28853111,4213149.786194965,0.2722672434875608,0.1139037056893162
4815,36373852.40122602,40741039.84537914,4367187.444153115,0.2773883972811258,0.10823765379089013
4816,35748874.23923725,39901863.78810008,4152989.54886283,0.26690288644245497,0.10160718180017352
4817,36272018.98826517,40674296.10332249,4402277.115057319,0.2791260047583018,0.10929242528772873
4818,36718724.37375276,40877905.43954766,4159181.0657949,0.26342934173265564,0.10086467885371221
4819,36307574.412990764,40703905.76158187,4396331.348591104,0.27063285974217244,0.10058127850294041
4820,36872995.57454102,41279586.6128806,4406591.038339585,0.28005750616627306,0.11238648005260549
4821,36219465.72101919,40540302.63042775,4320836.909408554,0.27697658706414713,0.10975394414999975
4822,36999418.896110095,41344322.62896039,4344903.732850298,0.2730796662243825,0.10373676322974325
4823,36088676.09836365,40408275.16777271,4319599.0694090575,0.2787619627789642,0.11288986456931627
4824,36344172.96821103,40593155.07571894,4248982.107507907,0.2797083136248002,0.10760018924807653
4825,36259536.675724015,40661955.719013594,4402419.043289579,0.2780422974632455,0.10922160910815394
4826,36191850.49381423,40535468.006807946,4343617.512993716,0.2696486364460295,0.09988415737423384
4827,36408622.55352095,40769937.7347407,4361315.181219749,0.2800383710650346,0.11163003223695872
4828,36872692.34979939,41287229.28029397,4414536.930494584,0.2878467476239922,0.11825099812504715
4829,36550292.087358534,40841471.921227574,4291179.83386904,0.2737265350891814,0.10500278775516753
4830,36393679.045770556,40987842.61415142,4594163.5683808625,0.27533094755512194,0.10225268076323293
4831,36945262.22786503,41169771.54863104,4224509.320766009,0.2743494682279002,0.11107931997075762
4832,36743678.43260925,41163621.52331844,4419943.090709187,0.28559304359511567,0.11425910367458478
4833,36047008.79771271,40369741.04795135,4322732.250238635,0.26721895989688954,0.1014904425573313
4834,36737817.92637161,41247614.74187607,4509796.8155044615,0.28253819874204017,0.11181171053862549
4835,36504594.96791858,40973197.90170139,4468602.9337828085,0.27769665426087803,0.10342747422132338
4836,36387133.27358112,40735723.006410256,4348589.732829139,0.26893400249168775,0.10278296817756072
4837,36537475.05253143,40767760.22874444,4230285.176213011,0.2709978425082546,0.10446362770171243
4838,35946144.691648595,40255105.8013154,4308961.109666802,0.2779515287413469,0.11029098621339876
4839,35980287.22338628,40230422.86180032,4250135.63841404,0.2778297984035089,0.10871915699402858
4840,36970771.62977863,41203399.69857855,4232628.06879992,0.27450330699050685,0.10918614071450729
4841,35806993.89760731,39978249.496523604,4171255.598916292,0.2694457795941304,0.10194813636980984
4842,36371520.41936171,40591321.75772659,4219801.338364877,0.2728086807946283,0.10548644143566584
4843,36395628.03313253,40680234.13288649,4284606.099753961,0.27107991386324004,0.1031596035042112
4844,36069389.77919154,40316284.23090379,4246894.451712251,0.2730502010188719,0.10713454248653166
4845,36449203.44028599,40854812.49746229,4405609.057176299,0.2797331211001077,0.10943805556786912
4846,36307831.54459459,40599865.71174592,4292034.167151324,0.2725532701336835,0.103809444257035
4847,36041689.927384615,40163226.69849181,4121536.771107197,0.27424807636227416,0.11200457083726857
4848,36268496.88890065,40718300.68127562,4449803.7923749685,0.27213012008413057,0.10125413865625536
4849,36739615.049553074,40979449.87353429,4239834.823981218,0.27461920805027795,0.11723057309361014
4850,36734570.94149045,40895139.02017802,4160568.078687571,0.2639968025773714,0.10058465935899868
4851,36141894.12291939,40394008.807326905,4252114.684407517,0.279182824057532,0.11227194924534226
4852,36400067.14579412,40620939.656309925,4220872.510515802,0.26938876773677534,0.105280062091142
4853,36287100.7637081,40511116.0726631,4224015.308954999,0.2682062832328124,0.10535174534019552
4854,36374099.16459737,40581993.99596413,4207894.8313667625,0.2670058327847707,0.10545943968930131
4855,36462401.63243025,40826111.381452695,4363709.749022447,0.2716211482568929,0.10285910034742282
4856,36508431.29453631,41053339.278120264,4544907.983583957,0.27780382802722997,0.10959035568424966
4857,36472296.00806104,40429206.31836095,3956910.3102999106,0.26395130492980495,0.09983141913896391
4858,37028579.51135261,41297187.80331817,4268608.291965559,0.26944565199824777,0.10412663173789684
4859,35963958.29540501,40511049.89239594,4547091.5969909355,0.2808939778260472,0.10891081414424202
4860,36046428.456378356,40533878.91971779,4487450.463339433,0.282822562311125,0.10980594231411629
4861,36311328.24135545,40750074.72319823,4438746.481842779,0.27204852818119946,0.10149299855172032
4862,36736485.58215608,41007440.29534585,4270954.713189773,0.2671918818771385,0.09933051404912448
4863,36659920.37714802,41067717.588090904,4407797.210942887,0.2712850110520846,0.10194298418810986
4864,36615617.77178559,40806312.74594251,4190694.9741569236,0.27083274031594495,0.10407611976764262
4865,36173203.10492567,40635695.23275783,4462492.127832159,0.2772848611791351,0.10392719248797366
4866,36292371.14180453,40511695.6157617,4219324.473957166,0.27468890418269426,0.11322778599814948
4867,36060369.350363754,40437249.27752213,4376879.927158378,0.2818714514244517,0.11186086439059093
4868,36672564.37685797,41081707.78983073,4409143.412972756,0.2743585524995317,0.10486627131986585
4869,35808314.05347139,39826352.34958781,4018038.2961164266,0.26195898322565164,0.09834860484838093
4870,36706975.01095442,40809146.7206899,4102171.709735483,0.2717733609774203,0.10763880872991641
4871,36445283.46214036,40955413.002924904,4510129.540784545,0.2841530419075541,0.11509369112844402
4872,37164391.34213898,41506614.57234734,4342223.23020836,0.2829519208966206,0.11855401201161146
4873,36380467.98574447,40560112.51919869,4179644.5334542245,0.26318754336007677,0.10049899251064222
4874,36380680.587427124,40514895.98804842,4134215.400621295,0.28608906651217386,0.11832465480729289
4875,36780374.215127036,41043494.421335936,4263120.2062089,0.2627145733686813,0.09504947119886577
4876,36644772.29275191,40960480.24209766,4315707.949345753,0.27348032624151797,0.10622054434919465
4877,36756796.956876405,41041865.86593497,4285068.909058563,0.2737801924009428,0.10999057117880641
4878,36399583.936419696,40882961.00864378,4483377.072224088,0.284142803904387,0.11460086428114376
4879,36506835.187693976,40914442.73415933,4407607.546465352,0.2769030607680596,0.10833006080677199
4880,36639285.657855466,40944263.97019911,4304978.312343642,0.2791508604205599,0.1129699725683968
4881,36213417.41433575,40550369.06971474,4336951.65537899,0.27693672928682606,0.10878404163905488
4882,35946385.75922933,40317737.76559887,4371352.006369539,0.27848866587486965,0.11283253894011121
4883,36036944.79591965,40453142.320811264,4416197.524891615,0.280859588930562,0.11137856369816698
4884,35914514.42524335,40253850.31586465,4339335.8906213045,0.2747855234924297,0.10531344110109389
4885,36383482.94313463,40676649.69329954,4293166.750164911,0.2800253348760896,0.11292275543346532
4886,36494977.60866263,40840659.573030084,4345681.964367457,0.28495119218057674,0.11282326832304548
4887,37006923.03738351,41304688.336284235,4297765.298900723,0.28096172027471983,0.11395001694221674
4888,36193787.40050749,40266559.82661478,4072772.426107295,0.2620707815931099,0.0927441432923286
4889,36876295.87285487,41154330.6245052,4278034.751650326,0.27887492773750044,0.10998954154670344
4890,36756941.670651816,40996243.08042258,4239301.409770764,0.2701192707981013,0.10239482315279262
4891,35976825.57179886,40325846.23164061,4349020.659841746,0.2660712344559427,0.09541430471825127
4892,36278099.05063898,40575987.46282773,4297888.412188746,0.276103203316106,0.1124758646924903
4893,36370484.218353696,40682560.154999934,4312075.936646238,0.28062902717169985,0.11201430497359867
4894,36498405.498113826,40639759.66972224,4141354.171608411,0.2735877854146318,0.10822609211121233
4895,36414140.93656361,40964913.6467612,4550772.71019759,0.27754005550394617,0.10709817412706608
4896,36436653.89365782,40806474.706442274,4369820.812784456,0.2748420404556706,0.10462369200057216
4897,35962707.40870124,40399616.43372088,4436909.025019638,0.2670653342360917,0.09451601727054904
4898,36608926.38515502,40736060.78918136,4127134.404026337,0.2679981310072558,0.1041664474658145
4899,36149056.44396694,40538623.03659429,4389566.5926273465,0.29540223750638767,0.12783399308584023
4900,36059218.690455474,40185301.72854245,4126083.038086973,0.2634872846824262,0.0977634201810592
4901,36059217.1090908,40469103.92859396,4409886.819503166,0.27826662882020603,0.10435470690310743
4902,36657287.40212777,40976731.604005314,4319444.201877542,0.2810985433156065,0.11169179358954706
4903,36545314.957774125,41095321.496073484,4550006.538299359,0.27253657773657874,0.09830355696909861
4904,35874654.99466049,40146640.41655552,4271985.421895027,0.26001292543376037,0.08983784729561302
4905,36200233.23742121,40365976.11597684,4165742.878555633,0.26986644781738167,0.09696593267313568
4906,36240852.404582836,40581323.790618874,4340471.386036038,0.27905603141937235,0.1110984982361992
4907,35766839.73174691,40145396.70123756,4378556.969490647,0.27021811103798976,0.1032483417617476
4908,36282542.81022209,40586421.83749777,4303879.0272756815,0.27252525977694275,0.1023689397612245
4909,36653340.103484645,40931027.032649785,4277686.92916514,0.27858854151778417,0.11343575140191946
4910,36081808.40336579,40382229.28258911,4300420.879223317,0.2805180755257854,0.11522678298003629
4911,36271677.50659077,40362510.15053372,4090832.643942952,0.2767571994608725,0.11499039747653622
4912,36351081.8151919,40730830.86480396,4379749.04961206,0.2782665783320581,0.11078586378233327
4913,36316874.31940497,40553272.35473637,4236398.035331406,0.273367820182238,0.10425317375750712
4914,36423727.82723871,40534233.84889473,4110506.0216560215,0.26895195807453487,0.10334495641525382
4915,36721655.44679491,41077349.56483563,4355694.118040718,0.2693830438892357,0.10221907840000524
4916,36570110.23675232,40924849.12058682,4354738.883834504,0.26669916866424603,0.09759875720634122
4917,36651685.17874442,41188163.02438535,4536477.845640928,0.2784216951967888,0.10629790656548148
4918,36397458.511614494,40465974.02675906,4068515.515144564,0.2691227065465992,0.10474324525574348
4919,36511173.60199872,41192588.55936976,4681414.957371041,0.2766642633077067,0.10384279521044854
4920,36479525.52951868,40796269.70389509,4316744.174376413,0.27749875051198236,0.10766436494020587
4921,36634226.46425618,41062447.38840191,4428220.924145728,0.2777739022132298,0.11089117858406652
4922,36209966.251292296,40475665.038971305,4265698.787679009,0.2709282600980573,0.10435219735005206
4923,36247359.72394335,40520889.266353756,4273529.5424104035,0.26250427490826783,0.09570677691064844
4924,36366895.85935597,40670233.8499841,4303337.990628131,0.28165662506380973,0.11457801685079155
4925,36300922.83509607,40568937.82146313,4268014.986367062,0.2828223023204545,0.11882978211442598
4926,36770402.74917103,41053685.706444114,4283282.957273081,0.2886437951851903,0.12192773658892768
4927,36080164.80434494,40550378.04633767,4470213.241992734,0.26681050362994874,0.09597575295449431
4928,36624774.93613924,40871309.602739945,4246534.666600704,0.26119046945731966,0.09586165473001064
4929,36530145.85358858,40834651.50625794,4304505.652669355,0.2752242282185897,0.10959613167223672
4930,36320577.35668324,40656961.55620886,4336384.199525617,0.28061564645459136,0.11731299552096272
4931,36216611.123694904,40307950.630940616,4091339.507245712,0.2687823550503691,0.10232945766137636
4932,36781652.481670834,41324288.41126811,4542635.9295972735,0.28091280814665126,0.1104283878032513
4933,36680252.28285275,40926396.8309599,4246144.548107155,0.27489644201207397,0.11117174927414243
4934,36383985.1054677,40549274.47706842,4165289.3716007173,0.27892805765557277,0.11216156097592991
4935,36546204.617670596,40909257.65112285,4363053.0334522575,0.26990230090394207,0.09854553267042865
4936,36586394.41109827,40836387.29270534,4249992.881607071,0.28856511437368393,0.12048305448371663
4937,36488754.79225456,40759882.16692748,4271127.3746729195,0.27223556078483546,0.10507543147604964
4938,36452699.73880853,40954861.69615364,4502161.957345113,0.27312494335662096,0.10216646748730648
4939,36414069.57685657,40736325.18593406,4322255.609077491,0.2721177097609386,0.1032439405072913
4940,35834220.39450056,40043556.87854962,4209336.484049059,0.2759186660588053,0.1088464837148799
4941,36634641.46242282,40898754.87046768,4264113.40804486,0.26828384158738317,0.0976558674595593
4942,36460055.737295,40750075.87017816,4290020.132883161,0.2724083815779543,0.09796206300161665
4943,36205670.302036256,40279192.51140138,4073522.209365122,0.2669055253282706,0.10761619717576584
4944,36394915.570391856,40621204.94549372,4226289.375101864,0.2714048113355629,0.10876354497957784
4945,36003184.46814709,40412853.68211087,4409669.213963777,0.2757302073718447,0.10653494335572089
4946,35941510.48105898,40149661.7976547,4208151.316595726,0.2765150552122272,0.10575470799725663
4947,36720297.98212513,41234243.00160075,4513945.0194756165,0.2789397962783917,0.11351659589387032
4948,36762698.83457653,41197272.92193864,4434574.087362111,0.28722078085153147,0.12234948127008943
4949,35993197.10786505,40548341.22822049,4555144.120355442,0.2770420344645005,0.10307209964096894
4950,35982609.594285265,40249075.432324715,4266465.83803945,0.27679622804989445,0.1096330175678366
4951,36077054.26662095,40268783.62565904,4191729.359038092,0.27689916137322035,0.11038250958020142
4952,36176902.80659292,40307230.812131144,4130328.005538225,0.27971706979343763,0.10907357137440607
4953,36255876.09127932,40705234.560676545,4449358.4693972245,0.2763193907773593,0.10380343649066669
4954,36294598.44170194,40766313.93708244,4471715.4953804985,0.2849472939349322,0.11456712506060893
4955,36287545.90944318,40431025.055672914,4143479.1462297365,0.2666070075952819,0.09997266794570028
4956,36534241.088264175,40679004.0156967,4144762.927432522,0.27336695750778106,0.10614527433292552
4957,36018880.25066641,40360645.87710092,4341765.626434512,0.2907046028150323,0.12441567669799188
4958,35915497.37718534,40258919.28916973,4343421.9119843915,0.27858958731180267,0.10681346231936015
4959,36137076.66255809,40424883.78899728,4287807.126439184,0.27512130537212637,0.10675153340081282
4960,36058332.9351101,40398480.2967379,4340147.361627802,0.28535549376106395,0.11757051552908471
4961,37192323.63732531,41392994.56239682,4200670.925071508,0.27131870346859993,0.10214608572378112
4962,35776351.36187787,40040891.05654533,4264539.6946674585,0.27566117897929554,0.10943201362597865
4963,36547855.937841065,40776717.998218805,4228862.060377739,0.27386318377424074,0.11013189869534017
4964,36285877.69122645,40658318.587843575,4372440.896617122,0.2760373590857953,0.11083168891527118
4965,36607471.9222003,41120838.20611898,4513366.283918679,0.2679181537396011,0.09566758828769723
4966,35991882.30603175,40218926.527329385,4227044.221297637,0.2846003733413912,0.11498181934590594
4967,35986709.75437946,40332470.508083865,4345760.753704406,0.2726354826293803,0.1015376831992259
4968,35736764.48554117,40067628.124284014,4330863.638742842,0.2826838190579303,0.1152063199337539
4969,36326651.493379526,40553808.89127356,4227157.397894032,0.27325614380369295,0.10787478995597867
4970,36286347.120368175,40670207.793424234,4383860.673056059,0.2759641442979777,0.10514785821032599
4971,36591827.0798552,41081499.83068896,4489672.750833757,0.277786678098344,0.10383035291865823
4972,36373724.71167415,40676774.70476289,4303049.993088745,0.2731571047739362,0.10079240689855742
4973,36356525.713705204,40496401.6348196,4139875.9211143926,0.2690391231086359,0.10173662652767357
4974,36002295.093908966,40336143.14877212,4333848.054863155,0.27024338958182886,0.09632188988002996
4975,36720564.05376017,41071974.842508,4351410.788747832,0.27499594182640297,0.11448072421381772
4976,36253945.16210084,40473625.98585452,4219680.823753685,0.2703942367191348,0.10245343138218081
4977,36394995.39053226,40667770.8153271,4272775.424794838,0.28759001312370197,0.12252214878978979
4978,35857108.5573381,40126642.66256016,4269534.105222054,0.28052172918955365,0.1103251088991871
4979,36828772.74179423,41321359.870430924,4492587.128636695,0.28343172406796424,0.11272054344142714
4980,36071244.34576573,40267017.43818402,4195773.092418291,0.2698529330211395,0.10287173694054455
4981,36078052.58317352,40510568.689543,4432516.1063694805,0.27830281414058666,0.10760850445544148
4982,36585720.90640339,40927423.19204296,4341702.285639569,0.2761762698247242,0.10979107608301547
4983,36348908.417693414,40409198.30976912,4060289.8920757025,0.2780326521477012,0.10877406553581362
4984,36452237.71619043,40784492.45190103,4332254.735710606,0.2870941579122425,0.12210215628483428
4985,36477827.90482954,40733391.43903849,4255563.534208953,0.27355378327349195,0.10681473808089488
4986,36764717.63683693,41194884.46419161,4430166.827354677,0.2774780960529314,0.1060934920743124
4987,36097484.64374735,40220016.6863119,4122532.0425645486,0.2716831669855856,0.1084616457267292
4988,36010747.30146917,40377708.54135339,4366961.23988422,0.28285320667236913,0.10987290621311271
4989,36578196.90311147,40869656.98650489,4291460.083393417,0.28151731352529824,0.11319281022470513
4990,36508061.81840958,40886969.53111548,4378907.712705903,0.26724073475025073,0.09943137356699638
4991,36478373.17102197,41046015.34749008,4567642.176468112,0.27592023247562897,0.10487456481741583
4992,36177696.16386453,40725159.29843825,4547463.13457372,0.27352245938684094,0.1001826143412432
4993,36076785.998368934,40449706.93812665,4372920.93975772,0.26888941370376157,0.09944918376170853
4994,36229843.02419431,40640437.32495179,4410594.300757483,0.2773232708358194,0.10726025096895007
4995,36614780.81082222,40818920.726533316,4204139.915711097,0.2732800276295993,0.10818108431093781
4996,36502919.87508644,40810825.015106656,4307905.140020214,0.2765865959778943,0.1048133687609823
4997,36799836.459999934,40994899.76560238,4195063.305602446,0.2666705469358774,0.10000444529547145
4998,36547442.09447016,41143547.86526247,4596105.770792313,0.2710691735026166,0.10174184514140917
4999,36565420.33596741,40743337.943840496,4177917.6078730896,0.26663321272110163,0.10115165153702475
5000,36305684.7291804,40619887.23014185,4314202.500961445,0.2810541619097187,0.11221913218431369
